sample_id,split,category,lineage_root_id
w10_f0efa5b1eaf9d01af16f,train,thermal,wdbase_w10_01093
w10_711c2a4edd19ea190e2d,train,thermal,wdbase_w10_00824
w10_4876698b9c322d7e3a4b,train,thermal,wdbase_w10_00238
w10_89f89b6432670cc1f51b,train,thermal,wdbase_w10_00395
w10_ca0bed196aeb3141e04f,train,thermal,wdbase_w10_00824
w10_cff04797013f2e45d408,train,thermal,wdbase_w10_01202
w10_e4d7fd4d12da6cb0aeeb,train,thermal,wdbase_w10_01135
w10_81df7316e6dc9c65d049,train,thermal,wdbase_w10_00824
w10_3b493775fd12fdfd13bd,train,thermal,wdbase_w10_00238
w10_5c79e1f010f0e0957eb0,train,thermal,wdbase_w10_00238
w10_c442cf9060445710c185,train,thermal,wdbase_w10_01135
w10_6a0511846ee6aad269e0,train,thermal,wdbase_w10_00238
w10_c95f254850cce7cb4a41,train,thermal,wdbase_w10_01202
w10_1304f307ba7ebffa8d6e,train,thermal,wdbase_w10_00591
w10_2a7d7e99d7830a9183ec,train,thermal,wdbase_w10_01077
w10_75e3ecfd144ece9206fb,train,thermal,wdbase_w10_00000
w10_565630319617504ff331,train,thermal,wdbase_w10_00009
w10_08673c0fc7de141d197c,train,thermal,wdbase_w10_00824
w10_f551f7a2ef1ca3ffcaf4,train,thermal,wdbase_w10_00317
w10_e3c62c01bedfac372e05,train,thermal,wdbase_w10_01077
w10_8b0ba5196b6728111298,train,thermal,wdbase_w10_00824
w10_5cf837b8b376081f42cb,train,thermal,wdbase_w10_00238
w10_13950795deb132364aff,train,thermal,wdbase_w10_01093
w10_fe2eedae99f1d44e895f,train,thermal,wdbase_w10_00824
w10_1f502f2f068787b8e3ea,train,thermal,wdbase_w10_00666
w10_df4194618792a7478881,train,thermal,wdbase_w10_00824
w10_49e6b34de8e9eee44c70,train,thermal,wdbase_w10_00238
w10_5f48522f9179021e1f53,train,thermal,wdbase_w10_00000
w10_df3f54fb1df38b1f9042,train,thermal,wdbase_w10_01040
w10_f60902773adf2ff544c5,train,thermal,wdbase_w10_00009
w10_b087a58a19654e8bc0b8,train,thermal,wdbase_w10_01202
w10_f781406638c989719b31,train,thermal,wdbase_w10_00317
w10_b847e26aceeac2eb1303,train,thermal,wdbase_w10_01093
w10_97595e0ffc78284989e5,train,thermal,wdbase_w10_00591
w10_26ea8726ae88c9ea1f5b,train,thermal,wdbase_w10_00591
w10_ca0f10878c035b97a64d,train,thermal,wdbase_w10_00395
w10_1eba02a9d4d0da0afd45,train,thermal,wdbase_w10_01088
w10_b98d5884bb61284bedc2,train,thermal,wdbase_w10_00238
w10_ddf82cdf570f6942fc99,train,thermal,wdbase_w10_01135
w10_e3a4d384be7d29f86093,train,thermal,wdbase_w10_00824
w10_495c5c3c16a93fefa254,train,thermal,wdbase_w10_01032
w10_3340f72bd8134fa7792a,train,thermal,wdbase_w10_00219
w10_95dd5f3b66dd93d521b7,train,thermal,wdbase_w10_00824
w10_5ae7a972a30dec5bf0a2,train,thermal,wdbase_w10_01077
w10_74fd3b3122b80c1fc96b,train,thermal,wdbase_w10_00824
w10_0c7b95235f30a19c842a,train,thermal,wdbase_w10_00591
w10_a9799097d31c67e3bda7,train,thermal,wdbase_w10_00690
w10_83997b0eb73d15863592,train,thermal,wdbase_w10_00395
w10_a9bae3eeac335e64bd3f,train,thermal,wdbase_w10_00238
w10_f5396e8996c28a0f6c3a,train,thermal,wdbase_w10_01032
w10_1a096777dcf32e8ddf13,train,thermal,wdbase_w10_00666
w10_1567ba830f7976aa70bc,train,thermal,wdbase_w10_00317
w10_feb7648536912e9d2993,train,thermal,wdbase_w10_00591
w10_5595c811f1b9f7915aad,train,thermal,wdbase_w10_00824
w10_5397a20defa2c08d10d3,train,thermal,wdbase_w10_00238
w10_154917bf324073596124,train,thermal,wdbase_w10_00317
w10_14fe365f14c0e4769982,train,thermal,wdbase_w10_01088
w10_4846eaae2d45958618cb,train,thermal,wdbase_w10_01040
w10_e3fba2ff3fcd37b95fea,train,thermal,wdbase_w10_00219
w10_34fd1f5a15ef80fc1883,train,thermal,wdbase_w10_01135
w10_fc826eeb5c95faf00aef,train,thermal,wdbase_w10_00238
w10_5ca42399cb0150256cdd,train,thermal,wdbase_w10_00238
w10_cc414d4b38536d2fafe6,train,thermal,wdbase_w10_01202
w10_612d6fc80dfedb2f393d,train,thermal,wdbase_w10_01135
w10_b65681699447fd067d7a,train,thermal,wdbase_w10_01202
w10_af35ca529941ba553621,train,thermal,wdbase_w10_00238
w10_902ccc4f118a8696aac8,train,thermal,wdbase_w10_00009
w10_d813c6245f4c1ad2d91e,train,thermal,wdbase_w10_01077
w10_ba97f4afe29a3988262a,train,thermal,wdbase_w10_00824
w10_38ca6a7b25ff240c3af9,train,thermal,wdbase_w10_01040
w10_70adac0cd596737415c4,train,thermal,wdbase_w10_01077
w10_20b8950f7f1b8740c82b,train,thermal,wdbase_w10_00493
w10_51efc09e6cc6ec96f695,train,thermal,wdbase_w10_01040
w10_1382651f066d26322c08,train,thermal,wdbase_w10_00238
w10_11c11c46a89d956a3f46,train,thermal,wdbase_w10_00824
w10_09aa79ba3183732e778c,train,thermal,wdbase_w10_00317
w10_db2b64d4db74520677d0,train,thermal,wdbase_w10_00238
w10_b570eb60c65ea9220a70,train,thermal,wdbase_w10_01135
w10_d6385c055b75dc90e6f6,train,thermal,wdbase_w10_00350
w10_84322f19f7c55e1d047c,train,thermal,wdbase_w10_00591
w10_6bf607700914e8cbb66f,train,thermal,wdbase_w10_01135
w10_51b48e68eabfe42c6cc0,train,thermal,wdbase_w10_01077
w10_23e681f163663499ede2,train,thermal,wdbase_w10_00824
w10_763aec37abd0c70d79bd,train,thermal,wdbase_w10_00493
w10_d44f5c18534e59f57419,train,thermal,wdbase_w10_00591
w10_46a8d988b3af0042d1b7,train,thermal,wdbase_w10_00350
w10_daf9c454bad2037a377a,train,thermal,wdbase_w10_00009
w10_d1eaf1d04e16909b32c6,train,thermal,wdbase_w10_01040
w10_e3711296686f565cb382,train,thermal,wdbase_w10_01077
w10_450194b6e6b90168f16e,train,thermal,wdbase_w10_00238
w10_15066d69ac892f57c312,train,thermal,wdbase_w10_01077
w10_51d964934bfa47713843,train,thermal,wdbase_w10_00009
w10_663e87e19f55390b3392,train,thermal,wdbase_w10_00395
w10_4e0f2f438d422cfdb060,train,thermal,wdbase_w10_01077
w10_b4b656f11d08280c0967,train,thermal,wdbase_w10_01135
w10_ffa9678d2d47a0a50994,train,thermal,wdbase_w10_00666
w10_37ac1c5109147864f601,train,thermal,wdbase_w10_00317
w10_e2a01be30edfdc20150f,train,thermal,wdbase_w10_01135
w10_03f4af97a041b200dfc2,train,thermal,wdbase_w10_00219
w10_c638d48b9d004ead5fbb,train,thermal,wdbase_w10_01040
w10_b35e9fc2ae351acf553a,train,thermal,wdbase_w10_01077
w10_fcc85e718841ceaa3e22,train,thermal,wdbase_w10_01032
w10_b5f857b97cc43b69d0f1,train,thermal,wdbase_w10_01040
w10_5308586653e5d6f4a7b6,train,thermal,wdbase_w10_01088
w10_86ef9d1423cc5ec97391,train,thermal,wdbase_w10_00009
w10_140e7da85f2563387372,train,thermal,wdbase_w10_00317
w10_da88803afe9486f71d26,train,thermal,wdbase_w10_01202
w10_ce48e6bd0aa64b0aaa2c,train,thermal,wdbase_w10_01202
w10_c8810937951861fb4188,train,thermal,wdbase_w10_00238
w10_1e17aea143b8e13134d4,train,thermal,wdbase_w10_00317
w10_9601c2a651ba238f0546,train,thermal,wdbase_w10_00238
w10_7cb1f7d2ea5120101e43,train,thermal,wdbase_w10_01202
w10_664dadc9e9b85ccf6daa,train,thermal,wdbase_w10_00493
w10_8738b28f6732eedc234e,train,thermal,wdbase_w10_00219
w10_fa75badb4c7558d0a981,train,thermal,wdbase_w10_01040
w10_c0471f4d1fd5daa374cb,train,thermal,wdbase_w10_01135
w10_327dfa9f57c63858b882,train,thermal,wdbase_w10_00350
w10_19bbb96fb99d71bdd4bf,train,thermal,wdbase_w10_00824
w10_8791bd40c27e793a4155,train,thermal,wdbase_w10_01135
w10_dbcd47754615e3c24a07,train,thermal,wdbase_w10_01040
w10_da58f6352eaded4edfe8,train,thermal,wdbase_w10_00238
w10_1933ddde40803801c3df,train,thermal,wdbase_w10_00317
w10_4e7c0c2f2a22201cd43a,train,thermal,wdbase_w10_01093
w10_142e0987380a7c163687,train,thermal,wdbase_w10_00395
w10_37aff8eab640be2da215,train,thermal,wdbase_w10_00493
w10_32cf184d28a9e95fa76c,train,thermal,wdbase_w10_00824
w10_6cd6b1b56364974b3e88,train,thermal,wdbase_w10_00238
w10_2c272ff06540cebf616a,train,thermal,wdbase_w10_00350
w10_aef4bc1a673edbda9592,train,thermal,wdbase_w10_00824
w10_b6379598534a46313d06,train,thermal,wdbase_w10_00666
w10_cd121f88574ae9b470c9,train,thermal,wdbase_w10_00824
w10_0ff6c5a578bfb4c6f7ec,train,thermal,wdbase_w10_00238
w10_c35d6888e9e1982c9488,train,thermal,wdbase_w10_00395
w10_d89a5efe2fa8fe8cd810,train,thermal,wdbase_w10_00238
w10_2da3ce86b42a2142ca83,train,thermal,wdbase_w10_00824
w10_7f30916102bb22d36893,train,thermal,wdbase_w10_00238
w10_51fca6c701abeda22750,train,thermal,wdbase_w10_01202
w10_5109d76c07da1871ca6d,train,thermal,wdbase_w10_00395
w10_ec216bdd543a3822470b,train,thermal,wdbase_w10_01026
w10_2cfc627d8ba9c3cc3cd3,train,thermal,wdbase_w10_01077
w10_b4c2ee38dc91865d4405,train,thermal,wdbase_w10_00350
w10_5c34220dadeb11727bba,train,thermal,wdbase_w10_01077
w10_4c2654905b5e170dc61e,train,thermal,wdbase_w10_00591
w10_97754c79eacc8a0526b1,train,thermal,wdbase_w10_00350
w10_f92c0f44e4458a9e6a25,train,thermal,wdbase_w10_01026
w10_0b7433fa5f460c032495,train,thermal,wdbase_w10_00666
w10_6f82a2a52c28006f8fe9,train,thermal,wdbase_w10_00591
w10_ccf69f5c402308030fd2,train,thermal,wdbase_w10_01040
w10_13d30d042864409ba5c2,train,thermal,wdbase_w10_00591
w10_bb1b434a219303d5d827,train,thermal,wdbase_w10_00824
w10_97b5bf9e49f390788bcb,train,thermal,wdbase_w10_00009
w10_cfc65904f9ed0e0f2e8c,train,thermal,wdbase_w10_01202
w10_3ba432e863b007da3617,train,thermal,wdbase_w10_00666
w10_dff7ff5a70cdf3c5b700,train,thermal,wdbase_w10_01202
w10_540056ecb4126bf10628,train,thermal,wdbase_w10_01077
w10_d8825e7b7e873baab211,train,thermal,wdbase_w10_01077
w10_28849a4847c5d33088c2,train,thermal,wdbase_w10_00824
w10_a9e66a598023a629e18e,train,thermal,wdbase_w10_00824
w10_22ca3bfeeae95d5420ca,train,thermal,wdbase_w10_00317
w10_e603d5b2f25d20cc6ed7,train,thermal,wdbase_w10_00493
w10_e9075518a46f382356ec,train,thermal,wdbase_w10_00009
w10_a62c61ad673d9c24bf7a,train,thermal,wdbase_w10_01040
w10_775fbf6f97c657117413,train,thermal,wdbase_w10_00690
w10_c67250b01f203cb88e3f,train,thermal,wdbase_w10_01077
w10_4cc03d16aee01100589c,train,thermal,wdbase_w10_01202
w10_5382b341bb7881ae459b,train,thermal,wdbase_w10_00238
w10_a2419fac9a9a5c7ef0d9,train,thermal,wdbase_w10_00666
w10_be6a4661643bd968f291,train,thermal,wdbase_w10_00395
w10_77e803455a74fee5e2e1,train,thermal,wdbase_w10_00824
w10_fa60854f922d621ca30c,train,thermal,wdbase_w10_00591
w10_ffc00810d44e75385be8,train,thermal,wdbase_w10_01202
w10_7c3b111a677c5ff56317,train,thermal,wdbase_w10_01026
w10_34477466507a7dd95a43,train,thermal,wdbase_w10_00317
w10_0c9956055b26e56a6e5d,train,thermal,wdbase_w10_00666
w10_153a00635b1581d87a6e,train,thermal,wdbase_w10_00009
w10_641b7b7c25ef3faf1a18,train,thermal,wdbase_w10_00317
w10_8972dc9d3a051465df4c,train,thermal,wdbase_w10_01202
w10_8e00b07b1f646071d7bb,train,thermal,wdbase_w10_00591
w10_93906fce99a7ce1de5ef,train,thermal,wdbase_w10_01026
w10_497883de4ff7718d8573,train,thermal,wdbase_w10_01040
w10_b92e81a1f1f401619cd2,train,thermal,wdbase_w10_01040
w10_52afb87c274a366bfc54,train,thermal,wdbase_w10_01135
w10_02ce1266497df37cc58c,train,thermal,wdbase_w10_00824
w10_7159ea73432828f60aa8,train,thermal,wdbase_w10_00317
w10_ad649da87fc273be8cf9,train,thermal,wdbase_w10_00219
w10_c4b8e9a5b29527451aaa,train,thermal,wdbase_w10_01202
w10_b053a16d01648690116f,train,thermal,wdbase_w10_01077
w10_7bbd80094145facfbab1,train,thermal,wdbase_w10_00238
w10_a90a97e04ca460d670b1,train,thermal,wdbase_w10_00690
w10_1838faa0cd4db7d8f551,train,thermal,wdbase_w10_00493
w10_f4363823aec41f43ddac,train,thermal,wdbase_w10_00000
w10_7a407501b01e3f2c1326,train,thermal,wdbase_w10_00350
w10_5a7adcce93b7302e2fd9,train,thermal,wdbase_w10_00824
w10_1641008081118bd9d51d,train,thermal,wdbase_w10_00591
w10_0a9444354b4fcfe938ea,train,thermal,wdbase_w10_00690
w10_22621f813202dfd5888f,train,thermal,wdbase_w10_00690
w10_a1de4b1a5c7cad2af585,train,thermal,wdbase_w10_00238
w10_7572e3b8ed2882b64734,train,thermal,wdbase_w10_00009
w10_e76216bde035a78c6a47,train,thermal,wdbase_w10_00238
w10_b1f2fdc2052328c13438,train,thermal,wdbase_w10_01135
w10_c5c840fa42547975a835,train,thermal,wdbase_w10_01088
w10_8827a6e5e79ad31bea5b,train,thermal,wdbase_w10_00219
w10_70ac0463597c2efa38b6,train,thermal,wdbase_w10_00350
w10_cb79ac95462cff3f56d8,train,thermal,wdbase_w10_00591
w10_0de76843b003c4e3e8bb,train,thermal,wdbase_w10_00395
w10_93440c665a54cbcf5255,train,thermal,wdbase_w10_01202
w10_046e4f10af774e7e4ebe,train,thermal,wdbase_w10_00824
w10_ed8b2836fd2bfdf0e795,train,thermal,wdbase_w10_00824
w10_411566724bc62ce1719d,train,thermal,wdbase_w10_00395
w10_4a4e95e6b908e75495b1,train,thermal,wdbase_w10_01026
w10_3eb0f6dd758bdd4e1eec,train,thermal,wdbase_w10_01088
w10_70224f9e1de8420a772c,train,thermal,wdbase_w10_00395
w10_52f5f87bc4a6daae01fd,train,thermal,wdbase_w10_01135
w10_82572e89dfecee219763,train,thermal,wdbase_w10_00000
w10_5bf8520f229b46ad55cb,train,thermal,wdbase_w10_00395
w10_0161a231e41381980642,train,thermal,wdbase_w10_00350
w10_570bb5dc220ca15ed097,train,thermal,wdbase_w10_00493
w10_bcebe1c6bc7a9138d14c,train,thermal,wdbase_w10_01040
w10_fef5c91bbbb1ef17493c,train,thermal,wdbase_w10_00238
w10_37cd89140d6311d38197,train,thermal,wdbase_w10_01077
w10_93ef5617e5dd24cad40b,train,thermal,wdbase_w10_00219
w10_aa80b31672b458946d05,train,thermal,wdbase_w10_01077
w10_f411bc71fd592eb2472d,train,thermal,wdbase_w10_00824
w10_ed6232a8cf312807ad03,train,thermal,wdbase_w10_00238
w10_d97622fba7ca1182961e,train,thermal,wdbase_w10_00317
w10_e6d871cf867f6fb4efbd,train,thermal,wdbase_w10_00493
w10_c07c4243036b4c64d968,train,thermal,wdbase_w10_01135
w10_9946bc35f95e32663c63,train,thermal,wdbase_w10_01202
w10_8af9e6015e9dbaedaab7,train,thermal,wdbase_w10_00824
w10_6b8e1d81494a0225c741,train,thermal,wdbase_w10_00591
w10_1804c654c4f8e84b38a3,train,thermal,wdbase_w10_00009
w10_358dd3e385d9c5a105cd,train,thermal,wdbase_w10_00000
w10_d1443c917cc451705f76,train,thermal,wdbase_w10_01032
w10_0863591dffb0b8931156,train,thermal,wdbase_w10_01040
w10_e4e19621d52b18ee11b6,train,thermal,wdbase_w10_00317
w10_3b58375ec2e88ee30054,train,thermal,wdbase_w10_01032
w10_b75d9e93fd7dc026b5b9,train,thermal,wdbase_w10_01040
w10_7fefa8dc35cb640e6ee7,train,thermal,wdbase_w10_00493
w10_bb8f6aeb6202596f3908,train,thermal,wdbase_w10_00317
w10_d04f438a3c97bec671eb,train,thermal,wdbase_w10_00317
w10_ce358b675087ba330d44,train,thermal,wdbase_w10_00000
w10_9bead1ab1ae7d5755f6a,train,thermal,wdbase_w10_01077
w10_023cc818d052bf593f50,train,thermal,wdbase_w10_00009
w10_c5a31a766ec1f933744c,train,thermal,wdbase_w10_00395
w10_8eb0bc474f1dc3f334dd,train,thermal,wdbase_w10_01032
w10_7d3bf90198a5af739068,train,thermal,wdbase_w10_00591
w10_de79630d0afb762ecdda,train,thermal,wdbase_w10_00666
w10_0a54fc9c104fed761673,train,thermal,wdbase_w10_00824
w10_f816fca0651fe40d2b3a,train,thermal,wdbase_w10_01202
w10_4a8e6cc7027935b4867b,train,thermal,wdbase_w10_00591
w10_61d60512df2fbfea5bf7,train,thermal,wdbase_w10_00009
w10_f7f808ee45f4b4ce714d,train,thermal,wdbase_w10_00317
w10_4d04ec9d6287542338b0,train,thermal,wdbase_w10_00493
w10_356abe6ebf0828d5b579,train,thermal,wdbase_w10_01040
w10_db5cbfb196456401fe48,train,thermal,wdbase_w10_01202
w10_7a5c3104d002ca87dc09,train,thermal,wdbase_w10_01040
w10_81c842f85fe24f445c6e,train,thermal,wdbase_w10_00395
w10_fb67799f4602895a16c8,train,thermal,wdbase_w10_00009
w10_3bd22e92e7f0a822a4b5,train,thermal,wdbase_w10_01088
w10_4471a9af1f0e5b525ca3,train,thermal,wdbase_w10_01032
w10_364a93a6574f9b8cc561,train,thermal,wdbase_w10_00317
w10_258afbaf5c39280aaf40,train,thermal,wdbase_w10_01088
w10_3b6477b71e566d4d6a35,train,thermal,wdbase_w10_00350
w10_8c32114947e3ce0abf31,train,thermal,wdbase_w10_01093
w10_6ed2c070fdbb14d0c2f5,train,thermal,wdbase_w10_00000
w10_a1069bfb93c27f63a846,train,thermal,wdbase_w10_00395
w10_738819bcc2157f4d7890,train,thermal,wdbase_w10_01077
w10_d2ea2a6ac21d39a6899a,train,thermal,wdbase_w10_00395
w10_13b272cced7dedb676de,train,thermal,wdbase_w10_00350
w10_efda9df4111cba7a9249,train,thermal,wdbase_w10_00350
w10_ac94c7ef3ca29c15992e,train,thermal,wdbase_w10_00690
w10_c8dc447e4b5aa2a09a8d,train,thermal,wdbase_w10_01032
w10_19c61a8edb5a2afd2e87,train,thermal,wdbase_w10_00591
w10_09a648b336151a0aa49e,train,thermal,wdbase_w10_00493
w10_4cc267512dbb5e9d7b12,train,thermal,wdbase_w10_00238
w10_52d142b98dabb2d783e1,train,thermal,wdbase_w10_00238
w10_684c847929d970ccbe16,train,thermal,wdbase_w10_00219
w10_e6758457e7f286489ebc,train,thermal,wdbase_w10_00493
w10_029653298143019ccb43,train,thermal,wdbase_w10_01093
w10_83e0dd1f6c4ef876c051,train,thermal,wdbase_w10_00317
w10_145fe6bb91485f2682a0,train,thermal,wdbase_w10_01088
w10_fb4d91f7b89ad3e3dbfe,train,thermal,wdbase_w10_00824
w10_f1b8e87411763abe448c,train,thermal,wdbase_w10_00000
w10_baeaa05919280e30bcdd,train,thermal,wdbase_w10_00009
w10_da559bc5709967c96947,train,thermal,wdbase_w10_00238
w10_3fe3e25a387aa553e4a7,train,thermal,wdbase_w10_00591
w10_c721e6d40f59d350cfb8,train,thermal,wdbase_w10_01032
w10_7eea17deee4602bf3056,train,thermal,wdbase_w10_00395
w10_3cd70410f58f051fc8b0,train,thermal,wdbase_w10_00824
w10_bb37e59b2460e0e54319,train,thermal,wdbase_w10_00666
w10_37d4624a94c10a283fc1,train,thermal,wdbase_w10_00000
w10_b8e1ffbbe9f6f981add3,train,thermal,wdbase_w10_01202
w10_7e6041f5f84a7b40f613,train,thermal,wdbase_w10_01026
w10_d21f9470d90dd01c1086,train,thermal,wdbase_w10_01135
w10_47e3476a610b78f20e39,train,thermal,wdbase_w10_00591
w10_b49892a300672187001e,train,thermal,wdbase_w10_00666
w10_cd049f767208b63872dc,train,thermal,wdbase_w10_01077
w10_c957138b4192a9d40ecb,train,thermal,wdbase_w10_00493
w10_01bf8e3ce0c1f772304f,train,thermal,wdbase_w10_00009
w10_9c3b370162e63c157184,train,thermal,wdbase_w10_01088
w10_41eb37e30161e6f6edac,train,thermal,wdbase_w10_01088
w10_76a0813b2f60f5682609,train,thermal,wdbase_w10_01135
w10_9019de8ccb2fb3c3fe54,train,thermal,wdbase_w10_01077
w10_c486941683b5df6cc4ea,train,thermal,wdbase_w10_00493
w10_d61ed80c2233e5a9dae0,train,thermal,wdbase_w10_01032
w10_3827bc3f909e9f4d6be5,train,thermal,wdbase_w10_01202
w10_55f6b112197c38651479,train,thermal,wdbase_w10_00395
w10_2f0307e576ee25b02087,train,thermal,wdbase_w10_00238
w10_fc2af78d0c47d2a17a35,train,thermal,wdbase_w10_00824
w10_37535be4a720d0d5939b,train,thermal,wdbase_w10_00493
w10_a7a649a356f79226d5e0,train,thermal,wdbase_w10_01032
w10_7baa300ae2aef58db1e3,train,thermal,wdbase_w10_00317
w10_7c25e208a8265743d70a,train,thermal,wdbase_w10_01202
w10_7cc291ca58ead74f053d,train,thermal,wdbase_w10_01032
w10_94b3d909831ce4466a40,train,thermal,wdbase_w10_00690
w10_74e62bd13a3a4a2d7e05,train,thermal,wdbase_w10_01093
w10_285c3c82da668260138d,train,thermal,wdbase_w10_01088
w10_99b3735b1a5c7c543419,train,thermal,wdbase_w10_01040
w10_d1bed98bf0ae6a682b38,train,thermal,wdbase_w10_00000
w10_bcb4dbdfb4f0f9ee6c59,train,thermal,wdbase_w10_01040
w10_eb6513ca873384d2d9fd,train,thermal,wdbase_w10_01026
w10_e89e5bda7b42665beee8,train,thermal,wdbase_w10_00395
w10_b7f91f08e26c882b4427,train,thermal,wdbase_w10_01135
w10_2ff1832d5ce435c6a3d3,train,thermal,wdbase_w10_00395
w10_18c68ff85914abfde808,train,thermal,wdbase_w10_01032
w10_9c672961e1304ca3d1c6,train,thermal,wdbase_w10_00219
w10_55b3bccb238e0b812af1,train,thermal,wdbase_w10_01202
w10_4d438614541ed5eb2d03,train,thermal,wdbase_w10_00219
w10_d280c1ec745328021b35,train,thermal,wdbase_w10_00219
w10_6aa0e529d8e5e198ca92,train,thermal,wdbase_w10_00317
w10_297885c722c958e5d241,train,thermal,wdbase_w10_00493
w10_f21a286b3a6fa05070bf,train,thermal,wdbase_w10_01026
w10_cc2367b9668f6cf73128,train,thermal,wdbase_w10_00824
w10_0d2b55b772065054a787,train,thermal,wdbase_w10_00350
w10_9b44ee16eab640d4bdbc,train,thermal,wdbase_w10_01040
w10_4a500ef877d97f24765f,train,thermal,wdbase_w10_00591
w10_3a9bb02771e6355653fa,train,thermal,wdbase_w10_01077
w10_5f4fc288dd9b6d0d242b,train,thermal,wdbase_w10_00666
w10_39941b8e18f420481da9,train,thermal,wdbase_w10_00591
w10_f49b04b16cb54056aa12,train,thermal,wdbase_w10_00666
w10_1c1841347ff8892ce6e2,train,thermal,wdbase_w10_00824
w10_890de2a4878e423360f9,train,thermal,wdbase_w10_01026
w10_89e42436bf0a0769230f,train,thermal,wdbase_w10_01088
w10_341810b63853905524a7,train,thermal,wdbase_w10_00690
w10_96fcf885944e2f766eee,train,thermal,wdbase_w10_01202
w10_af662718c2169ba43fc5,train,thermal,wdbase_w10_01093
w10_b567b024151075148e46,train,thermal,wdbase_w10_00824
w10_2f065d9576486bae7c11,train,thermal,wdbase_w10_00009
w10_e711dee9eb81f1ed0218,train,thermal,wdbase_w10_01026
w10_a823119d23aee25afc9f,train,thermal,wdbase_w10_00000
w10_38d78e85a65c55ffecd3,train,thermal,wdbase_w10_00493
w10_aba4c24002dea582d967,train,thermal,wdbase_w10_00317
w10_7dd5303e3730c9f0aefa,train,thermal,wdbase_w10_01135
w10_51ff6b01eb5aeac1bfa4,train,thermal,wdbase_w10_01088
w10_328104fbce8cc10abd24,train,thermal,wdbase_w10_00009
w10_efd94bc464c73d38ce79,train,thermal,wdbase_w10_00009
w10_ba0d4cbeac89a17ee0b7,train,thermal,wdbase_w10_00824
w10_379b3556505fe76a6eca,train,thermal,wdbase_w10_01135
w10_c195b8dddca0be4caaf1,train,thermal,wdbase_w10_01032
w10_228a4b0d3622d2c3175c,train,thermal,wdbase_w10_00350
w10_7b3d83665159d263dd05,train,thermal,wdbase_w10_01026
w10_601a767e33b107908b72,train,thermal,wdbase_w10_01135
w10_dbdc01d51ef09329a129,train,thermal,wdbase_w10_00395
w10_68d4cfef4c674b8b2ac2,train,thermal,wdbase_w10_01202
w10_82f1875f8929e02eee48,train,thermal,wdbase_w10_01093
w10_ae5f8962604356bb6a29,train,thermal,wdbase_w10_00238
w10_8fd6eabab0985e4777c8,train,thermal,wdbase_w10_00219
w10_d82630a3b5b63b1c2205,train,thermal,wdbase_w10_00350
w10_61995a820113b51c0da9,train,thermal,wdbase_w10_01026
w10_25689286c9b729b68508,train,thermal,wdbase_w10_00591
w10_285a28ef635bc6a90d0c,train,thermal,wdbase_w10_01077
w10_da36366c325768a32531,train,thermal,wdbase_w10_00219
w10_59b4bb4e118d87450871,train,thermal,wdbase_w10_00238
w10_01693702e75a31689721,train,thermal,wdbase_w10_00591
w10_b76975a86827f3e7f95d,train,thermal,wdbase_w10_01202
w10_988b7e9c4e36d0ab4efa,train,thermal,wdbase_w10_00350
w10_1c445fa8036d747a6287,train,thermal,wdbase_w10_00317
w10_0632ce67da4c56e29f88,train,thermal,wdbase_w10_01088
w10_47368c4abef48add1296,train,thermal,wdbase_w10_01032
w10_eab49deeb3f928f5a0b0,train,thermal,wdbase_w10_00000
w10_e3912a6378ae1e3cd88e,train,thermal,wdbase_w10_00317
w10_4396fe22d41ecf927789,train,thermal,wdbase_w10_00591
w10_d27e5c68df2e5826ea4a,train,thermal,wdbase_w10_00219
w10_de7b59a3845144ed6f3a,train,thermal,wdbase_w10_00493
w10_21372b489bf60b726a92,train,thermal,wdbase_w10_00000
w10_ac7e23bbfb3ed2dcc787,train,thermal,wdbase_w10_00009
w10_22b6ba2fcd7f0c28b7da,train,thermal,wdbase_w10_01088
w10_6aeabfbb4e32fa91f94e,train,thermal,wdbase_w10_00666
w10_825d09a31e53169df323,train,thermal,wdbase_w10_01093
w10_af7765828e628b646238,train,thermal,wdbase_w10_01032
w10_3afb8602172b52737bbf,train,thermal,wdbase_w10_00350
w10_98bcb9f70f5817851e1a,train,thermal,wdbase_w10_00350
w10_fd658b7a1543a7aa8b10,train,thermal,wdbase_w10_00824
w10_1ab65717222c2d3dd4b1,train,thermal,wdbase_w10_00591
w10_4cd56a845c812c3b1d49,train,thermal,wdbase_w10_00238
w10_adad70d2362a2162fd55,train,thermal,wdbase_w10_00395
w10_18f9dc0a12e388800bf2,train,thermal,wdbase_w10_00317
w10_0cf5f70b9820133d0685,train,thermal,wdbase_w10_00395
w10_8825aec6edbe80f41ffe,train,thermal,wdbase_w10_01202
w10_93672d73a72d8800f98c,train,thermal,wdbase_w10_01026
w10_bf4f4c76f5cdf7f8678e,train,thermal,wdbase_w10_00238
w10_5f77878d7df2a913ed8f,train,thermal,wdbase_w10_01202
w10_78a2a78dc388ae46d617,train,thermal,wdbase_w10_01026
w10_47c16b40a163f41c7610,train,thermal,wdbase_w10_00395
w10_475c7d6df118d807680f,train,thermal,wdbase_w10_00824
w10_a0bf423f5dc432e61a44,train,thermal,wdbase_w10_00219
w10_7536d6809bf2944bf201,train,thermal,wdbase_w10_00219
w10_7ac5b977ae2a3b5045d0,train,thermal,wdbase_w10_00350
w10_0a90d18cce0b496b4227,train,thermal,wdbase_w10_01040
w10_ed264c107886f5c50e4e,train,thermal,wdbase_w10_00824
w10_0d3bdbc004ac59c3b141,train,thermal,wdbase_w10_00824
w10_085a02c6203e320fc6f5,train,thermal,wdbase_w10_01077
w10_23c1914b70cfffd31170,train,thermal,wdbase_w10_00395
w10_c285f27864835f9343fb,train,thermal,wdbase_w10_00350
w10_ed506d85ed7cbff1291a,train,thermal,wdbase_w10_00666
w10_069c7c0a794e5ecfbbd6,train,thermal,wdbase_w10_00690
w10_1016f10096e2e05b94d1,train,thermal,wdbase_w10_01093
w10_347ef6d4710ec08a3199,train,thermal,wdbase_w10_00238
w10_c6e0a8d96f736c693a1c,train,thermal,wdbase_w10_00666
w10_b235ec026ea93a000008,train,thermal,wdbase_w10_01202
w10_05cb34f38d32c520779f,train,thermal,wdbase_w10_00824
w10_e1ad4099e681b1f9cd14,train,thermal,wdbase_w10_00666
w10_3c9309f4c0b92760b098,train,thermal,wdbase_w10_01077
w10_4660e59b4490a0672389,train,thermal,wdbase_w10_00317
w10_1ffeac492d067bbb3e50,train,thermal,wdbase_w10_00666
w10_02da38ebfbd3dc92201b,train,thermal,wdbase_w10_00238
w10_ef45a43dffb149e256e1,train,thermal,wdbase_w10_01040
w10_19851d325a84df122f53,train,thermal,wdbase_w10_00493
w10_309af74ccb28c0243ccd,train,thermal,wdbase_w10_00238
w10_8c8d466616c954e9ea0f,train,thermal,wdbase_w10_01202
w10_1f38a909afe4eed8ce19,train,thermal,wdbase_w10_00395
w10_63b301a951ec6f17c2bb,train,thermal,wdbase_w10_00690
w10_20464917dbc499c97ed0,train,thermal,wdbase_w10_01032
w10_1df41bc0cdb1850887af,train,thermal,wdbase_w10_01135
w10_c82ffe1ca54630f50b10,train,thermal,wdbase_w10_00690
w10_b9300e5631362a68032c,train,thermal,wdbase_w10_00824
w10_79430d5951758e1ae6ff,train,thermal,wdbase_w10_00666
w10_95fe9ffeb7fcf9c37827,train,thermal,wdbase_w10_01135
w10_2fedece46a84ef87bfc7,train,thermal,wdbase_w10_00009
w10_ead8a7c6440ff917def7,train,thermal,wdbase_w10_00591
w10_6bfbb6e0075aa5eb51f2,train,thermal,wdbase_w10_00009
w10_7994a4e7741a4c7562bb,train,thermal,wdbase_w10_00000
w10_91e6b5d8285e031663fe,train,thermal,wdbase_w10_00493
w10_7f14b8578f82235092f5,train,thermal,wdbase_w10_00591
w10_ea0b13cab10956517006,train,thermal,wdbase_w10_01040
w10_54c4e51d8035e8c0da02,train,thermal,wdbase_w10_01077
w10_a2ccffb5b98684832362,train,thermal,wdbase_w10_01077
w10_e7e37754bfcaaa282c56,train,thermal,wdbase_w10_01026
w10_fec132106d7da8e55788,train,thermal,wdbase_w10_00317
w10_7893d01b1fdd46acc2ce,train,thermal,wdbase_w10_01040
w10_9f933436027be898f84e,train,thermal,wdbase_w10_01040
w10_2771f973b4b5d2eab972,train,thermal,wdbase_w10_00690
w10_f51ada6d8a9d86e8b072,train,thermal,wdbase_w10_01032
w10_3a612e03e81a239b472f,train,thermal,wdbase_w10_00219
w10_06ea4a7f00440533d0b2,train,thermal,wdbase_w10_00000
w10_e9be8b24a26fb0bcfd66,train,thermal,wdbase_w10_01040
w10_93368eaff2f40e84d5cf,train,thermal,wdbase_w10_01040
w10_6807a4b318cd5b5df403,train,thermal,wdbase_w10_01077
w10_47a0d79b7f2dd4e70177,train,thermal,wdbase_w10_00350
w10_dc799333cf795da3f1ba,train,thermal,wdbase_w10_00238
w10_8e0d6aa28557048458c6,train,thermal,wdbase_w10_01077
w10_6182cc27199db4cb3f58,train,thermal,wdbase_w10_01026
w10_e6a72b040e274f4c4f34,train,thermal,wdbase_w10_01202
w10_68b75cdff030eedadf03,train,thermal,wdbase_w10_01077
w10_c06372731ea247affddf,train,thermal,wdbase_w10_00238
w10_3c0716005e11ac1f2f86,train,thermal,wdbase_w10_01093
w10_04543ede60e5716c8ca5,train,thermal,wdbase_w10_01088
w10_0fb200bfa7bfa2aef2fd,train,thermal,wdbase_w10_00350
w10_5056d61adfc44453bc40,train,thermal,wdbase_w10_00666
w10_2fa2222486db49fab927,train,thermal,wdbase_w10_00666
w10_9276c59482c172177c57,train,thermal,wdbase_w10_00690
w10_d89686ad1e5690f637f3,train,thermal,wdbase_w10_01088
w10_b1a5b53943f68b189588,train,thermal,wdbase_w10_00317
w10_a27e8a0870668fe26279,train,thermal,wdbase_w10_01202
w10_4ba78c673d2152f23431,train,thermal,wdbase_w10_00591
w10_8238980059b4d88a11e2,train,thermal,wdbase_w10_00591
w10_7c11916d67cecd09e4a0,train,thermal,wdbase_w10_01026
w10_0e04802549e80fe29c4b,train,thermal,wdbase_w10_00238
w10_8af19e5c5b8d987e7119,train,thermal,wdbase_w10_00395
w10_0ec4fff95ec83c56400a,train,thermal,wdbase_w10_01026
w10_431bdb5b0e9bd7594c8b,train,thermal,wdbase_w10_01077
w10_684501829ea06951ff38,train,thermal,wdbase_w10_00591
w10_ab2ce1586af1c3bb16b8,train,thermal,wdbase_w10_01032
w10_0a7ef9ceb889877df7a0,train,thermal,wdbase_w10_01077
w10_780c9ae50c252cc985e9,train,thermal,wdbase_w10_00317
w10_e14865d82ecf6685ea4d,train,thermal,wdbase_w10_01032
w10_e7f4c34909332e9761e7,train,thermal,wdbase_w10_00824
w10_a2f8e282ba67dd8353ad,train,thermal,wdbase_w10_00317
w10_9940a3312a95c6311a71,train,thermal,wdbase_w10_00219
w10_d2eb6711366510d9dd68,train,thermal,wdbase_w10_00690
w10_ade23e5e9562c66f078b,train,thermal,wdbase_w10_01026
w10_3ef1ececa85174f7960a,train,thermal,wdbase_w10_00690
w10_1c33197ee149d711659d,train,thermal,wdbase_w10_01088
w10_28c10a064f1e1bd1d867,train,thermal,wdbase_w10_00824
w10_a3bedd64d58e45f7712e,train,thermal,wdbase_w10_01135
w10_fef72484f8cd4bae482f,train,thermal,wdbase_w10_00317
w10_08f1abcd6fb6fb25a338,train,thermal,wdbase_w10_01202
w10_a87dd7c2691d5ec03526,train,thermal,wdbase_w10_00666
w10_084fb5a89f0a467dab7d,train,thermal,wdbase_w10_00219
w10_0ef537c194e54626adab,train,thermal,wdbase_w10_01135
w10_1f32612b4474dd4d3bde,train,thermal,wdbase_w10_01093
w10_e0644b8c74cd1231ed5a,train,thermal,wdbase_w10_01026
w10_519003eba252af1010cf,train,thermal,wdbase_w10_00009
w10_cdc43e72740a7d653368,train,thermal,wdbase_w10_01202
w10_fd9d69624f509985619d,train,thermal,wdbase_w10_00591
w10_3c191d2a74139f33e62d,train,thermal,wdbase_w10_01135
w10_e378e4eebda755a2076d,train,thermal,wdbase_w10_01202
w10_c5166de52c3ade4bed5c,train,thermal,wdbase_w10_00493
w10_9df1dd162c7d50ff2dc4,train,thermal,wdbase_w10_01040
w10_436dc135f023508b3646,train,thermal,wdbase_w10_00317
w10_6a88cdf7238af10073cf,train,thermal,wdbase_w10_01135
w10_b061b88777a339570dc5,train,thermal,wdbase_w10_00238
w10_63deae40ce6f68ee03af,train,thermal,wdbase_w10_01040
w10_a10a0a132f41f006daf0,train,thermal,wdbase_w10_00493
w10_ca120cf7246d80c7dae8,train,thermal,wdbase_w10_00350
w10_7eee7b1717f076770116,train,thermal,wdbase_w10_01077
w10_5642edbc3de7ea8b5c19,train,thermal,wdbase_w10_00824
w10_ece28994adafca22ab97,train,thermal,wdbase_w10_00009
w10_0e65f37af14650008ade,train,thermal,wdbase_w10_01093
w10_d3748f959abe9b51bbf8,train,thermal,wdbase_w10_00591
w10_d71ed7d14cdfaa9a6481,train,thermal,wdbase_w10_00000
w10_be4471e888d26ea089a1,train,thermal,wdbase_w10_01040
w10_bc82e93397ad0c9f1234,train,thermal,wdbase_w10_01026
w10_6e2aa1e1bf68aad2a6c4,train,thermal,wdbase_w10_00009
w10_0a75c6ee7056b86ba8f7,train,thermal,wdbase_w10_01202
w10_a00d19c5b583bf9604cb,train,thermal,wdbase_w10_01040
w10_dd4f513b7a062d4e17d9,train,thermal,wdbase_w10_00350
w10_d5cbf3df9eceeaff23da,train,thermal,wdbase_w10_01077
w10_d7c4c53bd63a459a737e,train,thermal,wdbase_w10_00000
w10_dba83dc2b09d270c175f,train,thermal,wdbase_w10_01093
w10_e3cba2725d05185f8eff,train,thermal,wdbase_w10_00493
w10_d87ee9c47d893a19da1c,train,thermal,wdbase_w10_00591
w10_0265059b94ee12fbdc18,train,thermal,wdbase_w10_00395
w10_1ac5bdbb2cb7d65b0762,train,thermal,wdbase_w10_01135
w10_155de2896c12a99a5cd0,train,thermal,wdbase_w10_00666
w10_d70c78104ad30021759b,train,thermal,wdbase_w10_01135
w10_e2542afd0828c8950f08,train,thermal,wdbase_w10_00238
w10_a5feb777519f2d77f9d8,train,thermal,wdbase_w10_00238
w10_c1b7912c4bafb70bc151,train,thermal,wdbase_w10_00350
w10_fc6fed487bf126bb3102,train,thermal,wdbase_w10_00395
w10_2268dee318d0e35012a1,train,thermal,wdbase_w10_01077
w10_359844562ac900bec416,train,thermal,wdbase_w10_01040
w10_55b919665e3cc348e9ca,train,thermal,wdbase_w10_00395
w10_617733addca4be09e728,train,thermal,wdbase_w10_00219
w10_efdf420be16783d0c501,train,thermal,wdbase_w10_00009
w10_1a0d5cc4c9eea8a5b42d,train,thermal,wdbase_w10_01032
w10_25268d97654aa7012a65,train,thermal,wdbase_w10_01093
w10_63da652c882734d819ed,train,thermal,wdbase_w10_01135
w10_c2c208402d9f4e3e8ed8,train,thermal,wdbase_w10_00000
w10_02b66c049cc9674b6b95,train,thermal,wdbase_w10_00317
w10_2504017b72dde8c6fe8d,train,thermal,wdbase_w10_01040
w10_89a775542d85bd20d7cb,train,thermal,wdbase_w10_00009
w10_932254f0946ce8d67db3,train,thermal,wdbase_w10_00350
w10_d366b76312a9e60ec645,train,thermal,wdbase_w10_00000
w10_5ef85b22ee555a62f553,train,thermal,wdbase_w10_01093
w10_d6c4afde37ad38e2cd28,train,thermal,wdbase_w10_01040
w10_9d99fa817b1cfba44117,train,thermal,wdbase_w10_00824
w10_83981834a242826f607b,train,thermal,wdbase_w10_00493
w10_5d95f848f5c7c7b557c5,train,thermal,wdbase_w10_01026
w10_59d9f26b29eebc5229e0,train,thermal,wdbase_w10_00493
w10_2f5b211f5491d43e07ba,train,thermal,wdbase_w10_01202
w10_da44729b62193fda182d,train,thermal,wdbase_w10_00350
w10_3b9bfa644b47d1666936,train,thermal,wdbase_w10_00000
w10_970577d9d553318c593d,train,thermal,wdbase_w10_01040
w10_fe3a65afa0b835a70bc5,train,thermal,wdbase_w10_01135
w10_31966e959d7b1a6774be,train,thermal,wdbase_w10_00493
w10_d46084145b79a9d1485b,train,thermal,wdbase_w10_01202
w10_3187aae1be6b878ef133,train,thermal,wdbase_w10_00395
w10_81d89104d535e94d5a28,train,thermal,wdbase_w10_01032
w10_105232f236a049345734,train,thermal,wdbase_w10_01077
w10_3dc444558ec37a4c9441,train,thermal,wdbase_w10_00000
w10_1d1b6e7e2a093270d20b,train,thermal,wdbase_w10_01032
w10_4355218afdb2f6727c2e,train,thermal,wdbase_w10_00591
w10_885561bbf7db6ce200e5,train,thermal,wdbase_w10_00395
w10_6e433003b28d962daa28,train,thermal,wdbase_w10_00395
w10_20bc06def8ff1a2199cb,train,thermal,wdbase_w10_00666
w10_ce53d7d59a03cbfe9375,train,thermal,wdbase_w10_00238
w10_77a8d28a60467dd4519f,train,thermal,wdbase_w10_00690
w10_042619a2cab35bded4df,train,thermal,wdbase_w10_01135
w10_e2bcfc45297f34952523,train,thermal,wdbase_w10_01077
w10_03d2066591118705cdfc,train,thermal,wdbase_w10_01026
w10_96bfed34652c7241e89f,train,thermal,wdbase_w10_01077
w10_9d96b2d53d3d31bec638,train,thermal,wdbase_w10_00591
w10_23d91279ecd0c293a8a5,train,thermal,wdbase_w10_00591
w10_3f86418b9c5eea7eed86,train,thermal,wdbase_w10_00591
w10_77bf16378797d35e3250,train,thermal,wdbase_w10_01093
w10_3a5801d435a27b8633f7,train,thermal,wdbase_w10_00395
w10_3a6e162033438a26f999,train,thermal,wdbase_w10_00238
w10_8b5c7bc57a8d0f25c309,train,thermal,wdbase_w10_00219
w10_ebe0e2b79177464296f0,train,thermal,wdbase_w10_00591
w10_ba0b89d0e917716b9b48,train,thermal,wdbase_w10_01135
w10_69854663496d99f5fcdf,train,thermal,wdbase_w10_00824
w10_d556fa479c765d300b98,train,thermal,wdbase_w10_01032
w10_4301800c15db2f5006d9,train,thermal,wdbase_w10_00238
w10_e4b77655b24444fcb0dd,train,thermal,wdbase_w10_00666
w10_d7f050b209dab58d26da,train,thermal,wdbase_w10_00824
w10_bf2ec2f4a8d9a6a3193e,train,thermal,wdbase_w10_01077
w10_254a250b03362024bc9e,train,thermal,wdbase_w10_01088
w10_0555f74305a23d2dd421,train,thermal,wdbase_w10_00395
w10_04aa798b10515d15da75,train,thermal,wdbase_w10_00317
w10_b61abd96dda7bcbadd90,train,thermal,wdbase_w10_00238
w10_82340684f75899d03d31,train,thermal,wdbase_w10_01135
w10_ceb7e5edba1caa0a9403,train,thermal,wdbase_w10_01026
w10_f3c210e4ae06b3c41527,train,thermal,wdbase_w10_01040
w10_80d179731e6962314a16,train,thermal,wdbase_w10_00350
w10_5c5bd5c31edd5d5c0750,train,thermal,wdbase_w10_00395
w10_2c7880d2a3406205ef35,train,thermal,wdbase_w10_00317
w10_31cd233e3e280b99d749,train,thermal,wdbase_w10_01077
w10_09a820b421983b5dc734,train,thermal,wdbase_w10_00493
w10_9e0cfdc570071fe67204,train,thermal,wdbase_w10_00238
w10_6b0286796646ec32f033,train,thermal,wdbase_w10_00824
w10_7511f69bd17416a1e22d,train,thermal,wdbase_w10_00000
w10_b8f5af68da72f3c536f2,train,thermal,wdbase_w10_01077
w10_b643480add99f2fb7788,train,thermal,wdbase_w10_01093
w10_f3d1e60c6013c32e75d6,train,thermal,wdbase_w10_00350
w10_703c5678f692e25cb6c0,train,thermal,wdbase_w10_00824
w10_5d34ba98ac8814d2730e,train,thermal,wdbase_w10_00219
w10_a06a1a834c7c0c5547e5,train,thermal,wdbase_w10_01093
w10_ddca618d83f4f1dd156c,train,thermal,wdbase_w10_01202
w10_a9e483594e863e687121,train,thermal,wdbase_w10_01093
w10_e6c0b4ad0616f681c2fd,train,thermal,wdbase_w10_01202
w10_d0956390de8c59667d12,train,thermal,wdbase_w10_00493
w10_a39656b8fe87455e9fe9,train,thermal,wdbase_w10_00591
w10_10e048e14bae27523ef5,train,thermal,wdbase_w10_00493
w10_a7a1af95f43cba8f2c4b,train,thermal,wdbase_w10_00591
w10_86cc4859c45f6b2a29d2,train,thermal,wdbase_w10_01093
w10_e14f2563164125754e6d,train,thermal,wdbase_w10_00000
w10_07176c7b3f0bd5aaec44,train,thermal,wdbase_w10_00666
w10_c6ad1dec57591f6ecf5b,train,thermal,wdbase_w10_01135
w10_889decc5ddb420a99854,train,thermal,wdbase_w10_00009
w10_209f90300adb874d61aa,train,thermal,wdbase_w10_00350
w10_c52d334be7109e9038ab,train,thermal,wdbase_w10_00219
w10_e1aa8c9417194d95f5e9,train,thermal,wdbase_w10_01202
w10_7489b90b5e6d824b3d05,train,thermal,wdbase_w10_01093
w10_2a8c26647081d9e19012,train,thermal,wdbase_w10_00666
w10_08d45fb6542ad3214e29,train,thermal,wdbase_w10_00009
w10_4711c01c1032dc82b632,train,thermal,wdbase_w10_00238
w10_3033a4876902064e3247,train,thermal,wdbase_w10_00219
w10_ad767d5df1eee04affe0,train,thermal,wdbase_w10_00238
w10_d140b15b4b85ddd126b7,train,thermal,wdbase_w10_01040
w10_0510f212335555ddf303,train,thermal,wdbase_w10_00317
w10_f5852462d2cb50536224,train,thermal,wdbase_w10_00238
w10_2079ef9161c30f7e81e5,train,thermal,wdbase_w10_00666
w10_5eded30e06171497c20a,train,thermal,wdbase_w10_00591
w10_8e421178ba8746ee7403,train,thermal,wdbase_w10_00690
w10_a2641e62d6b889423a15,train,thermal,wdbase_w10_00238
w10_c114c0a68ddb07ba029c,train,thermal,wdbase_w10_01026
w10_0f8e9e40ab5aced03953,train,thermal,wdbase_w10_00000
w10_8a7b4ac33b40ef0cd622,train,thermal,wdbase_w10_01077
w10_170b6a190669558b50bd,train,thermal,wdbase_w10_00493
w10_2f03758173096870eff4,train,thermal,wdbase_w10_00493
w10_65f5f24a89fb8f85f935,train,thermal,wdbase_w10_01026
w10_c9f1b3dfaee07d9a504d,train,thermal,wdbase_w10_01077
w10_d5bcacf31c53906c3dd0,train,thermal,wdbase_w10_00824
w10_87a388b932d207776050,train,thermal,wdbase_w10_01040
w10_ab41a1530d07683f5952,train,thermal,wdbase_w10_00000
w10_dac653870e820fd5e670,train,thermal,wdbase_w10_01040
w10_93ebd21f2811bf801f0c,train,thermal,wdbase_w10_00009
w10_6cc5bb3b1a8e9f780662,train,thermal,wdbase_w10_00000
w10_bf6c6c3ba7ba5b774703,train,thermal,wdbase_w10_01135
w10_94ee0f089e068c6fad1a,train,thermal,wdbase_w10_00350
w10_cb5577bfc2eab8a1d645,train,thermal,wdbase_w10_00219
w10_727ddedd5fef25ccc2dc,train,thermal,wdbase_w10_00350
w10_2e7de46c32aa00c89998,train,thermal,wdbase_w10_00219
w10_6753e92e936f6099dea4,train,thermal,wdbase_w10_01040
w10_90cd9e368214d050bd40,train,thermal,wdbase_w10_00591
w10_3bf6979a42c1fd5487e5,train,thermal,wdbase_w10_01202
w10_6169518b1ee5ede99915,train,thermal,wdbase_w10_00238
w10_cde98bdddb8ebde8dc23,train,thermal,wdbase_w10_00395
w10_873b7b4c4a082f1d302a,train,thermal,wdbase_w10_01093
w10_3ee9fbc7479b0b7439bc,train,thermal,wdbase_w10_01088
w10_a7845b9caf7b86b0cc59,train,thermal,wdbase_w10_00009
w10_422f8f9198f8e10ca1fa,train,thermal,wdbase_w10_00317
w10_8422c8d42fc366bed3af,train,thermal,wdbase_w10_00690
w10_f568d8c90895573ac9f2,train,thermal,wdbase_w10_00000
w10_97b902be16453bf75fe3,train,thermal,wdbase_w10_00690
w10_175f500743697d7cd060,train,thermal,wdbase_w10_01093
w10_0a8099bd9b30b1302728,train,thermal,wdbase_w10_00666
w10_112c2ad0f120a017c45e,train,thermal,wdbase_w10_00493
w10_b031265d871b00844792,train,thermal,wdbase_w10_00690
w10_62d5a0ddc040317c8d22,train,thermal,wdbase_w10_00591
w10_1c69c31b04ed4c3cfed8,train,thermal,wdbase_w10_01026
w10_e525463a82ca4bc56cb7,train,thermal,wdbase_w10_00238
w10_fc9218e83e3249ca2c60,train,thermal,wdbase_w10_00350
w10_9b503938983980cbe916,train,thermal,wdbase_w10_01032
w10_2e9a5ba83904b60b8b54,train,thermal,wdbase_w10_00666
w10_75237567637ad5b59363,train,thermal,wdbase_w10_01040
w10_85bbd59dd6215d9dc4a7,train,thermal,wdbase_w10_00238
w10_ab2f6e3300321e73c5ee,train,thermal,wdbase_w10_00350
w10_65a50683dad616abdb77,train,thermal,wdbase_w10_00238
w10_87f8cf28b670375eaa42,train,thermal,wdbase_w10_00395
w10_d9e47043e587aee5b2e0,train,thermal,wdbase_w10_01032
w10_ea3e3583ca05fba69f4a,train,thermal,wdbase_w10_01135
w10_6bf7d3d9cc8eb7e3b2e5,train,thermal,wdbase_w10_01088
w10_22682fc216f69a05c358,train,thermal,wdbase_w10_00690
w10_fa27097e70ac528edcde,train,thermal,wdbase_w10_01077
w10_201fb92417e961f2bd52,train,thermal,wdbase_w10_01077
w10_1321245b41180d93765f,train,thermal,wdbase_w10_00690
w10_b33a13d95d43911e6677,train,thermal,wdbase_w10_00238
w10_f416e757da6baad0b262,train,thermal,wdbase_w10_01088
w10_767fdc090f9e7e765c7c,train,thermal,wdbase_w10_00395
w10_929f646f14d91622f649,train,thermal,wdbase_w10_01088
w10_9cf036628ce500a1855c,train,thermal,wdbase_w10_00238
w10_39aa7a848fc03b776082,train,thermal,wdbase_w10_00317
w10_6c470cd84086347445c9,train,thermal,wdbase_w10_00000
w10_25127040cdb0129be4cb,train,thermal,wdbase_w10_00219
w10_cf5808fcc37d98695172,train,thermal,wdbase_w10_01077
w10_1af681514813449919bb,train,thermal,wdbase_w10_00824
w10_7c15c1e2af71caffd788,train,thermal,wdbase_w10_01077
w10_5401b664fe90bd6879cc,train,thermal,wdbase_w10_00009
w10_28a6724cf07901f10063,train,thermal,wdbase_w10_01032
w10_c4582edc2e440df8578a,train,thermal,wdbase_w10_00493
w10_0c40bdf295ee8ec901ef,train,thermal,wdbase_w10_00395
w10_345e6110473c8c7c70f5,train,thermal,wdbase_w10_00824
w10_540a32cc831928911ee9,train,thermal,wdbase_w10_00690
w10_976adee9d24388ecc26f,train,thermal,wdbase_w10_01088
w10_6a31a5f7faf64749e4bf,train,thermal,wdbase_w10_00238
w10_0523080e629547ed43bb,train,thermal,wdbase_w10_00238
w10_c55800da103d19609a61,train,thermal,wdbase_w10_00238
w10_879efc0b249d1d5ab833,train,thermal,wdbase_w10_01026
w10_da7e84db33c8ef1f945e,train,thermal,wdbase_w10_01026
w10_549ada6d7a5a66a022b1,train,thermal,wdbase_w10_01093
w10_1f2c49a90b17e8e1dc49,train,thermal,wdbase_w10_00493
w10_b4508d6202f57776138e,train,thermal,wdbase_w10_01032
w10_38bec47fa90364205c3c,train,thermal,wdbase_w10_01077
w10_532e024980e9835e6715,train,thermal,wdbase_w10_00690
w10_53ba091fe4a683dd57a2,train,thermal,wdbase_w10_00690
w10_94fe15bee7eb39b2a68f,train,thermal,wdbase_w10_00317
w10_5878a1c9eae873dc7c6a,train,thermal,wdbase_w10_01026
w10_c87f1332641d1151869f,train,thermal,wdbase_w10_01032
w10_b333e949dcadb3b47067,train,thermal,wdbase_w10_00317
w10_08ea9949253322020194,train,thermal,wdbase_w10_00000
w10_d19ac607b175d7cd32e2,train,thermal,wdbase_w10_01032
w10_9a7159662b7c07642b9d,train,thermal,wdbase_w10_00219
w10_a609d4790a5342eac57f,train,thermal,wdbase_w10_01040
w10_554c0d9a8d173d139f70,train,thermal,wdbase_w10_01032
w10_6686296790a3afc9d8b8,train,thermal,wdbase_w10_01202
w10_a37f171a0a8720216898,train,thermal,wdbase_w10_01040
w10_31142eebe76bd369343a,train,thermal,wdbase_w10_01026
w10_f11c806da14a75018a69,train,thermal,wdbase_w10_00000
w10_7e743c674b77bec36c1a,train,thermal,wdbase_w10_00350
w10_78649bcddf50e8c1489e,train,thermal,wdbase_w10_01032
w10_ac26b2b5b08e1e77d33f,train,thermal,wdbase_w10_01202
w10_f2383b6d2876055d9c75,train,thermal,wdbase_w10_00000
w10_e240e8b68a562f003133,train,thermal,wdbase_w10_00591
w10_80f2b9850b9419048ef2,train,thermal,wdbase_w10_01040
w10_e03cb96c172f53c6b170,train,thermal,wdbase_w10_00690
w10_3ebb064e4401229947c1,train,thermal,wdbase_w10_01077
w10_0326570e59c02c3ff211,train,thermal,wdbase_w10_01093
w10_06ca7d87a9c9fed24974,train,thermal,wdbase_w10_00009
w10_27da4f3849311689bbe9,train,thermal,wdbase_w10_01077
w10_f1e6d91ae0110a481c23,train,thermal,wdbase_w10_00219
w10_64321661479af16d582c,train,thermal,wdbase_w10_00350
w10_f632257c2006adfe4b20,train,thermal,wdbase_w10_01093
w10_2880c94f327dc7b86fc8,train,thermal,wdbase_w10_01077
w10_fb06e700823762dc94b8,train,thermal,wdbase_w10_01088
w10_c7b0e137df7b60f85b3f,train,thermal,wdbase_w10_00000
w10_d3d9ee0347ee32517b21,train,thermal,wdbase_w10_00000
w10_778b7e127021aa7b43f4,train,thermal,wdbase_w10_00395
w10_86690f3fb83b7d775e6d,train,thermal,wdbase_w10_01040
w10_9030d7d7ec306b7be8a3,train,thermal,wdbase_w10_00000
w10_e4f185d287d1aa15b682,train,thermal,wdbase_w10_01202
w10_7ab37a2b647b8e81f5f2,train,thermal,wdbase_w10_00350
w10_d9f67ce16ecca38b9b17,train,thermal,wdbase_w10_00238
w10_fe330500219a1127e889,train,thermal,wdbase_w10_00238
w10_1c25a14640e492fc99f4,train,thermal,wdbase_w10_01202
w10_4523a15fe4552c19efa5,train,thermal,wdbase_w10_00350
w10_616fad5ea4282a12fa9a,train,thermal,wdbase_w10_00666
w10_61d0806b7a83c8ebae13,train,thermal,wdbase_w10_00666
w10_889748ada45b1ccf442e,train,thermal,wdbase_w10_00317
w10_b85c1603231ffbae05b1,train,thermal,wdbase_w10_00000
w10_f40c675baa51f0df98cb,train,thermal,wdbase_w10_00690
w10_3be23e78e0e09161de20,train,thermal,wdbase_w10_01026
w10_b7ee18d66f64eed8a9fc,train,thermal,wdbase_w10_01088
w10_5216da8927be317faf78,train,thermal,wdbase_w10_00666
w10_8fe929c5e2a6229d2294,train,thermal,wdbase_w10_01202
w10_1d6771f1bb2fffad2d48,train,thermal,wdbase_w10_01202
w10_3cbfd3cf870db9d77c7c,train,thermal,wdbase_w10_00824
w10_43bc721632bf350f8dc8,train,thermal,wdbase_w10_00395
w10_07369edc220dec4c9289,train,thermal,wdbase_w10_01040
w10_30eb6c9de3e93d3b685f,train,thermal,wdbase_w10_00493
w10_201b81042ec5aba1e712,train,thermal,wdbase_w10_00317
w10_d4984ce7a71bbc3829dc,train,thermal,wdbase_w10_01026
w10_37d385bac010911e27e5,train,thermal,wdbase_w10_01135
w10_eaa5c633f3d83ede6f1a,train,thermal,wdbase_w10_00000
w10_cf2f8e6567bcce4e8aec,train,thermal,wdbase_w10_00690
w10_f0568dceb3c561a63c7f,train,thermal,wdbase_w10_01032
w10_95b3fb01e434aa6177c3,train,thermal,wdbase_w10_00009
w10_44ef59e3aa09d2cba5cc,train,thermal,wdbase_w10_01088
w10_4b6f8a8de6432ceac7e3,train,thermal,wdbase_w10_01077
w10_4df5f2e92edf3553bffd,train,thermal,wdbase_w10_00591
w10_47cff0ecfee3ff675ac8,train,thermal,wdbase_w10_00824
w10_53475f86b5fe936e8ea3,train,thermal,wdbase_w10_01088
w10_4b4dcdb40933fd481e12,train,thermal,wdbase_w10_00350
w10_69183cf55aa1a467bd2e,train,thermal,wdbase_w10_01040
w10_9c63a5ad5f33d9f26e42,train,thermal,wdbase_w10_01093
w10_ae8396649930b3c4a839,train,thermal,wdbase_w10_00219
w10_9a5a4b402f54ab25f810,train,thermal,wdbase_w10_01026
w10_5dc5bd7719a1765271e3,train,thermal,wdbase_w10_01093
w10_079d606efeb29b827d33,train,thermal,wdbase_w10_01088
w10_4bfebc61b2c82a39a871,train,thermal,wdbase_w10_01088
w10_dc5a1f63a9eaf52b42aa,train,thermal,wdbase_w10_01135
w10_8f4047812d24f2046533,train,thermal,wdbase_w10_01040
w10_a7392ac13067740a873c,train,thermal,wdbase_w10_00317
w10_fb536d9e548f2491d09e,train,thermal,wdbase_w10_00824
w10_def1560e0429a6978e6b,train,thermal,wdbase_w10_00690
w10_d5e487ef1aae52025b25,train,thermal,wdbase_w10_01026
w10_53e8ee4861ac8c71ef78,train,thermal,wdbase_w10_00824
w10_a872bff6506af1ef8d02,train,thermal,wdbase_w10_00000
w10_029c3b549061425dd24a,train,thermal,wdbase_w10_01135
w10_d5736b4b703d7042cece,train,thermal,wdbase_w10_00395
w10_0fa3ae2f90e839badefd,train,thermal,wdbase_w10_00317
w10_bb1dae9ded04f7502848,train,thermal,wdbase_w10_01093
w10_011d7b65654dc09a3469,train,thermal,wdbase_w10_01088
w10_c496418fce46473fb7fb,train,thermal,wdbase_w10_01077
w10_a6d7f2a90543bfcbcedf,train,thermal,wdbase_w10_00009
w10_61435b0b82e907bd4334,train,thermal,wdbase_w10_01135
w10_06bd92ac3572ec306a3e,train,thermal,wdbase_w10_01077
w10_5a5b78bc2fffc8105915,train,thermal,wdbase_w10_00493
w10_3b7e4bdbe1a93024197e,train,thermal,wdbase_w10_00000
w10_2ab5f07b14c7d1c2379f,train,thermal,wdbase_w10_00238
w10_f56052f03d7c35618ef2,train,thermal,wdbase_w10_01093
w10_ffc2f80917e24374877b,train,thermal,wdbase_w10_01093
w10_7504d817e4cf972aa41f,train,thermal,wdbase_w10_01032
w10_62650b54160ec72d2b8c,train,thermal,wdbase_w10_00009
w10_baf17bd9b6be4ede9e9f,train,thermal,wdbase_w10_00666
w10_2d7d148f8e7db6fd18fe,train,thermal,wdbase_w10_00219
w10_68a739558a31c9ba5f42,train,thermal,wdbase_w10_01093
w10_8bfeae64f8202df2efc8,train,thermal,wdbase_w10_01032
w10_dfc9c36fc1d5db8b1ac6,train,thermal,wdbase_w10_00666
w10_10e38989e663c70859cf,train,thermal,wdbase_w10_00690
w10_aa9e9fb5ed3a7a81f04c,train,thermal,wdbase_w10_01032
w10_c29b020a09ef8ea39481,train,thermal,wdbase_w10_00009
w10_34740b84eed8f721117d,train,thermal,wdbase_w10_00666
w10_7e7ec6d265d552e2cdee,train,thermal,wdbase_w10_00238
w10_f906358dbc0e6a1c7f2b,train,thermal,wdbase_w10_00219
w10_7a9c437237dc14458e0a,train,thermal,wdbase_w10_00493
w10_3128095e728546262d22,train,thermal,wdbase_w10_00493
w10_e2b86f981da2b34b61cd,train,thermal,wdbase_w10_00690
w10_db9c227677e0deafaa49,train,thermal,wdbase_w10_01032
w10_849cc4c9db67c4896a5c,train,thermal,wdbase_w10_01040
w10_63811dfffe3bde2ed852,train,thermal,wdbase_w10_00690
w10_a6d0d09539e112fbd666,train,thermal,wdbase_w10_01032
w10_b9a17e169eca5953032e,train,thermal,wdbase_w10_00395
w10_030855a523a45d635136,train,thermal,wdbase_w10_01202
w10_1dc04f5d05031435a7a4,train,thermal,wdbase_w10_01088
w10_c39e4f362836b80dc18e,train,thermal,wdbase_w10_01026
w10_c47df8c8e60358b816a8,train,thermal,wdbase_w10_01093
w10_8d1f1f4377d22f93d823,train,thermal,wdbase_w10_00395
w10_286630ecb1d177c5d0b0,train,thermal,wdbase_w10_01032
w10_7e3c097f45c5d700c0fe,train,thermal,wdbase_w10_00666
w10_15f39ba7845ac7f08ad4,train,thermal,wdbase_w10_00824
w10_fc3313092101e7a9982e,train,thermal,wdbase_w10_00317
w10_cbc1fcc4ab7be3e14cef,train,thermal,wdbase_w10_00238
w10_197d6c597235e5d0882b,train,thermal,wdbase_w10_00000
w10_2bda72df430cab3f9af3,train,thermal,wdbase_w10_01026
w10_9f605ccefabf6dc604ab,train,thermal,wdbase_w10_01202
w10_faa454d02c5830536cb7,train,thermal,wdbase_w10_00395
w10_d284118b945fcaadb13e,train,thermal,wdbase_w10_00219
w10_ed412a3bb6406bf50451,train,thermal,wdbase_w10_00317
w10_6ae38353cbcc4854e18a,train,thermal,wdbase_w10_00219
w10_53ba121af9fe04ade632,train,thermal,wdbase_w10_00493
w10_e9f1c5fbd75f9c64a700,train,thermal,wdbase_w10_00493
w10_b69f561248c90670bf87,train,thermal,wdbase_w10_01077
w10_2ae34a03cb20d98029c8,train,thermal,wdbase_w10_00824
w10_2caeeb6754cc5d23a232,train,thermal,wdbase_w10_01135
w10_e7d23b4dfed22cbe7b8f,train,thermal,wdbase_w10_01032
w10_a951b35d081045a24dad,train,thermal,wdbase_w10_00000
w10_feb7daa274f08bc5d0ac,train,thermal,wdbase_w10_01202
w10_ffc809be7be8ec37c801,train,thermal,wdbase_w10_00824
w10_72220359491618ed490c,train,thermal,wdbase_w10_01026
w10_39763168c8c9033b76ca,train,thermal,wdbase_w10_00009
w10_512bca838ad14a426f00,train,thermal,wdbase_w10_00238
w10_27744dfcf6867eda723f,train,thermal,wdbase_w10_00395
w10_a869db4ec719362c12cf,train,thermal,wdbase_w10_01040
w10_a7a2df2efd65fed1ea5a,train,thermal,wdbase_w10_00238
w10_d1d41caeaaf809aa42c1,train,thermal,wdbase_w10_01077
w10_587877735fa743c294dd,train,thermal,wdbase_w10_00350
w10_32baed1003b342d31f5e,train,thermal,wdbase_w10_00395
w10_03ba758f6e4d3cdac10f,train,thermal,wdbase_w10_00317
w10_faee2a1a1beb8c1f96a9,train,thermal,wdbase_w10_01202
w10_aaba19527d5e53d6883a,train,thermal,wdbase_w10_01135
w10_e934cb398073d3dc5e39,train,thermal,wdbase_w10_00317
w10_abb01f0f74b963d682b7,train,thermal,wdbase_w10_01135
w10_2a3d2a149b09e6e7d601,train,thermal,wdbase_w10_00591
w10_e00da6729bcea67a5372,train,thermal,wdbase_w10_01032
w10_c92fd842e6df4eccc429,train,thermal,wdbase_w10_00690
w10_8782a929cc7986bbc308,train,thermal,wdbase_w10_00824
w10_0a205f0f55d891e2ea69,train,thermal,wdbase_w10_00690
w10_edc8e388e42e526e357f,train,thermal,wdbase_w10_00317
w10_1efafee3593851121b6e,train,thermal,wdbase_w10_00000
w10_1478f4ce018f6f64cccf,train,thermal,wdbase_w10_00591
w10_704ca4b2952a31258e7f,train,thermal,wdbase_w10_01077
w10_fde202b9382b9f707248,train,thermal,wdbase_w10_00350
w10_cc33b48e2d57c0939f83,train,thermal,wdbase_w10_01135
w10_7133a13ec9129d80b464,train,thermal,wdbase_w10_00009
w10_65e47c5a486de2e15102,train,thermal,wdbase_w10_01135
w10_a5eb3abffd14436d22cf,train,thermal,wdbase_w10_01093
w10_1a2f5c6d0a53ba765490,train,thermal,wdbase_w10_00219
w10_433c25429adfa663a08e,train,thermal,wdbase_w10_00238
w10_868d21cfd37b160fe7a2,train,thermal,wdbase_w10_01040
w10_5a5a499fef2f834d4724,train,thermal,wdbase_w10_01032
w10_bd0f9e85103d2ada1fd4,train,thermal,wdbase_w10_00009
w10_276423b5b46e905825a5,train,thermal,wdbase_w10_00000
w10_cee3b1aaa47c99718dce,train,thermal,wdbase_w10_00690
w10_762e5b0d52ba38c893a2,train,thermal,wdbase_w10_00591
w10_a369255aebefc467abe2,train,thermal,wdbase_w10_00000
w10_4c6493902955267d14a5,train,thermal,wdbase_w10_01026
w10_b495c3814bb37c9cbdb0,train,thermal,wdbase_w10_01202
w10_0ba0070c314500aec2ac,train,thermal,wdbase_w10_01202
w10_f542d4e7d3c4e45d0782,train,thermal,wdbase_w10_01135
w10_65e66afe8d52e5596996,train,thermal,wdbase_w10_01093
w10_dffd0077096f2b75100d,train,thermal,wdbase_w10_00238
w10_1e2cac28cc72b41248cf,train,thermal,wdbase_w10_00219
w10_83edcb5e475af0ad2f48,train,thermal,wdbase_w10_01040
w10_0f5ad124eb3e631b920c,train,thermal,wdbase_w10_00350
w10_930ae6c2e25d4ae251e9,train,thermal,wdbase_w10_01026
w10_6c41e675e9db91d68117,train,thermal,wdbase_w10_01088
w10_7ca86def5b5746513a32,train,thermal,wdbase_w10_01040
w10_4caa3762002c11258bc0,train,thermal,wdbase_w10_00219
w10_999d27cdf6050604cc60,train,thermal,wdbase_w10_01032
w10_ce30f7e892ecf31b1ad0,train,thermal,wdbase_w10_01077
w10_fc2e01ee40f1c0d03aa7,train,thermal,wdbase_w10_01088
w10_b06378c21df67c1647b6,train,thermal,wdbase_w10_01202
w10_6c0fc5ed92269500519e,train,thermal,wdbase_w10_01026
w10_7be4afe3ca76ff5cb08d,train,thermal,wdbase_w10_00317
w10_9c11a23e729f814bc9a7,train,thermal,wdbase_w10_01135
w10_5d99ea9e5668c0af3f1d,train,thermal,wdbase_w10_00350
w10_64a20c3af449742aaf9d,train,thermal,wdbase_w10_01093
w10_7497df62b3a40dabcba0,train,thermal,wdbase_w10_01135
w10_8f97973e9087ef79bdb4,train,thermal,wdbase_w10_01077
w10_c8023f874e1c99461c9c,train,thermal,wdbase_w10_01135
w10_f75fe7e7619d7af5235b,train,thermal,wdbase_w10_00824
w10_8fe96afa9e16516f9733,train,thermal,wdbase_w10_01202
w10_a3429de4f5a90e963815,train,thermal,wdbase_w10_01040
w10_a4825c1e737843d102a7,train,thermal,wdbase_w10_00000
w10_1e101b750961b954a438,train,thermal,wdbase_w10_00591
w10_0bda43f4ba4b69fba167,train,thermal,wdbase_w10_01093
w10_cde0b26c647b039024ea,train,thermal,wdbase_w10_00238
w10_3531fcb8022df9e9c301,train,thermal,wdbase_w10_00395
w10_38c945b3e5bb803c1baa,train,thermal,wdbase_w10_00666
w10_6909d75d8764634b7cff,train,thermal,wdbase_w10_01026
w10_3911b20d16e903f11cfa,train,thermal,wdbase_w10_00591
w10_41b294b5e2728e27571c,train,thermal,wdbase_w10_00000
w10_f0d2018487833741c97b,train,thermal,wdbase_w10_01040
w10_139f46260786adf5b3df,train,thermal,wdbase_w10_00000
w10_6cafe3fc480e15aef401,train,thermal,wdbase_w10_01077
w10_02f72f3bd6fda26c70ae,train,thermal,wdbase_w10_00395
w10_095567e81a4caf3e5e77,train,thermal,wdbase_w10_00493
w10_f761e59c0d9c49688705,train,thermal,wdbase_w10_00009
w10_d3039998bbb7e8b6986b,train,thermal,wdbase_w10_01032
w10_9c574d72bd833f96d0f5,train,thermal,wdbase_w10_00009
w10_374d54cbc74ef1f5624a,train,thermal,wdbase_w10_00219
w10_69de262e952bcde297be,train,thermal,wdbase_w10_00009
w10_6de7938cd4e97cf6ab21,train,thermal,wdbase_w10_01202
w10_a55a94bdac933c0d0303,train,thermal,wdbase_w10_01032
w10_7c5ecb65474b88ebc1f6,train,thermal,wdbase_w10_00493
w10_8d4eba3a2eb25fd83011,train,thermal,wdbase_w10_01088
w10_ed95d715f0a6cf579840,train,thermal,wdbase_w10_01135
w10_7d5c1acfa0df853c7e91,train,thermal,wdbase_w10_01202
w10_ba303bb18f40fda33185,train,thermal,wdbase_w10_01088
w10_030e34964fcf2c8841e7,train,thermal,wdbase_w10_00238
w10_8344802ee6af60b46dbc,train,thermal,wdbase_w10_00000
w10_a38c5421ff995d19c4a8,train,thermal,wdbase_w10_00000
w10_80255798cd2d84de9f71,train,thermal,wdbase_w10_01135
w10_0a4e47f55bf1f926bf77,train,thermal,wdbase_w10_01040
w10_2f43766b6e85cf38e959,train,thermal,wdbase_w10_01040
w10_db0e44f33164dca32521,train,thermal,wdbase_w10_01093
w10_d7cae23e13929e4d1f85,train,thermal,wdbase_w10_00690
w10_64dbdbe27f583e3960b7,train,thermal,wdbase_w10_00219
w10_34fcd29a6ded368c4ab8,train,thermal,wdbase_w10_00690
w10_2c33db96f5bfd181f5bb,train,thermal,wdbase_w10_00009
w10_df1f55e597708d0f3e49,train,thermal,wdbase_w10_01135
w10_5965348f72819c3be6da,train,thermal,wdbase_w10_01093
w10_bf5d2eba21b1e039c9ae,train,thermal,wdbase_w10_00690
w10_6a804efa99f8a07a8996,train,thermal,wdbase_w10_00824
w10_793b9936c09c1a03f4f4,train,thermal,wdbase_w10_00690
w10_31ea6094ce8f13448deb,train,thermal,wdbase_w10_00824
w10_c5ffd2b3064c1954716b,train,thermal,wdbase_w10_01088
w10_dfb79cdb66984031b021,train,thermal,wdbase_w10_01135
w10_c4d0b00831f52ff19fef,train,thermal,wdbase_w10_00690
w10_4e7d06a763f30526228c,train,thermal,wdbase_w10_01135
w10_d7ff0a0aadea936725a4,train,thermal,wdbase_w10_00666
w10_3bd9cdee606f1ec0b18e,train,thermal,wdbase_w10_00493
w10_ee053ede470b36536c0d,train,thermal,wdbase_w10_01135
w10_76c8060c7b0b33337075,train,thermal,wdbase_w10_01040
w10_0ed68e23018135e094e1,train,thermal,wdbase_w10_00238
w10_36ea4a1d69009e28f20e,train,thermal,wdbase_w10_00317
w10_4cd619cc9ca555d59afa,train,thermal,wdbase_w10_00824
w10_ba30306f09ab11bcdb68,train,thermal,wdbase_w10_00238
w10_eac04c42b3a60b887070,train,thermal,wdbase_w10_01026
w10_ba1d7b9470e53ede635c,train,thermal,wdbase_w10_01093
w10_fdb8c9014ca669e8193f,train,thermal,wdbase_w10_00219
w10_e0fd8f5f3ac2fec4eeec,train,thermal,wdbase_w10_00591
w10_ceb84c4667a06f3e0d6f,train,thermal,wdbase_w10_00009
w10_197cdef3f2840c5d84b0,train,thermal,wdbase_w10_00000
w10_cef7f17c929193e4a4db,train,thermal,wdbase_w10_00219
w10_d7f6b922edc58e401a0c,train,thermal,wdbase_w10_00591
w10_86f93db854950c2b43c5,train,thermal,wdbase_w10_01202
w10_e8ba1256ecc827a897de,train,thermal,wdbase_w10_00350
w10_6ad46183c6bed0bcec44,train,thermal,wdbase_w10_00219
w10_0ac1acd09a15a3121d8b,train,thermal,wdbase_w10_00009
w10_8b2c93f364e2c4463780,train,thermal,wdbase_w10_00350
w10_24975782f9c79452a4b7,train,thermal,wdbase_w10_01077
w10_31587e5d9fe824ef30a3,train,thermal,wdbase_w10_00395
w10_3d4b3fcd2f16dd64049d,train,thermal,wdbase_w10_01077
w10_14acc9d8ceea7c5af528,train,thermal,wdbase_w10_00666
w10_c0fdf863465fd312610f,train,thermal,wdbase_w10_01088
w10_9accafb6355701c2b18a,train,thermal,wdbase_w10_00395
w10_43cd68e63d19c8e8146b,train,thermal,wdbase_w10_00000
w10_a1b37613915a6096e49f,train,thermal,wdbase_w10_00000
w10_89bfe9eb9d004e07118d,train,thermal,wdbase_w10_01077
w10_d91e4ea22b258a6a6ae2,train,thermal,wdbase_w10_00690
w10_cf76fc9632df13d1d7e9,train,thermal,wdbase_w10_00350
w10_85aa4ab63db6bbdd3788,train,thermal,wdbase_w10_00666
w10_b5d96210a6316873b6b8,train,thermal,wdbase_w10_01032
w10_31f1f5431159209847b5,train,thermal,wdbase_w10_01077
w10_a6313d6c1b2ac489bf08,train,thermal,wdbase_w10_00009
w10_2ed54d1a2d61c46295e8,train,thermal,wdbase_w10_00350
w10_55cc17004383548ed0db,train,thermal,wdbase_w10_00009
w10_4d2f61f817d6a3ea339d,train,thermal,wdbase_w10_00009
w10_20a8b1484c355f932031,train,thermal,wdbase_w10_00219
w10_a0a256f2e9264bdd7be3,train,thermal,wdbase_w10_00317
w10_a07cc6045743bcdcd8fe,train,thermal,wdbase_w10_01032
w10_53590dbf3caa586020db,train,thermal,wdbase_w10_01026
w10_86d8f411dc50f732e3d7,train,thermal,wdbase_w10_00219
w10_4a8c70e5857b6ef2a334,train,thermal,wdbase_w10_00690
w10_9028c110a840fc9b7ac3,train,thermal,wdbase_w10_01040
w10_fd35600872b33625622a,train,thermal,wdbase_w10_01202
w10_1c8cd190abd752bc0a77,train,thermal,wdbase_w10_00666
w10_a96358b1103a370982dd,train,thermal,wdbase_w10_01088
w10_3df139d2d6eb1b442e75,train,thermal,wdbase_w10_00493
w10_a6679e278485843c3965,train,thermal,wdbase_w10_01202
w10_06e92786ee2412dc5dcc,train,thermal,wdbase_w10_01077
w10_7ebce552db23de0a9b09,train,thermal,wdbase_w10_01202
w10_6ea23ed0ca0d8fa30013,train,thermal,wdbase_w10_01093
w10_403658ecd30197b3f88d,train,thermal,wdbase_w10_00666
w10_c9f009b0468eca6429bb,train,thermal,wdbase_w10_00690
w10_0afe648dc79ceaa1ddb8,train,thermal,wdbase_w10_01088
w10_4a2f94741962e2b7ed82,train,thermal,wdbase_w10_01088
w10_85680df6706adb72d7ba,train,thermal,wdbase_w10_00395
w10_31177169eb4c7c4f4366,train,thermal,wdbase_w10_01202
w10_2773f8d8a3ea1a227b53,train,thermal,wdbase_w10_01040
w10_1443ecbd45e5a5da1494,train,thermal,wdbase_w10_00493
w10_821f59795b7481f2f129,train,thermal,wdbase_w10_00000
w10_c56248c8e692099c6d4e,train,thermal,wdbase_w10_01026
w10_9f7872a00c71f14d4559,train,thermal,wdbase_w10_00824
w10_eb6ca6d9aef1be6a7cf7,train,thermal,wdbase_w10_01088
w10_8cfe0479622960853aa7,train,thermal,wdbase_w10_00395
w10_eebca8e076d4569b4057,train,thermal,wdbase_w10_00009
w10_fc3f3af9c834ec911f6f,train,thermal,wdbase_w10_01077
w10_f0336f6bd2b7cd807917,train,thermal,wdbase_w10_00219
w10_9de84cd35ee57c3f3491,train,thermal,wdbase_w10_00238
w10_69e99b21d21fab045d09,train,thermal,wdbase_w10_00666
w10_f316fbbec2d207e045ce,train,thermal,wdbase_w10_01032
w10_ef04cad51b08421153b3,train,thermal,wdbase_w10_01040
w10_14936515d85bbd4b2dc7,train,thermal,wdbase_w10_01077
w10_5cb6679e3fee639ffaf5,train,thermal,wdbase_w10_00350
w10_e28a40e98d41a38c4cf2,train,thermal,wdbase_w10_01093
w10_6777930621002726e39f,train,thermal,wdbase_w10_00009
w10_0fab49f231a37d8bac46,train,thermal,wdbase_w10_00690
w10_e8234c2f4b29e2f8621b,train,thermal,wdbase_w10_00493
w10_d82c747bbdaa3acfd1dd,train,thermal,wdbase_w10_01088
w10_cf00e34c1d0363d2b21d,train,thermal,wdbase_w10_01026
w10_c8ad8ad9b4f07a528b0c,train,thermal,wdbase_w10_00824
w10_9dbf590d932de1e1d1f2,train,thermal,wdbase_w10_01026
w10_d913cffa5bac824f46cd,train,thermal,wdbase_w10_00824
w10_484cf4dab9de0f6c7a45,train,thermal,wdbase_w10_00317
w10_10a67d856cde1fb99706,train,thermal,wdbase_w10_01032
w10_8b3c1a1501141a29751e,train,thermal,wdbase_w10_00591
w10_0dbe1a82d2301b9435a1,train,thermal,wdbase_w10_01040
w10_efbd8ee079ea5ae0202a,train,thermal,wdbase_w10_01088
w10_dee55e97d049456c42b5,train,thermal,wdbase_w10_00395
w10_8f8cf8b71a54adab53eb,train,thermal,wdbase_w10_01040
w10_c05f705c8c27a68afcaa,train,thermal,wdbase_w10_00591
w10_dc904afcd4dcea20a4c0,train,thermal,wdbase_w10_01135
w10_66fd605c42aa958e2da0,train,thermal,wdbase_w10_01135
w10_e131ca0a05385dbcb9a1,train,thermal,wdbase_w10_00690
w10_92b05a323e97bfa7e788,train,thermal,wdbase_w10_00350
w10_9160212a05b66eb6741a,train,thermal,wdbase_w10_00591
w10_a6a43003892b3fa9ea44,train,thermal,wdbase_w10_00317
w10_3bf46f044643be527971,train,thermal,wdbase_w10_01093
w10_5c69654f8b8dc2219c84,train,thermal,wdbase_w10_01135
w10_446bf9b7a2b32bd6edbc,train,thermal,wdbase_w10_01135
w10_8959943a2df9ae4105fb,train,thermal,wdbase_w10_01032
w10_d605ab539278e46aa833,train,thermal,wdbase_w10_01088
w10_54de1d4be6a8ee063865,train,thermal,wdbase_w10_00238
w10_e479056f93c7dda925dd,train,thermal,wdbase_w10_00395
w10_efaade3722d94bd83750,train,thermal,wdbase_w10_00350
w10_fb4e97451d705649eb91,train,thermal,wdbase_w10_01032
w10_3cee59d57a97ff61615f,train,thermal,wdbase_w10_00666
w10_fbf92d3d33571068d555,train,thermal,wdbase_w10_00493
w10_0a3c5b4ed6b3015ca180,train,thermal,wdbase_w10_00666
w10_30217aa37cbc3ff77005,train,thermal,wdbase_w10_00591
w10_c7d9594f51ecd67b6859,train,thermal,wdbase_w10_01077
w10_4f0dc0d5d8d23517089b,train,thermal,wdbase_w10_01032
w10_6ef2c68529231113a1c3,train,thermal,wdbase_w10_00009
w10_bbe5b02b6a52cfb0d82f,train,thermal,wdbase_w10_01032
w10_2f0cf6a1652aac81f3e8,train,thermal,wdbase_w10_00591
w10_f462a3503fb9e0097e59,train,thermal,wdbase_w10_00591
w10_544131c29c04c4611036,train,thermal,wdbase_w10_01093
w10_860be7a9f0a2fd245fc2,train,thermal,wdbase_w10_00690
w10_36a3fda3b931ba8835ff,train,thermal,wdbase_w10_01040
w10_12f9ef3ac26df255ea75,train,thermal,wdbase_w10_01093
w10_fdc9148997268593c8bb,train,thermal,wdbase_w10_01088
w10_26f9e25c961480a1c0a4,train,thermal,wdbase_w10_00219
w10_d5412c64763a623c8e71,train,thermal,wdbase_w10_01088
w10_770a8cbe24a975fcbae9,train,thermal,wdbase_w10_00493
w10_f8f8f632e58f88e0047e,train,thermal,wdbase_w10_00238
w10_127c6b6697f5ee797026,train,thermal,wdbase_w10_00317
w10_cff984fc588f8a73f14f,train,thermal,wdbase_w10_00666
w10_bddba37033e3729d0b1f,train,thermal,wdbase_w10_00666
w10_31a16dfbc3d64ef83f75,train,thermal,wdbase_w10_01040
w10_4c0ef5bd9be2e098c4c1,train,thermal,wdbase_w10_00219
w10_4ef2469d68a1ca879fed,train,thermal,wdbase_w10_00395
w10_4adcb22df6752002fdf6,train,thermal,wdbase_w10_00690
w10_c39d374071c7508e6ea4,train,thermal,wdbase_w10_00009
w10_46a83e3e6d552e1cd4ef,train,thermal,wdbase_w10_01026
w10_c795f713507f2cf287ee,train,thermal,wdbase_w10_00317
w10_61e97024c59211395392,train,thermal,wdbase_w10_00000
w10_23c0dc9dc6d6811760cf,train,thermal,wdbase_w10_00350
w10_c43cb0e71091932291fb,train,thermal,wdbase_w10_00690
w10_34c7deddc4732fc825ab,train,thermal,wdbase_w10_01202
w10_bad2000e7913568ea976,train,thermal,wdbase_w10_00395
w10_82dbe29f1cb2d2836e9b,train,thermal,wdbase_w10_00317
w10_a4a4603f47ab5a30d5b8,train,thermal,wdbase_w10_01040
w10_c70d4e0d94e883a1ac66,train,thermal,wdbase_w10_00690
w10_6fdb0ce5477637986704,train,thermal,wdbase_w10_00317
w10_a4dd91670dd9b3e10a62,train,thermal,wdbase_w10_01040
w10_1d124a6c80c81b7c31c6,train,thermal,wdbase_w10_00493
w10_d26b196edaf0b4673c41,train,thermal,wdbase_w10_01026
w10_266496f96a6de1d07fb1,train,thermal,wdbase_w10_01040
w10_4eadead18420ddf688b3,train,thermal,wdbase_w10_00317
w10_dcdb0dc9fa989a6bdd68,train,thermal,wdbase_w10_00350
w10_12fbe7971bfdc9204c18,train,thermal,wdbase_w10_00317
w10_d7dc200d181cbade120f,train,thermal,wdbase_w10_01040
w10_38d29f6bc5b1ef3bed0c,train,thermal,wdbase_w10_01202
w10_f09fe146efb7c2cdb54c,train,thermal,wdbase_w10_00238
w10_b53e4a673ef10d71b418,train,thermal,wdbase_w10_00690
w10_f7a7170a3d31fbede9f4,train,thermal,wdbase_w10_00666
w10_a6819c61fcf7a1f51dfd,train,thermal,wdbase_w10_00000
w10_02dcc4823dc517fc222f,train,thermal,wdbase_w10_01202
w10_df11dd6c085c54d32b5b,train,thermal,wdbase_w10_00493
w10_60923d0550e61381b2bb,train,thermal,wdbase_w10_00824
w10_bbedbbff61a77e6bfcc2,train,thermal,wdbase_w10_00395
w10_8094863eb94665a99f19,train,thermal,wdbase_w10_00350
w10_0856d5e8218dc6af9a28,train,thermal,wdbase_w10_01026
w10_644a28d2cfe3e6548ff0,train,thermal,wdbase_w10_01026
w10_206795e748a7ed221de2,train,thermal,wdbase_w10_00591
w10_ad961a9049e94371142f,train,thermal,wdbase_w10_00690
w10_0814904bac7d2f630768,train,thermal,wdbase_w10_01093
w10_a626622ecdc99694baf3,train,thermal,wdbase_w10_01088
w10_38eced3033bf66e15434,train,thermal,wdbase_w10_01135
w10_8ea52342c118031b6896,train,thermal,wdbase_w10_00350
w10_48b3199aa7dd7db6ec5e,train,thermal,wdbase_w10_00000
w10_3f25b967af04f35c7fce,train,thermal,wdbase_w10_01093
w10_cfb39937e5efbf0f6c00,train,thermal,wdbase_w10_01202
w10_0f4ba40a0cf5ba9e96b8,train,thermal,wdbase_w10_00317
w10_24ffd09bfbde13026cbc,train,thermal,wdbase_w10_00219
w10_1ac130e320182b1ac4d1,train,thermal,wdbase_w10_00219
w10_bc843a45b31fd5a22f55,train,thermal,wdbase_w10_00666
w10_33e41231b6bd3f235c87,train,thermal,wdbase_w10_01077
w10_50e4b964d74e51905933,train,thermal,wdbase_w10_00238
w10_e30cac7844e7812a6fa5,train,thermal,wdbase_w10_00824
w10_33f6de2319402ebcfd31,train,thermal,wdbase_w10_00666
w10_0587e4f05d3c464dac8f,train,thermal,wdbase_w10_00350
w10_19a83427d7fb5ee6b274,train,thermal,wdbase_w10_00395
w10_f7dbc921df731240bcbf,train,thermal,wdbase_w10_00009
w10_9ae88bf2454e9aff52bc,train,thermal,wdbase_w10_00317
w10_ae9da4ad237dc2f25780,train,thermal,wdbase_w10_00009
w10_a5f4214c62f5cd02e869,train,thermal,wdbase_w10_00000
w10_c6de4f3c1b39386613da,train,thermal,wdbase_w10_00009
w10_d1dae3329d694b81bfc7,train,thermal,wdbase_w10_00000
w10_018c46bd62ae9673db49,train,thermal,wdbase_w10_01032
w10_185d13e2e38bca6775a9,train,thermal,wdbase_w10_00666
w10_0b247149ec32df3f6241,train,thermal,wdbase_w10_00238
w10_492a22760817e5d9c504,train,thermal,wdbase_w10_00690
w10_10dc45980ab2e5c76d8a,train,thermal,wdbase_w10_00690
w10_6c809bae61e2e19539fd,train,thermal,wdbase_w10_00238
w10_6c6c36204bbfccb4dc04,train,thermal,wdbase_w10_01040
w10_b791afcbc4a4adb034bc,train,thermal,wdbase_w10_01202
w10_3285cd8c717e80f9beb2,train,thermal,wdbase_w10_00591
w10_8267d9787becddc49962,train,thermal,wdbase_w10_00000
w10_c7e160f7a2f1eb7f3633,train,thermal,wdbase_w10_01093
w10_defc3e550afd0eee8833,train,thermal,wdbase_w10_01032
w10_8b5fe7f0f70e18d617aa,train,thermal,wdbase_w10_00219
w10_e00a7847691e4da961cd,train,thermal,wdbase_w10_01202
w10_79bf4168c3fca0fa28ef,train,thermal,wdbase_w10_01032
w10_a00864f5185c1ae1341b,train,thermal,wdbase_w10_01093
w10_1f66c47c4b9b0e7662d6,train,thermal,wdbase_w10_01032
w10_e6376921e541cd00c7f9,train,thermal,wdbase_w10_01040
w10_2401d7f1f2b9850ba71c,train,thermal,wdbase_w10_00493
w10_fc2fde94c0acaf1e2836,train,thermal,wdbase_w10_00824
w10_17583b6ce0d1e65e49ad,train,thermal,wdbase_w10_00666
w10_43d6d1a33b8633c21250,train,thermal,wdbase_w10_01093
w10_810a11702df04a5dedb3,train,thermal,wdbase_w10_00591
w10_9f396b1bed9b96a370d1,train,thermal,wdbase_w10_00317
w10_5a95b70445f49e695d02,train,thermal,wdbase_w10_01135
w10_882c2a96674b22429ca3,train,thermal,wdbase_w10_01032
w10_78b217ea85d562a5f80e,train,thermal,wdbase_w10_01088
w10_92ea9b6268209f9cdfce,train,thermal,wdbase_w10_00009
w10_be1fc84af36dee8f46f6,train,thermal,wdbase_w10_00493
w10_04af619e01090b47e5a3,train,thermal,wdbase_w10_00690
w10_99171e7f201e5cba905d,train,thermal,wdbase_w10_00350
w10_030f3c2bf4301b11c544,train,thermal,wdbase_w10_01040
w10_11cefb5363aa35431c3b,train,thermal,wdbase_w10_00009
w10_4af9ebeabed4905d5ab8,train,thermal,wdbase_w10_01202
w10_52c33e545cdcb17d745d,train,thermal,wdbase_w10_01093
w10_3f644575b7ee8a3e03b8,train,thermal,wdbase_w10_00591
w10_956c40c063bafff9af35,train,thermal,wdbase_w10_00238
w10_d01b3cfcb65ce06936b5,train,thermal,wdbase_w10_01077
w10_1dca8c12b2492c4b16da,train,thermal,wdbase_w10_01032
w10_0c05945755ff99b99d9d,train,thermal,wdbase_w10_00395
w10_a9109f6cdc2a901f6c13,train,thermal,wdbase_w10_00493
w10_4d2b0e9e097767944d29,train,thermal,wdbase_w10_01077
w10_0d3fe32002edecf3619b,train,thermal,wdbase_w10_01135
w10_2884a4d138aa647fde4e,train,thermal,wdbase_w10_01026
w10_32f3ee827a71202bf687,train,thermal,wdbase_w10_00666
w10_17721c9adfba5ca46012,train,thermal,wdbase_w10_00666
w10_9fa76070a48847ad6fc8,train,thermal,wdbase_w10_01135
w10_fb3642fb74a708e71a92,train,thermal,wdbase_w10_00690
w10_8922193f7c157fa2b94e,train,thermal,wdbase_w10_00395
w10_8ede86d9a85840d83fdc,train,thermal,wdbase_w10_01135
w10_07a0089cdebee335ba27,train,thermal,wdbase_w10_00493
w10_8cdaf6609776508d3e84,train,thermal,wdbase_w10_01202
w10_7aa4f5a5f213d9609ebf,train,thermal,wdbase_w10_00690
w10_f5ab1452bfb643e785b9,train,thermal,wdbase_w10_01032
w10_86d277c2f0560756f53e,train,thermal,wdbase_w10_01040
w10_24a81b836d6cb58b52cb,train,thermal,wdbase_w10_00219
w10_eb4c12a7ed33cdefaa7f,train,thermal,wdbase_w10_00000
w10_46016b2b87debd9eb25b,train,thermal,wdbase_w10_00690
w10_9d6f936290ac3d01eb87,train,thermal,wdbase_w10_00690
w10_6e684e941f57eca8dea9,train,thermal,wdbase_w10_00009
w10_f7f9f1ebd8caf650191b,train,thermal,wdbase_w10_00219
w10_40faf3978915caf18d4e,train,thermal,wdbase_w10_01093
w10_5d53c18f943dbe6454c6,train,thermal,wdbase_w10_00690
w10_deaa3a3b277df9300b6d,train,thermal,wdbase_w10_00591
w10_7b6a3b5d8372eca68f1e,train,thermal,wdbase_w10_01040
w10_c534a417db42caa78859,train,thermal,wdbase_w10_00824
w10_544449129d749b168a3a,train,thermal,wdbase_w10_01077
w10_5470207b53932ab0c068,train,thermal,wdbase_w10_01026
w10_19de4a2acb883b7e855d,train,thermal,wdbase_w10_01040
w10_24c1c4bb74d7bd310707,train,thermal,wdbase_w10_00317
w10_28681e44894c50ebd33b,train,thermal,wdbase_w10_01040
w10_c25cf48468e568a24947,train,thermal,wdbase_w10_00317
w10_87bd2dffb8cdaa143ddf,train,thermal,wdbase_w10_01202
w10_c3e2ef966624fea2bf68,train,thermal,wdbase_w10_01040
w10_3f1851ca8346c289b209,train,thermal,wdbase_w10_00493
w10_e67a7dc063872011b621,train,thermal,wdbase_w10_00009
w10_c9584ca98b8a0665013f,train,thermal,wdbase_w10_00009
w10_d7b4f93462618349c6fc,train,thermal,wdbase_w10_00238
w10_ce7016364d469e02e3f0,train,thermal,wdbase_w10_00009
w10_a790b89d168c43fe6054,train,thermal,wdbase_w10_01202
w10_20d61fac73664a1fe897,train,thermal,wdbase_w10_01040
w10_fd62d432b1fe7aad0c61,train,thermal,wdbase_w10_01040
w10_39838509d344365b9f0e,train,thermal,wdbase_w10_00000
w10_880f3112b37d64e92a0c,train,thermal,wdbase_w10_00666
w10_9c7f9cc8eca60dcf3d7e,train,thermal,wdbase_w10_00350
w10_7b3ac96e0f3a1f34fe32,train,thermal,wdbase_w10_00317
w10_dad21442d7f28f7ab1b3,train,thermal,wdbase_w10_01088
w10_1ede74543a7f2b86428b,train,thermal,wdbase_w10_00395
w10_21387a56911a572ec762,train,thermal,wdbase_w10_00395
w10_1340496010c61b7de1c1,train,thermal,wdbase_w10_00824
w10_5d3ef4a4ce56283861fd,train,thermal,wdbase_w10_01088
w10_d5e3d708cd4f544ffe38,train,thermal,wdbase_w10_00395
w10_99bf73cf2fa620723a87,train,thermal,wdbase_w10_00317
w10_6d2503bee1792d6c3e37,train,thermal,wdbase_w10_01077
w10_07b1b8aeaa254001038c,train,thermal,wdbase_w10_00493
w10_623e0f6d8ec24aec4aa3,train,thermal,wdbase_w10_01077
w10_fcddbc8f3aaffbd35d29,train,thermal,wdbase_w10_00395
w10_35a279443fc9bf6e4526,train,thermal,wdbase_w10_00317
w10_f9ff77356447bfed2beb,train,thermal,wdbase_w10_01040
w10_e2e01c6b94f184061cbb,train,thermal,wdbase_w10_01088
w10_6998840b97e036b126e8,train,thermal,wdbase_w10_00000
w10_224a41f04dccc710ca0f,train,thermal,wdbase_w10_01040
w10_1f244ca972c303057974,train,thermal,wdbase_w10_00493
w10_4e3e4ec2b41e00557879,train,thermal,wdbase_w10_00591
w10_363a6ede7c0938b287f7,train,thermal,wdbase_w10_01135
w10_299eaa8924c5401e69f9,train,thermal,wdbase_w10_00009
w10_01591584de2ebaf332dd,train,thermal,wdbase_w10_01093
w10_d75f6de882114c536d7a,train,thermal,wdbase_w10_00000
w10_7dbe120a7e2c6c38f218,train,thermal,wdbase_w10_00009
w10_4cbce5a4a1714678e263,train,thermal,wdbase_w10_01026
w10_5114f1ec5f9f6923197c,train,thermal,wdbase_w10_01026
w10_f37bfe4710b3bb057568,train,thermal,wdbase_w10_00591
w10_974d63955a326a5018ae,train,thermal,wdbase_w10_00238
w10_d26b28e56b4aae7251fe,train,thermal,wdbase_w10_01088
w10_8313bc18944b58ac17f3,train,thermal,wdbase_w10_00395
w10_2469666cc6d1a66b6287,train,thermal,wdbase_w10_00690
w10_69af36645db9df5ecd9d,train,thermal,wdbase_w10_01040
w10_0b78c6c9bda2eb2cf192,train,thermal,wdbase_w10_01135
w10_34e844ddd7a839380ceb,train,thermal,wdbase_w10_00317
w10_f703cd9bc124890b5bb0,train,thermal,wdbase_w10_00219
w10_664495b99418a9aab306,train,thermal,wdbase_w10_00493
w10_df203c6c1105ad485fe3,train,thermal,wdbase_w10_00350
w10_e114c6e0144b3ea15069,train,thermal,wdbase_w10_01202
w10_641cd77ade141ed7520b,train,thermal,wdbase_w10_01093
w10_74505d378967ca196028,train,thermal,wdbase_w10_00824
w10_4e98d1da68e69070adb8,train,thermal,wdbase_w10_00493
w10_7d84323928cbd15438d5,train,thermal,wdbase_w10_00690
w10_3e089716c864f243a85a,train,thermal,wdbase_w10_00493
w10_4cf2c3a60b022cbeb0e3,train,thermal,wdbase_w10_00219
w10_edb28e92a15c8b97b3fe,train,thermal,wdbase_w10_00009
w10_dbda13c895c36735d621,train,thermal,wdbase_w10_00493
w10_d8c4892bffafbf31bc6c,train,thermal,wdbase_w10_00824
w10_072814541c7a82efd6c8,train,thermal,wdbase_w10_01135
w10_8c498cd771476ca646cc,train,thermal,wdbase_w10_00666
w10_237e0b6db3d41ccce987,train,thermal,wdbase_w10_00350
w10_a34de9dfcd7a656d8045,train,thermal,wdbase_w10_00350
w10_2b1e0f44036f54f774d3,train,thermal,wdbase_w10_00350
w10_157597af7c67580a6cf2,train,thermal,wdbase_w10_01077
w10_f113309e2d95f53e7287,train,thermal,wdbase_w10_00000
w10_cfd56a31ded769b979db,train,thermal,wdbase_w10_01093
w10_8e5fc514990909dc74db,train,thermal,wdbase_w10_00666
w10_3c3133d0b5933ef5c51c,train,thermal,wdbase_w10_00824
w10_6ed7ce566d7390857ec7,train,thermal,wdbase_w10_01202
w10_61e7a86369adcd3e2d22,train,thermal,wdbase_w10_01202
w10_89a0b79ade2eae7f3a22,train,thermal,wdbase_w10_00666
w10_f9a1ae37fbd12b365f24,train,thermal,wdbase_w10_00666
w10_cf42787b4a18c07d9608,train,thermal,wdbase_w10_00350
w10_84ce8af0dda8f1a63514,train,thermal,wdbase_w10_01088
w10_88fbe6d01bfc51517e5d,train,thermal,wdbase_w10_00350
w10_392b36e417f0f0cf155a,train,thermal,wdbase_w10_00690
w10_b13d097d27ec7901a23f,train,thermal,wdbase_w10_00000
w10_477fd2daaf1bd6b2b0ea,train,thermal,wdbase_w10_00238
w10_91d4b988fadbefb3c17c,train,thermal,wdbase_w10_00000
w10_5575e8855c8c272bada7,train,thermal,wdbase_w10_00395
w10_54abcd221c1b6d74eb28,train,thermal,wdbase_w10_00493
w10_01a515e5368156c85ef4,train,thermal,wdbase_w10_00000
w10_38065864410c8753bc79,train,thermal,wdbase_w10_00690
w10_3f1e796950d1a0546f26,train,thermal,wdbase_w10_01026
w10_0cacea2159f8edaffee2,train,thermal,wdbase_w10_01040
w10_776182add6f512ce48e4,train,thermal,wdbase_w10_01040
w10_3b34a197d74c65f5d0fd,train,thermal,wdbase_w10_00350
w10_da77822bfb0b7e8b0d4c,train,thermal,wdbase_w10_00350
w10_defb626e6141124b9114,train,thermal,wdbase_w10_00493
w10_ca664bbe7e2b7632127d,train,thermal,wdbase_w10_00317
w10_647b41fa957d49160870,train,thermal,wdbase_w10_00009
w10_5ccd1e1cf29d5596c186,train,thermal,wdbase_w10_01077
w10_aa527b988596c33a1d0d,train,thermal,wdbase_w10_00350
w10_a184ac982480c1e1ff13,train,thermal,wdbase_w10_01077
w10_7b2a5fad96e353b3b6e8,train,thermal,wdbase_w10_00690
w10_e134b354dc0ce8b05bea,train,thermal,wdbase_w10_01077
w10_97a548bae74e569cf364,train,thermal,wdbase_w10_01077
w10_8e6a96f4e193b1bff038,train,thermal,wdbase_w10_00666
w10_271ed568c23c932f2ea9,train,thermal,wdbase_w10_00690
w10_879a98bc341f5709cb8b,train,thermal,wdbase_w10_00219
w10_a16f7edf3547ebdc9e25,train,thermal,wdbase_w10_00219
w10_4e80b1012ac8f55668d5,train,thermal,wdbase_w10_01077
w10_10cac56c7f0cc2bf4853,train,thermal,wdbase_w10_01040
w10_418e6770415d4b52141c,train,thermal,wdbase_w10_01032
w10_c242af812ebb2efab2a6,train,thermal,wdbase_w10_01093
w10_a832f2fcaa90e4988a63,train,thermal,wdbase_w10_00591
w10_f6bbbe1b1bbcfcc0807a,train,thermal,wdbase_w10_01093
w10_09b81746838a2d7e64ef,train,thermal,wdbase_w10_00009
w10_8575b775907d31615085,train,thermal,wdbase_w10_01202
w10_9c6d57e31f288823dfca,train,thermal,wdbase_w10_01026
w10_0c8ec1ae8d521f0d9598,train,thermal,wdbase_w10_00009
w10_ce1ef1fa68c17de4a5c5,train,thermal,wdbase_w10_00009
w10_33e5e17d638bd33d6c8c,train,thermal,wdbase_w10_00493
w10_f59a4dcaadc427cd57aa,train,thermal,wdbase_w10_00493
w10_5e47c71316288f3cee36,train,thermal,wdbase_w10_00395
w10_1a303a84d54acde4f084,train,thermal,wdbase_w10_01077
w10_48a65cca5a5535ee1359,train,thermal,wdbase_w10_01032
w10_d40650aa7bb6479aebd7,train,thermal,wdbase_w10_01093
w10_e03faabe92046d483a99,train,thermal,wdbase_w10_01093
w10_096992c742b0cbddd113,train,thermal,wdbase_w10_01088
w10_84833cc6fd9413767986,train,thermal,wdbase_w10_00000
w10_9df2b392b43f89a45c68,train,thermal,wdbase_w10_00824
w10_1d4d229b401ee00e7809,train,thermal,wdbase_w10_00824
w10_ef9e7c3ead9a70fa5467,train,thermal,wdbase_w10_00395
w10_15b1594ce33da4118751,train,thermal,wdbase_w10_01093
w10_ee64ca2ed4bb2dc25274,train,thermal,wdbase_w10_00219
w10_eeddedd84683f3a94098,train,thermal,wdbase_w10_00591
w10_3e5eb0cbc39a44740729,train,thermal,wdbase_w10_00317
w10_69b770b7a4c7b8e590d4,train,thermal,wdbase_w10_00666
w10_43395fe9d1f34de76cfd,train,thermal,wdbase_w10_00350
w10_2785f9393fd22afc461e,train,thermal,wdbase_w10_01032
w10_0fff4974c0a6d48993fc,train,thermal,wdbase_w10_00824
w10_fc8ac7ca3481241d5146,train,thermal,wdbase_w10_01135
w10_21a04db92e76e0359af5,train,thermal,wdbase_w10_01026
w10_8512e110e3bdeecb119c,train,thermal,wdbase_w10_00395
w10_93507d062c6dc2ccc943,train,thermal,wdbase_w10_00493
w10_3111d2746df0707a306d,train,thermal,wdbase_w10_00493
w10_b8c4b97ba17973ed57bd,train,thermal,wdbase_w10_00591
w10_d1c3bc6372b48f15af8e,train,thermal,wdbase_w10_01093
w10_598bdfb298084201fd1c,train,thermal,wdbase_w10_00690
w10_76fdfa434a5ae82ad2fd,train,thermal,wdbase_w10_01077
w10_706ec0f3d9b06bdbfba2,train,thermal,wdbase_w10_01077
w10_fef4a712f414b208b1b2,train,thermal,wdbase_w10_00219
w10_36306627907d9ff9b619,train,thermal,wdbase_w10_00350
w10_667aa93a117a85ad7ef6,train,thermal,wdbase_w10_00238
w10_febb535a572108a2198d,train,thermal,wdbase_w10_01026
w10_560908e2c8127264d6f0,train,thermal,wdbase_w10_01135
w10_a3defd1faefbe2d716bd,train,thermal,wdbase_w10_00009
w10_812d16ae64a17597e480,train,thermal,wdbase_w10_00350
w10_1a2b3867e8327201a335,train,thermal,wdbase_w10_00493
w10_b57eced1c70bb4358f79,train,thermal,wdbase_w10_00009
w10_306214cdfdb5c6345e1d,train,thermal,wdbase_w10_00591
w10_81370860e17f69ac3658,train,thermal,wdbase_w10_00238
w10_2f50b089762a820475a8,train,thermal,wdbase_w10_00493
w10_ff68b2e12aa903dd60e0,train,thermal,wdbase_w10_01202
w10_51ba5c926f25d1d34196,train,thermal,wdbase_w10_00395
w10_52ac1dfb5acbce66c055,train,thermal,wdbase_w10_00824
w10_e8b1bcc4eda6c5d7b485,train,thermal,wdbase_w10_00317
w10_ae0811f1d0d8419f2edc,train,thermal,wdbase_w10_00000
w10_67bc961f13cc13204d59,train,thermal,wdbase_w10_01032
w10_2e784ad42ce73a1e125c,train,thermal,wdbase_w10_00666
w10_6d4092682df03707556e,train,thermal,wdbase_w10_01032
w10_1f89c7082d0e80fbacd2,train,thermal,wdbase_w10_01088
w10_9e1563d7fabb02fbaeae,train,thermal,wdbase_w10_00493
w10_fe061e1397b7681018c1,train,thermal,wdbase_w10_01026
w10_1e1ffb4e25a2df13bd48,train,thermal,wdbase_w10_00000
w10_4fa178a00431af657c70,train,thermal,wdbase_w10_01026
w10_6af439854cdd6713a3ed,train,thermal,wdbase_w10_01135
w10_109f2d2ec72e06083352,train,thermal,wdbase_w10_00690
w10_89b0d48b5f1ce60145c8,train,thermal,wdbase_w10_01026
w10_d45a5f8c1359e553084f,train,thermal,wdbase_w10_00591
w10_19c76969257ddc340a70,train,thermal,wdbase_w10_00690
w10_8a814b8a6296fb4b4f99,train,thermal,wdbase_w10_00317
w10_b0f250d864b2d7d1f58a,train,thermal,wdbase_w10_00009
w10_d02aeeb2d11430bf0559,train,thermal,wdbase_w10_01202
w10_938029e43b8ecfb5a575,train,thermal,wdbase_w10_01088
w10_5f5b6cbfac858d0e13b3,train,thermal,wdbase_w10_01093
w10_38dd1486f46932a066a8,train,thermal,wdbase_w10_00493
w10_9edae35a7a7292d58b58,train,thermal,wdbase_w10_00219
w10_196b246ba78935b5acd8,train,thermal,wdbase_w10_00395
w10_51a1ffef409aceb7f680,train,thermal,wdbase_w10_00238
w10_da1368542e73f577e3d5,train,thermal,wdbase_w10_00591
w10_cad8f5cdcbfe049ba29c,train,thermal,wdbase_w10_01202
w10_482fb449e6f10f52c26e,train,thermal,wdbase_w10_01135
w10_857f62bfe6e22dcedab0,train,thermal,wdbase_w10_01026
w10_e48a8b5afa89c6525b4d,train,thermal,wdbase_w10_01032
w10_681d26414cdb94a58c7d,train,thermal,wdbase_w10_01093
w10_e778366aac923e648a3e,train,thermal,wdbase_w10_00666
w10_2bd481e0b733b7d1561a,train,thermal,wdbase_w10_00000
w10_07fea9042ffb113b04ac,train,thermal,wdbase_w10_01026
w10_89159dab498ddff9aa56,train,thermal,wdbase_w10_00824
w10_65c2ca28be9e26cc95cf,train,thermal,wdbase_w10_00395
w10_22f796f3f331ea1b0a30,train,thermal,wdbase_w10_01202
w10_05729fc1ce5bc01fb9a3,train,thermal,wdbase_w10_00591
w10_1abbb090a4ffe9ba1710,train,thermal,wdbase_w10_00666
w10_8f0b06c2f925870371d0,train,thermal,wdbase_w10_00009
w10_c5c00e9fbef2bbda9b71,train,thermal,wdbase_w10_00493
w10_b7c1c95c512954cd384e,train,thermal,wdbase_w10_01032
w10_145ba851603cea7f082d,train,thermal,wdbase_w10_01026
w10_d6284d222309fc4d5ace,train,thermal,wdbase_w10_00493
w10_cb4fc6be30f1b54c3001,train,thermal,wdbase_w10_01040
w10_549821d36db0a1610c66,train,thermal,wdbase_w10_00219
w10_25941e212254a5a27952,train,thermal,wdbase_w10_00395
w10_e3e5c4828afa41b021ff,train,thermal,wdbase_w10_01093
w10_f5906bcb5a726f3bdbf9,train,thermal,wdbase_w10_00824
w10_07d741b0f89684bce3f9,train,thermal,wdbase_w10_00824
w10_330f588b0c495e79c8b8,train,thermal,wdbase_w10_00000
w10_08bd5f9024c67ed56edd,train,thermal,wdbase_w10_00493
w10_8572f46bb707a6d5fcd2,train,thermal,wdbase_w10_01135
w10_9fcfa64bb924d44ec87d,train,thermal,wdbase_w10_01135
w10_a218a5543f42f345aaad,train,thermal,wdbase_w10_00690
w10_b005d0c0deb39098a736,train,thermal,wdbase_w10_01093
w10_6c9ac0391db2871d92b6,train,thermal,wdbase_w10_00238
w10_ef0503c6159452596b87,train,thermal,wdbase_w10_00690
w10_4f7ba41d2a23e83371e7,train,thermal,wdbase_w10_00591
w10_2a6a9eda6b2975f5d946,train,thermal,wdbase_w10_01032
w10_d604456a3969a9ac2c75,train,thermal,wdbase_w10_01135
w10_8566011e320b3090f7d1,train,thermal,wdbase_w10_01026
w10_6b5f9f4f69f763d6204b,train,thermal,wdbase_w10_00690
w10_88e4c703e5bece2b2422,train,thermal,wdbase_w10_00350
w10_58726327b6e5969356e2,train,thermal,wdbase_w10_00395
w10_cb9b9e3171a518d102d9,train,thermal,wdbase_w10_01040
w10_8be0243253d5303bb677,train,thermal,wdbase_w10_00238
w10_2ddd9c3c6b2daf2e89b8,train,thermal,wdbase_w10_01202
w10_020412298b21f1209f7c,train,thermal,wdbase_w10_01202
w10_a73b25bdf02616e901dc,train,thermal,wdbase_w10_00219
w10_4460c33ba88a756798c2,train,thermal,wdbase_w10_01026
w10_e4df50c55014f29145aa,train,thermal,wdbase_w10_00591
w10_35ec9191e1ab0fbe6ae6,train,thermal,wdbase_w10_00690
w10_0d26629dc54bd010afcd,train,thermal,wdbase_w10_00395
w10_b4999a5b80ca04620778,train,thermal,wdbase_w10_01088
w10_6efc5b63b3b39d28a478,train,thermal,wdbase_w10_01093
w10_15c14ec725ad586ba1af,train,thermal,wdbase_w10_00000
w10_5c76f601a9c01edf1e27,train,thermal,wdbase_w10_01040
w10_0c5e6b63c2c1721a1085,train,thermal,wdbase_w10_00238
w10_3b0ad0af407bdef5df45,train,thermal,wdbase_w10_01032
w10_9e8dffbb5aab07c5c641,train,thermal,wdbase_w10_01040
w10_0996e18acb617c57a59e,train,thermal,wdbase_w10_01088
w10_e605ae13c2cb94695385,train,thermal,wdbase_w10_00666
w10_00ac0aa644bd11390635,train,thermal,wdbase_w10_00493
w10_6e1171050185194ce8f0,train,thermal,wdbase_w10_01135
w10_fce4b90938040efbb94d,train,thermal,wdbase_w10_00666
w10_cbe51488abd7623308c4,train,thermal,wdbase_w10_01032
w10_9cdd846599f2c3c9ea44,train,thermal,wdbase_w10_01077
w10_5b9a130fb54c6b632988,train,thermal,wdbase_w10_00350
w10_3058e4b89b8796443ce5,train,thermal,wdbase_w10_00395
w10_a78805ef8a10ff4341eb,train,thermal,wdbase_w10_01088
w10_c72b69777fd128c68b90,train,thermal,wdbase_w10_01077
w10_87c013666cec8a2fc971,train,thermal,wdbase_w10_01026
w10_7026487cadb90be94d99,train,thermal,wdbase_w10_00219
w10_b8e918244fd80a5c9a77,train,thermal,wdbase_w10_00009
w10_62b4fd28190c7dd86c03,train,thermal,wdbase_w10_01077
w10_f7aca0bda90180a9a442,train,thermal,wdbase_w10_00395
w10_6205c00409414d0aa174,train,thermal,wdbase_w10_00493
w10_76506c7c476c2363631d,train,thermal,wdbase_w10_00395
w10_abd32efb519a5eda9cd8,train,thermal,wdbase_w10_00591
w10_9119bf07678bb877900f,train,thermal,wdbase_w10_00493
w10_81bff6ef10bfe725da8b,train,thermal,wdbase_w10_00690
w10_3a491b98421573efbeb7,train,thermal,wdbase_w10_01088
w10_bf221ff50c3bdbaed948,train,thermal,wdbase_w10_01032
w10_6b54c070065ccd9f0e16,train,thermal,wdbase_w10_01040
w10_47d560a0beab2dc2eca5,train,thermal,wdbase_w10_00493
w10_5ec3d63b6b441fbc5173,train,thermal,wdbase_w10_01202
w10_77d6686e6e0b1a1c26bf,train,thermal,wdbase_w10_01088
w10_8a6964be13cbb7c29748,train,thermal,wdbase_w10_01026
w10_3c93188dd52cfe0d78cb,train,thermal,wdbase_w10_00824
w10_714ec02880172c3b04b5,train,thermal,wdbase_w10_01088
w10_1bac4773a0f3907c8a2b,train,thermal,wdbase_w10_00591
w10_b8cbc1d5c5f8192f8dbc,train,thermal,wdbase_w10_01040
w10_32e64ff8e83bb0117ec7,train,thermal,wdbase_w10_01202
w10_d937195625ee36ab1c48,train,thermal,wdbase_w10_01032
w10_f04be0fddfe7bff3e906,train,thermal,wdbase_w10_01077
w10_23364e2047b25c46c058,train,thermal,wdbase_w10_00350
w10_784342db22b7b5798d6f,train,thermal,wdbase_w10_00238
w10_a9ad6298704b24f546d6,train,thermal,wdbase_w10_00591
w10_da5e3f0ec62a6946db1c,train,thermal,wdbase_w10_00395
w10_cbefc37ad70f45550ccf,train,thermal,wdbase_w10_01093
w10_bfb6246ba0e9bff7d0ee,train,thermal,wdbase_w10_00238
w10_1560a802710174d30b69,train,thermal,wdbase_w10_00000
w10_f2aa981dacf25ac852c8,train,thermal,wdbase_w10_00690
w10_3e69519e40d8a971f78d,train,thermal,wdbase_w10_01135
w10_62d59cf1565c658d6f41,train,thermal,wdbase_w10_00000
w10_413406c92ddc0d12940d,train,thermal,wdbase_w10_01077
w10_b447f79f37d8cbfc93fc,train,thermal,wdbase_w10_00000
w10_2764cd30c8e230fa84f4,train,thermal,wdbase_w10_00238
w10_1ccd46c349d75cb8f298,train,thermal,wdbase_w10_00350
w10_4a57b577765fbc2478d9,train,thermal,wdbase_w10_00666
w10_16608835f38626868ba6,train,thermal,wdbase_w10_00666
w10_2b65d312fecc272ceec9,train,thermal,wdbase_w10_01040
w10_11cb6a8c55536f61fcc8,train,thermal,wdbase_w10_01032
w10_2a552adbe072b86665f1,train,thermal,wdbase_w10_00395
w10_6f40765a60aedb514b12,train,thermal,wdbase_w10_01032
w10_a2932ec168c25389fa0e,train,thermal,wdbase_w10_01026
w10_750c7b618d7c42da8586,train,thermal,wdbase_w10_01026
w10_3baace62320d26c8dcda,train,thermal,wdbase_w10_00666
w10_6812bd6fa9d7fb3ea526,train,thermal,wdbase_w10_00238
w10_5961460eaab11deb1106,train,thermal,wdbase_w10_00690
w10_b4d8ea4e76fa6b45dee5,train,thermal,wdbase_w10_01088
w10_4fceae67527352f10fbf,train,thermal,wdbase_w10_00219
w10_faa542b8694373cb979f,train,thermal,wdbase_w10_01026
w10_cd5bb53e2cb754161bd4,train,thermal,wdbase_w10_00591
w10_6f561ec601e68c13f9c1,train,thermal,wdbase_w10_00690
w10_71cc9a9f3fcb8cfeba2a,train,thermal,wdbase_w10_00000
w10_70a99b69fa401332ec41,train,thermal,wdbase_w10_00238
w10_40da116ead80b0dd3c40,train,thermal,wdbase_w10_01093
w10_43d6f9f24e7d339e93fb,train,thermal,wdbase_w10_01135
w10_de175a6d2a43be36452e,train,thermal,wdbase_w10_00317
w10_277a3f9793981d9c9035,train,thermal,wdbase_w10_00395
w10_98fa7447b1692d2f0916,train,thermal,wdbase_w10_01077
w10_36998dab5175670c141a,train,thermal,wdbase_w10_00350
w10_9728c2f13a6f7bd78a05,train,thermal,wdbase_w10_00591
w10_c4796f36cc9ec22fb291,train,thermal,wdbase_w10_01040
w10_3c8d7f8d7b449d609bb7,train,thermal,wdbase_w10_01088
w10_68d63583a59f09877460,train,thermal,wdbase_w10_01093
w10_b641dbefe5ae822473c8,train,thermal,wdbase_w10_01088
w10_a31f51a79b51b209d969,train,thermal,wdbase_w10_00493
w10_5d7ace3b7722e2362bfb,train,thermal,wdbase_w10_00666
w10_4bf7069cb753a564256d,train,thermal,wdbase_w10_01032
w10_4a1305af53d80b40083c,train,thermal,wdbase_w10_00824
w10_3e460f782e0113f20d0f,train,thermal,wdbase_w10_01040
w10_594df7d9b2fba6bd120c,train,thermal,wdbase_w10_01032
w10_6c518f838ea79270fb25,train,thermal,wdbase_w10_00824
w10_90fe4c59c4c11f620e50,train,thermal,wdbase_w10_00000
w10_5e00de215ff434fe8d84,train,thermal,wdbase_w10_00591
w10_358d9e8a01987b9a450b,train,thermal,wdbase_w10_00690
w10_28af522d998f1cf74a79,train,thermal,wdbase_w10_01040
w10_204ef650af14491940dc,train,thermal,wdbase_w10_00009
w10_f96a9cac54b2c66fda7f,train,thermal,wdbase_w10_00000
w10_6f24e5027fc62fc732a7,train,thermal,wdbase_w10_00493
w10_953cd03ce7bb8d3d720d,train,thermal,wdbase_w10_01040
w10_6e3196c31a2d6851b0ce,train,thermal,wdbase_w10_00350
w10_ad4b0e472fbd2c8b3a76,train,thermal,wdbase_w10_00690
w10_905d05c00959e7800a36,train,thermal,wdbase_w10_01202
w10_b75981dba5ebfe1de1b1,train,thermal,wdbase_w10_00350
w10_dfb23161c91bbc0e77d0,train,thermal,wdbase_w10_00690
w10_de74c318a76a87d8a30a,train,thermal,wdbase_w10_00350
w10_2f8dfaa879a69c6e7c60,train,thermal,wdbase_w10_01088
w10_bb5093839fc4616a67f0,train,thermal,wdbase_w10_01202
w10_f4185c7df86f35d8f8a1,train,thermal,wdbase_w10_01032
w10_aa6c3f425e18d9e1239c,train,thermal,wdbase_w10_00395
w10_8e6a3dc9ff0ab0ec340a,train,thermal,wdbase_w10_00317
w10_07567366606d3a672014,train,thermal,wdbase_w10_01093
w10_13939f36c6a1eea8d547,train,thermal,wdbase_w10_00395
w10_96a4061b2d8c702973bb,train,thermal,wdbase_w10_01077
w10_27c8ae744a1db06ed0a1,train,thermal,wdbase_w10_00493
w10_059a1217e9cfdf210f14,train,thermal,wdbase_w10_01202
w10_68bb15dc45f42271a1b5,train,thermal,wdbase_w10_01202
w10_3726e20fcfaadc0a38b8,train,thermal,wdbase_w10_00238
w10_a8dd6eb80b81602d5e75,train,thermal,wdbase_w10_00666
w10_c30ebdbea9e68fe3499e,train,thermal,wdbase_w10_01026
w10_b9b282fd1e766fa4ee4b,train,thermal,wdbase_w10_01202
w10_201b768f8a6fa4646ab1,train,thermal,wdbase_w10_01093
w10_58e63d9e0b68340823bd,train,thermal,wdbase_w10_01040
w10_3b03a78dc48248651bd2,train,thermal,wdbase_w10_00000
w10_c9635eb0c8ef1abb971b,train,thermal,wdbase_w10_01077
w10_a1ed4db7c8de567946f8,train,thermal,wdbase_w10_01026
w10_83dbbdb178e872e93f8c,train,thermal,wdbase_w10_01040
w10_68a0c8632f099a8b3ee8,train,thermal,wdbase_w10_00824
w10_00ecf1cd1130d149176a,train,thermal,wdbase_w10_00824
w10_72916289c948da953290,train,thermal,wdbase_w10_00000
w10_a5a3684db4c9a670e831,train,thermal,wdbase_w10_01026
w10_92f77e19b94d25bae62d,train,thermal,wdbase_w10_01202
w10_1482c717e7cfb207dd3d,train,thermal,wdbase_w10_00824
w10_7fe379ef4c38006ade8b,train,thermal,wdbase_w10_01077
w10_f57aa1df0bfcdcb76787,train,thermal,wdbase_w10_00395
w10_487ccd609890194e8837,train,thermal,wdbase_w10_00238
w10_f61b7ff6085e4e8128ed,train,thermal,wdbase_w10_00238
w10_ca25cff61d515c6c43c0,train,thermal,wdbase_w10_00009
w10_84e02df0321f2f6ebd26,train,thermal,wdbase_w10_00824
w10_076131b6abd668a7f269,train,thermal,wdbase_w10_00395
w10_449c90cefefd579107b0,train,thermal,wdbase_w10_00317
w10_b694b6d2a8858e77fc77,train,thermal,wdbase_w10_01040
w10_5ba93fdafae3bc8dc767,train,thermal,wdbase_w10_01135
w10_b88fb9ac27401c75c0f9,train,thermal,wdbase_w10_01202
w10_b8338b0ad78acec803fa,train,thermal,wdbase_w10_00009
w10_54d24bf47aec3cba48c0,train,thermal,wdbase_w10_00238
w10_f4af6f3f91e0d3a17dab,train,thermal,wdbase_w10_01093
w10_182c05f9e359b4855dfa,train,thermal,wdbase_w10_00317
w10_df81944117311950b0d1,train,thermal,wdbase_w10_00824
w10_a6fd5aeb50a2fad9b627,train,thermal,wdbase_w10_00666
w10_5afb33f1b4439a1f6c36,train,thermal,wdbase_w10_01093
w10_7a6293d21fda99cbb6b9,train,thermal,wdbase_w10_01135
w10_6c57ed9fd0f238768fa4,train,thermal,wdbase_w10_00395
w10_093823debd423a823a89,train,thermal,wdbase_w10_00690
w10_85b7b0f39d125ec683ec,train,thermal,wdbase_w10_00350
w10_ac22559ca797e2dfee1e,train,thermal,wdbase_w10_01093
w10_a647ce9b849e71c0e498,train,thermal,wdbase_w10_00395
w10_9c6f1257d7051d490fed,train,thermal,wdbase_w10_00317
w10_36b3b00394db60963b5e,train,thermal,wdbase_w10_00493
w10_4690ffd809e6261dfda0,train,thermal,wdbase_w10_01202
w10_509597af4ccdcc79d61f,train,thermal,wdbase_w10_00238
w10_9ed19800062768968b04,train,thermal,wdbase_w10_00317
w10_68fb9909b9029359bd20,train,thermal,wdbase_w10_00350
w10_5e420ee98f84113e3424,train,thermal,wdbase_w10_01040
w10_34f195bee4383b4d3f85,train,thermal,wdbase_w10_00493
w10_d1a1d8991e8d6d644124,train,thermal,wdbase_w10_01093
w10_0431b90540ef5fc5080e,train,thermal,wdbase_w10_01026
w10_c16de5819e47f721cfb2,train,thermal,wdbase_w10_00666
w10_431d4f59d2ee29fd85f8,train,thermal,wdbase_w10_00591
w10_03304fa54d32b4d73323,train,thermal,wdbase_w10_00493
w10_cb6385eb478fe4bca230,train,thermal,wdbase_w10_00009
w10_f23974ca86c7a5f73fde,train,thermal,wdbase_w10_01202
w10_52a4d3e0bae0018436d8,train,thermal,wdbase_w10_00350
w10_fab07ee6c227e9619217,train,thermal,wdbase_w10_00317
w10_8bffeb7cc6151800242b,train,thermal,wdbase_w10_00395
w10_77740439b1bd6e4381f4,train,thermal,wdbase_w10_00395
w10_d8460f3a29733233da38,train,thermal,wdbase_w10_01135
w10_12ad99ae647b84b80f19,train,thermal,wdbase_w10_01026
w10_27c142aad66b2e0e16cf,train,thermal,wdbase_w10_00666
w10_47e7b03527186c2c10f6,train,thermal,wdbase_w10_00238
w10_b590efc9c04a7043a8ed,train,thermal,wdbase_w10_01093
w10_8a2726c0a956419621ba,train,thermal,wdbase_w10_00009
w10_99c5964c2ccdbbd70ea8,train,thermal,wdbase_w10_00395
w10_2ddfb723e8d67af5cf18,train,thermal,wdbase_w10_00395
w10_53566935655a42397411,train,thermal,wdbase_w10_01202
w10_1f99eb349a3a01a9094e,train,thermal,wdbase_w10_00000
w10_e11e7ee5360fbc8a6351,train,thermal,wdbase_w10_01202
w10_afb796efe78015b4dace,train,thermal,wdbase_w10_00000
w10_0d3f8f36bce041fb1fc0,train,thermal,wdbase_w10_00690
w10_ca86868a710d0d9b88fb,train,thermal,wdbase_w10_00238
w10_f054e538868717ad4c4a,train,thermal,wdbase_w10_01032
w10_65af1e54d6939f80e6f1,train,thermal,wdbase_w10_00395
w10_419bf0c8d6910f8c41e4,train,thermal,wdbase_w10_00317
w10_4189c3486e3071c844ff,train,thermal,wdbase_w10_00317
w10_88f4b447e0b50e073572,train,thermal,wdbase_w10_01088
w10_7dfa5a1e7d4b0a2564c4,train,thermal,wdbase_w10_00666
w10_ad901c7593acdff0dc28,train,thermal,wdbase_w10_01032
w10_ba907a3b18d40bd0bbb0,train,thermal,wdbase_w10_00317
w10_ed54ebb6e1e5c286bf8e,train,thermal,wdbase_w10_00591
w10_2f971bf7c692eb215834,train,thermal,wdbase_w10_00690
w10_bbc37982762c246d0ebf,train,thermal,wdbase_w10_01026
w10_f555e17a6786650c7c2e,train,thermal,wdbase_w10_00350
w10_7d51dcceb42a673513ff,train,thermal,wdbase_w10_01077
w10_63add5be48bf28596185,train,thermal,wdbase_w10_01202
w10_b67bdfeef15a7376ef02,train,thermal,wdbase_w10_00009
w10_ab22137f5767e2903bc1,train,thermal,wdbase_w10_01202
w10_cf97dd262824a868d1eb,train,thermal,wdbase_w10_00493
w10_ff5fb458c77b6d2f12df,train,thermal,wdbase_w10_00666
w10_89b45264f81e14e0f7db,train,thermal,wdbase_w10_00824
w10_6aa78109b4d40fcb2edf,train,thermal,wdbase_w10_00238
w10_97229aac9f9c49a911d5,train,thermal,wdbase_w10_01040
w10_fc32ca03d44f45cbcb6d,train,thermal,wdbase_w10_00824
w10_4b2aac505843158a82a3,train,thermal,wdbase_w10_01026
w10_961b6a77a709c17ee893,train,thermal,wdbase_w10_00591
w10_806c90ef9ead00cf1395,train,thermal,wdbase_w10_00219
w10_7c31ebe42d172f966831,train,thermal,wdbase_w10_01077
w10_a389bfe6fb121bd39fd5,train,thermal,wdbase_w10_00666
w10_a824fc91e1b6f21680ad,train,thermal,wdbase_w10_00666
w10_338e6ec40fe0868ca59d,train,thermal,wdbase_w10_01135
w10_a943e8f72a61982ea124,train,thermal,wdbase_w10_00000
w10_7d8ff32d2991a79a01da,train,thermal,wdbase_w10_01026
w10_0077acd1bd300aeb7ac5,train,thermal,wdbase_w10_00395
w10_7f0ba84e7bb29b6ed71e,train,thermal,wdbase_w10_00009
w10_6328f79425047733218f,train,thermal,wdbase_w10_00219
w10_c6ce6784287c683b450c,train,thermal,wdbase_w10_01077
w10_eadc38dad89c50d90e11,train,thermal,wdbase_w10_00666
w10_38ee376d49524ff81f74,train,thermal,wdbase_w10_01088
w10_4e061744eff2888b0db5,train,thermal,wdbase_w10_01026
w10_ffd024206b1f965ff681,train,thermal,wdbase_w10_00591
w10_676ae301c61d682ed692,train,thermal,wdbase_w10_01088
w10_aa27696624d052a510a0,train,thermal,wdbase_w10_00219
w10_782da19de67f14bd01fb,train,thermal,wdbase_w10_01135
w10_66afd022758f0eb69f2a,train,thermal,wdbase_w10_00824
w10_c4671c537df725d658b3,train,thermal,wdbase_w10_01032
w10_62bf399d7112aac1231b,train,thermal,wdbase_w10_01026
w10_0c6104b46cff8250bbd7,train,thermal,wdbase_w10_01093
w10_67d579a7bbb425e7bbbe,train,thermal,wdbase_w10_00000
w10_4030ca76b202c477d7d7,train,thermal,wdbase_w10_00350
w10_e8ca0dcb81cc65da800f,train,thermal,wdbase_w10_00219
w10_bad5f8e9f09ddfd4e2aa,train,thermal,wdbase_w10_00824
w10_77f91059e74a43b8911c,train,thermal,wdbase_w10_01202
w10_bf28067a510af876e98b,train,thermal,wdbase_w10_01032
w10_eb5b08f8f60e3f9e0bdc,train,thermal,wdbase_w10_01135
w10_b516d8a3634cf1ccb6d8,train,thermal,wdbase_w10_00493
w10_fe69f8fa22b8ca917ac1,train,thermal,wdbase_w10_01040
w10_11fbbdf49189a0977fe7,train,thermal,wdbase_w10_00219
w10_567bd0635e76acd783e3,train,thermal,wdbase_w10_00591
w10_e3bffea866e2284fc69d,train,thermal,wdbase_w10_01032
w10_902c28223ceeffef26ff,train,thermal,wdbase_w10_00219
w10_a2ff282993833338528e,train,thermal,wdbase_w10_00493
w10_0f1b94a2753a3e8e8731,train,thermal,wdbase_w10_01093
w10_3e6da4b817c1fbc3f3fe,train,thermal,wdbase_w10_00666
w10_ac741e3327fbb638007c,train,thermal,wdbase_w10_00493
w10_04e8da479eb0abadb393,train,thermal,wdbase_w10_00009
w10_725c736e7854d54bf543,train,thermal,wdbase_w10_00000
w10_dd038b12d389bf5a2731,train,thermal,wdbase_w10_01077
w10_5a2f54f5d2e3e63ae435,train,thermal,wdbase_w10_00824
w10_d554ef99a0bf69328cc2,train,thermal,wdbase_w10_00350
w10_135418ee6e2566cabbf2,train,thermal,wdbase_w10_01202
w10_3fafee8a6e6beb8e819f,train,thermal,wdbase_w10_01026
w10_b69805fb964342a4a67a,train,thermal,wdbase_w10_01093
w10_685150724ef6729c1b02,train,thermal,wdbase_w10_01026
w10_81778a51930c714cd006,train,thermal,wdbase_w10_01040
w10_68dcf2810cfe4a4710c6,train,thermal,wdbase_w10_01077
w10_b09bde2faab88ba18351,train,thermal,wdbase_w10_00666
w10_9ce4e572f42ddfe71ce3,train,thermal,wdbase_w10_00238
w10_2df788e85190c8c4cce6,train,thermal,wdbase_w10_00000
w10_04dde6315c6a06cff6a4,train,thermal,wdbase_w10_01026
w10_5c9523c28c3da67ac712,train,thermal,wdbase_w10_00350
w10_a1397864ccdd7dc2e5b1,train,thermal,wdbase_w10_01026
w10_7a80a337ed496931305d,train,thermal,wdbase_w10_00350
w10_65715eacc157f08e9eb7,train,thermal,wdbase_w10_01026
w10_8c7df982e8f682c378a7,train,thermal,wdbase_w10_01040
w10_be12bcbf16b680bbabfa,train,thermal,wdbase_w10_00666
w10_6d2fe5d91529fb691b3f,train,thermal,wdbase_w10_01202
w10_bb828f9d8f8385538e76,train,thermal,wdbase_w10_00591
w10_78bf354e81eca5339828,train,thermal,wdbase_w10_00824
w10_992e7021986627d08dfa,train,thermal,wdbase_w10_01088
w10_73ed971b3726c462b4e2,train,thermal,wdbase_w10_01202
w10_27425a06f45033b5d24d,train,thermal,wdbase_w10_01040
w10_56c0ad5cf133657ea9d2,train,thermal,wdbase_w10_00238
w10_a0a129ee338735318ee3,train,thermal,wdbase_w10_01088
w10_b09cca4121107c6f7c2c,train,thermal,wdbase_w10_01093
w10_ee14591a5d6574971366,train,thermal,wdbase_w10_01088
w10_1eeff29b617619dae09b,train,thermal,wdbase_w10_01032
w10_5bf792a76f28ddee08e2,train,thermal,wdbase_w10_00690
w10_f0a20e0c44a557b96377,train,thermal,wdbase_w10_01077
w10_21c3e9c34d3846431c79,train,thermal,wdbase_w10_00009
w10_35e90ece5c5d214602a1,train,thermal,wdbase_w10_01026
w10_0a46d98bc7aa96d03666,train,thermal,wdbase_w10_00690
w10_16349a19e985ed7febef,train,thermal,wdbase_w10_00000
w10_dbcf802c662bbec1df13,train,thermal,wdbase_w10_01088
w10_84cad2555919846b6cbc,train,thermal,wdbase_w10_01077
w10_adfca50709b3556e2eb2,train,thermal,wdbase_w10_01135
w10_245a7fd95eb62dd0819d,train,thermal,wdbase_w10_00219
w10_d0992220345fce9805b2,train,thermal,wdbase_w10_00824
w10_934583cbbcd2f4be9726,train,thermal,wdbase_w10_00009
w10_982d9f23be8e85ca3309,train,thermal,wdbase_w10_00238
w10_8fff215d219ff361ce43,train,thermal,wdbase_w10_01093
w10_c2af5ae7cb71589452c4,train,thermal,wdbase_w10_01032
w10_f2578c903d0c254e95f8,train,thermal,wdbase_w10_00690
w10_ddc9d77cc9d08f239c39,train,thermal,wdbase_w10_00000
w10_00b99ecd43b018795a63,train,thermal,wdbase_w10_01026
w10_fdde4fe1db6276e82429,train,thermal,wdbase_w10_01032
w10_361b6cb4d6bef7662f40,train,thermal,wdbase_w10_01135
w10_2df8a9c2528e4ddc0998,train,thermal,wdbase_w10_00824
w10_b6816b7a658a89b61f27,train,thermal,wdbase_w10_01040
w10_f62d43f56e7b93ef66b2,train,thermal,wdbase_w10_01093
w10_3b0978b20575da2b6843,train,thermal,wdbase_w10_00317
w10_f432d81c98db1b49b666,train,thermal,wdbase_w10_00493
w10_6824db1bf1ee89984434,train,thermal,wdbase_w10_00666
w10_5bfb0e321842042296f5,train,thermal,wdbase_w10_01032
w10_2697748c06d86a2167d7,train,thermal,wdbase_w10_00395
w10_33e409d1b299ce4e690e,train,thermal,wdbase_w10_00824
w10_cccb74a60d413892c3f7,train,thermal,wdbase_w10_00666
w10_2feea8a1eb1ed5e6c678,train,thermal,wdbase_w10_01093
w10_1cd266a08a6b5f9581ca,train,thermal,wdbase_w10_01202
w10_404245daeb46113253f0,train,thermal,wdbase_w10_00009
w10_ee40b85fdefe5f2d90c9,train,thermal,wdbase_w10_00690
w10_c87b34ab91b3c8ef3acb,train,thermal,wdbase_w10_00350
w10_f189746aca20132cceb6,train,thermal,wdbase_w10_00238
w10_e9bd768a799251c9dfb6,train,thermal,wdbase_w10_01040
w10_e9bb96f87100d1ad9b7c,train,thermal,wdbase_w10_01026
w10_6b4245b7b29a10321d52,train,thermal,wdbase_w10_00395
w10_00db38e3e8448e10cee2,train,thermal,wdbase_w10_00317
w10_58f508edd6f96daa8cf4,train,thermal,wdbase_w10_01032
w10_648cda591b6fd0fa9420,train,thermal,wdbase_w10_00690
w10_d66537073639c818bf42,train,thermal,wdbase_w10_01135
w10_2134c9111b5c5db71bd1,train,thermal,wdbase_w10_01202
w10_d0bb1857141a2011fc71,train,thermal,wdbase_w10_00666
w10_ab247a0db858296c6fe6,train,thermal,wdbase_w10_01202
w10_1abb8e0d17bb68b2e2c8,train,thermal,wdbase_w10_01088
w10_7c9ee243844336da3ad6,train,thermal,wdbase_w10_00395
w10_db14aff31de57b79d76b,train,thermal,wdbase_w10_01040
w10_d9fbda3c2d33e3b213f7,train,thermal,wdbase_w10_00009
w10_c7785334f6903a638e82,train,thermal,wdbase_w10_00493
w10_6916700629c69db08b65,train,thermal,wdbase_w10_00350
w10_fca17a167d81c60e0cac,train,thermal,wdbase_w10_00395
w10_b59e1783a6c6840766b7,train,thermal,wdbase_w10_00219
w10_8b3774283eac0d3a5534,train,thermal,wdbase_w10_00009
w10_bef20ebc692e8a502d24,train,thermal,wdbase_w10_00009
w10_f54127003dab76116abd,train,thermal,wdbase_w10_00238
w10_3d48b961cb1fcaa2e069,train,thermal,wdbase_w10_01135
w10_7b234bbda14bd37cd376,train,thermal,wdbase_w10_00666
w10_06f33496b633e4f05e1a,train,thermal,wdbase_w10_00395
w10_a50e2742aaa56a470340,train,thermal,wdbase_w10_01026
w10_4846a18f12ef81bb0753,train,thermal,wdbase_w10_01088
w10_d3f21704b9476f9671ac,train,thermal,wdbase_w10_00238
w10_6d7dbb04d4ac6a502e6c,train,thermal,wdbase_w10_00493
w10_b6216771a0b54ebaf54f,train,thermal,wdbase_w10_00238
w10_dd20b01f4233f19e5c32,train,thermal,wdbase_w10_01032
w10_5ed3dfeeaf67c9227eef,train,thermal,wdbase_w10_01040
w10_8de4e63a14c69c9f4a23,train,thermal,wdbase_w10_01077
w10_15dc5d66a4c225ee1b63,train,thermal,wdbase_w10_01093
w10_5669bd70207ca3955dc4,train,thermal,wdbase_w10_01093
w10_5559295a955149111e8a,train,thermal,wdbase_w10_00219
w10_26c4121b60a17cf9ee06,train,thermal,wdbase_w10_00824
w10_f52f60351716b533d6a6,train,thermal,wdbase_w10_00666
w10_e41b98d00bb578ee843f,train,thermal,wdbase_w10_01135
w10_a40d8f31e3364e780d76,train,thermal,wdbase_w10_01093
w10_7ffa1041c91f30f5ddc6,train,thermal,wdbase_w10_01202
w10_28ce58accc8c30c100dc,train,thermal,wdbase_w10_01077
w10_e0bce2621c6acde26b7c,train,thermal,wdbase_w10_00395
w10_21b40591add6be8d5555,train,thermal,wdbase_w10_01135
w10_6016b865b83ecd2ba2ae,train,thermal,wdbase_w10_00219
w10_4770ba732b69809daae0,train,thermal,wdbase_w10_00219
w10_1831dbc7de2ecbbfad69,train,thermal,wdbase_w10_01077
w10_dfe5bfd5a8aabbfdecd4,train,thermal,wdbase_w10_00219
w10_5a7822a3ec06b6c01d0f,train,thermal,wdbase_w10_00666
w10_dc4f7f59ad15605ced85,train,thermal,wdbase_w10_00591
w10_2f0b4fd44221216f9eff,train,thermal,wdbase_w10_01202
w10_086fc8368ad1b637df9e,train,thermal,wdbase_w10_00009
w10_685f3df2319aa1a6879d,train,thermal,wdbase_w10_01077
w10_da6f7f7e2ff35e328553,train,thermal,wdbase_w10_01032
w10_c55e36b0e2000afaa229,train,thermal,wdbase_w10_01202
w10_e3de46ff16e04d22d713,train,thermal,wdbase_w10_01135
w10_c625308c848d2e35e5c1,train,thermal,wdbase_w10_00666
w10_6fcac7c71699fa745387,train,thermal,wdbase_w10_00690
w10_0a2bdd5ae3197eda4ed6,train,thermal,wdbase_w10_01026
w10_e6e5053a8f6cb6d6aa0f,train,thermal,wdbase_w10_01026
w10_25416abe0ea28fefb97b,train,thermal,wdbase_w10_00350
w10_98eee48952b77ac3ce46,train,thermal,wdbase_w10_01032
w10_866767414aa65d9d1155,train,thermal,wdbase_w10_01026
w10_8e0ab394caf533f99ed8,train,thermal,wdbase_w10_01088
w10_849b278863eb90cdd900,train,thermal,wdbase_w10_00219
w10_11c27e2075fc25481eaa,train,thermal,wdbase_w10_00000
w10_b263b7b7705abdf531a3,train,thermal,wdbase_w10_00690
w10_acba9996f75e5eeec175,train,thermal,wdbase_w10_00666
w10_7ebdeb505cb4952557e4,train,thermal,wdbase_w10_00350
w10_dbfbc0d4f977690a6682,train,thermal,wdbase_w10_01032
w10_dbfffb700b1eab1a1356,train,thermal,wdbase_w10_00666
w10_1f8d62b16129ed4de51d,train,thermal,wdbase_w10_00666
w10_4a6a3c770bd2139be5a7,train,thermal,wdbase_w10_01202
w10_948e2f324528593db616,train,thermal,wdbase_w10_01040
w10_dd31e7f9ea6e0ecf50f9,train,thermal,wdbase_w10_00591
w10_c9df42b0b5818d7e529b,train,thermal,wdbase_w10_01077
w10_9d40ea799ca6e7c85187,train,thermal,wdbase_w10_00350
w10_fd47fa1a59aa6aa9686f,train,thermal,wdbase_w10_00666
w10_d57af4baba525140274f,train,thermal,wdbase_w10_00824
w10_f0ac0c75073a3f3588e4,train,thermal,wdbase_w10_01088
w10_99512f7faac7f99ee6fb,train,thermal,wdbase_w10_00350
w10_02ceac9d8eff4297b9d4,train,thermal,wdbase_w10_00238
w10_643d59752f3887eab053,train,thermal,wdbase_w10_00824
w10_cfabeda012c0e13f541a,train,thermal,wdbase_w10_01032
w10_0ccc496977dde6306fc2,train,thermal,wdbase_w10_00493
w10_ce2c9c219894fe46a35d,train,thermal,wdbase_w10_01026
w10_7629cf57e8191d350b7c,train,thermal,wdbase_w10_00000
w10_f47a9eb422c8d2f7ece2,train,thermal,wdbase_w10_00666
w10_c61f8e30b32baf7bf9b2,train,thermal,wdbase_w10_01088
w10_02ff17726e1906d58dd9,train,thermal,wdbase_w10_01088
w10_e902f279385be4b5be4e,train,thermal,wdbase_w10_00591
w10_94f6be53616e1558269e,train,thermal,wdbase_w10_00690
w10_e4eb3e8e580b7b4bceae,train,thermal,wdbase_w10_00350
w10_2595ec5cac0383bae066,train,thermal,wdbase_w10_00824
w10_9f9dc7de396e217f640b,train,thermal,wdbase_w10_00000
w10_4625726d91f52afe49cb,train,thermal,wdbase_w10_00395
w10_2b3e7e629bea265de3db,train,thermal,wdbase_w10_00350
w10_2b1c23afaea13f353d6e,train,thermal,wdbase_w10_01093
w10_35c370e5bb8e0a8e1741,train,thermal,wdbase_w10_01026
w10_b4f5b6fd354c3d40e530,train,thermal,wdbase_w10_00690
w10_dad3d502978536ed6767,train,thermal,wdbase_w10_01093
w10_cee653659d5d17f5151d,train,thermal,wdbase_w10_00238
w10_95526d3cfc385b8ffaec,train,thermal,wdbase_w10_01040
w10_57499dc4ef4f051d72c2,train,thermal,wdbase_w10_00317
w10_6453bfa5f8c81c7a8497,train,thermal,wdbase_w10_00219
w10_6d125ff9cf14bc348f8e,train,thermal,wdbase_w10_01088
w10_3da1e3984f9a1bbaa3a3,train,thermal,wdbase_w10_01077
w10_0a39262fa3ac41069aa8,train,thermal,wdbase_w10_01032
w10_0ceb1fc9e6dacad4fc33,train,thermal,wdbase_w10_00395
w10_a141c85b348515988737,train,thermal,wdbase_w10_01202
w10_961bbb957c569329f152,train,thermal,wdbase_w10_00219
w10_3e3182c8f711e780d9a6,train,thermal,wdbase_w10_00000
w10_9d14447c165db7a93001,train,thermal,wdbase_w10_01088
w10_b2ec7bfa4b691bfd2186,train,thermal,wdbase_w10_00238
w10_f14094374d03af1afb80,train,thermal,wdbase_w10_00009
w10_f284cea16e4347248e0f,train,thermal,wdbase_w10_00493
w10_76b3561b7e92982bfa43,train,thermal,wdbase_w10_00000
w10_0d6c8cc64c45b3ec9a35,train,thermal,wdbase_w10_00395
w10_c3be2f69e49f1cf6d9e5,train,thermal,wdbase_w10_01135
w10_a7699375fa2dcd7d530d,train,thermal,wdbase_w10_01077
w10_a1dc1fb99df5bf53b717,train,thermal,wdbase_w10_01077
w10_1f55e8bf8271d4b77818,train,thermal,wdbase_w10_01032
w10_a6ffc8291b293bfb0632,train,thermal,wdbase_w10_01135
w10_a82ceff2b91b01abe4d0,train,thermal,wdbase_w10_01040
w10_1e71b28f90d327d2faca,train,thermal,wdbase_w10_00591
w10_ba5f45ffc095886fddc6,train,thermal,wdbase_w10_00000
w10_b06ce4fcf31ff30eed8a,train,thermal,wdbase_w10_00591
w10_b0a78208ad44d246a906,train,thermal,wdbase_w10_00317
w10_a9f25a5f272731061aa9,train,thermal,wdbase_w10_00009
w10_30f9f71c2294fc092cb9,train,thermal,wdbase_w10_01032
w10_3db1f0eeb228668936ab,train,thermal,wdbase_w10_00009
w10_f408b6dae872ed841623,train,thermal,wdbase_w10_01135
w10_726e062a244286e4ae8d,train,thermal,wdbase_w10_01093
w10_67b7930a511fc6eb366a,train,thermal,wdbase_w10_00350
w10_856fa37dbedb869c501f,train,thermal,wdbase_w10_00493
w10_11a84f41dca5d187cc0c,train,thermal,wdbase_w10_01077
w10_6e3c12df199477b95095,train,thermal,wdbase_w10_01088
w10_bdb13f4275705e7ed385,train,thermal,wdbase_w10_01135
w10_ea4139d7a3c7c7375794,train,thermal,wdbase_w10_00591
w10_59d7e1b54cc1cdccca97,train,thermal,wdbase_w10_01077
w10_85c7584bc3af03eaff86,train,thermal,wdbase_w10_01026
w10_3ddf7015f75ff7d3b200,train,thermal,wdbase_w10_00493
w10_13e2e9dc6cca5fcfc0d8,train,thermal,wdbase_w10_01026
w10_9eaa1e1f1e72270479eb,train,thermal,wdbase_w10_00350
w10_fbb19c73a26b7433120b,train,thermal,wdbase_w10_01093
w10_efd1cd106a7cb11f238e,train,thermal,wdbase_w10_01093
w10_d8aa3350125b49b53853,train,thermal,wdbase_w10_01040
w10_44a2bd6a79abb8118bd6,train,thermal,wdbase_w10_00395
w10_084d6cab19d80ba40f48,train,thermal,wdbase_w10_00666
w10_40ac8f33bd9119c860ef,train,thermal,wdbase_w10_00009
w10_04cf2659c3bc48d947e1,train,thermal,wdbase_w10_01077
w10_e7b788818361e11d4ff4,train,thermal,wdbase_w10_00690
w10_ea04572da674cba0ec49,train,thermal,wdbase_w10_01077
w10_f940687c0f2466faaca8,train,thermal,wdbase_w10_00238
w10_fb83ac67330fddf1b0ef,train,thermal,wdbase_w10_00493
w10_b8eca24bde1e9648477d,train,thermal,wdbase_w10_00009
w10_da06201031c8a60c1b3c,train,thermal,wdbase_w10_01088
w10_3fe9f8b75e8fe4631aa3,train,thermal,wdbase_w10_01135
w10_4e8485f1145801156c97,train,thermal,wdbase_w10_00317
w10_a561cc50d44659df0340,train,thermal,wdbase_w10_00350
w10_58d6a16ba2406f19eb31,train,thermal,wdbase_w10_01093
w10_4ac5eac9adc7d0e4e384,train,thermal,wdbase_w10_01026
w10_f8f9f1a8038dd9926c56,train,thermal,wdbase_w10_00591
w10_8f219875bf1417573378,train,thermal,wdbase_w10_01202
w10_a25159d375509a81382a,train,thermal,wdbase_w10_00350
w10_8a5b50825ae40c97c0f6,train,thermal,wdbase_w10_01077
w10_96842e78f77abe4fd750,train,thermal,wdbase_w10_00591
w10_ee5db0a7652a512984ba,train,thermal,wdbase_w10_01135
w10_c1a6d432fc7626d89da5,train,thermal,wdbase_w10_01040
w10_50ff6e3442a14569bc65,train,thermal,wdbase_w10_00000
w10_a9be1d6fb2aa89bd2437,train,thermal,wdbase_w10_00238
w10_e10158bf488edb7d225d,train,thermal,wdbase_w10_00395
w10_020c66c9597e478c37aa,train,thermal,wdbase_w10_00238
w10_bc3a02c8c0b4e50000d6,train,thermal,wdbase_w10_01032
w10_bb40396d4896519437de,train,thermal,wdbase_w10_00591
w10_7c68ec79380c52684999,train,thermal,wdbase_w10_00009
w10_e54f9476b19976a620c0,train,thermal,wdbase_w10_00219
w10_19c6de8b63b1bf1debf2,train,thermal,wdbase_w10_00009
w10_0c2212bcf84ea76c798e,train,thermal,wdbase_w10_00690
w10_6b87cf2789c168556892,train,thermal,wdbase_w10_00666
w10_252598f87f61b89ad7de,train,thermal,wdbase_w10_01093
w10_6be7f965ee5bc7a26ba1,train,thermal,wdbase_w10_01135
w10_0c790e76dde866a8266c,train,thermal,wdbase_w10_00350
w10_34c0c66a3de6c04aac77,train,thermal,wdbase_w10_00666
w10_8f3f6d443ee56698dfe1,train,thermal,wdbase_w10_01202
w10_f8cefc85ca281a7a48bc,train,thermal,wdbase_w10_01135
w10_2012a04502d3ea1911df,train,thermal,wdbase_w10_00219
w10_2437d89f79364e1e46b6,train,thermal,wdbase_w10_00666
w10_9d9acb5b23c5215b55f1,train,thermal,wdbase_w10_00591
w10_27c0fe6447f1862b5814,train,thermal,wdbase_w10_01026
w10_d17ff22d98b6f9a1e84d,train,thermal,wdbase_w10_01077
w10_2675ae9a1188734cc3d5,train,thermal,wdbase_w10_01088
w10_c5cf1ad86e518eb22e60,train,thermal,wdbase_w10_01202
w10_3b5dbcc390df3214be6f,train,thermal,wdbase_w10_00009
w10_9737fc52b2f31fa831cf,train,thermal,wdbase_w10_00690
w10_24063dc61ad91247940a,train,thermal,wdbase_w10_00690
w10_c6713b2a48fa500e09b6,train,thermal,wdbase_w10_00317
w10_8106d016a96e150c7b28,train,thermal,wdbase_w10_00824
w10_5550d74425508ca582c9,train,thermal,wdbase_w10_01077
w10_d7e9a83ceafc8ed08bef,train,thermal,wdbase_w10_00219
w10_0f7701df9fcbd22ce78e,train,thermal,wdbase_w10_00000
w10_6b1025cfd37f3730af51,train,thermal,wdbase_w10_01032
w10_49b8e9b796d7bbb9dd25,train,thermal,wdbase_w10_01032
w10_48f228b42e19b22c9ba5,train,thermal,wdbase_w10_01026
w10_62ac9b33d139160f07d6,train,thermal,wdbase_w10_01040
w10_f56fbc1a319043938747,train,thermal,wdbase_w10_00493
w10_f5f0ceb8052932bbaf81,train,thermal,wdbase_w10_00000
w10_a8d2a9321a20c43c8fc8,train,thermal,wdbase_w10_00395
w10_884f40e6d2814e253e54,train,thermal,wdbase_w10_00219
w10_d54e52e4d85b9d4b7683,train,thermal,wdbase_w10_01093
w10_9c447524bd3b0993d69c,train,thermal,wdbase_w10_00350
w10_ebb3f29fa956811a58ef,train,thermal,wdbase_w10_00395
w10_b0ff65d721647161da07,train,thermal,wdbase_w10_00219
w10_55b811c1960137be301b,train,thermal,wdbase_w10_01040
w10_586f150ba4daa3d8281a,train,thermal,wdbase_w10_00219
w10_9701a0a153d87eaaf742,train,thermal,wdbase_w10_00000
w10_1388e4efedfe94ec7362,train,thermal,wdbase_w10_01088
w10_08e59c87563ce1989d5d,train,thermal,wdbase_w10_00824
w10_8d13ec80aec81715c4ba,train,thermal,wdbase_w10_00493
w10_2968fbba0af3bc8c5f71,train,thermal,wdbase_w10_01088
w10_36cc06bedd9f63d0531d,train,thermal,wdbase_w10_00219
w10_adbb183be50c936ee401,train,thermal,wdbase_w10_00009
w10_68c651afce24d1fb09d7,train,thermal,wdbase_w10_00350
w10_ff9608612b2fd2f0793b,train,thermal,wdbase_w10_00317
w10_0007c95c1f3da85e4dcd,train,thermal,wdbase_w10_01040
w10_6e57d9d422d87c674973,train,thermal,wdbase_w10_00317
w10_df9c69d7469a5de05646,train,thermal,wdbase_w10_00219
w10_ad55f283f7dd9cfd5b4a,train,thermal,wdbase_w10_00317
w10_8cb5dfa247d5f096769d,train,thermal,wdbase_w10_00219
w10_06afaf9f601d2489aa89,train,thermal,wdbase_w10_01032
w10_54f16c1bf08a3ffe5b1d,train,thermal,wdbase_w10_00238
w10_df949765f4edee4d24eb,train,thermal,wdbase_w10_01040
w10_ade1f41f344e5e273f08,train,thermal,wdbase_w10_00317
w10_3fafd3cf096fd1618949,train,thermal,wdbase_w10_01077
w10_90a542c17d10b52ab6c9,train,thermal,wdbase_w10_00493
w10_8dba246e23373ecc92b2,train,thermal,wdbase_w10_01032
w10_fe879bb4617de4f2796e,train,thermal,wdbase_w10_00666
w10_19361d53d26e39bcb0b7,train,thermal,wdbase_w10_01135
w10_85ceb9f29075ed4c430c,train,thermal,wdbase_w10_01088
w10_0580644a706b8b047266,train,thermal,wdbase_w10_01135
w10_3b23e47b6338a59a69d4,train,thermal,wdbase_w10_00395
w10_cb0b002f90cd1c10ecac,train,thermal,wdbase_w10_00000
w10_73d22b7c72e30157144b,train,thermal,wdbase_w10_00591
w10_3614c86d5550a6e7411f,train,thermal,wdbase_w10_01040
w10_823a986763815184716a,train,thermal,wdbase_w10_01093
w10_0db56c4dcaf45744e15e,train,thermal,wdbase_w10_01093
w10_1d7e17b9cc4a9561eb3b,train,thermal,wdbase_w10_01040
w10_edd1b776fda8625e5462,train,thermal,wdbase_w10_00238
w10_7473182bd9096cc29724,train,thermal,wdbase_w10_00009
w10_7cf22dfc734c38ebb6a0,train,thermal,wdbase_w10_00493
w10_3c38d4b2b53c46030186,train,thermal,wdbase_w10_00219
w10_5918198d958dd490d708,train,thermal,wdbase_w10_00000
w10_53628d2759c7b9900f3c,train,thermal,wdbase_w10_00690
w10_0ddc92a20e89b4f48666,train,thermal,wdbase_w10_01026
w10_570865d75c943adb2037,train,thermal,wdbase_w10_00000
w10_8d0d6fd275f139bd1030,train,thermal,wdbase_w10_00666
w10_c6a530159473e9245267,train,thermal,wdbase_w10_00350
w10_17ec8018546b5b609926,train,thermal,wdbase_w10_00219
w10_d0e08767c27b3e6c12ab,train,thermal,wdbase_w10_00690
w10_f033c05eeacd88f442db,train,thermal,wdbase_w10_01088
w10_13284c4720801ecb749c,train,thermal,wdbase_w10_01040
w10_5a2b8bbcb4074bb0d5c1,train,thermal,wdbase_w10_00493
w10_ffc95cdaef5b8e42ac49,train,thermal,wdbase_w10_00666
w10_3cb59d2236d1bd78328e,train,thermal,wdbase_w10_00395
w10_2bf06e71812f93b9b10e,train,thermal,wdbase_w10_00493
w10_aa984d5d90e7afda09f8,train,thermal,wdbase_w10_01032
w10_4f61cff1703676ccce10,train,thermal,wdbase_w10_00591
w10_a87d1ec09e1a4f33cff8,train,thermal,wdbase_w10_00350
w10_81fb7e32a12b20d43d3a,train,thermal,wdbase_w10_00493
w10_84fa54ce07f057904644,train,thermal,wdbase_w10_01088
w10_e0040cd21307c8429a04,train,thermal,wdbase_w10_01093
w10_faf2a44170a8fbb7a38c,train,thermal,wdbase_w10_00350
w10_44c3373e58936bcc04ee,train,thermal,wdbase_w10_00493
w10_4c7dc109d91b8526a847,train,thermal,wdbase_w10_00219
w10_7e8fe9c642f13df6d3aa,train,thermal,wdbase_w10_00666
w10_fe0514164be9ed603c4c,train,thermal,wdbase_w10_00824
w10_bb8f9d9b3c5cffaad0e5,train,thermal,wdbase_w10_00395
w10_27649e935eda887a4754,train,thermal,wdbase_w10_01026
w10_46e607eeb5d9972e15c6,train,thermal,wdbase_w10_01202
w10_a5464da5adb3125665c2,train,thermal,wdbase_w10_00690
w10_f0534fbfd17966909e4f,train,thermal,wdbase_w10_01093
w10_6b319ae94c0b642723d4,train,thermal,wdbase_w10_00824
w10_d8a2305b0c1ff342122e,train,thermal,wdbase_w10_00666
w10_5b3630f83fda7f089ec9,train,thermal,wdbase_w10_00317
w10_622f7ac3cf04291dd69d,train,thermal,wdbase_w10_01093
w10_b15a3534d6d229bc2766,train,thermal,wdbase_w10_00493
w10_c7fede04a61e510469fc,train,thermal,wdbase_w10_01093
w10_f16883e66a5c90bdaf06,train,thermal,wdbase_w10_01202
w10_079d4c7a78f471f96665,train,thermal,wdbase_w10_00000
w10_faf80187d271b3cc7a9a,train,thermal,wdbase_w10_01026
w10_99afb078a79e8231d5a1,train,thermal,wdbase_w10_00317
w10_37c79f1a663dc270338d,train,thermal,wdbase_w10_01040
w10_320a0c582d85f9dae417,train,thermal,wdbase_w10_00009
w10_931ddfaa1e988fb0c33d,train,thermal,wdbase_w10_00591
w10_5706947f899b11ca4639,train,thermal,wdbase_w10_00350
w10_304ebcc7d0c02607dabb,train,thermal,wdbase_w10_01088
w10_8110929ef9eaeb63bbf9,train,thermal,wdbase_w10_00493
w10_0d13ca697a73d682af6f,train,thermal,wdbase_w10_01093
w10_fc8f597b61941e98942e,train,thermal,wdbase_w10_00009
w10_83e3bfe42f18c86b9037,train,thermal,wdbase_w10_01093
w10_ad986a62db8c0caaa8b6,train,thermal,wdbase_w10_00219
w10_34f562145dca7e964f9b,train,thermal,wdbase_w10_00350
w10_98cf3ab4752b2d1faeec,train,thermal,wdbase_w10_00238
w10_824f1e224d1e54d0fc8a,train,thermal,wdbase_w10_00350
w10_56e8998cc130826c9fdf,train,thermal,wdbase_w10_00238
w10_c8b9b523e374cc0dcc28,train,thermal,wdbase_w10_01032
w10_eeb9075bbc6355fa67a8,train,thermal,wdbase_w10_01088
w10_18175e6e55eaf445ab9c,train,thermal,wdbase_w10_01093
w10_7db58c15044503f0113c,train,thermal,wdbase_w10_00317
w10_a08a274a98843bb7ca95,train,thermal,wdbase_w10_00009
w10_ec4b3affcd7b896eda04,train,thermal,wdbase_w10_01093
w10_0cfa941262ec4e2e6193,train,thermal,wdbase_w10_01093
w10_2ac83ede9fa6e2a4b699,train,thermal,wdbase_w10_01077
w10_ff4b76fc8c23b59ce38b,train,thermal,wdbase_w10_01088
w10_5584beeadf0b1b7c9de5,train,thermal,wdbase_w10_01135
w10_247c8f4446f28d3a92c9,train,thermal,wdbase_w10_01026
w10_01d59dd8db901252727e,train,thermal,wdbase_w10_00824
w10_4bcda24b6393cc895e60,train,thermal,wdbase_w10_00493
w10_1b37330a840e8cb72163,train,thermal,wdbase_w10_00493
w10_ec0e7e93e9956487c8ac,train,thermal,wdbase_w10_00000
w10_47d89220d28f8da655eb,train,thermal,wdbase_w10_00666
w10_76ba0095762735cf71a3,train,thermal,wdbase_w10_00493
w10_f87bea64c2c7fbeb59c3,train,thermal,wdbase_w10_00350
w10_919d4116c9934ea9ac7e,train,thermal,wdbase_w10_00219
w10_331d02ddd58c7609e566,train,thermal,wdbase_w10_01093
w10_8170c0c16b76f20c6d73,train,thermal,wdbase_w10_01077
w10_bae2c833e4dd994c507d,train,thermal,wdbase_w10_00591
w10_da63ff584244ec5e2827,train,thermal,wdbase_w10_01077
w10_edb6d98ad559ea0e500e,train,thermal,wdbase_w10_01093
w10_8125c12719da127976a8,train,thermal,wdbase_w10_00000
w10_06e5ae11e57dd496626d,train,thermal,wdbase_w10_00238
w10_2a81e25c2f3d69153eca,train,thermal,wdbase_w10_00690
w10_5b3a834e2bc006665b5b,train,thermal,wdbase_w10_00690
w10_3a3b1af7c13843e031f0,train,thermal,wdbase_w10_01093
w10_578299907eb0842c2528,train,thermal,wdbase_w10_01040
w10_d1e273ef073a34625a30,train,thermal,wdbase_w10_01077
w10_cabcad2dde320440b945,train,thermal,wdbase_w10_01032
w10_8830014fdf261aa8e8ea,train,thermal,wdbase_w10_01077
w10_562ce27df1cf0c1bd55b,train,thermal,wdbase_w10_01093
w10_45afef98d0ab109eda9b,train,thermal,wdbase_w10_00493
w10_6ba8340071fa380b95bc,train,thermal,wdbase_w10_00493
w10_a332961a00024484b33c,train,thermal,wdbase_w10_00666
w10_3341405872ce1d3a6a69,train,thermal,wdbase_w10_01202
w10_c04daca5a49d90e7d97a,train,thermal,wdbase_w10_00219
w10_ead07cd4ef829154d424,train,thermal,wdbase_w10_01026
w10_12e7057c14c400680db5,train,thermal,wdbase_w10_00238
w10_57e5d74795556c9d3e79,train,thermal,wdbase_w10_01088
w10_430440ef2885b429a711,train,thermal,wdbase_w10_00690
w10_f029728f493d727593e8,train,thermal,wdbase_w10_00350
w10_113815e0ed6c54665a85,train,thermal,wdbase_w10_00009
w10_ff7df5663f98f0da7197,train,thermal,wdbase_w10_00000
w10_6f7aa2f608dd124bc6ec,train,thermal,wdbase_w10_00690
w10_093a98ec02b6155646b2,train,thermal,wdbase_w10_01088
w10_3567203d8100c3b381eb,train,thermal,wdbase_w10_00666
w10_882da8a08f48ac521a32,train,thermal,wdbase_w10_01077
w10_f2045141ccdf58ee7ae1,train,thermal,wdbase_w10_00666
w10_4b79a8750c75f4028543,train,thermal,wdbase_w10_00219
w10_06075c5d2fdea2710f10,train,thermal,wdbase_w10_00591
w10_d92d97adf49c1b27ded8,train,thermal,wdbase_w10_00395
w10_bcb461ec7c06cd61254a,train,thermal,wdbase_w10_00666
w10_fc277866484b4987a614,train,thermal,wdbase_w10_01202
w10_73caf1691dae5c4b5c09,train,thermal,wdbase_w10_01077
w10_680cecc813aa686fed9a,train,thermal,wdbase_w10_00219
w10_b4a352202ff1b8f74ced,train,thermal,wdbase_w10_01077
w10_f5bb9853ee24aa160800,train,thermal,wdbase_w10_00824
w10_74cf890882b7d2124992,train,thermal,wdbase_w10_00350
w10_7277920302eae5a7b0b4,train,thermal,wdbase_w10_00493
w10_940b2dfc7db438f17e1e,train,thermal,wdbase_w10_01135
w10_df8137b625daca1c9cdb,train,thermal,wdbase_w10_00350
w10_aba74f97cadd1b2e875e,train,thermal,wdbase_w10_01093
w10_11007a9a1f563a20068d,train,thermal,wdbase_w10_00493
w10_5833cff0a77985bf76c4,train,thermal,wdbase_w10_00317
w10_d2ca03047f2d9fc7db59,train,thermal,wdbase_w10_00317
w10_f05c9b6f572671419345,train,thermal,wdbase_w10_00219
w10_dc6b1805306408bd6f75,train,thermal,wdbase_w10_00219
w10_384a8cd2c72d2a2ad624,train,thermal,wdbase_w10_00493
w10_b3fd7794ce23129276e2,train,thermal,wdbase_w10_01093
w10_228b226a9ee256490644,train,thermal,wdbase_w10_01077
w10_0295c954b52046a93da1,train,thermal,wdbase_w10_01077
w10_8d85a919eb5ed8599fa4,train,thermal,wdbase_w10_01093
w10_b39b84318dfce7e7eafb,train,thermal,wdbase_w10_01026
w10_fe71aa724d769d3dbdce,train,thermal,wdbase_w10_00009
w10_56598dcdac595033304d,train,thermal,wdbase_w10_00824
w10_9ec5d40438743b210727,train,thermal,wdbase_w10_00666
w10_4e8c72b0663adc9053b8,train,thermal,wdbase_w10_00690
w10_272c658101ed3bfb77bd,train,thermal,wdbase_w10_01077
w10_da79c2b577c15bf1ec6a,train,thermal,wdbase_w10_00666
w10_26db8ece8da42b0f7061,train,thermal,wdbase_w10_00666
w10_ef0e9abdc727e982671b,train,thermal,wdbase_w10_01088
w10_f1f8c80e85b98a65c23d,train,thermal,wdbase_w10_00219
w10_0b1f7cf6cd034129e5d8,train,thermal,wdbase_w10_01135
w10_0b54aec2f4163f0b77f9,train,thermal,wdbase_w10_01093
w10_6153263560ca60ab123b,train,thermal,wdbase_w10_01088
w10_5cc185e403b05154c583,train,thermal,wdbase_w10_00591
w10_98b2ef242bf4f07b024e,train,thermal,wdbase_w10_00493
w10_7225b4642b378c254bc7,train,thermal,wdbase_w10_01093
w10_9498d986f382753016a8,train,thermal,wdbase_w10_00317
w10_e6d858fef6374b3ebd44,train,thermal,wdbase_w10_00493
w10_2bac1c20551266e05cad,train,thermal,wdbase_w10_00591
w10_7b6eb34547a3e2ed62a6,train,thermal,wdbase_w10_01040
w10_d1f782df77b50c2f5eec,train,thermal,wdbase_w10_00000
w10_17334706a51fc80de4ee,train,thermal,wdbase_w10_00493
w10_796045ba6461e1b8571a,train,thermal,wdbase_w10_01088
w10_c1eddda32bfb7523f062,train,thermal,wdbase_w10_01202
w10_80bf428b5f1c8b4b3f96,train,thermal,wdbase_w10_01032
w10_b24a2e0ae73690eb2c44,train,thermal,wdbase_w10_00000
w10_aa308d7023169c0c622c,train,thermal,wdbase_w10_00824
w10_eb9d49ffd9fb910d9ce0,train,thermal,wdbase_w10_01093
w10_1964d1f6733fdca8ec81,train,thermal,wdbase_w10_00219
w10_bd64986c32b270c5b065,train,thermal,wdbase_w10_01093
w10_aca1fee51386387f6b3f,train,thermal,wdbase_w10_00238
w10_cf317dd89b2b1c61e8b4,train,thermal,wdbase_w10_00591
w10_42c7b3d7647ba458dabc,train,thermal,wdbase_w10_00591
w10_e26cb9d4b07eed28ce82,train,thermal,wdbase_w10_00317
w10_a02e15d9ca5759714bcf,train,thermal,wdbase_w10_00009
w10_88a0db34ff053af06cc7,train,thermal,wdbase_w10_00350
w10_fcb9058d467e605bafb2,train,thermal,wdbase_w10_00666
w10_e25fe2f646dd7dae5a51,train,thermal,wdbase_w10_01032
w10_56ad935598456a824b68,train,thermal,wdbase_w10_00690
w10_45070f7b4fbb48a4fd16,train,thermal,wdbase_w10_00690
w10_f7a19bc81d1e935dd067,train,thermal,wdbase_w10_00009
w10_e07032c47f9380a1c9aa,train,thermal,wdbase_w10_01077
w10_8ee45773aabb95e82b4c,train,thermal,wdbase_w10_00395
w10_f8285033087260ed6751,train,thermal,wdbase_w10_00395
w10_2414a1574a4fc08d2d6d,train,thermal,wdbase_w10_00350
w10_6d2b69c9a5213977dcc2,train,thermal,wdbase_w10_01040
w10_6d7d222544b9b568c4ee,train,thermal,wdbase_w10_01088
w10_08f1aaf0f50352e6cf17,train,thermal,wdbase_w10_00395
w10_7ada87883f3db3b30b35,train,thermal,wdbase_w10_01202
w10_ea02784a4e0dc9e37e19,train,thermal,wdbase_w10_00666
w10_4c65e2b6a70bd6f11fb3,train,thermal,wdbase_w10_00219
w10_b8784b279d71b6a7ea07,train,thermal,wdbase_w10_00009
w10_08eede0c066481b5d43a,train,thermal,wdbase_w10_01040
w10_7cc9961ae72ed1e069ab,train,thermal,wdbase_w10_01032
w10_38c87bc0924ade0fb75d,train,thermal,wdbase_w10_01032
w10_ad42f8bf06b06b304755,train,thermal,wdbase_w10_01032
w10_b10a454dd9bb3560e39e,train,thermal,wdbase_w10_01202
w10_7bf6065d23285c668068,train,thermal,wdbase_w10_01040
w10_89b7d423860a5a845b74,train,thermal,wdbase_w10_00238
w10_0b20b157a2bba4b4e42a,train,thermal,wdbase_w10_00219
w10_39fa423a706ddee4de51,train,thermal,wdbase_w10_00219
w10_bb52e2c323251b7bcac2,train,thermal,wdbase_w10_00591
w10_78a9f5d2cdb907d5424f,train,thermal,wdbase_w10_00824
w10_7775a4caffe81e26aacd,train,thermal,wdbase_w10_00690
w10_d89f29107d039e990793,train,thermal,wdbase_w10_00350
w10_2fb9af6e5a276a8033ca,train,thermal,wdbase_w10_00350
w10_cb091eab4271d32e51da,train,thermal,wdbase_w10_00493
w10_daa2796853f328461b93,train,thermal,wdbase_w10_00238
w10_a9c0a3cfeb0d58dce913,train,thermal,wdbase_w10_01040
w10_129710a907e835d9eecc,train,thermal,wdbase_w10_01040
w10_b194508d7c7355bd7a1a,train,thermal,wdbase_w10_00000
w10_e7a3afee7a984e99c7be,train,thermal,wdbase_w10_01032
w10_d1f0e2055c75b6aff0ca,train,thermal,wdbase_w10_01202
w10_f94d72eea60af3f2d670,train,thermal,wdbase_w10_00690
w10_8a17085677eca0244652,train,thermal,wdbase_w10_00219
w10_bdec70e4ded962a5572f,train,thermal,wdbase_w10_00824
w10_d147b18b4f33e34c68b4,train,thermal,wdbase_w10_00009
w10_4a14f4df67d7db7a3f7d,train,thermal,wdbase_w10_00238
w10_71fcd25a5556848025e8,train,thermal,wdbase_w10_00824
w10_54111a6f3c8a83feee25,train,thermal,wdbase_w10_01202
w10_67113abaa0b2ea0aced9,train,thermal,wdbase_w10_01088
w10_4676d9f5fd668bea76e9,train,thermal,wdbase_w10_00591
w10_a677a4ef98ba33753c5b,train,thermal,wdbase_w10_01040
w10_e9b14f28234c3efc9beb,train,thermal,wdbase_w10_00009
w10_d75b20b8ebfc1b47ac6e,train,thermal,wdbase_w10_00824
w10_acbba23bcb883047c9fc,train,thermal,wdbase_w10_00317
w10_12cc5c27cb1f39cc0fe0,train,thermal,wdbase_w10_00317
w10_2d20320488a53f71d955,train,thermal,wdbase_w10_01026
w10_020dcaabe9a242a0d8ca,train,thermal,wdbase_w10_01135
w10_27bcfd309c70658b164e,train,thermal,wdbase_w10_00666
w10_b59f18ef4f801e36d1a5,train,thermal,wdbase_w10_00666
w10_c6c10a1312d2f0775cd3,train,thermal,wdbase_w10_00009
w10_35010438afc5255c2f0f,train,thermal,wdbase_w10_01135
w10_1e2198d2454d79da2fe0,train,thermal,wdbase_w10_01026
w10_8f40558fe7ac0377e781,train,thermal,wdbase_w10_01202
w10_9462460b5d35838378f3,train,thermal,wdbase_w10_00666
w10_61fcce611a057cf148c3,train,thermal,wdbase_w10_01077
w10_fd5b3daa644a668cdfd6,train,thermal,wdbase_w10_00591
w10_7f8080a492a3f4b29c6b,train,thermal,wdbase_w10_00666
w10_2df24153130667b606bd,train,thermal,wdbase_w10_00591
w10_8b48c06fb9736c901513,train,thermal,wdbase_w10_00591
w10_cc34bc55023dabd4a52d,train,thermal,wdbase_w10_01093
w10_27e1795422357dfa3a7f,train,thermal,wdbase_w10_00000
w10_7db9cf54245447f8e4b1,train,thermal,wdbase_w10_01088
w10_1e9e9410d350d78bdfd1,train,thermal,wdbase_w10_01077
w10_fb9c93e3d341a81b5c3d,train,thermal,wdbase_w10_00395
w10_1853e0e267b91ff585e0,train,thermal,wdbase_w10_00238
w10_6db06de119d1bd3f02e4,train,thermal,wdbase_w10_00238
w10_b3c31a36960b87e2ed93,train,thermal,wdbase_w10_01077
w10_19e12186fadb4d65e770,train,thermal,wdbase_w10_01135
w10_526fff3babcccaa5870a,train,thermal,wdbase_w10_01093
w10_3a11365a603ac97e1fa4,train,thermal,wdbase_w10_00350
w10_b0c41b6e6b357221e53b,train,thermal,wdbase_w10_00009
w10_112c3a438bee37159b17,train,thermal,wdbase_w10_01077
w10_e1356e8afd9a083e0a41,train,thermal,wdbase_w10_01202
w10_b8c90f7e0512c4c01a91,train,thermal,wdbase_w10_00591
w10_5a26ba515e493a0b07e0,train,thermal,wdbase_w10_00219
w10_ec4cf81413ebe5693ce3,train,thermal,wdbase_w10_00009
w10_2436bc65f0ae5aa509b7,train,thermal,wdbase_w10_00219
w10_bd721f7235af858bbafb,train,thermal,wdbase_w10_01040
w10_d3c22ab2adb7702a99b8,train,thermal,wdbase_w10_00666
w10_5b8ccc36bbc7151410e1,train,thermal,wdbase_w10_00009
w10_8e30ddf6f2d331557b4c,train,thermal,wdbase_w10_01093
w10_d7ec34ddb970f93eb4de,train,thermal,wdbase_w10_01077
w10_5c7f40c9cf2c5dc56977,train,thermal,wdbase_w10_00350
w10_d5a123df1b2adafdf48f,train,thermal,wdbase_w10_00219
w10_41f7810e16574a86193c,train,thermal,wdbase_w10_00666
w10_0e241b1580042059af51,train,thermal,wdbase_w10_01202
w10_e886405ad94d54d2c7de,train,thermal,wdbase_w10_00395
w10_ecbf602c71c349b2b226,train,thermal,wdbase_w10_00395
w10_527794a9064a3a586e9b,train,thermal,wdbase_w10_00350
w10_cbf1eb6e87e99b69ce16,train,thermal,wdbase_w10_00238
w10_34526efeab60af672557,train,thermal,wdbase_w10_00666
w10_140e231cf8118ceeea51,train,thermal,wdbase_w10_00824
w10_c88aeb1c829e03644057,train,thermal,wdbase_w10_01088
w10_94db4cad8e33285e889e,train,thermal,wdbase_w10_01093
w10_576fdf134b8b08e84d54,train,thermal,wdbase_w10_00395
w10_2404cd495de53c1e5562,train,thermal,wdbase_w10_00666
w10_af9ceea89826c0037b34,train,thermal,wdbase_w10_00666
w10_f4d72dcf62c6ee37d481,train,thermal,wdbase_w10_01135
w10_f796c4ead4f265569d50,train,thermal,wdbase_w10_00395
w10_dd5cc3783a063d1a058a,train,thermal,wdbase_w10_00591
w10_3f84e409ccccd0786ba3,train,thermal,wdbase_w10_01032
w10_a61d9ceb56120841de0e,train,thermal,wdbase_w10_01026
w10_ea5c37aa7fe29b7fd265,train,thermal,wdbase_w10_00666
w10_0219a70b362778c0fd35,train,thermal,wdbase_w10_01026
w10_b04739dbbcfd35780b99,train,thermal,wdbase_w10_01026
w10_2912561d633d889779ea,train,thermal,wdbase_w10_00000
w10_1d74f698343eb36727f2,train,thermal,wdbase_w10_00395
w10_b45d28251804890f94e7,train,thermal,wdbase_w10_00395
w10_dfe4f58e6e487f8a8062,train,thermal,wdbase_w10_00009
w10_36d4fceb60d9bd77e9d7,train,thermal,wdbase_w10_00009
w10_238f356fa85c31e3e86b,train,thermal,wdbase_w10_01026
w10_f08d78a9f08afb182292,train,thermal,wdbase_w10_00690
w10_544999b8841a1bccbd35,train,thermal,wdbase_w10_01026
w10_e457e8e78f6ffebaf055,train,thermal,wdbase_w10_00238
w10_be80a21901f1dfff7ae9,train,thermal,wdbase_w10_01040
w10_50b45ba2743e6f92ce02,train,thermal,wdbase_w10_00009
w10_708357b241a67cfc2939,train,thermal,wdbase_w10_01032
w10_e0644c1464bb564ad8fd,train,thermal,wdbase_w10_00666
w10_7e4a73b61ad8ac336a96,train,thermal,wdbase_w10_00493
w10_7475c78179901051a4c9,train,thermal,wdbase_w10_01093
w10_2a439f9031969900d889,train,thermal,wdbase_w10_01088
w10_805ef3a2c1278572b30c,train,thermal,wdbase_w10_00350
w10_8acbe3e8f685c9f6b523,train,thermal,wdbase_w10_00690
w10_13e89521de76077b454d,train,thermal,wdbase_w10_01088
w10_d71ed90c4e3e15185072,train,thermal,wdbase_w10_00690
w10_05ddfbdecf9d0dc1e4fe,train,thermal,wdbase_w10_00824
w10_f08940199936effb48cf,train,thermal,wdbase_w10_00009
w10_47e0ed69cea57b15f5cf,train,thermal,wdbase_w10_00591
w10_1ff6f2047318f5da0e78,train,thermal,wdbase_w10_00690
w10_986307ad398448f380e5,train,thermal,wdbase_w10_01088
w10_5be89f4afe403bea3a84,train,thermal,wdbase_w10_00219
w10_5fd392ec0c83420fc08e,train,thermal,wdbase_w10_01040
w10_8dbf8c160a8837246b61,train,thermal,wdbase_w10_00238
w10_f2cf5b71f816c6c5bbef,train,thermal,wdbase_w10_00317
w10_31995526edb1a14bc124,train,thermal,wdbase_w10_01032
w10_5502e6ffe77d836778d5,train,thermal,wdbase_w10_00690
w10_c37c092900c5d11bf4ce,train,thermal,wdbase_w10_00350
w10_bc5ca555845713140bd1,train,thermal,wdbase_w10_00666
w10_1df9b5e742d831fda318,train,thermal,wdbase_w10_00395
w10_b530baf92e89f8faea59,train,thermal,wdbase_w10_00395
w10_3264859820ebe54d83a0,train,thermal,wdbase_w10_00317
w10_e8581b8de5e5352ad3c0,train,thermal,wdbase_w10_00219
w10_cceeae5ea15d336744e7,train,thermal,wdbase_w10_01077
w10_a4dc827870742b9442e8,train,thermal,wdbase_w10_00219
w10_0b2021d8b8549d8f0351,train,thermal,wdbase_w10_01093
w10_ee0f6672b692e75b815c,train,thermal,wdbase_w10_01040
w10_1329666b8ea249c20763,train,thermal,wdbase_w10_00690
w10_aff0af1991b06e47c9eb,train,thermal,wdbase_w10_00317
w10_5b91aafdac1d102745fb,train,thermal,wdbase_w10_00350
w10_feb467a8344accf1850e,train,thermal,wdbase_w10_01088
w10_2d86a380fa865b2a3cd9,train,thermal,wdbase_w10_00690
w10_a92908a02ef88ae096be,train,thermal,wdbase_w10_00395
w10_7a764cd41d845a2d0adb,train,thermal,wdbase_w10_00219
w10_e9069a55b680fe2a35ad,train,thermal,wdbase_w10_01088
w10_0e7f083d5b5c243655e1,train,thermal,wdbase_w10_00000
w10_06125a70675b27b320d7,train,thermal,wdbase_w10_01026
w10_13eae9169192e0dc177f,train,thermal,wdbase_w10_00666
w10_02f87256f0d6e3304744,train,thermal,wdbase_w10_00219
w10_a13a2217bf79f87cd5bb,train,thermal,wdbase_w10_00317
w10_c57249e8c6e401984280,train,thermal,wdbase_w10_01202
w10_dd3947ea9754dbe4486f,train,thermal,wdbase_w10_00395
w10_6fc51c603d6a1eeca16b,train,thermal,wdbase_w10_00591
w10_53f2e9e1199a2b532de8,train,thermal,wdbase_w10_00000
w10_97016ae5e13b91505e5e,train,thermal,wdbase_w10_01077
w10_25ecd88bb839adb4b3e5,train,thermal,wdbase_w10_00690
w10_9058e4af7004cead5276,train,thermal,wdbase_w10_00238
w10_462fad48f7d6ba43b349,train,thermal,wdbase_w10_00395
w10_ee1c81db267bac1905b8,train,thermal,wdbase_w10_01032
w10_b402a65fbb8eb697a632,train,thermal,wdbase_w10_01135
w10_7394c33e5b9874d16323,train,thermal,wdbase_w10_00219
w10_0dd3d3d70bf43f90f3e8,train,thermal,wdbase_w10_00591
w10_f4d53755cfba55264e16,train,thermal,wdbase_w10_01026
w10_1a629da92ec148f5ef46,train,thermal,wdbase_w10_01032
w10_79788bde2f789d7ca15e,train,thermal,wdbase_w10_00317
w10_21dbedb9936141646e50,train,thermal,wdbase_w10_01077
w10_3b3241fb27ff23825213,train,thermal,wdbase_w10_00690
w10_049165f500b25229a613,train,thermal,wdbase_w10_01077
w10_b60a874ef21c2771a3cb,train,thermal,wdbase_w10_01026
w10_c2f9c24546e5561ee278,train,thermal,wdbase_w10_00219
w10_c2b02c57ab8c90a91155,train,thermal,wdbase_w10_00395
w10_16f45f543e532eb62a39,train,thermal,wdbase_w10_00350
w10_d18f963622dd5b6cb631,train,thermal,wdbase_w10_00824
w10_5317e14e85203b38b52e,train,thermal,wdbase_w10_01135
w10_d50626008dc02083fe79,train,thermal,wdbase_w10_00317
w10_93dd9fd0fb390281ed0c,train,thermal,wdbase_w10_00238
w10_f5d290b27a637b7e70f7,train,thermal,wdbase_w10_01135
w10_66b6c1cccc84f24c9f04,train,thermal,wdbase_w10_01088
w10_52fb17d3f2610e4ae7e6,train,thermal,wdbase_w10_01135
w10_ca9228189ff52415cfbd,train,thermal,wdbase_w10_01202
w10_1abe560bcf2af1bb7b5c,train,thermal,wdbase_w10_01032
w10_540c20a9f467ac38410d,train,thermal,wdbase_w10_00009
w10_8f076c24b0c609dee00f,train,thermal,wdbase_w10_00238
w10_b199e99867598121fd4d,train,thermal,wdbase_w10_00824
w10_3cf95af1efc268340a17,train,thermal,wdbase_w10_01077
w10_b3e71e736719e5a240b8,train,thermal,wdbase_w10_00493
w10_99367db6d24bab4e342e,train,thermal,wdbase_w10_01135
w10_19e598c0f333026ed564,train,thermal,wdbase_w10_01032
w10_270bec6a60cb11c51a7d,train,thermal,wdbase_w10_01202
w10_4572215e1c1ce32429f8,train,thermal,wdbase_w10_00000
w10_ea3c07bfc21e6fec830c,train,thermal,wdbase_w10_01032
w10_681a6d20cf9a6035afe3,train,thermal,wdbase_w10_00238
w10_9c6350b1885bf698605a,train,thermal,wdbase_w10_01032
w10_9f4ede235e6cc13f85c0,train,thermal,wdbase_w10_00219
w10_99cbb1367e0979f28178,train,thermal,wdbase_w10_01077
w10_5b5ede074df24c2f21d1,train,thermal,wdbase_w10_01093
w10_e1a5af207b72f0abd3fb,train,thermal,wdbase_w10_01026
w10_2071e5a3ba318154b196,train,thermal,wdbase_w10_00317
w10_425fda1ddb02b8bca530,train,thermal,wdbase_w10_01040
w10_2993b1e453d36532c613,train,thermal,wdbase_w10_00395
w10_a1c6f23f6616c18e3c70,train,thermal,wdbase_w10_00219
w10_9e2319b41f3333d91260,train,thermal,wdbase_w10_00666
w10_3a7f142adc17795d2ff9,train,thermal,wdbase_w10_01135
w10_61f40b5fed487aca2683,train,thermal,wdbase_w10_00009
w10_68335915004f90b23644,train,thermal,wdbase_w10_00493
w10_616de9c5e17e3ed928b1,train,thermal,wdbase_w10_00493
w10_76833a233594b9e0016a,train,thermal,wdbase_w10_00824
w10_e50b2fef1cfd35cfa646,train,thermal,wdbase_w10_00009
w10_d903572a1e48ad7690b9,train,thermal,wdbase_w10_00000
w10_a2dd5fe00cb37201476f,train,thermal,wdbase_w10_01026
w10_50eef7cc4d985bdeceb0,train,thermal,wdbase_w10_01026
w10_eec5cfcf6c2eb9ab6a89,train,thermal,wdbase_w10_00824
w10_2a188af540b7206fede5,train,thermal,wdbase_w10_00591
w10_8ecdcc61b0577dacfed5,train,thermal,wdbase_w10_01026
w10_af138832b8cb7aa2ad86,train,thermal,wdbase_w10_01202
w10_24534d75a7ee0d7fbedd,train,thermal,wdbase_w10_01088
w10_36567c45d6915dc738e4,train,thermal,wdbase_w10_01135
w10_a2546778bb852db9f9eb,train,thermal,wdbase_w10_00317
w10_78a6fdecb62cb1605226,train,thermal,wdbase_w10_01032
w10_9dc0cf777b15fa8df308,train,thermal,wdbase_w10_01026
w10_c7e4572a496bd2c5ad15,train,thermal,wdbase_w10_00350
w10_644c57476264b9e62932,train,thermal,wdbase_w10_00317
w10_a6f794580436ffec077a,train,distortion,wdbase_w10_01093
w10_bd1cacfc522283fdd6a9,train,distortion,wdbase_w10_00824
w10_d9998e79a22770751b80,train,distortion,wdbase_w10_00238
w10_d20e96e23b1c19fbe6d0,train,distortion,wdbase_w10_00395
w10_aa212694d60ea5112676,train,distortion,wdbase_w10_00824
w10_f955ed35f705afb80e2b,train,distortion,wdbase_w10_01135
w10_82018fa8bdf675bde268,train,distortion,wdbase_w10_00238
w10_a7cb88a21275cfb30b80,train,distortion,wdbase_w10_01135
w10_925cf0708ad883a3aafa,train,distortion,wdbase_w10_00317
w10_240e8281f2be3b78a164,train,distortion,wdbase_w10_00238
w10_8c1d3a50c46a422aa704,train,distortion,wdbase_w10_00009
w10_f71997653c04162f70c4,train,distortion,wdbase_w10_01202
w10_6c0f77d0328eac386294,train,distortion,wdbase_w10_00824
w10_e075dd261a44aeaa740d,train,distortion,wdbase_w10_00350
w10_f73e0ea74f35d18a910d,train,distortion,wdbase_w10_00009
w10_0a13e1b21b83e0a6035a,train,distortion,wdbase_w10_00666
w10_fe347196b8f76423cbdb,train,distortion,wdbase_w10_00238
w10_720b16425ceb36b3ac7c,train,distortion,wdbase_w10_00591
w10_996ba308f05bbe9622c6,train,distortion,wdbase_w10_00238
w10_d3d2c01a4fce00ef9fd1,train,distortion,wdbase_w10_00824
w10_f3315e7bace65469b450,train,distortion,wdbase_w10_00395
w10_ca9ef8bd9ada2c68f5f0,train,distortion,wdbase_w10_00000
w10_512fbeb5b5b0c035b8e7,train,distortion,wdbase_w10_01202
w10_5d9a3eda1864afb1705f,train,distortion,wdbase_w10_01077
w10_7bb3116473555e47110e,train,distortion,wdbase_w10_00824
w10_7d7c02293a6bfcb53f5f,train,distortion,wdbase_w10_01040
w10_d096cd35e431b695773c,train,distortion,wdbase_w10_00317
w10_452f41de7ac3ac1fde50,train,distortion,wdbase_w10_01026
w10_7a8f0bfa4b790a232bd5,train,distortion,wdbase_w10_00238
w10_bd6b4060ffef5123ff49,train,distortion,wdbase_w10_00824
w10_8e712789198e341a4ed5,train,distortion,wdbase_w10_01040
w10_9fd74ceb2a32f909d12a,train,distortion,wdbase_w10_00824
w10_54a59a6af2c48e3704e5,train,distortion,wdbase_w10_01040
w10_bc3049527d19dc154bf8,train,distortion,wdbase_w10_01077
w10_261b324f15ece4755606,train,distortion,wdbase_w10_00666
w10_53abbed953ca63104eca,train,distortion,wdbase_w10_00690
w10_97716023eae81d184a31,train,distortion,wdbase_w10_01077
w10_bf0ba2963103067612dd,train,distortion,wdbase_w10_00395
w10_c2f46d683b13382068fd,train,distortion,wdbase_w10_00317
w10_5dd028cb38eea9f0cdb0,train,distortion,wdbase_w10_00690
w10_3f812b32d920febb2408,train,distortion,wdbase_w10_00317
w10_7067ac7cd68c77c5034f,train,distortion,wdbase_w10_00238
w10_ba306256c2b31f1d67f9,train,distortion,wdbase_w10_01093
w10_c179bb7bd9840db378cd,train,distortion,wdbase_w10_00591
w10_e344f913254c3202a310,train,distortion,wdbase_w10_00238
w10_552bf0a9b405e5c58689,train,distortion,wdbase_w10_00591
w10_d0b54d48670e7d594713,train,distortion,wdbase_w10_01077
w10_fc331254560d08a18b73,train,distortion,wdbase_w10_01202
w10_a30cbea83ed58868bae9,train,distortion,wdbase_w10_00493
w10_c2e69c716d3be9fd061e,train,distortion,wdbase_w10_01093
w10_634615f0bfa9cad5d3a7,train,distortion,wdbase_w10_00395
w10_b4d44aefe87a2486246d,train,distortion,wdbase_w10_00824
w10_ed79c4f0dfcdbc03722d,train,distortion,wdbase_w10_01026
w10_43c0c7e4b9bec9463ef9,train,distortion,wdbase_w10_01202
w10_980a2e6a1808a2721304,train,distortion,wdbase_w10_01135
w10_f23198f6a0136b577d8c,train,distortion,wdbase_w10_01032
w10_48ada9e839f3147f8dcd,train,distortion,wdbase_w10_00824
w10_2498c26b6fd56c3469c8,train,distortion,wdbase_w10_00824
w10_1d11c03ee066e647b989,train,distortion,wdbase_w10_01040
w10_fa9a5d3cf8c006ad3821,train,distortion,wdbase_w10_00238
w10_1f17d4c875bdb93cbf8d,train,distortion,wdbase_w10_01077
w10_c601ba26341fb6bdb872,train,distortion,wdbase_w10_00395
w10_66baa92ec4dc193c3249,train,distortion,wdbase_w10_01026
w10_4fb049ba99aa11249684,train,distortion,wdbase_w10_01202
w10_76cbd99f377e247fe226,train,distortion,wdbase_w10_01202
w10_01298024eb1ddf990a9b,train,distortion,wdbase_w10_00591
w10_d5022bcd6b1a670662b7,train,distortion,wdbase_w10_01135
w10_23a1de680662d6159e72,train,distortion,wdbase_w10_00350
w10_c42a9fbb4b52f74a7d7d,train,distortion,wdbase_w10_00493
w10_a1b942f2d56e4775a826,train,distortion,wdbase_w10_00591
w10_ea08d0e78c4c1be88b4c,train,distortion,wdbase_w10_00824
w10_8b07e16a8721a1ce589c,train,distortion,wdbase_w10_01040
w10_a89dd29e78f8e5d35112,train,distortion,wdbase_w10_01032
w10_82f94096c1c2af47ae18,train,distortion,wdbase_w10_00238
w10_24174f99ea0444262f65,train,distortion,wdbase_w10_00009
w10_09af6c7d88767adfa528,train,distortion,wdbase_w10_00350
w10_8c8bb16f65593c453b40,train,distortion,wdbase_w10_01135
w10_ad0a9114cbc690b6851c,train,distortion,wdbase_w10_00238
w10_5420f5c06d5020a1103c,train,distortion,wdbase_w10_01077
w10_a81d9ece9645a812644e,train,distortion,wdbase_w10_00493
w10_434695eaf1e2be9e57a2,train,distortion,wdbase_w10_00395
w10_db9db5df8241c3caa564,train,distortion,wdbase_w10_00395
w10_be9a9e3cf126eb46ba68,train,distortion,wdbase_w10_00219
w10_d67152eba51fb95679c8,train,distortion,wdbase_w10_01077
w10_8de77f937046928876d5,train,distortion,wdbase_w10_00317
w10_a0e6fcf64305ecd5bddf,train,distortion,wdbase_w10_01026
w10_da1efd63b67231b400ad,train,distortion,wdbase_w10_00238
w10_d2299ae7bbbcdfe3d821,train,distortion,wdbase_w10_01077
w10_3b293bfd7209be498dd1,train,distortion,wdbase_w10_00317
w10_6db3f964f5fffa238fa0,train,distortion,wdbase_w10_00824
w10_1e0b7ccfb64abc5cdfb5,train,distortion,wdbase_w10_01032
w10_93f80ff839e9bc7cd603,train,distortion,wdbase_w10_00238
w10_748b03e066a81c0e48ab,train,distortion,wdbase_w10_01032
w10_dfb91c920f8b54be087b,train,distortion,wdbase_w10_00238
w10_e89003a33741c3684c4d,train,distortion,wdbase_w10_00666
w10_f20c9684fd17e8be2c1e,train,distortion,wdbase_w10_00009
w10_e49a5782958848432597,train,distortion,wdbase_w10_01032
w10_dec8f528499326853920,train,distortion,wdbase_w10_00350
w10_294a77ad62f92f659817,train,distortion,wdbase_w10_00591
w10_4b193ff49c6f604c7028,train,distortion,wdbase_w10_01088
w10_8c2be049074c55be931d,train,distortion,wdbase_w10_00219
w10_ee1dff9564c98672ef19,train,distortion,wdbase_w10_01135
w10_be3c844caf4e77886bc3,train,distortion,wdbase_w10_00666
w10_9e230c6a83bff3a13348,train,distortion,wdbase_w10_00238
w10_61f0954f502cda5c7fe3,train,distortion,wdbase_w10_00317
w10_72be2d691616c2044159,train,distortion,wdbase_w10_00690
w10_26017958eba427daeb72,train,distortion,wdbase_w10_00395
w10_46aa3f8229f0263321f7,train,distortion,wdbase_w10_01093
w10_5946ce9b28ebe35a0ddf,train,distortion,wdbase_w10_01088
w10_def938821df7cb166414,train,distortion,wdbase_w10_01040
w10_39531ff8acbdab08cd2b,train,distortion,wdbase_w10_00824
w10_42dac55040d26693ef9b,train,distortion,wdbase_w10_00009
w10_8a8fb2838c8794ce66ab,train,distortion,wdbase_w10_00317
w10_ad7500de3656a6acf7d7,train,distortion,wdbase_w10_00350
w10_82f51ce5ab75f2087806,train,distortion,wdbase_w10_00824
w10_cbe07f71b38bcbde5d17,train,distortion,wdbase_w10_00395
w10_b37a29fb222e3d8c110a,train,distortion,wdbase_w10_00317
w10_b506abd27d4c812d7cfe,train,distortion,wdbase_w10_00493
w10_65cedf3b768e4f081788,train,distortion,wdbase_w10_00690
w10_199dc2f8ed6e978e819d,train,distortion,wdbase_w10_00493
w10_4c0548257c596ae89c4a,train,distortion,wdbase_w10_01093
w10_a771e7c59bef9fae9431,train,distortion,wdbase_w10_00317
w10_628f408aedc96edfb567,train,distortion,wdbase_w10_00238
w10_2ee53963c7278c6b21e0,train,distortion,wdbase_w10_00824
w10_c8a6154db5d10af2d0fd,train,distortion,wdbase_w10_01135
w10_d920ba9cca3fb6f4b0ec,train,distortion,wdbase_w10_01077
w10_058580219f2eb64c618f,train,distortion,wdbase_w10_01040
w10_e56d91d21b2e25747977,train,distortion,wdbase_w10_01135
w10_fbd06bf31ce525817960,train,distortion,wdbase_w10_01040
w10_e3951f11045eb4e1a9e8,train,distortion,wdbase_w10_01202
w10_e39a42e0dcc1b5189d1d,train,distortion,wdbase_w10_00395
w10_ea5a933b1876c6fb31af,train,distortion,wdbase_w10_01077
w10_d0d05d47604d23e34f69,train,distortion,wdbase_w10_00317
w10_350487e8f96581a46d7d,train,distortion,wdbase_w10_01135
w10_667ec064c915c0ceef0e,train,distortion,wdbase_w10_01135
w10_a53fca81c8ecf67e7309,train,distortion,wdbase_w10_00238
w10_da9eafcd364d1699d661,train,distortion,wdbase_w10_01040
w10_f8e7405959baa5eec99f,train,distortion,wdbase_w10_01032
w10_a1955eeb1a88f66cbfa2,train,distortion,wdbase_w10_00690
w10_2a20bc1645965ffec23b,train,distortion,wdbase_w10_00591
w10_26b3e94fddc79de9e4d4,train,distortion,wdbase_w10_00238
w10_d131f0ff0e854c53fdd7,train,distortion,wdbase_w10_01202
w10_e2d4b19311a8cbe8ddf0,train,distortion,wdbase_w10_00591
w10_4e6606ab16826ab076c6,train,distortion,wdbase_w10_00493
w10_10ea1cf7e668b9d02c5d,train,distortion,wdbase_w10_00000
w10_ffbc40c5eef78a92946f,train,distortion,wdbase_w10_00350
w10_866b7fa4144b8d5b1ed6,train,distortion,wdbase_w10_01026
w10_619b14f5181d7bbbde91,train,distortion,wdbase_w10_01135
w10_0c437ebaf9d3d9e7c605,train,distortion,wdbase_w10_00493
w10_dc08cfe13b88b3dce036,train,distortion,wdbase_w10_00009
w10_2ef7128c1bb89f68fb7d,train,distortion,wdbase_w10_01202
w10_b53401007109e6a74cd7,train,distortion,wdbase_w10_01088
w10_b67d3d4cf313134d2872,train,distortion,wdbase_w10_00824
w10_995e404b524c3ccab8e1,train,distortion,wdbase_w10_00000
w10_68b28ac11ee04be0d4bb,train,distortion,wdbase_w10_01040
w10_6c4a320e4767ee524868,train,distortion,wdbase_w10_01135
w10_3f088872466c3b0d1311,train,distortion,wdbase_w10_01040
w10_037567bbb567839aed82,train,distortion,wdbase_w10_00238
w10_28d1698705c46b486697,train,distortion,wdbase_w10_01040
w10_dfe0671e2ff11e93bcd0,train,distortion,wdbase_w10_01040
w10_b7ba9977f236c4e0b21e,train,distortion,wdbase_w10_01202
w10_96cc2e8589891d8f7c97,train,distortion,wdbase_w10_00000
w10_cafc401093eca91631cd,train,distortion,wdbase_w10_00493
w10_37c7ce3bb9cb7b1b2787,train,distortion,wdbase_w10_00350
w10_cd82c2dcdda69818456b,train,distortion,wdbase_w10_01077
w10_36fa7b8fec48a906a9ae,train,distortion,wdbase_w10_01040
w10_59d66e7509f54edb1197,train,distortion,wdbase_w10_00238
w10_d427e85cafd62d5c8add,train,distortion,wdbase_w10_01093
w10_24491f1d289ef515c1d8,train,distortion,wdbase_w10_01135
w10_f223b41e7a3cf33ffb98,train,distortion,wdbase_w10_00591
w10_fc763670ddb1d6525566,train,distortion,wdbase_w10_00219
w10_d32c90b07586d97c1e12,train,distortion,wdbase_w10_01077
w10_14246672230d31a969b5,train,distortion,wdbase_w10_01026
w10_7c9fbaf8bb69764824c2,train,distortion,wdbase_w10_01040
w10_3c357a667faf25652498,train,distortion,wdbase_w10_01077
w10_78a76543cee0f52f112a,train,distortion,wdbase_w10_01202
w10_28814ff9068c0bc736d8,train,distortion,wdbase_w10_00009
w10_e63ffcf404f1a46396eb,train,distortion,wdbase_w10_01135
w10_d5320e57af33d614e9e5,train,distortion,wdbase_w10_00824
w10_d99aba1aaef67dca822c,train,distortion,wdbase_w10_00238
w10_e50e0cf06f9744e7eca7,train,distortion,wdbase_w10_01077
w10_49ee9a90feace8f1431b,train,distortion,wdbase_w10_00000
w10_ef5d4d5724dfb7ed5e70,train,distortion,wdbase_w10_00666
w10_8b165c9f417ad15565e0,train,distortion,wdbase_w10_00317
w10_53421bce9e5dea135971,train,distortion,wdbase_w10_00493
w10_c474a6b410533336071d,train,distortion,wdbase_w10_01135
w10_aa87958105c152c04720,train,distortion,wdbase_w10_01026
w10_a2bf219c081acd760c0f,train,distortion,wdbase_w10_00824
w10_4df2dc362cb3f526e090,train,distortion,wdbase_w10_00591
w10_7e90282d0351bbd4d0c1,train,distortion,wdbase_w10_01077
w10_55f7d0b5a8ac9aab0a23,train,distortion,wdbase_w10_00238
w10_26b3ffcd9436d73a6330,train,distortion,wdbase_w10_01040
w10_99e9fd020bf1ff1ce164,train,distortion,wdbase_w10_00591
w10_a6a4ab8393962b749030,train,distortion,wdbase_w10_00690
w10_672ee992b58d08d62d13,train,distortion,wdbase_w10_00493
w10_11601d462697cab1cf69,train,distortion,wdbase_w10_00238
w10_469c4403e2fbedcd0100,train,distortion,wdbase_w10_00690
w10_b38442ed556521191ffb,train,distortion,wdbase_w10_01032
w10_d5ef90fb515c45f748ab,train,distortion,wdbase_w10_00824
w10_011914810ad837189f74,train,distortion,wdbase_w10_00238
w10_e91c8a620a113d262a4c,train,distortion,wdbase_w10_00238
w10_7239bbcc8400a40998f1,train,distortion,wdbase_w10_01032
w10_80219bd36d957aa56586,train,distortion,wdbase_w10_00350
w10_53f247ee3d0ba2da20e6,train,distortion,wdbase_w10_01088
w10_42f7757c5286805f3503,train,distortion,wdbase_w10_01093
w10_8943b4e8244dfa93374d,train,distortion,wdbase_w10_00219
w10_a3bf3342d9c564337450,train,distortion,wdbase_w10_01040
w10_1e22b2cd2c6b0a818b42,train,distortion,wdbase_w10_00350
w10_60f11723f721b9a1d601,train,distortion,wdbase_w10_01202
w10_32e7c49cdf8b6236cc75,train,distortion,wdbase_w10_00493
w10_d051c631a57c3e153809,train,distortion,wdbase_w10_01088
w10_dac4d76369fc2800f228,train,distortion,wdbase_w10_00238
w10_11161c8e817df07587d3,train,distortion,wdbase_w10_00009
w10_a46b243290a61a1aeb59,train,distortion,wdbase_w10_00238
w10_d2bf78884380584a5950,train,distortion,wdbase_w10_00000
w10_47fc05e211fb81dc8603,train,distortion,wdbase_w10_00238
w10_3d430deb49e908d473db,train,distortion,wdbase_w10_00238
w10_c8148609223e0d14a294,train,distortion,wdbase_w10_00317
w10_464d632d7123f89d791f,train,distortion,wdbase_w10_00219
w10_c79cfcce5b3fbdd0758a,train,distortion,wdbase_w10_00591
w10_df09874c85e3447b6c46,train,distortion,wdbase_w10_00493
w10_a4cfd14e86e758c2bdd5,train,distortion,wdbase_w10_00824
w10_be826640e9169ec7eaae,train,distortion,wdbase_w10_00591
w10_017f4d85c4470e65d2fe,train,distortion,wdbase_w10_01032
w10_d4184eafae4a5d47a377,train,distortion,wdbase_w10_00824
w10_2cef9e708f95392352fb,train,distortion,wdbase_w10_00824
w10_166621ae174eaa1388d3,train,distortion,wdbase_w10_00824
w10_d3c887c7f52f5792d777,train,distortion,wdbase_w10_00350
w10_1878990422d610888ee3,train,distortion,wdbase_w10_01135
w10_beb45d3f6f1c32bab8d8,train,distortion,wdbase_w10_00824
w10_0dd325a50c7dc48a9f1c,train,distortion,wdbase_w10_00395
w10_d52f355d4f54c1b6e356,train,distortion,wdbase_w10_00238
w10_0d2b41e60f25b39f1275,train,distortion,wdbase_w10_01093
w10_4d1243943a170f1f6dce,train,distortion,wdbase_w10_00666
w10_02e87b441b7c010001ac,train,distortion,wdbase_w10_01077
w10_d2beabd3a724b48b9309,train,distortion,wdbase_w10_00666
w10_8b6b383ed1e5e52e4e5e,train,distortion,wdbase_w10_01202
w10_07852c057670b34b0035,train,distortion,wdbase_w10_00219
w10_65bdba2945f3335ad81d,train,distortion,wdbase_w10_00824
w10_37edb53ccfd21cd21089,train,distortion,wdbase_w10_00493
w10_2c64bc5d98d9bcfa2d10,train,distortion,wdbase_w10_00690
w10_3b708ccfed84aad15da1,train,distortion,wdbase_w10_01135
w10_8dd687f8d75da8ca129f,train,distortion,wdbase_w10_01093
w10_c38ea1aa58ad5c6c0361,train,distortion,wdbase_w10_00591
w10_80361e0d28e211d35494,train,distortion,wdbase_w10_00493
w10_ccf1c43ef6203d49ec47,train,distortion,wdbase_w10_01093
w10_dcf89cfce5a4705631e2,train,distortion,wdbase_w10_00395
w10_cfae9c30ed4ad49e00a3,train,distortion,wdbase_w10_01077
w10_47dcea9055493386eb97,train,distortion,wdbase_w10_00493
w10_4129c6ccfed1a6d51dcb,train,distortion,wdbase_w10_00009
w10_aec3605be57345438906,train,distortion,wdbase_w10_00009
w10_b2d26610d3a0a4f7818a,train,distortion,wdbase_w10_01077
w10_457d9a67c090066c4e26,train,distortion,wdbase_w10_00824
w10_ad46dccee00876abd2a0,train,distortion,wdbase_w10_00493
w10_f75a079f6c47c9afe656,train,distortion,wdbase_w10_00493
w10_ddb9c241f1ee1ce3e6a5,train,distortion,wdbase_w10_00317
w10_547cf46bf59d65472fa7,train,distortion,wdbase_w10_00591
w10_59e33186a0c9a389258b,train,distortion,wdbase_w10_01040
w10_5966553ede2cdb258382,train,distortion,wdbase_w10_00219
w10_98c75d353f9dfade9997,train,distortion,wdbase_w10_00000
w10_b4e66713f56eab859804,train,distortion,wdbase_w10_00238
w10_f75c2e076421e74d870a,train,distortion,wdbase_w10_01040
w10_4516eed53198c418955b,train,distortion,wdbase_w10_00000
w10_157ba71997eeee1412cf,train,distortion,wdbase_w10_01032
w10_30f70f384a0bbba08013,train,distortion,wdbase_w10_00824
w10_3bda74c4a902c71102df,train,distortion,wdbase_w10_01040
w10_3e6d7def90cf74c2c6cf,train,distortion,wdbase_w10_01077
w10_9e2b35e133dd6a3cc365,train,distortion,wdbase_w10_00493
w10_ea98977679aa3a357307,train,distortion,wdbase_w10_00666
w10_f1ba64a3a73f29294fa0,train,distortion,wdbase_w10_00395
w10_b4fd20b931684790d7a4,train,distortion,wdbase_w10_01088
w10_a3bf2f9342dedf81af7d,train,distortion,wdbase_w10_00238
w10_64aa1c66cd9aac3a5995,train,distortion,wdbase_w10_01135
w10_59fa15f12292400ef9d4,train,distortion,wdbase_w10_00317
w10_9a7e040b2f3404ccbd4c,train,distortion,wdbase_w10_00238
w10_cb67e14d1735c7c4c988,train,distortion,wdbase_w10_00395
w10_3ae3e5a382a6c784ff16,train,distortion,wdbase_w10_01077
w10_d91e632630716c246b17,train,distortion,wdbase_w10_00493
w10_769ed4480f3a1fce83f3,train,distortion,wdbase_w10_00238
w10_28b8f3fc411305e68581,train,distortion,wdbase_w10_01088
w10_f4f7983c9818a1baeace,train,distortion,wdbase_w10_00000
w10_5fe1dc1af9cea4c2d92a,train,distortion,wdbase_w10_00219
w10_8af575cb709cec34ee69,train,distortion,wdbase_w10_01077
w10_88ada3d5352d414635ea,train,distortion,wdbase_w10_00350
w10_71ae3ebb23124a0049c0,train,distortion,wdbase_w10_01088
w10_a9abe03d3ec679861fa9,train,distortion,wdbase_w10_01040
w10_26a2a97f0c5ccc5c32d7,train,distortion,wdbase_w10_00395
w10_9e9812c788d60f695fd6,train,distortion,wdbase_w10_00690
w10_ab41fc6a18f5a8877e0b,train,distortion,wdbase_w10_01026
w10_24651e43c0605a940285,train,distortion,wdbase_w10_00000
w10_8a8cea029d4da66a2aa9,train,distortion,wdbase_w10_00666
w10_9f1dbe22efb7a516b557,train,distortion,wdbase_w10_01026
w10_b88867a2dbd2ce97695f,train,distortion,wdbase_w10_00350
w10_2b6cabade870919b622e,train,distortion,wdbase_w10_01040
w10_1a185dac4653e13a3348,train,distortion,wdbase_w10_00238
w10_7cd6f7771900d1cef8f0,train,distortion,wdbase_w10_00000
w10_e0f9d3f090a208cf2711,train,distortion,wdbase_w10_01202
w10_0db8bcd1ae1cb192da18,train,distortion,wdbase_w10_00317
w10_f73d8617f76ab1060902,train,distortion,wdbase_w10_01202
w10_70a1e10cec4e778129e1,train,distortion,wdbase_w10_01093
w10_db9dd9ffe62a812b519f,train,distortion,wdbase_w10_00009
w10_e83704b81aff6bf05ef5,train,distortion,wdbase_w10_01093
w10_cc9747d4c8f22044a5c8,train,distortion,wdbase_w10_01026
w10_5eeca24f2eb6fda563ed,train,distortion,wdbase_w10_00591
w10_e33f838a4f7248586f05,train,distortion,wdbase_w10_01093
w10_b4babe15e535c2c5d9d5,train,distortion,wdbase_w10_00350
w10_88bcdf06ca6345e31e69,train,distortion,wdbase_w10_00350
w10_34b83295abdc426b6607,train,distortion,wdbase_w10_00591
w10_7c8943415ca95e0610ba,train,distortion,wdbase_w10_00591
w10_ce199ccf723dc2fb2a01,train,distortion,wdbase_w10_00690
w10_ee201fb5814ccd24885b,train,distortion,wdbase_w10_00824
w10_506a8c1207931fb19a50,train,distortion,wdbase_w10_00238
w10_6cf9113fd88165ec163d,train,distortion,wdbase_w10_01077
w10_5decf2db49e95adbdb06,train,distortion,wdbase_w10_01135
w10_40e7222c269199262924,train,distortion,wdbase_w10_00350
w10_5eb76b144ca2081b6cb0,train,distortion,wdbase_w10_00690
w10_aa91f8a331c9fc3fd7af,train,distortion,wdbase_w10_01093
w10_a3dbe51407552f7c0e54,train,distortion,wdbase_w10_00690
w10_f76dc15c91b2b57a435c,train,distortion,wdbase_w10_00219
w10_546493a0e92fa4819cff,train,distortion,wdbase_w10_01032
w10_7bdac114542bed158690,train,distortion,wdbase_w10_01088
w10_2e14c3edf50b4983c55b,train,distortion,wdbase_w10_00493
w10_2f7b6c293d51494e2179,train,distortion,wdbase_w10_01077
w10_a51abe02c6d7a0bb62a3,train,distortion,wdbase_w10_01077
w10_880ca8baa5f2cdd05c90,train,distortion,wdbase_w10_00238
w10_d1a6869f5d78bb24a7a4,train,distortion,wdbase_w10_00219
w10_f7537be3559e3a164a6b,train,distortion,wdbase_w10_01032
w10_6e646d2b8b6a08370e7c,train,distortion,wdbase_w10_00009
w10_2631831a8308bc3f85ec,train,distortion,wdbase_w10_00317
w10_5ecc843daf9cd90e266d,train,distortion,wdbase_w10_00219
w10_ef7337446818fb102fad,train,distortion,wdbase_w10_01077
w10_041a3cc5bfc3ba4c46e5,train,distortion,wdbase_w10_00219
w10_bb3ad2fa8d8272336e16,train,distortion,wdbase_w10_01077
w10_26d70a60d906e6f7b4c5,train,distortion,wdbase_w10_00824
w10_32edaada259da50f7d07,train,distortion,wdbase_w10_00666
w10_7d30d4b8d9c6efa2552e,train,distortion,wdbase_w10_00690
w10_d62c290c7c4ea47b238b,train,distortion,wdbase_w10_00350
w10_b6cc45abba657add4876,train,distortion,wdbase_w10_01202
w10_da5bca74b6798ecf2c58,train,distortion,wdbase_w10_00591
w10_d4f2ef88d1a4910aa5f2,train,distortion,wdbase_w10_00666
w10_96a3e3065fba639618ce,train,distortion,wdbase_w10_00350
w10_3e2cc5811f128bc88fb5,train,distortion,wdbase_w10_00666
w10_527079eec77b9a8e50b9,train,distortion,wdbase_w10_00690
w10_f88a2d73ee49d3b033ac,train,distortion,wdbase_w10_00009
w10_84250e79453aced04ca7,train,distortion,wdbase_w10_00395
w10_c18d0b87601e3b9c1046,train,distortion,wdbase_w10_00395
w10_30ce757d9ebffadb0fc6,train,distortion,wdbase_w10_01088
w10_d065576098ad5555dcd3,train,distortion,wdbase_w10_00690
w10_6a755e2376cb9cf860c0,train,distortion,wdbase_w10_00666
w10_83a6892488ac06a232f7,train,distortion,wdbase_w10_01077
w10_bf7a0f51d3241e7ead63,train,distortion,wdbase_w10_00824
w10_90dc466f4793585968ae,train,distortion,wdbase_w10_01026
w10_73c0845534271591a955,train,distortion,wdbase_w10_01040
w10_7808504c249446eda5ef,train,distortion,wdbase_w10_01032
w10_e2cbe0537bd02f2bb8fc,train,distortion,wdbase_w10_00395
w10_29f91cdc55f569cceea1,train,distortion,wdbase_w10_01026
w10_b2948ecaef52165793a0,train,distortion,wdbase_w10_01077
w10_6704d7c19be3f22d8852,train,distortion,wdbase_w10_00493
w10_6ae790037cafdcbe7cd4,train,distortion,wdbase_w10_00350
w10_bee11b27ebbc0aa49f2e,train,distortion,wdbase_w10_00591
w10_f89749c4c4b89e7b3277,train,distortion,wdbase_w10_01093
w10_5a0d51eb3b0c48d70b1e,train,distortion,wdbase_w10_00690
w10_f1ad660641496469fc2a,train,distortion,wdbase_w10_00317
w10_59c21e15c7335982e12e,train,distortion,wdbase_w10_00238
w10_1c9661c8ce2ceae7ff44,train,distortion,wdbase_w10_00666
w10_5a07d9065fd1fde0bf9d,train,distortion,wdbase_w10_00591
w10_fc2c2e62a4c7947617a4,train,distortion,wdbase_w10_00395
w10_56a20de747135464e814,train,distortion,wdbase_w10_00350
w10_b79929cbe9b4122bdf92,train,distortion,wdbase_w10_00493
w10_50703956f4453627c0b3,train,distortion,wdbase_w10_00317
w10_4825e10dee75ffb5a515,train,distortion,wdbase_w10_00000
w10_33c6e49f15fdc184c1b8,train,distortion,wdbase_w10_00690
w10_c4098fe26e9daaf4d89f,train,distortion,wdbase_w10_00238
w10_125076302baa8dfa7bbd,train,distortion,wdbase_w10_01135
w10_ee344c3282a11bbd3884,train,distortion,wdbase_w10_00350
w10_dbedda0a4e623811a1f6,train,distortion,wdbase_w10_01040
w10_564c09c05c4fc83e60b6,train,distortion,wdbase_w10_01032
w10_8e71aa77993623c67aae,train,distortion,wdbase_w10_01026
w10_d0603248ad60d12aaf91,train,distortion,wdbase_w10_01093
w10_3b0b1db822e5f3734a0a,train,distortion,wdbase_w10_00666
w10_51e927c228267affb222,train,distortion,wdbase_w10_01202
w10_dd17fe4606b6aadc7e29,train,distortion,wdbase_w10_01088
w10_095ed086ba799a87e976,train,distortion,wdbase_w10_01077
w10_3be2e69eb01babd26716,train,distortion,wdbase_w10_00000
w10_7ef27b86618f597f3cb0,train,distortion,wdbase_w10_00666
w10_f795168cf916e25d0086,train,distortion,wdbase_w10_01088
w10_0f62d893b2bafdf94fd1,train,distortion,wdbase_w10_01040
w10_af8b2641e0b918d4b3fc,train,distortion,wdbase_w10_00317
w10_ab8e6f7e9e2431751b05,train,distortion,wdbase_w10_01202
w10_8e9dbf3e7be8d016db36,train,distortion,wdbase_w10_01202
w10_3559a6741029bd50c7b9,train,distortion,wdbase_w10_01040
w10_16016ff84956dc09121a,train,distortion,wdbase_w10_01135
w10_4f405cf8f62f64b39a48,train,distortion,wdbase_w10_00591
w10_8d04d89ba7052d52a681,train,distortion,wdbase_w10_01026
w10_09e468f7ab1ffbf3cb53,train,distortion,wdbase_w10_00493
w10_cfe2ec6c8658159f058e,train,distortion,wdbase_w10_00395
w10_f2ea9707ad9c063642d0,train,distortion,wdbase_w10_00350
w10_878eb7f79986adf3c542,train,distortion,wdbase_w10_00666
w10_64e7579a1451ba913d9a,train,distortion,wdbase_w10_00395
w10_83580ffe30890aa948a4,train,distortion,wdbase_w10_00317
w10_b4647942004c394e7627,train,distortion,wdbase_w10_00009
w10_ee022d45c89af757b3d8,train,distortion,wdbase_w10_00000
w10_84d0b3cd83bbcebb615a,train,distortion,wdbase_w10_00009
w10_4aa707681599d626a1b4,train,distortion,wdbase_w10_01026
w10_1021481b631464752e5e,train,distortion,wdbase_w10_01077
w10_ebd6d51daaf4b4c8aaa2,train,distortion,wdbase_w10_00690
w10_61c0b7b5bed9462ea7ea,train,distortion,wdbase_w10_00824
w10_686cba0b4a8e1a5aa34a,train,distortion,wdbase_w10_01093
w10_692b86dbc1122f239006,train,distortion,wdbase_w10_01202
w10_ba6f2b0a7129536fcfc5,train,distortion,wdbase_w10_00317
w10_7f6f790e3c06d24c114c,train,distortion,wdbase_w10_01040
w10_827b9024dcbc9890f08f,train,distortion,wdbase_w10_01077
w10_e4f8e7bf4c1a191ce523,train,distortion,wdbase_w10_01026
w10_e4a6ae45624037a87815,train,distortion,wdbase_w10_00690
w10_f103877ac2cacee9ee9b,train,distortion,wdbase_w10_00317
w10_71b1c6e87143a7a1f74c,train,distortion,wdbase_w10_00000
w10_7559cbb4bc89af30f3a5,train,distortion,wdbase_w10_00493
w10_69cc9795b00e0c925ad6,train,distortion,wdbase_w10_00395
w10_1533c4941c9e29ffd0ee,train,distortion,wdbase_w10_00350
w10_a097a18b85ad6d6985e2,train,distortion,wdbase_w10_00238
w10_d9b2653eae336b303d57,train,distortion,wdbase_w10_00317
w10_9e6349f4ad0b6adf789b,train,distortion,wdbase_w10_01040
w10_8ffb944819cee797a01d,train,distortion,wdbase_w10_00317
w10_1230eb89e8ceb76ad680,train,distortion,wdbase_w10_01093
w10_ec53f5cc9619f0d6ff57,train,distortion,wdbase_w10_01040
w10_6194f0ffd2fa9e050ef9,train,distortion,wdbase_w10_00000
w10_a74b27593dfc8d038544,train,distortion,wdbase_w10_01088
w10_c90821eccbadbc40b38d,train,distortion,wdbase_w10_00317
w10_ea81572d8e5ebc9a458e,train,distortion,wdbase_w10_00238
w10_b7e1ac0c0c6b2b5096bb,train,distortion,wdbase_w10_00395
w10_5de3def1765338bd83fe,train,distortion,wdbase_w10_01135
w10_cdb6b0268b5983952e9a,train,distortion,wdbase_w10_00350
w10_f1608c7cd721e5b0bb8a,train,distortion,wdbase_w10_01135
w10_1acaf7a9669bcb8728cf,train,distortion,wdbase_w10_00219
w10_577507fed5d4ddef4da4,train,distortion,wdbase_w10_00690
w10_b53b34d5cd29d740124f,train,distortion,wdbase_w10_00591
w10_685cbc1952e092b6764d,train,distortion,wdbase_w10_00219
w10_4c334cb633a8bce3d192,train,distortion,wdbase_w10_00493
w10_f9ad7cf0ca7fa07f3d48,train,distortion,wdbase_w10_01032
w10_a3f0b12937130c9702c2,train,distortion,wdbase_w10_00238
w10_76be6841d15f3b8926c8,train,distortion,wdbase_w10_00317
w10_aa81e1edcf323725afcd,train,distortion,wdbase_w10_01026
w10_46aa4c6e713204c81e05,train,distortion,wdbase_w10_00000
w10_87a1915e10b3be6103c1,train,distortion,wdbase_w10_01202
w10_a5b65b6592fb0e9dc2c3,train,distortion,wdbase_w10_01040
w10_030726e6fe8de68e19a5,train,distortion,wdbase_w10_00690
w10_914402c015d80aa1ece1,train,distortion,wdbase_w10_00009
w10_ba85ae525b4334fd08e7,train,distortion,wdbase_w10_01202
w10_c1ddb95eaac57d6b8b42,train,distortion,wdbase_w10_00317
w10_cba635a82eb80f4368b8,train,distortion,wdbase_w10_01032
w10_d25017d8b64e3847e880,train,distortion,wdbase_w10_00350
w10_7c4a30632456fe456167,train,distortion,wdbase_w10_01135
w10_87967d20a5997eb783d4,train,distortion,wdbase_w10_01088
w10_7c46103c4cc749492ff5,train,distortion,wdbase_w10_01040
w10_f2f8f2cd86f813e47cc2,train,distortion,wdbase_w10_01202
w10_f17ff5f6452351e6b5ea,train,distortion,wdbase_w10_00350
w10_9194f7b20c20f1e7e8da,train,distortion,wdbase_w10_00493
w10_ff56594ca48e628bba09,train,distortion,wdbase_w10_00666
w10_ea6a42edfa78139847e2,train,distortion,wdbase_w10_00395
w10_6623c875ad14462ee647,train,distortion,wdbase_w10_00690
w10_615cdce68317628fc10b,train,distortion,wdbase_w10_00238
w10_d530bd65d2f44b43bcf0,train,distortion,wdbase_w10_01077
w10_4f398b2ba48738b1738c,train,distortion,wdbase_w10_00350
w10_9471ca4afc640887cd75,train,distortion,wdbase_w10_00238
w10_0245f70993eb6e250337,train,distortion,wdbase_w10_01093
w10_306d6c271c7166dfc0b3,train,distortion,wdbase_w10_00666
w10_e7f48961abd706efd7ea,train,distortion,wdbase_w10_00000
w10_63ba118803ac29d2f0cd,train,distortion,wdbase_w10_00009
w10_98ba317982c5bf055578,train,distortion,wdbase_w10_00238
w10_0deba40ad85ca1e6a71b,train,distortion,wdbase_w10_00219
w10_610a77890725523f018c,train,distortion,wdbase_w10_01088
w10_15c9a3324ad8f4fcff4a,train,distortion,wdbase_w10_01040
w10_514b714d9ad0d6380fd8,train,distortion,wdbase_w10_00350
w10_837c8f3a29098c669e6c,train,distortion,wdbase_w10_00824
w10_e4f4e0481ffde868837e,train,distortion,wdbase_w10_00009
w10_0b8654178ab6ca445cf9,train,distortion,wdbase_w10_01202
w10_d98f564409c7bb875efe,train,distortion,wdbase_w10_01093
w10_3818469e4cd33dfb3e41,train,distortion,wdbase_w10_00350
w10_4e45c24ac1ef2d334d49,train,distortion,wdbase_w10_00009
w10_720dff27cdd2f09f36b4,train,distortion,wdbase_w10_01135
w10_58781372ae044752b072,train,distortion,wdbase_w10_00824
w10_83ead9b175887e355c49,train,distortion,wdbase_w10_00350
w10_11263f6c773ef8c8e199,train,distortion,wdbase_w10_01040
w10_09ffdb5e97618823aa73,train,distortion,wdbase_w10_00824
w10_be52f5dae4b2f009295c,train,distortion,wdbase_w10_00666
w10_d72a6bb6907e624cec51,train,distortion,wdbase_w10_01202
w10_9e68a86b78700c60f707,train,distortion,wdbase_w10_01093
w10_184333912cf2275bf26e,train,distortion,wdbase_w10_00009
w10_a05522ec2ea7e9f2c07b,train,distortion,wdbase_w10_00591
w10_2474d99689381078844d,train,distortion,wdbase_w10_01032
w10_d95b59a73c844480bd74,train,distortion,wdbase_w10_01093
w10_9e6b4ba0201e217d3a59,train,distortion,wdbase_w10_01040
w10_378a7dd4aa44301c8109,train,distortion,wdbase_w10_00000
w10_2f8081b95fa71140af86,train,distortion,wdbase_w10_00009
w10_e16ba9b02e1c3897c0da,train,distortion,wdbase_w10_00824
w10_edf60feb69a24f39cd04,train,distortion,wdbase_w10_01077
w10_da54a8378d42892410de,train,distortion,wdbase_w10_01077
w10_2bedf7c483d85a91a23d,train,distortion,wdbase_w10_00000
w10_95acc1ef2c6e95015f86,train,distortion,wdbase_w10_00238
w10_de341c298453bda394ca,train,distortion,wdbase_w10_01077
w10_fca8ecccea94cf1b274a,train,distortion,wdbase_w10_01135
w10_5f4ac5e0a0bbbfee2c4f,train,distortion,wdbase_w10_00395
w10_d8e9cde0962a6dbee7b7,train,distortion,wdbase_w10_00690
w10_a18190772440e3c63a30,train,distortion,wdbase_w10_00350
w10_a78137992b8cf087ed59,train,distortion,wdbase_w10_01032
w10_6a77a55337714c21171f,train,distortion,wdbase_w10_00666
w10_52dc3942db405be71d2d,train,distortion,wdbase_w10_01088
w10_fdf32aa99e8c32d2790f,train,distortion,wdbase_w10_00395
w10_e216fa2ea48bcd1c9f0f,train,distortion,wdbase_w10_01077
w10_465d2562f2fefcc1e012,train,distortion,wdbase_w10_00009
w10_a093f9b691fe22cd830b,train,distortion,wdbase_w10_00000
w10_87d743fc72be40cbfe82,train,distortion,wdbase_w10_00824
w10_c69f7fc2a3b2cc47af51,train,distortion,wdbase_w10_00350
w10_dd7659e8e164e24dc176,train,distortion,wdbase_w10_01202
w10_a44ce00c6233fb895d76,train,distortion,wdbase_w10_00219
w10_11ac3a9a5f46c7a922fe,train,distortion,wdbase_w10_00238
w10_c29d752023fec041e71a,train,distortion,wdbase_w10_00238
w10_fe12b4878c758e71e89e,train,distortion,wdbase_w10_00238
w10_3b88eeaefabfab0b55d5,train,distortion,wdbase_w10_01077
w10_1dc733465d8d68f3cf3e,train,distortion,wdbase_w10_01032
w10_a1acfd5aa93e4cfd08a9,train,distortion,wdbase_w10_01026
w10_a222e85c8b7defb5f8f2,train,distortion,wdbase_w10_01077
w10_5e07bf20e834efc5f76e,train,distortion,wdbase_w10_01202
w10_90e4bf0c4d75ef6fd27f,train,distortion,wdbase_w10_01026
w10_29ee9c9b9e798ee5aa42,train,distortion,wdbase_w10_01135
w10_03715ec62f32bbb736f3,train,distortion,wdbase_w10_00009
w10_4866fe98fa5213a564af,train,distortion,wdbase_w10_00350
w10_4794fc7ec3e8fcd8cef2,train,distortion,wdbase_w10_00690
w10_126254f84cd733ec58ad,train,distortion,wdbase_w10_00824
w10_d2dc908fdc8474d4085b,train,distortion,wdbase_w10_01202
w10_6605f8561b1aaefd096a,train,distortion,wdbase_w10_00219
w10_c87216b6bed7a081d876,train,distortion,wdbase_w10_00009
w10_4b5cded7dc293887ab6a,train,distortion,wdbase_w10_01077
w10_717190acdaa5ac848d0f,train,distortion,wdbase_w10_00238
w10_9c569a6feb7766f76275,train,distortion,wdbase_w10_01077
w10_ccc969729870a35bdaf7,train,distortion,wdbase_w10_00350
w10_4bea5f497d9fb2f28617,train,distortion,wdbase_w10_00238
w10_4ed4eaf4304fe4db3157,train,distortion,wdbase_w10_00591
w10_8761005d0ab4a311be84,train,distortion,wdbase_w10_00824
w10_278b5e6f8bf317a17078,train,distortion,wdbase_w10_00219
w10_91d8a35301ebd78194f7,train,distortion,wdbase_w10_00690
w10_8fa3c8938f6448f802d1,train,distortion,wdbase_w10_00666
w10_15da99b57e85205438a3,train,distortion,wdbase_w10_00493
w10_b331b6aa1d489a7ee3d1,train,distortion,wdbase_w10_01202
w10_a68496ca77c8e6b66d88,train,distortion,wdbase_w10_00009
w10_b6dfc65b2932c8fe4124,train,distortion,wdbase_w10_00824
w10_47c4dbe06f4fe2aea6f8,train,distortion,wdbase_w10_01026
w10_4bacdfb306494658d2be,train,distortion,wdbase_w10_00317
w10_a8d101f67af62bd9b06c,train,distortion,wdbase_w10_00317
w10_6e964df29d9cefdd4131,train,distortion,wdbase_w10_01088
w10_e96852a1b34aa1e7547f,train,distortion,wdbase_w10_00591
w10_60c5c9779921abbd4cc4,train,distortion,wdbase_w10_01032
w10_7c0b2aae384220ddc8ae,train,distortion,wdbase_w10_00000
w10_506770f40bc7b1abfef9,train,distortion,wdbase_w10_00666
w10_15700582705b1eb9addb,train,distortion,wdbase_w10_01032
w10_7fdfb184b1d49c89350a,train,distortion,wdbase_w10_01088
w10_e8e5ba82659640179e3f,train,distortion,wdbase_w10_01202
w10_a6167fdde5b2080c33e9,train,distortion,wdbase_w10_00238
w10_080ab124cbbb91c50a8d,train,distortion,wdbase_w10_01032
w10_00b663a2890dd73dcf05,train,distortion,wdbase_w10_00238
w10_d00ce5695d8773a79bbf,train,distortion,wdbase_w10_00000
w10_9e40ecaf5f45995d1748,train,distortion,wdbase_w10_00493
w10_1d11d54412fd7c6dc786,train,distortion,wdbase_w10_01093
w10_eb43258b9eaa9080d6ee,train,distortion,wdbase_w10_01026
w10_9b9e5478431ba7e3c396,train,distortion,wdbase_w10_00219
w10_84d3176ee8b64a647778,train,distortion,wdbase_w10_00219
w10_7e37ce629e231584b8fb,train,distortion,wdbase_w10_00690
w10_c16a7970de5a31370baf,train,distortion,wdbase_w10_00350
w10_06317041c67876de6793,train,distortion,wdbase_w10_01088
w10_557988ffe5440614776f,train,distortion,wdbase_w10_00824
w10_4d5e936c1c866b578e60,train,distortion,wdbase_w10_01093
w10_a344275e32b2b55f6a19,train,distortion,wdbase_w10_01202
w10_f12e0fdaf651183ad2aa,train,distortion,wdbase_w10_01026
w10_93f0914824b1447c86ee,train,distortion,wdbase_w10_00350
w10_bf2d5a9d855e9bb6421f,train,distortion,wdbase_w10_00824
w10_f7fa89e41902bdb16d91,train,distortion,wdbase_w10_01135
w10_8f005a6f33e7f18fd37d,train,distortion,wdbase_w10_00591
w10_014e4c8786ce0aa6d502,train,distortion,wdbase_w10_01040
w10_a02d25cd0d19c9363b40,train,distortion,wdbase_w10_01032
w10_16fb845eb28f6a84a379,train,distortion,wdbase_w10_00690
w10_283f228ae3345a17b9ed,train,distortion,wdbase_w10_01026
w10_4963724736c703747f4b,train,distortion,wdbase_w10_00395
w10_56d82d630b13f4a5ea55,train,distortion,wdbase_w10_00824
w10_1254167cd1d0b09243f5,train,distortion,wdbase_w10_00219
w10_20a24147bcd562999a71,train,distortion,wdbase_w10_01202
w10_ebad75f92fa160c32c3a,train,distortion,wdbase_w10_00824
w10_1041ec634c3c645f9e9b,train,distortion,wdbase_w10_01135
w10_0c9d772e2c613ddde55f,train,distortion,wdbase_w10_01032
w10_fe716ca54d3d60d39f2b,train,distortion,wdbase_w10_01093
w10_088e4012fbdac4ae5be8,train,distortion,wdbase_w10_00219
w10_e7f6d5682fedb12c71df,train,distortion,wdbase_w10_01077
w10_c6a3608a1a2de735551a,train,distortion,wdbase_w10_00591
w10_8fbbbccb54d61a53af03,train,distortion,wdbase_w10_00493
w10_4b704ce9655240da1ced,train,distortion,wdbase_w10_01040
w10_95d360471a1263dddcf9,train,distortion,wdbase_w10_00009
w10_729c22cba01d1f396876,train,distortion,wdbase_w10_01135
w10_23a50e76893f5432c3a9,train,distortion,wdbase_w10_01202
w10_41e6c96c81805491ec10,train,distortion,wdbase_w10_00493
w10_f5e980ffab8c15e29ff0,train,distortion,wdbase_w10_01077
w10_762dff5cb7e4de48b66b,train,distortion,wdbase_w10_01135
w10_6fb6f7ffdfe8f28efae1,train,distortion,wdbase_w10_00395
w10_472f5b8f4d42e88460d9,train,distortion,wdbase_w10_00493
w10_c80751554538f05dcca2,train,distortion,wdbase_w10_00666
w10_84f22a7597bb831e29f6,train,distortion,wdbase_w10_00591
w10_aa19414dc5c4ea183c44,train,distortion,wdbase_w10_00238
w10_991a1ca0497c1b45af0e,train,distortion,wdbase_w10_00395
w10_1ce4e62589e2e92c05bc,train,distortion,wdbase_w10_00219
w10_4047a737fba5a22d0ba4,train,distortion,wdbase_w10_01093
w10_89aa9967bb8d8afcf3e7,train,distortion,wdbase_w10_01040
w10_d8dfb5dde4d81dec2e60,train,distortion,wdbase_w10_00009
w10_da31da5e7a9739d398bf,train,distortion,wdbase_w10_00591
w10_25fae9b4d1152de3471a,train,distortion,wdbase_w10_01032
w10_1aa17843a78b5b9fda88,train,distortion,wdbase_w10_00219
w10_5212eaefaa34c4efe011,train,distortion,wdbase_w10_01088
w10_2701f6ceeb929c5e35a0,train,distortion,wdbase_w10_00824
w10_b3a1fa1480eef9a1def6,train,distortion,wdbase_w10_01135
w10_c4bcfd800bd72a861b1c,train,distortion,wdbase_w10_00317
w10_1de8d0372e8082590674,train,distortion,wdbase_w10_00395
w10_e1112ff560181f60ce58,train,distortion,wdbase_w10_00824
w10_31e806e426e051eb4ec9,train,distortion,wdbase_w10_01026
w10_53221c8bc7731eb6faf5,train,distortion,wdbase_w10_01135
w10_859b1b3f9a5ce2fc041e,train,distortion,wdbase_w10_01088
w10_5a8b9e8025235c284051,train,distortion,wdbase_w10_01040
w10_68dc4c4e1d5f1aff78fe,train,distortion,wdbase_w10_01088
w10_1050be1af611874192ef,train,distortion,wdbase_w10_01077
w10_abef97185ab3138a6890,train,distortion,wdbase_w10_00690
w10_a7292e19ae46db12f482,train,distortion,wdbase_w10_00666
w10_359be0dcd9c5b1dfe374,train,distortion,wdbase_w10_00000
w10_009ad6cacdba1b32f09e,train,distortion,wdbase_w10_00591
w10_37990cbb8b1f815a90b7,train,distortion,wdbase_w10_01135
w10_7c709f6e8b4f26dbb7b3,train,distortion,wdbase_w10_00591
w10_b58e92a71d196987d35e,train,distortion,wdbase_w10_01040
w10_fffc8ad1102a152a20ce,train,distortion,wdbase_w10_00350
w10_c8dce3773ea6f6b00ef8,train,distortion,wdbase_w10_00591
w10_b982fcea79a3dc4b9c44,train,distortion,wdbase_w10_00238
w10_6842c23bd56153332b1b,train,distortion,wdbase_w10_01088
w10_82c1cfa244cf1671bf1a,train,distortion,wdbase_w10_01135
w10_d4999c7bc49b66e9f36e,train,distortion,wdbase_w10_01202
w10_54cbd22430bdaf8d301e,train,distortion,wdbase_w10_00824
w10_935b3980bcbaf2f19c29,train,distortion,wdbase_w10_00493
w10_a6606afb0883b8ea397c,train,distortion,wdbase_w10_00009
w10_674c5d0d9a0774e4d29f,train,distortion,wdbase_w10_00824
w10_5e5fdcfb5c990a4f1946,train,distortion,wdbase_w10_00238
w10_a8163881b3867864a982,train,distortion,wdbase_w10_01032
w10_4832524d44cace981aea,train,distortion,wdbase_w10_01026
w10_f0d5a519176645424de7,train,distortion,wdbase_w10_00350
w10_07e8644bbc9e75ff1866,train,distortion,wdbase_w10_00009
w10_b4127b62a4c751daefbb,train,distortion,wdbase_w10_00350
w10_873dfa29db4ae153a33b,train,distortion,wdbase_w10_00238
w10_3abd7e74824109758206,train,distortion,wdbase_w10_00690
w10_bbea9406cd0a4a94bf06,train,distortion,wdbase_w10_01088
w10_3257a28083f1799924c6,train,distortion,wdbase_w10_01077
w10_f21520a8eef778a63146,train,distortion,wdbase_w10_00238
w10_cb4fe9627201d6d9d404,train,distortion,wdbase_w10_00395
w10_bcfa28157bdfee06ee58,train,distortion,wdbase_w10_00350
w10_6b0122b7d3404135068e,train,distortion,wdbase_w10_00395
w10_396778a0ec6fdcb784fb,train,distortion,wdbase_w10_01026
w10_1f2f44e72da5b8114af6,train,distortion,wdbase_w10_01077
w10_6db9ac05e5323cf43be0,train,distortion,wdbase_w10_00591
w10_a8870a0314de412d0397,train,distortion,wdbase_w10_00238
w10_3265305d39fd71cfa9e9,train,distortion,wdbase_w10_01032
w10_c92989cd5be541296304,train,distortion,wdbase_w10_01202
w10_2629c5c92eb62822579b,train,distortion,wdbase_w10_01040
w10_d8b51388afdad2865b43,train,distortion,wdbase_w10_01040
w10_4cacf933a44cf68320b9,train,distortion,wdbase_w10_01040
w10_5a3b02b74ba22d24460e,train,distortion,wdbase_w10_00824
w10_250c2931801ea5edde2a,train,distortion,wdbase_w10_00350
w10_6e7672c6aa4c39325bf0,train,distortion,wdbase_w10_01202
w10_7cafa8d8bb1e83821a09,train,distortion,wdbase_w10_01077
w10_0b65c21756ba849b8572,train,distortion,wdbase_w10_01040
w10_42c19c7e0947e7a05982,train,distortion,wdbase_w10_00666
w10_b69ca0f357e20646a1d2,train,distortion,wdbase_w10_00395
w10_e827edd9f98a84d19b10,train,distortion,wdbase_w10_01135
w10_d6e43e8868273f8bfe7e,train,distortion,wdbase_w10_01032
w10_82ebb8f8821390e727a4,train,distortion,wdbase_w10_00824
w10_7a7103dfa1ee828817b9,train,distortion,wdbase_w10_00493
w10_ddae4ef6ec8a38d0431f,train,distortion,wdbase_w10_00666
w10_5a2421c0ac2b8ca04349,train,distortion,wdbase_w10_00219
w10_333a2d5ebd3a8d4e7229,train,distortion,wdbase_w10_01093
w10_e8716dcb751c9ea3f2bf,train,distortion,wdbase_w10_00000
w10_f1f86be60ca6275cd9d3,train,distortion,wdbase_w10_00238
w10_5b228d66fd5dd4d99570,train,distortion,wdbase_w10_01040
w10_a4f6bf65ab641b946d94,train,distortion,wdbase_w10_00591
w10_227ffc5326b69d964c59,train,distortion,wdbase_w10_00824
w10_8968b9b2a43ccd8df792,train,distortion,wdbase_w10_00666
w10_562e45928f87764d8b0d,train,distortion,wdbase_w10_00690
w10_759a45e5e9e010145d31,train,distortion,wdbase_w10_01202
w10_7ed41b69e9100216754f,train,distortion,wdbase_w10_00219
w10_a1a0f9cca6040889526d,train,distortion,wdbase_w10_00000
w10_11f43c2773152d993542,train,distortion,wdbase_w10_00824
w10_6aaff00d2bacaa7ae6dd,train,distortion,wdbase_w10_00009
w10_f80786ff1075d47ce123,train,distortion,wdbase_w10_01040
w10_78a136a2edeb9d5f936c,train,distortion,wdbase_w10_01077
w10_74edf40faa8efb4453f9,train,distortion,wdbase_w10_01032
w10_bfaf8f5321d51eef41f0,train,distortion,wdbase_w10_00591
w10_ceec035b1f462778988b,train,distortion,wdbase_w10_00493
w10_b5f0d76e348480f9b58f,train,distortion,wdbase_w10_01202
w10_636a4517a33fd12a8afb,train,distortion,wdbase_w10_01032
w10_df4b484743dad2737e4e,train,distortion,wdbase_w10_00317
w10_a874ea65861b403c0a8d,train,distortion,wdbase_w10_00824
w10_78e96099f1a8e9aebf0b,train,boundary,wdbase_w10_00690
w10_136ff4741d069d805bc1,train,boundary,wdbase_w10_00824
w10_ee0932f37158addd3a36,train,boundary,wdbase_w10_00824
w10_413690c4b6e768e6f77e,train,boundary,wdbase_w10_01077
w10_3cd7034430f3079a2a58,train,boundary,wdbase_w10_00317
w10_42bc7e0a9102f830d0ef,train,boundary,wdbase_w10_01135
w10_0ec71829be41b59e86e6,train,boundary,wdbase_w10_00591
w10_e1bee26f1dd25a94a95e,train,boundary,wdbase_w10_00009
w10_24e1bdc6568604a96d82,train,boundary,wdbase_w10_00493
w10_6b9ea3774172263e384f,train,boundary,wdbase_w10_00350
w10_c41bac8b0be4f1785e09,train,boundary,wdbase_w10_00690
w10_980992ee1d250c7297e8,train,boundary,wdbase_w10_01077
w10_269547167027ff4be8a4,train,boundary,wdbase_w10_00824
w10_41c8e157851d43f78697,train,boundary,wdbase_w10_00238
w10_001aedcc0670dcd83d08,train,boundary,wdbase_w10_00009
w10_346683f1e3ed8cce1148,train,boundary,wdbase_w10_00000
w10_166fcf275f6c486be59a,train,boundary,wdbase_w10_01093
w10_119c525eec52d3c6a649,train,boundary,wdbase_w10_00219
w10_4865955ec310e0f25003,train,boundary,wdbase_w10_00350
w10_2575b7512f8be9587c35,train,boundary,wdbase_w10_00238
w10_fa10d0fd69b91ff69d19,train,boundary,wdbase_w10_00493
w10_d8cb73f0f356b9e5aaca,train,boundary,wdbase_w10_00009
w10_f734043195c6dab4907d,train,boundary,wdbase_w10_00317
w10_1182d70d6d8174ea74ee,train,boundary,wdbase_w10_01088
w10_7dd3b430812519b9f3b9,train,boundary,wdbase_w10_01040
w10_743fc5834f18a1073d8f,train,boundary,wdbase_w10_01040
w10_000c63407bff2709ab8d,train,boundary,wdbase_w10_01032
w10_f4cf40582ec3cd367a02,train,boundary,wdbase_w10_01088
w10_0b5f2d3e686587e768eb,train,boundary,wdbase_w10_01093
w10_891259f8981870440ed7,train,boundary,wdbase_w10_00591
w10_4412848a043ae3551028,train,boundary,wdbase_w10_01088
w10_c743972938244ea84897,train,boundary,wdbase_w10_00666
w10_9a33cc9ffd0febb3842a,train,boundary,wdbase_w10_01202
w10_8fde71103ff6e200f8bf,train,boundary,wdbase_w10_00238
w10_0c2cd30b00284f0c904f,train,boundary,wdbase_w10_01093
w10_d4d392ff4f6f0e2a5955,train,boundary,wdbase_w10_01093
w10_2fee76879fe271b7cf7c,train,boundary,wdbase_w10_00591
w10_95408b1b2ac48d4fd64b,train,boundary,wdbase_w10_01202
w10_3592e4f49f6d0f8a54ba,train,boundary,wdbase_w10_01040
w10_dd4eabf92362333cb1fb,train,boundary,wdbase_w10_00591
w10_4095907e1764e021a82a,train,boundary,wdbase_w10_01077
w10_ef366bb499ad0b4c3f54,train,boundary,wdbase_w10_00690
w10_e520063469365a9b3648,train,boundary,wdbase_w10_00219
w10_33158b629d16f96959c0,train,boundary,wdbase_w10_00824
w10_7dcdacd369d4d1da2907,train,boundary,wdbase_w10_00219
w10_db7d240f8a61fa5987ed,train,boundary,wdbase_w10_01077
w10_3f330cfc1d8c06a0c75b,train,boundary,wdbase_w10_01040
w10_bc80d27a5f97441d8ea9,train,boundary,wdbase_w10_00219
w10_a0741b74924b9d903987,train,boundary,wdbase_w10_00666
w10_a651108e1997ce8bf4ca,train,boundary,wdbase_w10_01032
w10_4c4267ad184fe1c72ca8,train,boundary,wdbase_w10_00000
w10_71284e7e92628c68b222,train,boundary,wdbase_w10_00493
w10_68bceb28af66c4e48dbf,train,boundary,wdbase_w10_01202
w10_8d9de2902bf5ee841424,train,boundary,wdbase_w10_01135
w10_fdd47f9ad7743f77b3da,train,boundary,wdbase_w10_00317
w10_d2124f0b1adf6593ec7c,train,boundary,wdbase_w10_00395
w10_01a18144554afd6658d1,train,boundary,wdbase_w10_01077
w10_559745e8f6993964f617,train,boundary,wdbase_w10_00350
w10_50e6e69dbaa65052da4e,train,boundary,wdbase_w10_00350
w10_5abeaada22688a55530a,train,boundary,wdbase_w10_00395
w10_1be2d8e1fbc6ff7a6d6d,train,boundary,wdbase_w10_00395
w10_722456c726885b2b58dd,train,boundary,wdbase_w10_01093
w10_914a899f9c2663dfdf1f,train,boundary,wdbase_w10_00824
w10_4c401c4c05a11a7e75c6,train,boundary,wdbase_w10_01135
w10_efd6916a1aabc68029f0,train,boundary,wdbase_w10_00009
w10_b6f109cade4cb52c2c9c,train,boundary,wdbase_w10_00350
w10_62c7fb84b886d4dae86f,train,boundary,wdbase_w10_00824
w10_3d1e43c40a03d919f6fb,train,boundary,wdbase_w10_00591
w10_6578637ca84dbb49b961,train,boundary,wdbase_w10_01032
w10_1390a902c7391d01d2e9,train,boundary,wdbase_w10_01032
w10_1bff6b52d0fd63b808d8,train,boundary,wdbase_w10_00493
w10_446d6622a2371108aa75,train,boundary,wdbase_w10_01077
w10_289c4e0765be8ba8952c,train,boundary,wdbase_w10_01135
w10_b9294d8b6f758c62273f,train,boundary,wdbase_w10_01026
w10_c3d3e0767c61fe8ab45f,train,boundary,wdbase_w10_01077
w10_34262346df1d3fe5ca6d,train,boundary,wdbase_w10_00317
w10_eb89d44ec41f5cceadc5,train,boundary,wdbase_w10_00009
w10_a50aab85a4eaffe097d0,train,boundary,wdbase_w10_00591
w10_da863a46214beda5dbc4,train,boundary,wdbase_w10_00591
w10_44bee3a6d2745cd3ed24,train,boundary,wdbase_w10_01026
w10_b3d2f8e7307e19fbd391,train,boundary,wdbase_w10_00350
w10_86f3348b6a5716fe1a83,train,boundary,wdbase_w10_01077
w10_cbf5812a7ba1d1421a1a,train,boundary,wdbase_w10_01093
w10_703a0e6a264c90ef297e,train,boundary,wdbase_w10_00493
w10_79080a8d02200ee55fb8,train,boundary,wdbase_w10_00009
w10_5ebba65f00b140f40c5d,train,boundary,wdbase_w10_00395
w10_04e766691bc94edf0e39,train,boundary,wdbase_w10_00000
w10_720fdebe6fc6bebbe157,train,boundary,wdbase_w10_01040
w10_a4a430fa424bf0c6801e,train,boundary,wdbase_w10_01135
w10_92528c9153f06e64c38c,train,boundary,wdbase_w10_00395
w10_58853bb9fdb3fdc8ff16,train,boundary,wdbase_w10_00666
w10_97907d16222722159472,train,boundary,wdbase_w10_01077
w10_25984b305fdcc5bc3bdc,train,boundary,wdbase_w10_00000
w10_c7adb1059e35305f62c4,train,boundary,wdbase_w10_00350
w10_698bb02d74f199b14a01,train,boundary,wdbase_w10_00666
w10_97a0e4f68cf419fe5163,train,boundary,wdbase_w10_01077
w10_d254bb6e486fa9e6e0b9,train,boundary,wdbase_w10_00000
w10_f84f30f6d48e9bd8c6ad,train,boundary,wdbase_w10_01026
w10_4af5d5127cad79a4f609,train,boundary,wdbase_w10_00395
w10_ce29c59c83e848a3470b,train,boundary,wdbase_w10_01026
w10_68ec3d88a2398cc5e05e,train,boundary,wdbase_w10_00824
w10_e858099e600b2b2c4b1e,train,boundary,wdbase_w10_00009
w10_299bbb2717303bac417c,train,boundary,wdbase_w10_01202
w10_40058f5e130c5620ec8d,train,boundary,wdbase_w10_01026
w10_72d151e545df43e5ed7d,train,boundary,wdbase_w10_00493
w10_b1fcc721df8e49514afc,train,boundary,wdbase_w10_01088
w10_a327ff45e09f694ba051,train,boundary,wdbase_w10_00591
w10_e766d0a69d4ac7811f25,train,boundary,wdbase_w10_01202
w10_52b2dd87222e1ca3c4dc,train,boundary,wdbase_w10_01093
w10_c5cd3b9f787c562e3307,train,boundary,wdbase_w10_00238
w10_aea593808bae0c840494,train,boundary,wdbase_w10_01202
w10_2268f640e64b9a459bd2,train,boundary,wdbase_w10_00666
w10_d6a5f430d3c22aaf57b6,train,boundary,wdbase_w10_01032
w10_bf4625dfe7d063d12c3f,train,boundary,wdbase_w10_01088
w10_2cb1b6cc8ede4dd75301,train,boundary,wdbase_w10_00238
w10_b2c7384d32e5256e7abd,train,boundary,wdbase_w10_00666
w10_9642ddfcb24447cf87ea,train,boundary,wdbase_w10_00317
w10_78e655419e1c88ca8610,train,boundary,wdbase_w10_01032
w10_e58ba57b97915c4f23e9,train,boundary,wdbase_w10_01088
w10_794ccae369774fe9a82b,train,boundary,wdbase_w10_00493
w10_ad42d0d8da621f9170ff,train,boundary,wdbase_w10_00591
w10_3c1f472e1d330fbc5f5c,train,boundary,wdbase_w10_00824
w10_f4f354dcf420cc24a2aa,train,boundary,wdbase_w10_00317
w10_5c0716f4e0ce486e908c,train,boundary,wdbase_w10_01135
w10_347abc0ab0b2d7d33f08,train,boundary,wdbase_w10_00591
w10_91a8fbf84997f28391f4,train,boundary,wdbase_w10_00666
w10_a93a52e162e6af8b166d,train,boundary,wdbase_w10_01135
w10_76d57219738335d4b0b9,train,boundary,wdbase_w10_00493
w10_7620cf5e8116bfec6d03,train,boundary,wdbase_w10_01026
w10_bf241420f0c022cb0566,train,boundary,wdbase_w10_01032
w10_736cd043c3a2eafc30c3,train,boundary,wdbase_w10_00219
w10_4f395c0204385144c7f6,train,boundary,wdbase_w10_01040
w10_ff6fd8fd793919093d0b,train,boundary,wdbase_w10_01093
w10_9ffe460f5cfb6a032269,train,boundary,wdbase_w10_01040
w10_76bb70bef1aa64b30703,train,boundary,wdbase_w10_00317
w10_ed624d7972d9a2e3d007,train,boundary,wdbase_w10_00219
w10_1ec60e6d01d1d0fd0b54,train,boundary,wdbase_w10_01040
w10_450e5532e4779ad87a00,train,boundary,wdbase_w10_01077
w10_844009c35a04035692be,train,boundary,wdbase_w10_01135
w10_38e0b63e25267ac48abc,train,boundary,wdbase_w10_01088
w10_8d93fd4c04768aa80ba6,train,boundary,wdbase_w10_01026
w10_352cc432c646390e6f7f,train,boundary,wdbase_w10_00238
w10_ef4c34228f14499ee8c5,train,boundary,wdbase_w10_01202
w10_d8d00f21c27c8f102eeb,train,boundary,wdbase_w10_00000
w10_dce1c6f9fb057e217145,train,boundary,wdbase_w10_00824
w10_14a3b00f478f3da4e629,train,boundary,wdbase_w10_00395
w10_357fe68d11ae16999ef2,train,boundary,wdbase_w10_01202
w10_76e3b29f2afb41440e85,train,boundary,wdbase_w10_01040
w10_72617d49da8edfa72df9,train,boundary,wdbase_w10_00350
w10_77db513b03de728596aa,train,boundary,wdbase_w10_01026
w10_0af474b211e364692d3f,train,boundary,wdbase_w10_00824
w10_31431c1a1a874c3870e8,train,boundary,wdbase_w10_00238
w10_5284cc429d8e7bcda022,train,boundary,wdbase_w10_00591
w10_7d9487595871493c7179,train,boundary,wdbase_w10_00666
w10_b913dd5459c166ea944e,train,boundary,wdbase_w10_00238
w10_0c871e005285ca705aa9,train,boundary,wdbase_w10_01088
w10_5b6c520c44a4c5cdcb2c,train,boundary,wdbase_w10_01135
w10_754700208630d8a3a7dc,train,boundary,wdbase_w10_00690
w10_63906b410bf1ff66a468,train,boundary,wdbase_w10_00395
w10_9b277ecbb0daa0dbb5b2,train,boundary,wdbase_w10_01026
w10_f31d9c8b864fc01b26b0,train,boundary,wdbase_w10_01135
w10_f677f2c9c0041995929d,train,boundary,wdbase_w10_01040
w10_58c8d21ec3c021ab188e,train,boundary,wdbase_w10_01040
w10_092d393a82b1899556bb,train,boundary,wdbase_w10_00009
w10_bc6049754149f95524d3,train,boundary,wdbase_w10_01093
w10_4d68800d1ea535fcd330,train,boundary,wdbase_w10_01093
w10_c21741bf502c8ceb130f,train,boundary,wdbase_w10_01032
w10_756156f79a242fb2c9df,train,boundary,wdbase_w10_00317
w10_128abd5356adffecebae,train,boundary,wdbase_w10_00350
w10_56184ebc271cc54fe585,train,boundary,wdbase_w10_00000
w10_00fa154ec41622670952,train,boundary,wdbase_w10_00000
w10_611333c47561db82b420,train,boundary,wdbase_w10_01202
w10_8aa5a984c5b7ae08be5d,train,boundary,wdbase_w10_00219
w10_3c1ea2a7cccb55b03131,train,boundary,wdbase_w10_01032
w10_fc398cd3a7e1ac16d5b1,train,boundary,wdbase_w10_00690
w10_6f913b7be7da6012a541,train,boundary,wdbase_w10_00009
w10_87718afdf851955e6b3b,train,boundary,wdbase_w10_01032
w10_0ae736a7a6a6c09a49a6,train,boundary,wdbase_w10_00317
w10_ce020acd9b5b7c8a89dc,train,boundary,wdbase_w10_01093
w10_6f0b52657a0583055390,train,boundary,wdbase_w10_00219
w10_e63796c5ee7efc5b7479,train,boundary,wdbase_w10_01135
w10_4350165ed6916ca774b5,train,boundary,wdbase_w10_01093
w10_e4f613f8377d167ed7ff,train,boundary,wdbase_w10_00493
w10_affda03b98eb1a9e3388,train,boundary,wdbase_w10_01088
w10_059e1efa23e503a9df3a,train,boundary,wdbase_w10_00350
w10_a0309517dee747e9ca2b,train,boundary,wdbase_w10_00009
w10_f4b4bd87d37ad494f445,train,boundary,wdbase_w10_00690
w10_5937c5663e90eda39936,train,boundary,wdbase_w10_00238
w10_e3d11fa421d2c09307f3,train,boundary,wdbase_w10_00493
w10_7ee49e92b3592ac14a08,train,boundary,wdbase_w10_00000
w10_c292e9b072a045a24295,train,boundary,wdbase_w10_00000
w10_6fc4b092bd57155d2155,train,boundary,wdbase_w10_00350
w10_9c1abf1f7449f34e036f,train,boundary,wdbase_w10_00317
w10_25dc9fbb06858d34f36c,train,boundary,wdbase_w10_00493
w10_85ecbb93c7c681760b52,train,boundary,wdbase_w10_01026
w10_d9a5f0cc8e8f4039669e,train,boundary,wdbase_w10_00395
w10_8a4c8474d75bd2563aeb,train,boundary,wdbase_w10_00666
w10_5ea4ca0b4de01f6c8fe7,train,boundary,wdbase_w10_01202
w10_b016cdf57f6f031a53f7,train,boundary,wdbase_w10_01135
w10_e6dd9b4f01397f1b1745,train,boundary,wdbase_w10_00666
w10_95fcd24dbbe1eebdfeff,train,boundary,wdbase_w10_00824
w10_402c65b7ca20698eb6a0,train,boundary,wdbase_w10_01040
w10_5aa0acd5e7543f430e10,train,boundary,wdbase_w10_00219
w10_f1f09072dfd496e748a1,train,boundary,wdbase_w10_01032
w10_f6e16345f22c75881e5b,train,boundary,wdbase_w10_00317
w10_27be07ccce8f8124f9b2,train,boundary,wdbase_w10_01202
w10_b666ba2330fef38d2272,train,boundary,wdbase_w10_00666
w10_ea2a5b11a80a119f337d,train,boundary,wdbase_w10_00690
w10_559d0cf9f4597b12dce7,train,boundary,wdbase_w10_01088
w10_a0cc74a3af6ee66af322,train,boundary,wdbase_w10_00591
w10_4b127d4ce328eaa78e37,train,boundary,wdbase_w10_01202
w10_f564c7d4c6e797f9b767,train,boundary,wdbase_w10_00666
w10_af012d49a29ab8b93bb5,train,boundary,wdbase_w10_01202
w10_d77cb308409434163598,train,boundary,wdbase_w10_01088
w10_59b07228abba614efde8,train,boundary,wdbase_w10_00690
w10_2143856532a704cc8130,train,boundary,wdbase_w10_00493
w10_0f7748c7056ce5628d19,train,boundary,wdbase_w10_01026
w10_5420469ca64fb2fad0ef,train,boundary,wdbase_w10_01093
w10_63786b6164e4563845fc,train,boundary,wdbase_w10_00000
w10_17dd4f431f65184f4397,train,boundary,wdbase_w10_00238
w10_bbd70bf9e88733fcad01,train,boundary,wdbase_w10_00395
w10_707109f5aa31d19c0324,train,boundary,wdbase_w10_00591
w10_8ca6940181afa2d1e338,train,boundary,wdbase_w10_01093
w10_9c4b79421ee438d3c0fa,train,boundary,wdbase_w10_00009
w10_7d4796deb680b617a79f,train,boundary,wdbase_w10_01088
w10_5cbdef407e5a680fd8c7,train,boundary,wdbase_w10_01026
w10_3a97dd4bf05132733823,train,boundary,wdbase_w10_00493
w10_faf8322d68a3b55be082,train,boundary,wdbase_w10_00000
w10_3f8787303085511e7c58,train,boundary,wdbase_w10_00317
w10_72a4bd4dd61fbf6476cc,train,boundary,wdbase_w10_00238
w10_5f0fb47ff1dcc51038d1,train,boundary,wdbase_w10_01088
w10_c5b869fcc8e1483c30d3,train,boundary,wdbase_w10_01077
w10_8fd8f4d0096a05bbd3dc,train,boundary,wdbase_w10_01026
w10_aae4b5bc1478a0a1ff4a,train,boundary,wdbase_w10_00395
w10_df7d99cf54140fbe0c2b,train,boundary,wdbase_w10_01040
w10_0b0e8cc2b55b7ff8b9b8,train,boundary,wdbase_w10_01135
w10_2571c108a9f10a2388ea,train,boundary,wdbase_w10_00690
w10_9a2b63e30745bcd1503f,train,boundary,wdbase_w10_00395
w10_d7aef440006d50a9dd01,train,boundary,wdbase_w10_00350
w10_62eff4ffeddeb8d03e3f,train,boundary,wdbase_w10_01093
w10_586882f8801c8be3317c,train,boundary,wdbase_w10_01135
w10_b6c48692342abfa1fe19,train,boundary,wdbase_w10_00219
w10_925ed951f110c8bac974,train,boundary,wdbase_w10_00000
w10_f72dc10fd33667f92aab,train,boundary,wdbase_w10_00317
w10_0dcfe199ee339e87d8e2,train,boundary,wdbase_w10_00219
w10_0f16f0ea0ed3b0b717d9,train,boundary,wdbase_w10_00591
w10_b2c6cc608d6c3ae1bb08,train,boundary,wdbase_w10_00666
w10_fd13c0be0b227abb5766,train,boundary,wdbase_w10_00000
w10_699229d56d7270950d2f,train,boundary,wdbase_w10_00690
w10_06f77d21fce549db8f10,train,boundary,wdbase_w10_01032
w10_c6a1eb52142a61952b74,train,boundary,wdbase_w10_01202
w10_6d7b5d02d969f4cb6144,train,boundary,wdbase_w10_00824
w10_977373ee437683631ba0,train,boundary,wdbase_w10_00824
w10_09f50fd077819aa2784d,train,boundary,wdbase_w10_00690
w10_3324b5e50f2f75340396,train,boundary,wdbase_w10_00000
w10_818b2a68443d687652bd,train,boundary,wdbase_w10_01202
w10_ff3a5a288294933baee1,train,boundary,wdbase_w10_00493
w10_d815c619a208cbe45534,train,boundary,wdbase_w10_00493
w10_109df1974f62efb12d35,train,boundary,wdbase_w10_00493
w10_ba729ce82e03de68cd57,train,boundary,wdbase_w10_00009
w10_8dc8e38fe89964a7bccd,train,boundary,wdbase_w10_01088
w10_bcb0a17160e1356655b2,train,boundary,wdbase_w10_00219
w10_f85d49484bf98b40f432,train,boundary,wdbase_w10_00009
w10_2e068a7dcf79a556f4ed,train,boundary,wdbase_w10_00350
w10_2fdac83db2b507fb9d83,train,boundary,wdbase_w10_00666
w10_81518e803a4576d78ddd,train,boundary,wdbase_w10_01032
w10_f5b00c2d091df0689d6c,train,boundary,wdbase_w10_00219
w10_5dc03339912512b31e59,train,boundary,wdbase_w10_01088
w10_b1693d203c5b1b47d1f7,train,boundary,wdbase_w10_01093
w10_85d24b6b5737308c247a,train,boundary,wdbase_w10_01077
w10_e0f10d90073ec1fbf497,train,boundary,wdbase_w10_00009
w10_fc64ff51a565e1ae4fe9,train,boundary,wdbase_w10_01077
w10_e8e026d0ececd0210006,train,boundary,wdbase_w10_00395
w10_4a79fa17123756aea43f,train,boundary,wdbase_w10_01026
w10_f346e3cf6f2061cf8e1c,train,boundary,wdbase_w10_00395
w10_2d1ff46cfee8825eaaa8,train,boundary,wdbase_w10_00000
w10_3b69cf1799372826f440,train,boundary,wdbase_w10_01040
w10_f2271fa51621c06cd2d3,train,boundary,wdbase_w10_01135
w10_424d3e21b202589325b2,train,boundary,wdbase_w10_00219
w10_226aade3176a0561c045,train,boundary,wdbase_w10_01026
w10_86cbf8f777643f4f0d72,train,boundary,wdbase_w10_00690
w10_5e379b99bf9917e200c2,train,boundary,wdbase_w10_00591
w10_52d626e36d6a3f7d86ae,train,boundary,wdbase_w10_00690
w10_06f655d2c8a96573f635,train,boundary,wdbase_w10_00317
w10_ec5e70502e18ab147d30,train,boundary,wdbase_w10_00009
w10_091de2f7e6d287462b81,train,boundary,wdbase_w10_01077
w10_bc5d9c4deba12fe7342a,train,boundary,wdbase_w10_01026
w10_29af751ee44bc27d03b4,train,boundary,wdbase_w10_00493
w10_3cb2ad7a8e0c92c52d67,train,boundary,wdbase_w10_00317
w10_7d51fbc26bcf19f8476a,train,boundary,wdbase_w10_00690
w10_7d99e0ef2f2d39726293,train,boundary,wdbase_w10_01077
w10_d714fe667e5b735e93da,train,boundary,wdbase_w10_01032
w10_e28206e064c6dc053971,train,boundary,wdbase_w10_00350
w10_41d439e46e67c80f8a86,train,boundary,wdbase_w10_00690
w10_62de7630743a87007f40,train,boundary,wdbase_w10_00824
w10_e3b6eee6eabfcd9c4cd1,train,boundary,wdbase_w10_00395
w10_f7195dadff9dd5142753,train,boundary,wdbase_w10_01202
w10_7f118ba39ec0f4374eba,train,boundary,wdbase_w10_00219
w10_6f57c612043b62bd285f,train,boundary,wdbase_w10_00000
w10_314b1c2418cc79093ae1,train,boundary,wdbase_w10_01088
w10_bcec4d32eb30aa3972f8,train,boundary,wdbase_w10_00350
w10_847a2dc2794b907ed2ec,train,boundary,wdbase_w10_00395
w10_982b557be822c6d0ddd3,train,boundary,wdbase_w10_00350
w10_da15d1f2961c77c12899,train,boundary,wdbase_w10_01088
w10_c104cf73c12601c884ff,train,boundary,wdbase_w10_00009
w10_fd20122ce98726c76575,train,boundary,wdbase_w10_01135
w10_f2dfbdc66cb7af654955,train,boundary,wdbase_w10_00009
w10_399b3663c58bad8be408,train,boundary,wdbase_w10_01026
w10_95110ef7458a5ae33551,train,boundary,wdbase_w10_00666
w10_1cb07da110ea246fc7ad,train,boundary,wdbase_w10_01077
w10_be2fe8a2c3a844e07112,train,boundary,wdbase_w10_01077
w10_8058ead4b77722306bc6,train,boundary,wdbase_w10_01077
w10_94cbb83b74e958deb436,train,boundary,wdbase_w10_01032
w10_0b94e2bd7dbc1a3c5372,train,boundary,wdbase_w10_01032
w10_a092cd366d43bef5604d,train,boundary,wdbase_w10_00317
w10_0de93983c8a261262cd6,train,boundary,wdbase_w10_00009
w10_82a88d23f030661a84f9,train,boundary,wdbase_w10_01135
w10_47f3ce1b0a59e5fe66ed,train,boundary,wdbase_w10_01026
w10_6019288198505a2eb5ae,train,boundary,wdbase_w10_01093
w10_80d5dd0eb2a6a9a80293,train,boundary,wdbase_w10_01202
w10_29248ba2b7da75c9723a,train,boundary,wdbase_w10_00317
w10_5ee2c44582b13ad026bf,train,boundary,wdbase_w10_00824
w10_84973ebe2c7a1dec8d88,train,boundary,wdbase_w10_00824
w10_034419a523e58432281b,train,boundary,wdbase_w10_01040
w10_868e81a1e060a1ac830a,train,boundary,wdbase_w10_00591
w10_55c229b550e4b2842d59,train,boundary,wdbase_w10_00219
w10_041f8ab22e8a4e492325,train,boundary,wdbase_w10_01040
w10_011d9c3256240f72658c,train,boundary,wdbase_w10_00666
w10_7561a16a8f7b93268418,train,boundary,wdbase_w10_01032
w10_adca95906d3462212992,train,boundary,wdbase_w10_00824
w10_286489484a640535d31e,train,boundary,wdbase_w10_01032
w10_f89514a0cf9c8db1bd72,train,boundary,wdbase_w10_00690
w10_86b708279b1071d66875,train,boundary,wdbase_w10_01040
w10_f2a15ba702a14497a078,train,boundary,wdbase_w10_00591
w10_d82ffd10d073f827651e,train,boundary,wdbase_w10_01135
w10_d8709dbf0c15a2fb685c,train,boundary,wdbase_w10_00690
w10_5fff016089b51c118142,train,boundary,wdbase_w10_00493
w10_4e24d900c2e1f6cdb018,train,boundary,wdbase_w10_00238
w10_da03bdb452ca5a806550,train,boundary,wdbase_w10_00219
w10_ac989ff9059a2ba3c608,train,boundary,wdbase_w10_01077
w10_455dfce3a5ffaf0192b4,train,boundary,wdbase_w10_00666
w10_d9f442499983d4207860,train,boundary,wdbase_w10_00493
w10_ce66ccb79894192fa575,train,boundary,wdbase_w10_00238
w10_e647bbeb234a6cfe22f5,train,boundary,wdbase_w10_00009
w10_c583060f1a020b5f7f41,train,boundary,wdbase_w10_00238
w10_8b32274acc921e7f1ff6,train,boundary,wdbase_w10_00824
w10_80ab7187dd868307a1fd,train,boundary,wdbase_w10_00591
w10_61e46f9fee8a841abeb7,train,boundary,wdbase_w10_00824
w10_f8de8f672c2e96cacb05,train,boundary,wdbase_w10_00666
w10_5fc2ee4d11e6d537da24,train,boundary,wdbase_w10_00350
w10_796e14594caeb6426787,validation,thermal,wdbase_w10_00336
w10_02d7bbdfa463e43805a1,validation,thermal,wdbase_w10_00479
w10_f8e76c3f54ad7f99dd22,validation,thermal,wdbase_w10_00336
w10_48ff246c839e6c05c4a1,validation,thermal,wdbase_w10_00479
w10_113a0ee84238bbd1eee0,validation,thermal,wdbase_w10_00479
w10_f56ad63d627d23dac29d,validation,thermal,wdbase_w10_00479
w10_8cc7f9cdd346bc6ce479,validation,thermal,wdbase_w10_00336
w10_84227e8106722a2cf16a,validation,thermal,wdbase_w10_00479
w10_57682c3c9b5195639231,validation,thermal,wdbase_w10_00479
w10_f900512f415b8632579b,validation,thermal,wdbase_w10_00479
w10_f8fbba1185420efb0e17,validation,thermal,wdbase_w10_00209
w10_90cc2b5fae7869c2e82d,validation,thermal,wdbase_w10_00479
w10_50b5ac13e50ea9760794,validation,thermal,wdbase_w10_00479
w10_044f8f89d3d8fb262b2f,validation,thermal,wdbase_w10_00209
w10_a06e93c5fa25691ae7bb,validation,thermal,wdbase_w10_00336
w10_e1a6767fba2d7f05fb64,validation,thermal,wdbase_w10_00336
w10_091b9191b80f525d7fb4,validation,thermal,wdbase_w10_00336
w10_390ea1ef0a3389a9d001,validation,thermal,wdbase_w10_00336
w10_d7f063702d7ca3e597c1,validation,thermal,wdbase_w10_00336
w10_d3b64378dab5a31108bd,validation,thermal,wdbase_w10_00209
w10_4fce913f5ab374e84dcf,validation,thermal,wdbase_w10_00209
w10_3d47772e85746c37788a,validation,thermal,wdbase_w10_00209
w10_4253ffd248d7d687ae75,validation,thermal,wdbase_w10_00336
w10_b0dde7701f4ab838804d,validation,thermal,wdbase_w10_00336
w10_a02ee0bd73298e807542,validation,thermal,wdbase_w10_00479
w10_6d66622f2ca42b5a36bf,validation,thermal,wdbase_w10_00336
w10_d0f75948569be2ae89bf,validation,thermal,wdbase_w10_00479
w10_125f3dcd53bea67b1bc7,validation,thermal,wdbase_w10_00479
w10_55c082193f5d18d0925f,validation,thermal,wdbase_w10_00336
w10_a565d95e6cf4b5994bea,validation,thermal,wdbase_w10_00209
w10_a76491f941660dd9b6e0,validation,thermal,wdbase_w10_00336
w10_921fb4aa32d68f54e20e,validation,thermal,wdbase_w10_00209
w10_65f27f9d8d44b37a59ff,validation,thermal,wdbase_w10_00479
w10_7209923fe1364471cb84,validation,thermal,wdbase_w10_00479
w10_cef93177f898479779fb,validation,thermal,wdbase_w10_00336
w10_5515ac37d687013ec4fe,validation,thermal,wdbase_w10_00336
w10_88a2041ffca9601a1a32,validation,thermal,wdbase_w10_00209
w10_ced18b293dc88ced45d1,validation,thermal,wdbase_w10_00209
w10_15013dd4924c32589bf8,validation,thermal,wdbase_w10_00479
w10_bfb8a0cd5cdfb0820f45,validation,thermal,wdbase_w10_00336
w10_f84ecd808364c87756b4,validation,thermal,wdbase_w10_00336
w10_a2949e3cfe1509447a2c,validation,thermal,wdbase_w10_00479
w10_652def9b1a958c37706e,validation,thermal,wdbase_w10_00209
w10_aff9bc2ca43277342960,validation,thermal,wdbase_w10_00479
w10_bd9f6beeb3874734bafa,validation,thermal,wdbase_w10_00479
w10_f3f4d6d53346dd254596,validation,thermal,wdbase_w10_00209
w10_1acfc38341a1824cf027,validation,thermal,wdbase_w10_00479
w10_58053fa2f787ea4385d9,validation,thermal,wdbase_w10_00209
w10_9bce685482c69ae4fda4,validation,thermal,wdbase_w10_00209
w10_309be8c8ba2dc66c5e29,validation,thermal,wdbase_w10_00479
w10_740523c0848f4c550683,validation,thermal,wdbase_w10_00336
w10_be00b42b8e58f930220f,validation,thermal,wdbase_w10_00336
w10_9edc5968fcafba02df33,validation,thermal,wdbase_w10_00336
w10_bd54a7168f39760ed993,validation,thermal,wdbase_w10_00479
w10_34c9eb7a0198cda11ad8,validation,thermal,wdbase_w10_00479
w10_98ab399c2689715fa932,validation,thermal,wdbase_w10_00209
w10_7e0b6ca3efc0e50b9ded,validation,thermal,wdbase_w10_00479
w10_c2cba4ff86ad1a0a024b,validation,thermal,wdbase_w10_00479
w10_919976a94a44d7017425,validation,thermal,wdbase_w10_00336
w10_fdf0f2e76daadb31c76b,validation,thermal,wdbase_w10_00209
w10_38c8a27d503a54ee1a5b,validation,thermal,wdbase_w10_00336
w10_f56bfc0ca3d1a82cee80,validation,thermal,wdbase_w10_00209
w10_30daa95e3d0e7d3b22c2,validation,thermal,wdbase_w10_00209
w10_2df8d43e727d6de66369,validation,thermal,wdbase_w10_00479
w10_30de63529dc6a63b85a2,validation,thermal,wdbase_w10_00479
w10_163cdd56591aeec76d8b,validation,thermal,wdbase_w10_00209
w10_24c80213a0b4e77dc49f,validation,thermal,wdbase_w10_00336
w10_9ca1005eacffd03d4377,validation,thermal,wdbase_w10_00336
w10_d69351dd3741e479c5ae,validation,thermal,wdbase_w10_00336
w10_2b63233f978c93b6666d,validation,thermal,wdbase_w10_00209
w10_493d64d7e1fb909633e6,validation,thermal,wdbase_w10_00479
w10_4b34061a7acba4af64b1,validation,thermal,wdbase_w10_00209
w10_a1d8fdd76f1f2dac43af,validation,thermal,wdbase_w10_00336
w10_5739043017b531e468ac,validation,thermal,wdbase_w10_00209
w10_4c648060baa9ab9530ec,validation,thermal,wdbase_w10_00209
w10_237aa8b5ec82951f2046,validation,thermal,wdbase_w10_00336
w10_328a49a9c77cf0a32203,validation,thermal,wdbase_w10_00336
w10_19cca1a78be4a3a2d10b,validation,thermal,wdbase_w10_00209
w10_d6d12e3a50abcfdb3121,validation,thermal,wdbase_w10_00209
w10_4621c275f7789a128122,validation,thermal,wdbase_w10_00479
w10_90db6d086bd7d3e79558,validation,thermal,wdbase_w10_00336
w10_3bd85ee500c30b7888df,validation,thermal,wdbase_w10_00336
w10_b736630bdc5e2109c215,validation,thermal,wdbase_w10_00336
w10_4971557d530f1831908a,validation,thermal,wdbase_w10_00336
w10_04f2eb0f345c21b82228,validation,thermal,wdbase_w10_00336
w10_22d1d4d9a74502b64419,validation,thermal,wdbase_w10_00479
w10_2d07cf59475d817b7280,validation,thermal,wdbase_w10_00479
w10_0cb1b228d39a307ccdad,validation,thermal,wdbase_w10_00209
w10_368fd8698922977cbec1,validation,thermal,wdbase_w10_00209
w10_27e504b51a896b3584ae,validation,thermal,wdbase_w10_00479
w10_8ac78d89371da5e8bb80,validation,thermal,wdbase_w10_00479
w10_710549131ecfef21d558,validation,thermal,wdbase_w10_00479
w10_79c4e01a081ea1af85bb,validation,thermal,wdbase_w10_00479
w10_3ef8569b170372073b7a,validation,thermal,wdbase_w10_00479
w10_a18e289a1e8afb7895d5,validation,thermal,wdbase_w10_00209
w10_210ee7fe934782a34dae,validation,thermal,wdbase_w10_00336
w10_d03a403b5bd3c47fa334,validation,thermal,wdbase_w10_00479
w10_69730baeac568bfe3f2d,validation,thermal,wdbase_w10_00209
w10_881cd7fca3356117e092,validation,thermal,wdbase_w10_00209
w10_9207a3f9838cd42ac323,validation,thermal,wdbase_w10_00479
w10_53ce803529f2338c2e25,validation,thermal,wdbase_w10_00209
w10_6fc8eedc945d1d35f282,validation,thermal,wdbase_w10_00479
w10_69f1f653d15bb32ce157,validation,thermal,wdbase_w10_00479
w10_2226e30ee5c34939b3d3,validation,thermal,wdbase_w10_00479
w10_defe5fc18a0c862998a4,validation,thermal,wdbase_w10_00336
w10_7a85379b43cfa44daae1,validation,thermal,wdbase_w10_00336
w10_c1dcc536048e0e44324c,validation,thermal,wdbase_w10_00209
w10_f64da2250bb67096c47d,validation,thermal,wdbase_w10_00209
w10_c222f264517366ebcb2e,validation,thermal,wdbase_w10_00479
w10_7ec908b107ad8d31b9b2,validation,thermal,wdbase_w10_00336
w10_860070dfab2e61c5bda3,validation,thermal,wdbase_w10_00336
w10_736e577429d4ef503142,validation,thermal,wdbase_w10_00209
w10_ac029225e4c36387032d,validation,thermal,wdbase_w10_00336
w10_ab8afe701229395b2748,validation,thermal,wdbase_w10_00479
w10_be32e9e1f77db209ac19,validation,thermal,wdbase_w10_00479
w10_258352ebf0ddd7ce7911,validation,thermal,wdbase_w10_00209
w10_d72d8e390bb15b62475b,validation,thermal,wdbase_w10_00479
w10_b243e37410a55a4f1a2a,validation,thermal,wdbase_w10_00336
w10_43a3703018d38a9610b5,validation,thermal,wdbase_w10_00479
w10_19653396c89f5f9485ee,validation,thermal,wdbase_w10_00336
w10_75c4e298cfa622da0af3,validation,thermal,wdbase_w10_00336
w10_dfd8e225097050446499,validation,thermal,wdbase_w10_00479
w10_b1a84bc166faa80ca047,validation,thermal,wdbase_w10_00336
w10_25875ca1c1a3142006fb,validation,thermal,wdbase_w10_00479
w10_3666ee92d345ac7a7bc9,validation,thermal,wdbase_w10_00209
w10_59e44aab52dfe9ab8c3e,validation,thermal,wdbase_w10_00479
w10_109c68e56bc88002809c,validation,thermal,wdbase_w10_00479
w10_eec542ca682d5220d6cf,validation,thermal,wdbase_w10_00336
w10_55cc4e8280d953c59221,validation,thermal,wdbase_w10_00479
w10_85ddce907cbe43c32b3a,validation,thermal,wdbase_w10_00336
w10_17f484056044ec3d3bc2,validation,thermal,wdbase_w10_00209
w10_6d5b9da8e3f79ff608ba,validation,thermal,wdbase_w10_00479
w10_9065d26db478464faeb4,validation,thermal,wdbase_w10_00209
w10_46cef5553480262f3f14,validation,thermal,wdbase_w10_00209
w10_844528e7487115b04f43,validation,thermal,wdbase_w10_00336
w10_df8b7453cbc7b64136f1,validation,thermal,wdbase_w10_00209
w10_77fc0b9eb03ab4248aa1,validation,thermal,wdbase_w10_00209
w10_f521f094504e8dd23fbb,validation,thermal,wdbase_w10_00209
w10_20315429888b1fcfe1f0,validation,thermal,wdbase_w10_00336
w10_0d282b8f268d497ddfa3,validation,thermal,wdbase_w10_00336
w10_2d77489d4266b7e5dcdc,validation,thermal,wdbase_w10_00479
w10_7f2cf1f78ecbf3098e17,validation,thermal,wdbase_w10_00336
w10_4fbf6e9af3ff778f9fd0,validation,thermal,wdbase_w10_00336
w10_73498543f724be48d217,validation,thermal,wdbase_w10_00479
w10_34a1287d81dae6a4828c,validation,thermal,wdbase_w10_00209
w10_3c8f807fc9ec00a96fe3,validation,thermal,wdbase_w10_00209
w10_029746c1e408c3c18e48,validation,thermal,wdbase_w10_00336
w10_a4d17f6a8ddf5a2654d0,validation,thermal,wdbase_w10_00479
w10_a5bf90d3cb536e0937ec,validation,thermal,wdbase_w10_00209
w10_2a95929c6ed264a3ab00,validation,thermal,wdbase_w10_00479
w10_3e75ed9005af72030dd6,validation,thermal,wdbase_w10_00336
w10_9feaef13a8fe3f0aec4e,validation,thermal,wdbase_w10_00479
w10_83a20169b09556addbb0,validation,thermal,wdbase_w10_00209
w10_2c5e1ceba3ce076c49ac,validation,thermal,wdbase_w10_00479
w10_c833687155686edc48e9,validation,thermal,wdbase_w10_00336
w10_640a90aa80c99d7e44aa,validation,thermal,wdbase_w10_00209
w10_898aaa78906cdc15d69f,validation,thermal,wdbase_w10_00336
w10_133a09bdd702d618b7fc,validation,thermal,wdbase_w10_00479
w10_47c0f48d9090dc3d7613,validation,thermal,wdbase_w10_00479
w10_ed0d313b226ad68691f7,validation,thermal,wdbase_w10_00209
w10_5b9b1f56c9443db63e84,validation,thermal,wdbase_w10_00336
w10_fd3b5a8f204aa677ac24,validation,thermal,wdbase_w10_00336
w10_e3084e6ee30774894eb8,validation,thermal,wdbase_w10_00209
w10_480e90a03920a78d48db,validation,thermal,wdbase_w10_00336
w10_184c751b8a58c1f695f1,validation,thermal,wdbase_w10_00479
w10_80a65dbe8e7be1060b1d,validation,thermal,wdbase_w10_00336
w10_b15924cb5c8cdafc45bd,validation,thermal,wdbase_w10_00479
w10_0a7274dcf001b319df32,validation,thermal,wdbase_w10_00479
w10_466f3016c2cc4c035f60,validation,thermal,wdbase_w10_00209
w10_9a1e2e0de1c080c1bdf9,validation,thermal,wdbase_w10_00479
w10_6f6b625dab977d589a7d,validation,thermal,wdbase_w10_00209
w10_3788dd47ea8fb4137390,validation,thermal,wdbase_w10_00209
w10_71001c0b4dbcea2e8f79,validation,thermal,wdbase_w10_00479
w10_a6972d456b72046557ef,validation,thermal,wdbase_w10_00479
w10_05c4064bcfaaa229e5a2,validation,thermal,wdbase_w10_00336
w10_20111b406f5c91112b26,validation,thermal,wdbase_w10_00336
w10_a01c9cb3076b885fa5c6,validation,thermal,wdbase_w10_00479
w10_0aab8af6235e90612524,validation,thermal,wdbase_w10_00209
w10_deac90950778787751e8,validation,thermal,wdbase_w10_00209
w10_b86cca3cae5af4f35eb6,validation,thermal,wdbase_w10_00209
w10_ee954dcf795e4b37b155,validation,thermal,wdbase_w10_00479
w10_52c695d08e1da0da76d9,validation,thermal,wdbase_w10_00336
w10_d41606baf34add349a4b,validation,thermal,wdbase_w10_00336
w10_815deffe513af27b2c01,validation,thermal,wdbase_w10_00479
w10_932365c06bebbd5bedb6,validation,thermal,wdbase_w10_00209
w10_16f103866f96746c54c2,validation,thermal,wdbase_w10_00336
w10_b4f920dc6c9dd0989f7f,validation,thermal,wdbase_w10_00336
w10_373a08df348c49a54251,validation,thermal,wdbase_w10_00479
w10_b479f618f1ad444b6872,validation,thermal,wdbase_w10_00479
w10_0eaa8984d22460e07935,validation,thermal,wdbase_w10_00209
w10_328fb6f217b39851454e,validation,thermal,wdbase_w10_00479
w10_b3be4c036add19b07a96,validation,thermal,wdbase_w10_00209
w10_7094db08ced5504de5b1,validation,thermal,wdbase_w10_00209
w10_3077116da260647a01da,validation,thermal,wdbase_w10_00479
w10_2fdacc812d37cc9da012,validation,thermal,wdbase_w10_00209
w10_9dc2ae2fa536d7e9390c,validation,thermal,wdbase_w10_00209
w10_aaf057b799ee09591578,validation,thermal,wdbase_w10_00336
w10_c878624764fce3126b5f,validation,thermal,wdbase_w10_00336
w10_d8cead7a0f1ea17a7efa,validation,thermal,wdbase_w10_00336
w10_a5ce8a546b20bad8059b,validation,thermal,wdbase_w10_00209
w10_9e1af3b14b689c984c4d,validation,thermal,wdbase_w10_00336
w10_814dcfc581ef80fb4537,validation,thermal,wdbase_w10_00209
w10_658a62202c67063c5fa9,validation,thermal,wdbase_w10_00209
w10_95f2603c5cd5bece936f,validation,thermal,wdbase_w10_00209
w10_17e4ea36ff34409a1859,validation,thermal,wdbase_w10_00336
w10_78e34c57dd4165794694,validation,thermal,wdbase_w10_00336
w10_7c50a2202fbcd92cafb2,validation,thermal,wdbase_w10_00336
w10_ab8ca8df036efdbdf0a8,validation,thermal,wdbase_w10_00209
w10_09afbcaca51a403e70a0,validation,thermal,wdbase_w10_00479
w10_3d77915c3d2986c3601f,validation,thermal,wdbase_w10_00209
w10_d989a539266fb0c9b609,validation,thermal,wdbase_w10_00209
w10_cbf3a1e8fefc2be238b8,validation,thermal,wdbase_w10_00336
w10_df464517c2cbe8253f64,validation,thermal,wdbase_w10_00479
w10_d9a39545e0f3ba6aa685,validation,thermal,wdbase_w10_00336
w10_0e2b2baeda7b347e730c,validation,thermal,wdbase_w10_00479
w10_892ec9b0aa67c2da7cd6,validation,thermal,wdbase_w10_00209
w10_d7b8f6fa55f6a5d3f97e,validation,thermal,wdbase_w10_00209
w10_684de75a1eb4d661b193,validation,thermal,wdbase_w10_00209
w10_bc050521263fcf01869e,validation,thermal,wdbase_w10_00479
w10_ccd5feaa71f45119a7d6,validation,thermal,wdbase_w10_00336
w10_8feccd9ea58a22ffacdc,validation,thermal,wdbase_w10_00479
w10_87ba4226e2f17a176afa,validation,thermal,wdbase_w10_00479
w10_70d9ce066f2c817ee555,validation,thermal,wdbase_w10_00209
w10_83661d8230962ca122d1,validation,thermal,wdbase_w10_00209
w10_fd2e5d347c5e5554da1f,validation,thermal,wdbase_w10_00479
w10_da3ba68470e54ccf4cc5,validation,thermal,wdbase_w10_00336
w10_e1e116303c76ec9b89e8,validation,thermal,wdbase_w10_00209
w10_d78f9170b18accba56d6,validation,thermal,wdbase_w10_00209
w10_cdc276bb6b5bad2a3a2b,validation,thermal,wdbase_w10_00336
w10_8803838f35757cf691f8,validation,thermal,wdbase_w10_00336
w10_18faa003e86dff81b3bf,validation,thermal,wdbase_w10_00479
w10_fd17917c70cc43e54d1d,validation,thermal,wdbase_w10_00336
w10_c8569fd6c5fbbd6b9f47,validation,thermal,wdbase_w10_00336
w10_a292098747d3b99f366f,validation,thermal,wdbase_w10_00209
w10_379b5f28bf55d32b01a6,validation,thermal,wdbase_w10_00479
w10_cda40ac887d26c535e3b,validation,thermal,wdbase_w10_00479
w10_255073ebf4966f535622,validation,thermal,wdbase_w10_00336
w10_48db54053adfe92a373b,validation,thermal,wdbase_w10_00479
w10_e636ccfd1c9906615563,validation,thermal,wdbase_w10_00336
w10_f94348f6963a0c6e3527,validation,thermal,wdbase_w10_00479
w10_5e40ad7fee975aea9ebe,validation,thermal,wdbase_w10_00336
w10_2febe3084fd8de71c347,validation,thermal,wdbase_w10_00479
w10_e5bb04defa595d501d4a,validation,thermal,wdbase_w10_00209
w10_609ebbcb3dc90ac71476,validation,thermal,wdbase_w10_00209
w10_c5f8ce25a53b806f95b5,validation,thermal,wdbase_w10_00209
w10_145266821a1e62d8d139,validation,thermal,wdbase_w10_00479
w10_ef56244651862787732c,validation,thermal,wdbase_w10_00209
w10_1c05715d90f19c6cc959,validation,thermal,wdbase_w10_00336
w10_a604480c415a61d7b447,validation,thermal,wdbase_w10_00209
w10_8fdcbbfc7f8eefa1643e,validation,thermal,wdbase_w10_00479
w10_3cf94f7aaaa9f74b694e,validation,thermal,wdbase_w10_00336
w10_410256d56262577a84a2,validation,thermal,wdbase_w10_00479
w10_384699146021942ca8b1,validation,thermal,wdbase_w10_00479
w10_8de4f42543ad662adbab,validation,thermal,wdbase_w10_00336
w10_863172a1952abea563be,validation,thermal,wdbase_w10_00479
w10_d0b38047078d636bcfe0,validation,thermal,wdbase_w10_00209
w10_98d1c38b0980167fad2f,validation,thermal,wdbase_w10_00336
w10_64af83c810fe1d172118,validation,thermal,wdbase_w10_00336
w10_8d8d327cc238a0af1383,validation,thermal,wdbase_w10_00209
w10_218c4ad5a01f8b12c254,validation,thermal,wdbase_w10_00479
w10_86daa88aef01c46539b9,validation,thermal,wdbase_w10_00209
w10_40ea6b77015881fe0848,validation,thermal,wdbase_w10_00209
w10_665b5378d6f27b05f036,validation,thermal,wdbase_w10_00209
w10_d48b044995551ec36b28,validation,thermal,wdbase_w10_00479
w10_adcd3fee0981dea8952c,validation,thermal,wdbase_w10_00479
w10_5e5aa16c79a01759edf0,validation,thermal,wdbase_w10_00209
w10_9c16d9e1bc9b13af4cc2,validation,thermal,wdbase_w10_00336
w10_15a4e7b66ff35e68c1a8,validation,thermal,wdbase_w10_00336
w10_349f87a8470a40ea59a7,validation,thermal,wdbase_w10_00209
w10_21a8c0cd78310bd31986,validation,thermal,wdbase_w10_00209
w10_0c560feacdf562bb3622,validation,thermal,wdbase_w10_00479
w10_d0b3750a79269d98c55f,validation,thermal,wdbase_w10_00209
w10_fd6f75d322275b3d03ea,validation,thermal,wdbase_w10_00209
w10_9557cad877a147a9e48c,validation,thermal,wdbase_w10_00209
w10_545d49a19874a6f4f1eb,validation,thermal,wdbase_w10_00479
w10_ebf5ea2efe0719fa604a,validation,thermal,wdbase_w10_00336
w10_578db7a1631f37c4779f,validation,thermal,wdbase_w10_00479
w10_5cd85303d4feff489ef4,validation,thermal,wdbase_w10_00209
w10_fa43edb6f79948c48988,validation,thermal,wdbase_w10_00209
w10_09fd4f1e01ee62e66691,validation,thermal,wdbase_w10_00209
w10_99e0e8ccefd1c2bd57c2,validation,thermal,wdbase_w10_00209
w10_0ade7840160a6878f173,validation,thermal,wdbase_w10_00479
w10_3bce796e08720182e737,validation,thermal,wdbase_w10_00479
w10_f7b7fcc99f2f3921c889,validation,thermal,wdbase_w10_00479
w10_332d19e3a9f3802e4456,validation,thermal,wdbase_w10_00336
w10_ce0e590fdcb8bd291ce0,validation,thermal,wdbase_w10_00479
w10_a8be49c8ca444ff3df77,validation,thermal,wdbase_w10_00209
w10_8aef89bca5f726a02f14,validation,thermal,wdbase_w10_00336
w10_f66629f1755bb46424ce,validation,thermal,wdbase_w10_00209
w10_94fa099f72adf6d798f8,validation,thermal,wdbase_w10_00209
w10_09d9e5ed520a195af164,validation,thermal,wdbase_w10_00209
w10_891d87b06b9555e2f4dd,validation,thermal,wdbase_w10_00479
w10_1fc6cf1343ca28b72ab9,validation,thermal,wdbase_w10_00209
w10_9328876683a8ed7e40e5,validation,thermal,wdbase_w10_00336
w10_3bf5354998c3f6eafece,validation,thermal,wdbase_w10_00209
w10_3fa179d2f9e3f8306255,validation,thermal,wdbase_w10_00336
w10_2cb41f75ba4f8045e1af,validation,thermal,wdbase_w10_00336
w10_424e5dd5e8f94e5deb78,validation,thermal,wdbase_w10_00209
w10_31c38cd9e7899c4a8d55,validation,thermal,wdbase_w10_00479
w10_fe3cf89e36555d2d136b,validation,thermal,wdbase_w10_00479
w10_87a56f881b865c0b4578,validation,thermal,wdbase_w10_00479
w10_79855cf6a28cec934c3a,validation,thermal,wdbase_w10_00336
w10_cfd9f950d7bb96961c41,validation,thermal,wdbase_w10_00336
w10_75fc6158971beeb15cbb,validation,thermal,wdbase_w10_00479
w10_5f11dbab29a47f7b1cfd,validation,thermal,wdbase_w10_00479
w10_19269bb81d1bcfba957f,validation,thermal,wdbase_w10_00336
w10_e7c14f8b433dc16fea54,validation,thermal,wdbase_w10_00209
w10_118d403fcff94b1e72c8,validation,thermal,wdbase_w10_00209
w10_f1b7451a764c80250bcd,validation,thermal,wdbase_w10_00336
w10_35f970a80bbb5ac7def4,validation,thermal,wdbase_w10_00479
w10_1c7ca8b335596ba0b765,validation,thermal,wdbase_w10_00479
w10_fb3f73023aa4472b5c9f,validation,thermal,wdbase_w10_00209
w10_afdb864e2c2c726ee3cf,validation,thermal,wdbase_w10_00336
w10_e897f3ee2fc1964ec8ab,validation,thermal,wdbase_w10_00479
w10_05bbaeb22e82d2d17c2c,validation,thermal,wdbase_w10_00209
w10_e040d41b3a911adbda1b,validation,thermal,wdbase_w10_00479
w10_aadf8cda27547322370a,validation,thermal,wdbase_w10_00209
w10_499f755892e2c4c9ce76,validation,thermal,wdbase_w10_00479
w10_3688744f49e40c9b4ea6,validation,thermal,wdbase_w10_00479
w10_277b6b021881cc28bfb8,validation,thermal,wdbase_w10_00479
w10_82f79df357d3637b76b9,validation,thermal,wdbase_w10_00479
w10_06b1dfbbe26b35494ed0,validation,thermal,wdbase_w10_00336
w10_a690af0446456e51c80a,validation,thermal,wdbase_w10_00209
w10_0c843152c7be12f37ccb,validation,thermal,wdbase_w10_00336
w10_8313b123d47ca404212d,validation,thermal,wdbase_w10_00209
w10_141aa9f50016de57c877,validation,thermal,wdbase_w10_00479
w10_8d242fc89c750310c408,validation,thermal,wdbase_w10_00209
w10_1bc87f10b100ebc210af,validation,thermal,wdbase_w10_00209
w10_7c8c22a20820df75301d,validation,thermal,wdbase_w10_00209
w10_14da7664cf6619b375b7,validation,thermal,wdbase_w10_00336
w10_66841a344f4e659c634d,validation,thermal,wdbase_w10_00479
w10_78d51593a955696d7626,validation,thermal,wdbase_w10_00479
w10_3907698bc807a95e6e77,validation,thermal,wdbase_w10_00336
w10_e9724c71b6951584deb7,validation,thermal,wdbase_w10_00336
w10_2167203ef9a30c8df6bc,validation,thermal,wdbase_w10_00209
w10_29351f3fdfa4ac7d2a51,validation,thermal,wdbase_w10_00479
w10_d187159e46396a4c340c,validation,thermal,wdbase_w10_00336
w10_3120295626bd3600d296,validation,thermal,wdbase_w10_00209
w10_239f326ccb0ea3abe95c,validation,thermal,wdbase_w10_00209
w10_aae6fec71deef910e8ea,validation,thermal,wdbase_w10_00336
w10_a43ed2098411e954dd47,validation,thermal,wdbase_w10_00336
w10_c31ab54e3d77a8000661,validation,thermal,wdbase_w10_00479
w10_8e462f750bff2361c6a0,validation,thermal,wdbase_w10_00336
w10_c2092ca2dca360c0171b,validation,thermal,wdbase_w10_00209
w10_f580417ab9a6146dc4e8,validation,thermal,wdbase_w10_00479
w10_33aabb416b45760e4f99,validation,thermal,wdbase_w10_00209
w10_d2dfd59a7143aaaaaf0b,validation,thermal,wdbase_w10_00479
w10_9e48a8ba933bb1b198c8,validation,thermal,wdbase_w10_00336
w10_5b17667d4d6712586bb2,validation,thermal,wdbase_w10_00479
w10_a2f0d08a59d3a7a1c273,validation,thermal,wdbase_w10_00336
w10_b4b3680bcbef4680582d,validation,distortion,wdbase_w10_00209
w10_a5135bc1e7616fd02984,validation,distortion,wdbase_w10_00479
w10_73e373722f236897f7c2,validation,distortion,wdbase_w10_00336
w10_a9be29a0c7f9ab44cec8,validation,distortion,wdbase_w10_00479
w10_09efe8033fc1ae7785fe,validation,distortion,wdbase_w10_00336
w10_01964ae000bb259ab1c6,validation,distortion,wdbase_w10_00479
w10_325b2917821d401077c4,validation,distortion,wdbase_w10_00479
w10_7d456ae9091c49d9ebd2,validation,distortion,wdbase_w10_00479
w10_289ef0b7cfa206213b18,validation,distortion,wdbase_w10_00336
w10_ccc46a19b2e7445d5454,validation,distortion,wdbase_w10_00479
w10_9b1ce2449dd1ce986233,validation,distortion,wdbase_w10_00336
w10_3e4254ab2add57e47df4,validation,distortion,wdbase_w10_00336
w10_957aec9643bab174fa21,validation,distortion,wdbase_w10_00336
w10_b5ddf1a88e5e6eb89b73,validation,distortion,wdbase_w10_00479
w10_3d487a787d5ee1920e49,validation,distortion,wdbase_w10_00209
w10_c61d3be74d754ace6181,validation,distortion,wdbase_w10_00336
w10_1d647009ce5fb5ee7e91,validation,distortion,wdbase_w10_00336
w10_516c3b3314e40f202564,validation,distortion,wdbase_w10_00479
w10_f97c38c73a1b014893d4,validation,distortion,wdbase_w10_00479
w10_8243036c33ba6f778548,validation,distortion,wdbase_w10_00479
w10_155849e09c95e94acb32,validation,distortion,wdbase_w10_00209
w10_fe59e4f25c9a352c6eaf,validation,distortion,wdbase_w10_00479
w10_182aea24e35fcf25b8cb,validation,distortion,wdbase_w10_00336
w10_d5ae6386be68ba5186e9,validation,distortion,wdbase_w10_00336
w10_d27f06db54a48256d175,validation,distortion,wdbase_w10_00336
w10_91dbc356c2968e146295,validation,distortion,wdbase_w10_00209
w10_b561f340b88734ba16bd,validation,distortion,wdbase_w10_00209
w10_96275f5734691d1ab740,validation,distortion,wdbase_w10_00209
w10_ed99ee62c9955532c093,validation,distortion,wdbase_w10_00336
w10_efccc379f13bf0f4be0a,validation,distortion,wdbase_w10_00336
w10_fbd81c46babaef674abe,validation,distortion,wdbase_w10_00209
w10_5521d562556c4f446316,validation,distortion,wdbase_w10_00479
w10_981e45504ddcf5f3a658,validation,distortion,wdbase_w10_00209
w10_f824709923a0e7275b6d,validation,distortion,wdbase_w10_00479
w10_8cd3be4461d2e89629b3,validation,distortion,wdbase_w10_00209
w10_7a7f0a468c46972dfd42,validation,distortion,wdbase_w10_00479
w10_692f37aa0ca04441f290,validation,distortion,wdbase_w10_00336
w10_b2dc908242188e247792,validation,distortion,wdbase_w10_00336
w10_420ed0dc1f271337442d,validation,distortion,wdbase_w10_00479
w10_789b60aef3704284b530,validation,distortion,wdbase_w10_00479
w10_acf57d7884f0e6304a4a,validation,distortion,wdbase_w10_00336
w10_39b057cd54d9011fd2a2,validation,distortion,wdbase_w10_00209
w10_092be699459c7789db24,validation,distortion,wdbase_w10_00336
w10_46deab0e3fbbbfc5cef9,validation,distortion,wdbase_w10_00479
w10_0ff11111148c4442c282,validation,distortion,wdbase_w10_00336
w10_4a45c7017955b913addb,validation,distortion,wdbase_w10_00209
w10_4e948b2c69abf4150ae4,validation,distortion,wdbase_w10_00479
w10_21b19f522d2dd6e83db6,validation,distortion,wdbase_w10_00336
w10_67dd682efb1ebc860b08,validation,distortion,wdbase_w10_00336
w10_7d80d459422cc6a770ca,validation,distortion,wdbase_w10_00209
w10_9e824aba4bc36300a8aa,validation,distortion,wdbase_w10_00336
w10_77f242746482953f322f,validation,distortion,wdbase_w10_00336
w10_0bc3f37f281ef6af3e75,validation,distortion,wdbase_w10_00479
w10_514f3fca4d6627e0717e,validation,distortion,wdbase_w10_00479
w10_38e44fca837c81134342,validation,distortion,wdbase_w10_00336
w10_bb63b696a3c10a7b2fe5,validation,distortion,wdbase_w10_00209
w10_9679b0c07403d1e76648,validation,distortion,wdbase_w10_00209
w10_7355bf1796513ee80659,validation,distortion,wdbase_w10_00336
w10_7e5f3924cd9cf03b5b9b,validation,distortion,wdbase_w10_00479
w10_4d2c0b29cb8bb1a069bc,validation,distortion,wdbase_w10_00336
w10_85defafe68e24e9361db,validation,distortion,wdbase_w10_00336
w10_9bc459b928655cdec2c6,validation,distortion,wdbase_w10_00479
w10_51ac4c791b4cdea02762,validation,distortion,wdbase_w10_00479
w10_fdd1692bba11e848b126,validation,distortion,wdbase_w10_00479
w10_f7d5c6789cd71871598a,validation,distortion,wdbase_w10_00336
w10_da3131f4ab29d1225dac,validation,distortion,wdbase_w10_00336
w10_1e58a7f60890e3440912,validation,distortion,wdbase_w10_00209
w10_53a4525378f0271d6a96,validation,distortion,wdbase_w10_00479
w10_75cab7ce3ac74ad242c9,validation,distortion,wdbase_w10_00479
w10_f7b1d87499c09ee39f08,validation,distortion,wdbase_w10_00479
w10_a1c865c1c6ecffa17be1,validation,distortion,wdbase_w10_00336
w10_74a4e50ff26f82dda9e8,validation,distortion,wdbase_w10_00336
w10_0cba6d25b1ea6c5c48be,validation,distortion,wdbase_w10_00209
w10_61950c0a74f75fe4dae4,validation,distortion,wdbase_w10_00479
w10_2e410abe10a7a48d061a,validation,distortion,wdbase_w10_00209
w10_33a3720fbf842702fe89,validation,distortion,wdbase_w10_00336
w10_75ca68fe2f90ce0235f8,validation,distortion,wdbase_w10_00209
w10_d37bd1832947cf5b2ea8,validation,distortion,wdbase_w10_00336
w10_e260dcf7e42d9a53861c,validation,distortion,wdbase_w10_00479
w10_2aeb2d301f286bce3557,validation,distortion,wdbase_w10_00336
w10_2ce53672aec2a8b19b47,validation,distortion,wdbase_w10_00209
w10_3b148d590acb6147d655,validation,distortion,wdbase_w10_00479
w10_f66f741df46b5e30d85a,validation,distortion,wdbase_w10_00479
w10_12ff90e983106a7c6413,validation,distortion,wdbase_w10_00209
w10_724d753c9e369128a887,validation,distortion,wdbase_w10_00336
w10_819a41c7be903d5a0638,validation,distortion,wdbase_w10_00209
w10_97a4b75d61b4cbc11dd6,validation,distortion,wdbase_w10_00479
w10_c478c4217d64a8b9b01d,validation,distortion,wdbase_w10_00336
w10_4bc4ff96a08cb244b739,validation,distortion,wdbase_w10_00479
w10_16b08d36c5efee8751ec,validation,distortion,wdbase_w10_00336
w10_57105ff19f9302e4c97e,validation,distortion,wdbase_w10_00209
w10_84ea614781d35c657697,validation,distortion,wdbase_w10_00479
w10_ff1b8c670619f6c2f9b7,validation,distortion,wdbase_w10_00479
w10_3ad0f3cd0addaeeedda9,validation,distortion,wdbase_w10_00209
w10_f357f9c27228fb019aa6,validation,distortion,wdbase_w10_00209
w10_fc6ec07f99c06ab964a3,validation,distortion,wdbase_w10_00479
w10_da0fc089e858978d32f7,validation,distortion,wdbase_w10_00336
w10_174817eb6c0270f0ceae,validation,distortion,wdbase_w10_00336
w10_493f506614718050ffb4,validation,distortion,wdbase_w10_00479
w10_0cd70d9a48b7ca93bdbc,validation,distortion,wdbase_w10_00479
w10_00d0c8205c431783d765,validation,boundary,wdbase_w10_00209
w10_73393dcee0bb885b3f5a,validation,boundary,wdbase_w10_00479
w10_1b31f101c5c188b37055,validation,boundary,wdbase_w10_00479
w10_06ef47e019ad0fbcb293,validation,boundary,wdbase_w10_00336
w10_08ac805fda03f7eee24d,validation,boundary,wdbase_w10_00479
w10_41b63009fd1cb48cbb95,validation,boundary,wdbase_w10_00209
w10_e9489ba8a9aefa7b02de,validation,boundary,wdbase_w10_00336
w10_dd7690c2d884f6f13a28,validation,boundary,wdbase_w10_00209
w10_2f061189726201a1e932,validation,boundary,wdbase_w10_00479
w10_94517fe99f0aceb970f2,validation,boundary,wdbase_w10_00336
w10_dec90b9d8d8c51fde092,validation,boundary,wdbase_w10_00336
w10_5fcc920fe4d0848bd967,validation,boundary,wdbase_w10_00336
w10_c0d388b96254c5e35e38,validation,boundary,wdbase_w10_00479
w10_543be869a94f11f2759a,validation,boundary,wdbase_w10_00479
w10_c9c850c4674db006c7f9,validation,boundary,wdbase_w10_00479
w10_5a6f7587f699b52cb3e8,validation,boundary,wdbase_w10_00479
w10_ab98a3cfcf4e89ba8718,validation,boundary,wdbase_w10_00336
w10_4cc880c3f88f6b39bbd3,validation,boundary,wdbase_w10_00479
w10_767fcc767c5a3d849a35,validation,boundary,wdbase_w10_00479
w10_3e72505730213d14b726,validation,boundary,wdbase_w10_00209
w10_e5bcfd6317267cb884a0,validation,boundary,wdbase_w10_00479
w10_73c54152aebce380389f,validation,boundary,wdbase_w10_00209
w10_08645395c21c6085c8ae,validation,boundary,wdbase_w10_00209
w10_6349516044d3f3097ca8,validation,boundary,wdbase_w10_00336
w10_bf3049c12933bd17875a,validation,boundary,wdbase_w10_00336
w10_9de0d1f1de7d083e524b,validation,boundary,wdbase_w10_00209
w10_9a0003a6f52f6dc13b2a,validation,boundary,wdbase_w10_00479
w10_2b7887a22375fd03f336,validation,boundary,wdbase_w10_00209
w10_3b5f378d21e74413f91c,validation,boundary,wdbase_w10_00336
w10_a78d3fced6a0d72a0f4e,validation,boundary,wdbase_w10_00336
w10_8e36944e32ed28dcccff,validation,boundary,wdbase_w10_00336
w10_e3be820c4afbbd6a0b5b,validation,boundary,wdbase_w10_00209
w10_b331ce3f7ca3e03394a3,validation,boundary,wdbase_w10_00336
w10_1659f0a7852438211c4e,validation,boundary,wdbase_w10_00336
w10_eca87e88f6c20cd2cae0,validation,boundary,wdbase_w10_00209
w10_78463bd37f5776dfa256,validation,boundary,wdbase_w10_00209
w10_066e6b94e836771fc60e,validation,boundary,wdbase_w10_00209
w10_4788bfbe434b7d874676,validation,boundary,wdbase_w10_00209
w10_25d2962ac8140b3d4405,validation,boundary,wdbase_w10_00336
w10_065509e6c144e7f79e1f,validation,boundary,wdbase_w10_00479
w10_dc3f030d46c030e05219,validation,boundary,wdbase_w10_00336
w10_6c3a13a4ba234fa900ba,validation,boundary,wdbase_w10_00209
w10_13b343329ee6d6ba957f,validation,boundary,wdbase_w10_00336
w10_c1e23319b62fd45ad276,validation,boundary,wdbase_w10_00479
w10_192104a5c6c86daa3691,validation,boundary,wdbase_w10_00479
w10_92bd19d1e492faf0ab2c,validation,boundary,wdbase_w10_00479
w10_1d0d920cab9c2a48d9ae,validation,boundary,wdbase_w10_00479
w10_10d484b92dba100d5664,validation,boundary,wdbase_w10_00209
w10_76832ee815dde13d98c4,validation,boundary,wdbase_w10_00479
w10_6bc5bf71d9ffe8d3653f,validation,boundary,wdbase_w10_00479
w10_c004518f2b11b8144d5d,test_id,thermal,wdbase_w10_00077
w10_b025b5bd8463cdb8a121,test_id,thermal,wdbase_w10_00097
w10_2ef34c2b48ef06c98e8d,test_id,thermal,wdbase_w10_00077
w10_270f9fddd497e3282649,test_id,thermal,wdbase_w10_00001
w10_20c21852785b6e67eb98,test_id,thermal,wdbase_w10_00001
w10_4c215a324e3ab6f09779,test_id,thermal,wdbase_w10_00097
w10_ee91d89f4940c3c421c9,test_id,thermal,wdbase_w10_00077
w10_3fd3ce2a4acd8971850a,test_id,thermal,wdbase_w10_00097
w10_2160835d849193e84106,test_id,thermal,wdbase_w10_00097
w10_418ee5cb301f177716cc,test_id,thermal,wdbase_w10_00097
w10_3a80bb11b7ae595ed7d4,test_id,thermal,wdbase_w10_00001
w10_c44ee0afe8bca9a3a8a0,test_id,thermal,wdbase_w10_00097
w10_6d9281ed20beaef15bc6,test_id,thermal,wdbase_w10_00097
w10_566f7bb4720f95e4cd76,test_id,thermal,wdbase_w10_00097
w10_4732921c2640f129b91d,test_id,thermal,wdbase_w10_00097
w10_3b0f066fe7dafef14de7,test_id,thermal,wdbase_w10_00077
w10_70a441bbf23eb9699c2b,test_id,thermal,wdbase_w10_00001
w10_c60afd4d5fe7e765da60,test_id,thermal,wdbase_w10_00077
w10_951785981a8c7f0a4dce,test_id,thermal,wdbase_w10_00097
w10_09eff423bfa4a63a0bdc,test_id,thermal,wdbase_w10_00077
w10_6248e3814302ebb11c1a,test_id,thermal,wdbase_w10_00077
w10_f15a102f69bdc8bc8f54,test_id,thermal,wdbase_w10_00097
w10_dc702dc8f4b1552c56be,test_id,thermal,wdbase_w10_00077
w10_d6cf95e99b6d36425e55,test_id,thermal,wdbase_w10_00001
w10_8e293a5e29507ff37759,test_id,thermal,wdbase_w10_00097
w10_cfce19714462740093bf,test_id,thermal,wdbase_w10_00001
w10_e15b9f66978583469b34,test_id,thermal,wdbase_w10_00077
w10_46342323cac5b29bf668,test_id,thermal,wdbase_w10_00001
w10_921dac0c45a844568ebc,test_id,thermal,wdbase_w10_00077
w10_8b43463314aa86739f46,test_id,thermal,wdbase_w10_00001
w10_308a4318655f3ba70a4f,test_id,thermal,wdbase_w10_00001
w10_1cd5461a59cd8cd8ff1c,test_id,thermal,wdbase_w10_00001
w10_011a8010e00c879649ab,test_id,thermal,wdbase_w10_00097
w10_0d04d4696a13c1c4c511,test_id,thermal,wdbase_w10_00097
w10_4367d29aac62c8aa97b6,test_id,thermal,wdbase_w10_00097
w10_dd43f944c41c70d9d5a6,test_id,thermal,wdbase_w10_00001
w10_cf613ab4f30e44b3d2c2,test_id,thermal,wdbase_w10_00001
w10_46d014141b952b76896a,test_id,thermal,wdbase_w10_00097
w10_08ed6b0b17b937dfcbf9,test_id,thermal,wdbase_w10_00001
w10_3ddf38ffe28d11e62ffe,test_id,thermal,wdbase_w10_00077
w10_5ceff32008a01555fb1e,test_id,thermal,wdbase_w10_00001
w10_4cd79c3c6424dcaeefcd,test_id,thermal,wdbase_w10_00097
w10_846310f44d88ba421377,test_id,thermal,wdbase_w10_00097
w10_aa974f49e9de3d6533b9,test_id,thermal,wdbase_w10_00097
w10_eb2857ab4af9b488b79c,test_id,thermal,wdbase_w10_00097
w10_7a2eb91460572d19fd7c,test_id,thermal,wdbase_w10_00097
w10_4f87a2d5ed03c9fc78f0,test_id,thermal,wdbase_w10_00001
w10_253db8d29327c238f828,test_id,thermal,wdbase_w10_00077
w10_3b03f5206fc27749e20e,test_id,thermal,wdbase_w10_00097
w10_d4d87161e704d6fc5a23,test_id,thermal,wdbase_w10_00097
w10_c4387a3e1b5b8bf245b6,test_id,thermal,wdbase_w10_00097
w10_19e141fdc45dac4a71a0,test_id,thermal,wdbase_w10_00001
w10_ffcac700c2a539f39c93,test_id,thermal,wdbase_w10_00001
w10_403459a7aae4f8391992,test_id,thermal,wdbase_w10_00001
w10_7c0039a3b81bdc950c40,test_id,thermal,wdbase_w10_00097
w10_a34be56fcc33be8ade72,test_id,thermal,wdbase_w10_00001
w10_57af6488dbbf248b7ebc,test_id,thermal,wdbase_w10_00001
w10_a74d20737d1924aa3a79,test_id,thermal,wdbase_w10_00077
w10_4531a07de75c67bd11d2,test_id,thermal,wdbase_w10_00097
w10_d7fecb93a493278fc2af,test_id,thermal,wdbase_w10_00001
w10_94635a1b12cc2c497d75,test_id,thermal,wdbase_w10_00097
w10_c497b9696b903638bfa3,test_id,thermal,wdbase_w10_00077
w10_6c01ad316c8989478123,test_id,thermal,wdbase_w10_00097
w10_412002baab22cb25d625,test_id,thermal,wdbase_w10_00097
w10_3904fb276a60e641891a,test_id,thermal,wdbase_w10_00001
w10_3acc73e44fbff5607db9,test_id,thermal,wdbase_w10_00097
w10_865542a8aa9511595208,test_id,thermal,wdbase_w10_00097
w10_0dc8a2459d75d1c495fc,test_id,thermal,wdbase_w10_00001
w10_324df88fe15e7d49389f,test_id,thermal,wdbase_w10_00077
w10_18a910eadfa4d383ded0,test_id,thermal,wdbase_w10_00001
w10_5b175a0196bcb6eed529,test_id,thermal,wdbase_w10_00077
w10_451719d7f3edfb0d16d8,test_id,thermal,wdbase_w10_00077
w10_0733980bed0fc5dbd759,test_id,thermal,wdbase_w10_00001
w10_00ea597cac86d312706a,test_id,thermal,wdbase_w10_00077
w10_2052f87782d001cc5863,test_id,thermal,wdbase_w10_00077
w10_e80073a2f7d48c19c496,test_id,thermal,wdbase_w10_00077
w10_bab21fcf84b745a73d94,test_id,thermal,wdbase_w10_00077
w10_500cd5062dbfc13a842b,test_id,thermal,wdbase_w10_00001
w10_06033d8d95877d52805c,test_id,thermal,wdbase_w10_00077
w10_39378734701427887dd8,test_id,thermal,wdbase_w10_00097
w10_e57177b9692073533a96,test_id,thermal,wdbase_w10_00001
w10_17cd11a97d153783e866,test_id,thermal,wdbase_w10_00097
w10_50d4cab70948f7c4274f,test_id,thermal,wdbase_w10_00001
w10_d794af18c516ab991cc7,test_id,thermal,wdbase_w10_00077
w10_8b844af10872039c9b43,test_id,thermal,wdbase_w10_00001
w10_f1b7dd529da96a1b266f,test_id,thermal,wdbase_w10_00001
w10_511b9c1c66bb8382a01f,test_id,thermal,wdbase_w10_00001
w10_e5c6e40b92cfa890c73c,test_id,thermal,wdbase_w10_00001
w10_26e28b986c3f4ab0936b,test_id,thermal,wdbase_w10_00097
w10_57ec83f2f58edf3ff051,test_id,thermal,wdbase_w10_00097
w10_cdf1f564e3788b2e8f0d,test_id,thermal,wdbase_w10_00001
w10_497a2a02558f653da2f0,test_id,thermal,wdbase_w10_00077
w10_1f8ab48aef1a1885ca75,test_id,thermal,wdbase_w10_00077
w10_b86bbc53f27143608a66,test_id,thermal,wdbase_w10_00077
w10_c7f357a5d11cb11e7d9b,test_id,thermal,wdbase_w10_00077
w10_faa6ae178539e46bfe14,test_id,thermal,wdbase_w10_00097
w10_2fabb2fdd230c515c2e8,test_id,thermal,wdbase_w10_00077
w10_5fbd98823a4f0d428a57,test_id,thermal,wdbase_w10_00001
w10_059ea52e86972d1fc4a6,test_id,thermal,wdbase_w10_00097
w10_d5ab48596537c0947124,test_id,thermal,wdbase_w10_00077
w10_d79e3fc7ebca50f93989,test_id,thermal,wdbase_w10_00097
w10_571434c7f56954462627,test_id,thermal,wdbase_w10_00097
w10_54da2dbae714ef9e069f,test_id,thermal,wdbase_w10_00001
w10_a179446feaef888a5331,test_id,thermal,wdbase_w10_00097
w10_51f141fa84b985d17023,test_id,thermal,wdbase_w10_00077
w10_90ca1c69c44a19e769db,test_id,thermal,wdbase_w10_00001
w10_147f5f0990cc38ee0485,test_id,thermal,wdbase_w10_00001
w10_3e968faee4c6e1dad226,test_id,thermal,wdbase_w10_00001
w10_4833c8a03a2c41b0ad7b,test_id,thermal,wdbase_w10_00097
w10_95a0ec4df11938953ade,test_id,thermal,wdbase_w10_00077
w10_7ca19ed3ce3821d1c437,test_id,thermal,wdbase_w10_00097
w10_6b50c61de96d7f73d13a,test_id,thermal,wdbase_w10_00097
w10_997973be1cabd879a589,test_id,thermal,wdbase_w10_00097
w10_41be6d9c390bd6f45149,test_id,thermal,wdbase_w10_00097
w10_ba7d6099c51fa82e36dd,test_id,thermal,wdbase_w10_00001
w10_7423b1af94e6577ae177,test_id,thermal,wdbase_w10_00097
w10_430194229930e76f7428,test_id,thermal,wdbase_w10_00001
w10_643aae0dc476e5ed5cd0,test_id,thermal,wdbase_w10_00077
w10_667de41a7896ec790cf5,test_id,thermal,wdbase_w10_00097
w10_6670415ecc9e0399182e,test_id,thermal,wdbase_w10_00097
w10_adc00fe73c46d2db8dfb,test_id,thermal,wdbase_w10_00097
w10_dd3428c1bd8168e72b29,test_id,thermal,wdbase_w10_00077
w10_1ea779ff1ca06d60f4d5,test_id,thermal,wdbase_w10_00077
w10_5adc1b36dbaa69a7145b,test_id,thermal,wdbase_w10_00097
w10_1f95d732a0a6466b40b4,test_id,thermal,wdbase_w10_00077
w10_e664c0062e5e420d7192,test_id,thermal,wdbase_w10_00077
w10_d211f6bb67f4e9271173,test_id,thermal,wdbase_w10_00001
w10_22891a9e96063750d418,test_id,thermal,wdbase_w10_00077
w10_1dbeeba6e3d9f83efc61,test_id,thermal,wdbase_w10_00001
w10_70fc20051cd7d0ebc7ee,test_id,thermal,wdbase_w10_00077
w10_90c5418c230363864503,test_id,thermal,wdbase_w10_00077
w10_824d41c88070c2879a0a,test_id,thermal,wdbase_w10_00001
w10_aba145062a91bf43a0d1,test_id,thermal,wdbase_w10_00077
w10_8cbae8d41276f6b316eb,test_id,thermal,wdbase_w10_00001
w10_bffb175c0030869ac6fe,test_id,thermal,wdbase_w10_00001
w10_7d47ea349a1d6acc2200,test_id,thermal,wdbase_w10_00001
w10_d2886bb7bae82f517ebd,test_id,thermal,wdbase_w10_00077
w10_637ddb87687b20b5a961,test_id,thermal,wdbase_w10_00097
w10_f5dde42bee545f374c60,test_id,thermal,wdbase_w10_00001
w10_7f1f5d9f0c7c5ca13690,test_id,thermal,wdbase_w10_00001
w10_e1547d53793cb5d5a962,test_id,thermal,wdbase_w10_00077
w10_dd76ac813c3d4a04674f,test_id,thermal,wdbase_w10_00097
w10_49628522212065a83d05,test_id,thermal,wdbase_w10_00097
w10_25b9ddb747a520ff66d4,test_id,thermal,wdbase_w10_00097
w10_52b20c4546b77801b45c,test_id,thermal,wdbase_w10_00001
w10_772add5cd23fb5cd6d0a,test_id,thermal,wdbase_w10_00001
w10_0308da9d3fa85257d3ac,test_id,thermal,wdbase_w10_00077
w10_b5eb9051e95154c9c905,test_id,thermal,wdbase_w10_00001
w10_7a8d49c177008d545c27,test_id,thermal,wdbase_w10_00001
w10_527806d1eb2f05854364,test_id,thermal,wdbase_w10_00077
w10_b13359721fe98d6d69a0,test_id,thermal,wdbase_w10_00001
w10_d2b231e2f0edcee35847,test_id,thermal,wdbase_w10_00001
w10_3c972cbfa5c4a201dfa1,test_id,thermal,wdbase_w10_00001
w10_983cf6664b15a910709c,test_id,thermal,wdbase_w10_00001
w10_be9717e043071291d650,test_id,thermal,wdbase_w10_00077
w10_eaca0a150d61dfff7c11,test_id,thermal,wdbase_w10_00077
w10_9bdc6de3ec525738f571,test_id,thermal,wdbase_w10_00077
w10_6b71785bb45fa87ea155,test_id,thermal,wdbase_w10_00077
w10_43543338a4cac04d7a86,test_id,thermal,wdbase_w10_00097
w10_e8ebebdc2e5848eabce9,test_id,thermal,wdbase_w10_00001
w10_fabada49305b1442ba0a,test_id,thermal,wdbase_w10_00001
w10_a07f6f81d74f85a2bfe3,test_id,thermal,wdbase_w10_00097
w10_5cb1200a7b5ac3e4783d,test_id,thermal,wdbase_w10_00077
w10_387c9f05efaf4bf36508,test_id,thermal,wdbase_w10_00077
w10_7a74614fef24fddc73c0,test_id,thermal,wdbase_w10_00077
w10_f5a361a31d8fb9dd5559,test_id,thermal,wdbase_w10_00001
w10_c4a8aeb9981b74a3f518,test_id,thermal,wdbase_w10_00097
w10_75930ed3c2209f4d7f97,test_id,thermal,wdbase_w10_00077
w10_652f7ce889f13ec7f680,test_id,thermal,wdbase_w10_00097
w10_a8c56e9c4494b84137db,test_id,thermal,wdbase_w10_00097
w10_4c8d466f2107ce77413f,test_id,thermal,wdbase_w10_00077
w10_a6f78c15309ffa23ad16,test_id,thermal,wdbase_w10_00077
w10_278d24b0678b7ab31630,test_id,thermal,wdbase_w10_00001
w10_ce9e88a9e33082dd2f44,test_id,thermal,wdbase_w10_00001
w10_682a565d43035697883e,test_id,thermal,wdbase_w10_00097
w10_1383bd387c0ee8ed7f8f,test_id,thermal,wdbase_w10_00077
w10_7ed05a84f3b4f3010d14,test_id,thermal,wdbase_w10_00001
w10_015788f1f5faf023f40d,test_id,thermal,wdbase_w10_00001
w10_ca27be90d1d01dc99256,test_id,thermal,wdbase_w10_00001
w10_ebf8f2111afdd4962bb6,test_id,thermal,wdbase_w10_00097
w10_3579c22f49f0be152301,test_id,thermal,wdbase_w10_00077
w10_276a331944075d3a7e32,test_id,thermal,wdbase_w10_00077
w10_d98924b77c79e9d3eba5,test_id,thermal,wdbase_w10_00077
w10_a61687212f8e5f9c75a8,test_id,thermal,wdbase_w10_00077
w10_339cfd0923fdaf7dd769,test_id,thermal,wdbase_w10_00001
w10_09b8c97ab20495c04407,test_id,thermal,wdbase_w10_00077
w10_11da12d8d26a3730ba9b,test_id,thermal,wdbase_w10_00077
w10_0f4c9683902fd630414f,test_id,thermal,wdbase_w10_00097
w10_407e7aea4d8c8ea6a0fb,test_id,thermal,wdbase_w10_00097
w10_f8f1b3a8359608226939,test_id,thermal,wdbase_w10_00097
w10_0199f4dc5d3042d2494f,test_id,thermal,wdbase_w10_00097
w10_4cdcb134f41505bfe29f,test_id,thermal,wdbase_w10_00001
w10_dd51e2004251632bfd43,test_id,thermal,wdbase_w10_00097
w10_0848ebd767be71debe0f,test_id,thermal,wdbase_w10_00001
w10_b1b96b8764faceaa8f82,test_id,thermal,wdbase_w10_00001
w10_c7fb1f276fd9459085f9,test_id,thermal,wdbase_w10_00097
w10_3bf4998a0e5095e78aff,test_id,thermal,wdbase_w10_00077
w10_260760d9a7038bfce438,test_id,thermal,wdbase_w10_00097
w10_effc36da057592d47f8c,test_id,thermal,wdbase_w10_00097
w10_48d490f6062138730ed2,test_id,thermal,wdbase_w10_00097
w10_4ab1f32b49157a9a8348,test_id,thermal,wdbase_w10_00097
w10_2f732f3bbd1d49932ac0,test_id,thermal,wdbase_w10_00077
w10_6a63e36e1e9c750b1e29,test_id,thermal,wdbase_w10_00001
w10_ddee26315e169122fc4f,test_id,thermal,wdbase_w10_00077
w10_11591481a3ecd872f740,test_id,thermal,wdbase_w10_00097
w10_c8da28b8a1a56a2aa94b,test_id,thermal,wdbase_w10_00097
w10_84dad3c18286928513e3,test_id,thermal,wdbase_w10_00001
w10_e1a92ed87067ae8b7e59,test_id,thermal,wdbase_w10_00077
w10_0076a379af82bd07cfbf,test_id,thermal,wdbase_w10_00097
w10_8f1eda0b531bc7531e71,test_id,thermal,wdbase_w10_00001
w10_0435aade70c991cc7d26,test_id,thermal,wdbase_w10_00001
w10_fb9eeb3d3592d9d0af38,test_id,thermal,wdbase_w10_00001
w10_c3fa23e0eb5a3e020b9f,test_id,thermal,wdbase_w10_00097
w10_b51cdf47b247580a334b,test_id,thermal,wdbase_w10_00001
w10_9290d98c77c6e7779efb,test_id,thermal,wdbase_w10_00077
w10_8a31f357c2ce4385c828,test_id,thermal,wdbase_w10_00097
w10_238db4974cf0ee9958c4,test_id,thermal,wdbase_w10_00001
w10_9ef8dc2098c3a8824f5b,test_id,thermal,wdbase_w10_00001
w10_ccea91edf0aec14a9346,test_id,thermal,wdbase_w10_00001
w10_f6ce5582ed853a53f3fe,test_id,thermal,wdbase_w10_00001
w10_a7e52484efc579b35511,test_id,thermal,wdbase_w10_00077
w10_d14baa628a43ccfe6b4c,test_id,thermal,wdbase_w10_00077
w10_adef6dc6059e05c46d59,test_id,thermal,wdbase_w10_00077
w10_f468a2e33766265bbdda,test_id,thermal,wdbase_w10_00077
w10_eedbaf9359e7bceb4cc9,test_id,thermal,wdbase_w10_00097
w10_e6c952a26e0bc815f52a,test_id,thermal,wdbase_w10_00001
w10_3b7b4222c6fd3a859179,test_id,thermal,wdbase_w10_00097
w10_d6862c8f21222203f0de,test_id,thermal,wdbase_w10_00077
w10_cc8a017e2474a2f21771,test_id,thermal,wdbase_w10_00077
w10_69a8a4027687b6ed90a1,test_id,thermal,wdbase_w10_00097
w10_3d0c995e93b17b230129,test_id,thermal,wdbase_w10_00097
w10_3f2116d40da089dfd9c8,test_id,thermal,wdbase_w10_00097
w10_6c85df3d753e0357f4bb,test_id,thermal,wdbase_w10_00077
w10_1c8b0cb37c802859b5c1,test_id,thermal,wdbase_w10_00097
w10_e64806f6dff1527b028a,test_id,thermal,wdbase_w10_00077
w10_6c1fed0f3a55fb478356,test_id,thermal,wdbase_w10_00077
w10_6011ce73d8103d0efe87,test_id,thermal,wdbase_w10_00097
w10_649784f832c95de4faf0,test_id,thermal,wdbase_w10_00097
w10_582ece479a57f7ccec94,test_id,thermal,wdbase_w10_00001
w10_9dcda82adb96f4078adf,test_id,thermal,wdbase_w10_00001
w10_97020826baf8bd4b2bbc,test_id,thermal,wdbase_w10_00097
w10_edf6bb53b282cd02ed97,test_id,thermal,wdbase_w10_00077
w10_314a6b6aa449643a597f,test_id,thermal,wdbase_w10_00097
w10_9f29679c7c101bfc54cf,test_id,thermal,wdbase_w10_00097
w10_c3a6143f2a2e50f965bf,test_id,thermal,wdbase_w10_00077
w10_f9be63ccd4e7a492e69e,test_id,thermal,wdbase_w10_00001
w10_020b80e0867f62101f03,test_id,thermal,wdbase_w10_00077
w10_d9911003b29df7dfce4a,test_id,thermal,wdbase_w10_00077
w10_28119e8e602791a0f138,test_id,thermal,wdbase_w10_00097
w10_9784c4e6bae9874bc7bf,test_id,thermal,wdbase_w10_00077
w10_487fe28ca086d96910e9,test_id,thermal,wdbase_w10_00077
w10_84463cfd67fd4ebca065,test_id,thermal,wdbase_w10_00097
w10_70fdf20e3bc435ccff23,test_id,thermal,wdbase_w10_00001
w10_9c5bb3e77e7bd6a47c28,test_id,thermal,wdbase_w10_00001
w10_d525d348b982bf4a4b6d,test_id,thermal,wdbase_w10_00001
w10_1e13f97487990be10444,test_id,thermal,wdbase_w10_00001
w10_e35c0f7849824aa8a89c,test_id,thermal,wdbase_w10_00077
w10_a323949079837b38c975,test_id,thermal,wdbase_w10_00001
w10_1770e264b9b2fee65a9f,test_id,thermal,wdbase_w10_00001
w10_9624902270be3ab52563,test_id,thermal,wdbase_w10_00077
w10_712495c2faa5a6f0ffdb,test_id,thermal,wdbase_w10_00077
w10_907cd4ea1b3240ea1bd4,test_id,thermal,wdbase_w10_00001
w10_87dd78bbf970b5b80b5c,test_id,thermal,wdbase_w10_00077
w10_7f71aebdd7504432e78c,test_id,thermal,wdbase_w10_00077
w10_d0bf439f99ee68882316,test_id,thermal,wdbase_w10_00001
w10_53c3c3b0bf3e204880ca,test_id,thermal,wdbase_w10_00097
w10_7e6789b66627c3db0a1d,test_id,thermal,wdbase_w10_00001
w10_8ae1de2e74f7a3d227bd,test_id,thermal,wdbase_w10_00001
w10_4f62e6d6902ba53c5cb9,test_id,thermal,wdbase_w10_00001
w10_c8b724d67919df517290,test_id,thermal,wdbase_w10_00077
w10_2c4c6c2deb3aee088b58,test_id,thermal,wdbase_w10_00077
w10_45ab52141b7c059f65a3,test_id,thermal,wdbase_w10_00001
w10_8abfaa9819edf42cd80d,test_id,thermal,wdbase_w10_00097
w10_685748b5f1dc3af1466b,test_id,thermal,wdbase_w10_00097
w10_f27f77e6898069ff882a,test_id,thermal,wdbase_w10_00097
w10_7ebefb7a5c56ab224d97,test_id,thermal,wdbase_w10_00077
w10_24751a52a9bf60327604,test_id,thermal,wdbase_w10_00001
w10_4fad3dc07f91c8618bfd,test_id,thermal,wdbase_w10_00097
w10_cce5682655fb4e01234b,test_id,thermal,wdbase_w10_00001
w10_b56c5cf4a3ea4dcf1f1b,test_id,thermal,wdbase_w10_00001
w10_d42b21c0144239ec2ae0,test_id,thermal,wdbase_w10_00001
w10_b674e7b197ee9007dfd2,test_id,thermal,wdbase_w10_00077
w10_e76f721d823cf3219551,test_id,thermal,wdbase_w10_00097
w10_4b7a0e1f38a39659bcd2,test_id,thermal,wdbase_w10_00001
w10_af67f9db12f6c4770b9a,test_id,thermal,wdbase_w10_00001
w10_37edc69b6bf79f4b296c,test_id,thermal,wdbase_w10_00001
w10_51fb2d421f11d9d93896,test_id,thermal,wdbase_w10_00097
w10_0a41552fcbbd5b165ac4,test_id,thermal,wdbase_w10_00097
w10_e162b2ad4e0b82e1ff0c,test_id,thermal,wdbase_w10_00077
w10_6f36e2caa16e714e806a,test_id,thermal,wdbase_w10_00097
w10_eefdb03438ee5caddb77,test_id,thermal,wdbase_w10_00001
w10_4afdf13eea9ecddb3a3f,test_id,thermal,wdbase_w10_00077
w10_76f848d4e9763e9d9ada,test_id,thermal,wdbase_w10_00001
w10_4716bd9ffc88a7b6ebde,test_id,thermal,wdbase_w10_00001
w10_b1e237e64d0d75f05e18,test_id,thermal,wdbase_w10_00001
w10_476d2631ab686b110105,test_id,thermal,wdbase_w10_00077
w10_09f84f7ba14da3fae309,test_id,thermal,wdbase_w10_00001
w10_146ed2235a01323f2598,test_id,thermal,wdbase_w10_00097
w10_ff9d714d9b11ea27fc92,test_id,thermal,wdbase_w10_00077
w10_3a4129523d78071871bd,test_id,thermal,wdbase_w10_00001
w10_4b2570f3913fe026b106,test_id,thermal,wdbase_w10_00097
w10_9e9f0dd402bb108e5842,test_id,thermal,wdbase_w10_00001
w10_2a140c868b5ea3ae2d1e,test_id,thermal,wdbase_w10_00077
w10_3e8a68e6dc334a6644aa,test_id,thermal,wdbase_w10_00001
w10_cbf2954670ac016253ec,test_id,thermal,wdbase_w10_00077
w10_22d713f7c769d3e0a033,test_id,thermal,wdbase_w10_00001
w10_9134c02b6e1dc6c31b43,test_id,thermal,wdbase_w10_00077
w10_4cac982ece2a818f20d2,test_id,thermal,wdbase_w10_00097
w10_34f4ab57fb0bb7b71253,test_id,thermal,wdbase_w10_00001
w10_3d6e4db2776f482d7e10,test_id,thermal,wdbase_w10_00077
w10_a6035e499369c19d6afe,test_id,thermal,wdbase_w10_00077
w10_71a3874a9af21512eea8,test_id,thermal,wdbase_w10_00001
w10_016cfdc92da6a41d3f0a,test_id,thermal,wdbase_w10_00097
w10_d26a890ebbc03641b091,test_id,thermal,wdbase_w10_00097
w10_2a3a5d6c277d1da145f5,test_id,thermal,wdbase_w10_00077
w10_fbc9dd2a9c672a235b6f,test_id,thermal,wdbase_w10_00001
w10_3cef69d713615f9e56c5,test_id,thermal,wdbase_w10_00077
w10_3d7a378bdc2206a3b08c,test_id,thermal,wdbase_w10_00097
w10_a18012b78c313f82676c,test_id,thermal,wdbase_w10_00001
w10_06e3a84132b209d3d1d2,test_id,thermal,wdbase_w10_00077
w10_48d11267b1d1c8af4a78,test_id,thermal,wdbase_w10_00077
w10_a6fb5930d7caae7c31c6,test_id,thermal,wdbase_w10_00077
w10_d4ae7737c42cc0a85b8a,test_id,thermal,wdbase_w10_00001
w10_64d85d9377e48ce5fb2f,test_id,thermal,wdbase_w10_00001
w10_2415cd002547d43a544d,test_id,thermal,wdbase_w10_00097
w10_058196fbf083476e4f15,test_id,thermal,wdbase_w10_00077
w10_918c34c8cb9823430118,test_id,thermal,wdbase_w10_00077
w10_2ce155bb00e880a47437,test_id,thermal,wdbase_w10_00001
w10_b9294e2173bc48e9177b,test_id,thermal,wdbase_w10_00077
w10_c5be587716e5c3299089,test_id,thermal,wdbase_w10_00097
w10_383a4658c5e152628774,test_id,thermal,wdbase_w10_00097
w10_9a8b2de286e7f8627a52,test_id,thermal,wdbase_w10_00077
w10_aa6ef60fd308b8d5a06e,test_id,thermal,wdbase_w10_00001
w10_fb508c1289dc9383bc6a,test_id,thermal,wdbase_w10_00001
w10_23dc8debe45301b5e592,test_id,thermal,wdbase_w10_00001
w10_8aa8a217d67599a7635d,test_id,thermal,wdbase_w10_00097
w10_cdfd5a34627fbcd40090,test_id,thermal,wdbase_w10_00001
w10_a60a3ca69395bdc31812,test_id,thermal,wdbase_w10_00097
w10_e2c010a1579fc42d1623,test_id,thermal,wdbase_w10_00077
w10_b9f50d50d4344cc38f05,test_id,thermal,wdbase_w10_00077
w10_6af5c1c6170c567370fe,test_id,thermal,wdbase_w10_00097
w10_e6270f81cf3520b6dad0,test_id,thermal,wdbase_w10_00097
w10_ab216e22922895d6c7cd,test_id,thermal,wdbase_w10_00097
w10_d92feb961afc763b2c25,test_id,thermal,wdbase_w10_00097
w10_6633215a5611757a5f4c,test_id,thermal,wdbase_w10_00077
w10_9f033fe55a18212ddd41,test_id,thermal,wdbase_w10_00001
w10_c384f17fc9bde8241019,test_id,thermal,wdbase_w10_00097
w10_03f74df7ac46f912f25b,test_id,thermal,wdbase_w10_00001
w10_bbf10fcda9f377d03c5b,test_id,thermal,wdbase_w10_00077
w10_837ac755eeba9ac59453,test_id,thermal,wdbase_w10_00077
w10_df6b09a1878baa18777a,test_id,distortion,wdbase_w10_00077
w10_add875ad8eff540af855,test_id,distortion,wdbase_w10_00097
w10_97ce1838e9394309af6e,test_id,distortion,wdbase_w10_00097
w10_5f4caf20208089624183,test_id,distortion,wdbase_w10_00097
w10_0f00324ade04f779a006,test_id,distortion,wdbase_w10_00001
w10_657a1a8ebcd5e47ac879,test_id,distortion,wdbase_w10_00097
w10_69c316760e3677ce0740,test_id,distortion,wdbase_w10_00001
w10_d236a1cfe4ab10f6a334,test_id,distortion,wdbase_w10_00097
w10_50b747ab6be3b2138a59,test_id,distortion,wdbase_w10_00001
w10_6666fbd481ce211e8b16,test_id,distortion,wdbase_w10_00097
w10_87a8c7849a5011a80c1b,test_id,distortion,wdbase_w10_00097
w10_21a6742270b32eb05aa9,test_id,distortion,wdbase_w10_00097
w10_8c92c62019e4039d5ba5,test_id,distortion,wdbase_w10_00001
w10_c8a150ba528a7a6170ea,test_id,distortion,wdbase_w10_00077
w10_006732496cfbb9fe53bc,test_id,distortion,wdbase_w10_00001
w10_11c367c57ec884cc2a2c,test_id,distortion,wdbase_w10_00097
w10_71af1c58e40a80975ad6,test_id,distortion,wdbase_w10_00097
w10_c8e9c9f04ababb907d8d,test_id,distortion,wdbase_w10_00097
w10_b0e8ea3b58132601183e,test_id,distortion,wdbase_w10_00001
w10_4298c5fc29f867ac6f5d,test_id,distortion,wdbase_w10_00097
w10_3ec494de31e160d13908,test_id,distortion,wdbase_w10_00077
w10_464886f26584d5fd7d6f,test_id,distortion,wdbase_w10_00077
w10_d18e222dac83b5e59b35,test_id,distortion,wdbase_w10_00001
w10_e3fbad897a695c7119d2,test_id,distortion,wdbase_w10_00097
w10_55f3eb1e999c32a77630,test_id,distortion,wdbase_w10_00001
w10_f6596015d9f4b70ef9de,test_id,distortion,wdbase_w10_00097
w10_478565007544577c4898,test_id,distortion,wdbase_w10_00077
w10_2075e0a5d6ce19908205,test_id,distortion,wdbase_w10_00077
w10_cdcdd8fce695876d232a,test_id,distortion,wdbase_w10_00001
w10_67061368fb87ce722496,test_id,distortion,wdbase_w10_00097
w10_19954132ce3a96ba9eaa,test_id,distortion,wdbase_w10_00077
w10_f1060506a61559a2b63a,test_id,distortion,wdbase_w10_00097
w10_de8c2880ec1e7ffd0c5e,test_id,distortion,wdbase_w10_00097
w10_9fc658bd608cfaa414c1,test_id,distortion,wdbase_w10_00077
w10_1b23f1d7f0484605310b,test_id,distortion,wdbase_w10_00077
w10_be258b8a9788b6efef1e,test_id,distortion,wdbase_w10_00077
w10_ec0dcdcb4a3ea9affff3,test_id,distortion,wdbase_w10_00077
w10_63547a7a754cacd3b73d,test_id,distortion,wdbase_w10_00077
w10_e8914eda72fbc0557b78,test_id,distortion,wdbase_w10_00097
w10_637c83a070411d92e8b4,test_id,distortion,wdbase_w10_00097
w10_624b98892e77dd5a532f,test_id,distortion,wdbase_w10_00097
w10_6c557872809e10b2d472,test_id,distortion,wdbase_w10_00097
w10_eaf36467546d9f2c2062,test_id,distortion,wdbase_w10_00097
w10_a32a219e187079cf72ba,test_id,distortion,wdbase_w10_00077
w10_b0c4b0a3f2dfbe7d6892,test_id,distortion,wdbase_w10_00097
w10_d0034ccbedf8ea31c376,test_id,distortion,wdbase_w10_00097
w10_ca4128abee2cd02a56a4,test_id,distortion,wdbase_w10_00001
w10_c5bb710d906cfce685ec,test_id,distortion,wdbase_w10_00001
w10_9e14a34a0560a88b01e8,test_id,distortion,wdbase_w10_00097
w10_746d58f93098dfd9e800,test_id,distortion,wdbase_w10_00097
w10_f3d29cc9d5cc2a8d4285,test_id,distortion,wdbase_w10_00097
w10_8565274e84aed07b7dbc,test_id,distortion,wdbase_w10_00001
w10_f420d8bf7253755b2bb2,test_id,distortion,wdbase_w10_00001
w10_a40eecca551ed904444b,test_id,distortion,wdbase_w10_00097
w10_4701e64608a6af2204c0,test_id,distortion,wdbase_w10_00097
w10_bb98fe4ba9bb667d15f7,test_id,distortion,wdbase_w10_00077
w10_9ffdc38c59d170cb5667,test_id,distortion,wdbase_w10_00077
w10_8f20fb29c0d7ed0db15c,test_id,distortion,wdbase_w10_00001
w10_8620dcb34361c1716c0d,test_id,distortion,wdbase_w10_00001
w10_1c0c4bcc14a2c63fe422,test_id,distortion,wdbase_w10_00001
w10_3c81e94047395d98a3e9,test_id,distortion,wdbase_w10_00001
w10_425a293052e572115a47,test_id,distortion,wdbase_w10_00077
w10_c7a34a5e96801fe129a1,test_id,distortion,wdbase_w10_00077
w10_3ac1117f668b50539b82,test_id,distortion,wdbase_w10_00077
w10_8216e3f1287c6a37c751,test_id,distortion,wdbase_w10_00001
w10_a14920e9ef4cf35bc804,test_id,distortion,wdbase_w10_00001
w10_ff256b30a3095caa748d,test_id,distortion,wdbase_w10_00001
w10_c3b8bcdc8831019b14f8,test_id,distortion,wdbase_w10_00001
w10_b0cc10d6874db784d850,test_id,distortion,wdbase_w10_00001
w10_3904a50b08b3a3534f3a,test_id,distortion,wdbase_w10_00077
w10_5beda8a60f0d25a894d9,test_id,distortion,wdbase_w10_00097
w10_1699c8a066cd4428517a,test_id,distortion,wdbase_w10_00077
w10_baa01a3da0fefe9529c0,test_id,distortion,wdbase_w10_00001
w10_e9bb1404982218688cd0,test_id,distortion,wdbase_w10_00077
w10_0c4b96b4a29770fa7911,test_id,distortion,wdbase_w10_00077
w10_a1ed56abcdcfeb50a62a,test_id,distortion,wdbase_w10_00097
w10_1bfdc08fc47f25a4036e,test_id,distortion,wdbase_w10_00001
w10_ed3827dfe0a49c1ea787,test_id,distortion,wdbase_w10_00077
w10_cbfbcab97808c788abe7,test_id,distortion,wdbase_w10_00097
w10_4d9c3d03dccecb9e686c,test_id,distortion,wdbase_w10_00077
w10_efed173900426899eab6,test_id,distortion,wdbase_w10_00001
w10_028da482a8a2df09ea25,test_id,distortion,wdbase_w10_00097
w10_854cecae3a9858eccaea,test_id,distortion,wdbase_w10_00097
w10_1b336473547decb3c1d8,test_id,distortion,wdbase_w10_00097
w10_d0c38025ac1a37cc807d,test_id,distortion,wdbase_w10_00001
w10_b50c2dd652e77a2ae6b5,test_id,distortion,wdbase_w10_00097
w10_53f6b4fa1f75a45f282f,test_id,distortion,wdbase_w10_00077
w10_6c4ddee1be430c532c62,test_id,distortion,wdbase_w10_00097
w10_9bf5cc954a1ffb969a80,test_id,distortion,wdbase_w10_00001
w10_ba271b53fc370665f004,test_id,distortion,wdbase_w10_00097
w10_0a44bc635fbe30827665,test_id,distortion,wdbase_w10_00001
w10_ed967b32b27beb56a836,test_id,distortion,wdbase_w10_00097
w10_f59b8055602c3339a690,test_id,distortion,wdbase_w10_00077
w10_95c8e6c43c02957ce3c4,test_id,distortion,wdbase_w10_00097
w10_0052b01b662da93182d1,test_id,distortion,wdbase_w10_00001
w10_33425b26ee306099b7dc,test_id,distortion,wdbase_w10_00077
w10_fa4fc91f6443b2cabb98,test_id,distortion,wdbase_w10_00077
w10_498e112ce0e98e3854b1,test_id,distortion,wdbase_w10_00077
w10_ab47fbb1e90bc679a4f9,test_id,distortion,wdbase_w10_00001
w10_f36393b0023a93e5fde8,test_id,distortion,wdbase_w10_00077
w10_f18145a8fd7087083d4a,test_id,boundary,wdbase_w10_00001
w10_bae0dca1ffd8dc87ebc3,test_id,boundary,wdbase_w10_00097
w10_7bc80047bf0ba1aa29ef,test_id,boundary,wdbase_w10_00001
w10_f3d80b6b4e0333739ba2,test_id,boundary,wdbase_w10_00077
w10_22ace12d607e1fb85a87,test_id,boundary,wdbase_w10_00097
w10_5189eb0ab318a68a4b5f,test_id,boundary,wdbase_w10_00001
w10_44cafd9bdb4a084f9738,test_id,boundary,wdbase_w10_00001
w10_7f75f28504cebc447f57,test_id,boundary,wdbase_w10_00001
w10_310367dd92a7bae3d554,test_id,boundary,wdbase_w10_00001
w10_35e842c864716d9ffbd4,test_id,boundary,wdbase_w10_00097
w10_6816b3c03bdd3698141a,test_id,boundary,wdbase_w10_00001
w10_029a071e373c1d34f5c4,test_id,boundary,wdbase_w10_00077
w10_3fb7fe6fe29afe0e588e,test_id,boundary,wdbase_w10_00077
w10_e4d58b1a42ea42ad3163,test_id,boundary,wdbase_w10_00097
w10_8516c0a4b74707e75395,test_id,boundary,wdbase_w10_00097
w10_e4f090d2997b582052c5,test_id,boundary,wdbase_w10_00097
w10_b9f9300abb104142c066,test_id,boundary,wdbase_w10_00077
w10_3d2ba126b6f115931d15,test_id,boundary,wdbase_w10_00077
w10_2aee5bff60aaae7a3b8a,test_id,boundary,wdbase_w10_00001
w10_c5405f187ebeae372687,test_id,boundary,wdbase_w10_00077
w10_a16943aa4eb7952ea1fe,test_id,boundary,wdbase_w10_00097
w10_14706bbc560e2e313207,test_id,boundary,wdbase_w10_00001
w10_a566d4bd42a1cdea4804,test_id,boundary,wdbase_w10_00001
w10_b51a783af81919070dcd,test_id,boundary,wdbase_w10_00001
w10_9670310cc652f5f9df74,test_id,boundary,wdbase_w10_00077
w10_73929418b290f96b3f24,test_id,boundary,wdbase_w10_00001
w10_62303bbebae5d6c886ae,test_id,boundary,wdbase_w10_00097
w10_84637cd5a3ff295a8add,test_id,boundary,wdbase_w10_00097
w10_50779609f6f295ada1b0,test_id,boundary,wdbase_w10_00077
w10_148f782cc3f90be18fd0,test_id,boundary,wdbase_w10_00097
w10_7455901cc1db6e9d67f0,test_id,boundary,wdbase_w10_00097
w10_a87fadbf411c6813e165,test_id,boundary,wdbase_w10_00097
w10_4679e519ed1e9acf8e26,test_id,boundary,wdbase_w10_00077
w10_172d3f0494367d6b1742,test_id,boundary,wdbase_w10_00097
w10_c7cb45c2522728667766,test_id,boundary,wdbase_w10_00077
w10_9e9bdddd588f03aae716,test_id,boundary,wdbase_w10_00077
w10_2d8e53f5362f1f4bb984,test_id,boundary,wdbase_w10_00077
w10_ea22e3d83b5f6597c3f8,test_id,boundary,wdbase_w10_00001
w10_d77b866dc5455ada2913,test_id,boundary,wdbase_w10_00001
w10_982710e814337e533c53,test_id,boundary,wdbase_w10_00077
w10_c5218aa388ac81f26f6b,test_id,boundary,wdbase_w10_00077
w10_957da8d123ff4ba47f22,test_id,boundary,wdbase_w10_00097
w10_5339eaece3cddbc0f369,test_id,boundary,wdbase_w10_00077
w10_0e3def95e50e1e65a611,test_id,boundary,wdbase_w10_00001
w10_6f3ec5874560be52fcdf,test_id,boundary,wdbase_w10_00097
w10_277a956f591940bff1bc,test_id,boundary,wdbase_w10_00097
w10_f5b693a249335a8798d7,test_id,boundary,wdbase_w10_00001
w10_31ce15b6b6583108a492,test_id,boundary,wdbase_w10_00077
w10_d64ae4b33755e81d84cd,test_id,boundary,wdbase_w10_00077
w10_55078c040e9c332ab219,test_id,boundary,wdbase_w10_00001
w10_3c48ee15d90a39df81d2,test_trajectory,trajectory,wdbase_w10_00514
w10_5049ffa586118a71a356,test_trajectory,trajectory,wdbase_w10_00514
w10_661e6d39f28bd8731807,test_trajectory,trajectory,wdbase_w10_00514
w10_5cc5f68061b25ac8ea41,test_trajectory,trajectory,wdbase_w10_00514
w10_bceda980137c29ad123c,test_trajectory,trajectory,wdbase_w10_00514
w10_54780ab4a8c55fbc6a03,test_trajectory,trajectory,wdbase_w10_00514
w10_9132e826128ae38ec130,test_trajectory,trajectory,wdbase_w10_00514
w10_586e0603f41561dceb4b,test_trajectory,trajectory,wdbase_w10_00514
w10_5af9cbc64876c599e10a,test_trajectory,trajectory,wdbase_w10_00514
w10_8f6d6c87e0a650b10bef,test_trajectory,trajectory,wdbase_w10_00514
w10_458cb42e5a3378d870e3,test_trajectory,trajectory,wdbase_w10_00514
w10_ad18493cdbbca55a7ece,test_trajectory,trajectory,wdbase_w10_00514
w10_136399146b36444c256e,test_trajectory,trajectory,wdbase_w10_00514
w10_a48fbdfe91f2ae5b4248,test_trajectory,trajectory,wdbase_w10_00514
w10_be67756a6731bfd058a9,test_trajectory,trajectory,wdbase_w10_00514
w10_54c80a707126d5d65681,test_trajectory,trajectory,wdbase_w10_00514
w10_74ac0e6642f5b15baab0,test_trajectory,trajectory,wdbase_w10_00514
w10_66b57f40bbd1999e32b3,test_trajectory,trajectory,wdbase_w10_00514
w10_9f81099877e81acf2a41,test_trajectory,trajectory,wdbase_w10_00514
w10_30f9bf28860468a73387,test_trajectory,trajectory,wdbase_w10_00514
w10_425c332358e47ff3544c,test_trajectory,trajectory,wdbase_w10_00514
w10_a500308b131e54dd67ba,test_trajectory,trajectory,wdbase_w10_00514
w10_ad3b0c981c416dfe8bd2,test_trajectory,trajectory,wdbase_w10_00514
w10_79e363b0bbbacfea4747,test_trajectory,trajectory,wdbase_w10_00514
w10_c5394cf8fd1b91c096ba,test_trajectory,trajectory,wdbase_w10_00514
w10_717aa550560c147ef592,test_trajectory,trajectory,wdbase_w10_00514
w10_ca2a5add7f2ff8c028d3,test_trajectory,trajectory,wdbase_w10_00514
w10_f2ff7f271ba1a4388054,test_trajectory,trajectory,wdbase_w10_00514
w10_396fe14960402965ef36,test_trajectory,trajectory,wdbase_w10_00514
w10_fec2c209dbb6fbc08343,test_trajectory,trajectory,wdbase_w10_00514
w10_b1d02de72a3820292f9a,test_trajectory,trajectory,wdbase_w10_00514
w10_b3c59666f47ada270295,test_trajectory,trajectory,wdbase_w10_00514
w10_abeb14624ee3110bed03,test_trajectory,trajectory,wdbase_w10_00514
w10_57b7b33936b3fdbb5d6c,test_trajectory,trajectory,wdbase_w10_00514
w10_f2cb6a10ebed8c1e5aa1,test_trajectory,trajectory,wdbase_w10_00514
w10_4c5415ade92201fb3f59,test_trajectory,trajectory,wdbase_w10_00514
w10_658475c085b3f52ec2db,test_trajectory,trajectory,wdbase_w10_00514
w10_d9797f033b1cc526fa48,test_trajectory,trajectory,wdbase_w10_00514
w10_3d25ff9d4cd30fe2ab4f,test_trajectory,trajectory,wdbase_w10_00514
w10_4c2e353bf8102fe5ced5,test_trajectory,trajectory,wdbase_w10_00514
w10_f202e177e5df3f697b2b,test_trajectory,trajectory,wdbase_w10_00514
w10_7b533bed3cd54188d33f,test_trajectory,trajectory,wdbase_w10_00514
w10_eaeaac6b964dfde4a211,test_trajectory,trajectory,wdbase_w10_00514
w10_02c5459eee42f8b9a9ff,test_trajectory,trajectory,wdbase_w10_00514
w10_9a6ec41a7f19cee7855c,test_trajectory,trajectory,wdbase_w10_00514
w10_efcb96b31164d05f9e96,test_trajectory,trajectory,wdbase_w10_00514
w10_1e060d76dc4298b80ea6,test_trajectory,trajectory,wdbase_w10_00514
w10_e3f88c3c4fbc98c7986d,test_trajectory,trajectory,wdbase_w10_00514
w10_a4b0045370b6453835e6,test_trajectory,trajectory,wdbase_w10_00514
w10_18f58e20974ecb96c8e9,test_trajectory,trajectory,wdbase_w10_00514
w10_ae83a656e05ee41d86f0,test_trajectory,trajectory,wdbase_w10_00514
w10_24661a456c1e71d8b69d,test_trajectory,trajectory,wdbase_w10_00514
w10_344fb8bfa6643377a1e4,test_trajectory,trajectory,wdbase_w10_00514
w10_c002be0e41b9a559cff4,test_trajectory,trajectory,wdbase_w10_00514
w10_3477080bb4d247264245,test_trajectory,trajectory,wdbase_w10_00514
w10_01f454c0b7f35feba8c7,test_trajectory,trajectory,wdbase_w10_00514
w10_a6a24fc7872bd6d91f48,test_trajectory,trajectory,wdbase_w10_00514
w10_e97229e657c528d45b64,test_trajectory,trajectory,wdbase_w10_00514
w10_c6d90cf597ba19c79336,test_trajectory,trajectory,wdbase_w10_00514
w10_983d9dfe99d466ebe779,test_trajectory,trajectory,wdbase_w10_00514
w10_9f8d206bb4de9f9cff74,test_trajectory,trajectory,wdbase_w10_00514
w10_a7e56e992c8343cc5785,test_trajectory,trajectory,wdbase_w10_00514
w10_cd40e3b0a395d39fe283,test_trajectory,trajectory,wdbase_w10_00514
w10_7ebdaeb4522b691ebe58,test_trajectory,trajectory,wdbase_w10_00514
w10_f2d7070a9ae2f18d1868,test_trajectory,trajectory,wdbase_w10_00514
w10_e67b1349cad3d6548fb2,test_trajectory,trajectory,wdbase_w10_00514
w10_ce9174678dc92bc97e13,test_trajectory,trajectory,wdbase_w10_00514
w10_1a3cd791f7e1ee2ff235,test_trajectory,trajectory,wdbase_w10_00514
w10_5b8dd1ad4e7707e3f24d,test_trajectory,trajectory,wdbase_w10_00514
w10_9eb272b82983363e29d2,test_trajectory,trajectory,wdbase_w10_00514
w10_0515bbb7c59cafded57f,test_trajectory,trajectory,wdbase_w10_00514
w10_7660fbc2e6120dc617e5,test_trajectory,trajectory,wdbase_w10_00514
w10_7a53a2268a068b895f4a,test_trajectory,trajectory,wdbase_w10_00514
w10_58c21c45bd48a568b65f,test_trajectory,trajectory,wdbase_w10_00514
w10_3bc5d5d43c9aa2cd74b5,test_trajectory,trajectory,wdbase_w10_00514
w10_50ef5d084adfe85c0dd7,test_trajectory,trajectory,wdbase_w10_00514
w10_f9502daf6c3c256cf125,test_trajectory,trajectory,wdbase_w10_00514
w10_04a3661fb4ae40b45ced,test_trajectory,trajectory,wdbase_w10_00514
w10_fb042036894fa1641b80,test_trajectory,trajectory,wdbase_w10_00514
w10_9f3210dc3e68ba9e1c8a,test_trajectory,trajectory,wdbase_w10_00514
w10_45c1e6c4e77a85c113d1,test_trajectory,trajectory,wdbase_w10_00514
w10_ed88f54bdf005442124b,test_trajectory,trajectory,wdbase_w10_00514
w10_96a5484ce93fb8b2b872,test_trajectory,trajectory,wdbase_w10_00514
w10_9d19278248005bdea956,test_trajectory,trajectory,wdbase_w10_00514
w10_f7ffe9418791acd9952f,test_trajectory,trajectory,wdbase_w10_00514
w10_a9c5be7d597fa70074de,test_trajectory,trajectory,wdbase_w10_00514
w10_b01cf483377f15978635,test_trajectory,trajectory,wdbase_w10_00514
w10_7c0a43696d6c96e70e45,test_trajectory,trajectory,wdbase_w10_00514
w10_78f6ef53f80aa79ac211,test_trajectory,trajectory,wdbase_w10_00514
w10_1b03cec652cc2ecaaada,test_trajectory,trajectory,wdbase_w10_00514
w10_3b1eff854bc3b336b136,test_trajectory,trajectory,wdbase_w10_00514
w10_9ec078e8e4defbe7925a,test_trajectory,trajectory,wdbase_w10_00514
w10_2e582bbd2007dc86c2c5,test_trajectory,trajectory,wdbase_w10_00514
w10_5d13d5eaef6dc09ac6fe,test_trajectory,trajectory,wdbase_w10_00514
w10_deb371fe5e077aa58f18,test_trajectory,trajectory,wdbase_w10_00514
w10_651583916aa22cc7627d,test_trajectory,trajectory,wdbase_w10_00514
w10_314d5f781023f9ceb95c,test_trajectory,trajectory,wdbase_w10_00514
w10_6aef309c316202c8b576,test_trajectory,trajectory,wdbase_w10_00514
w10_94f5b0fc334cd0d0df6e,test_trajectory,trajectory,wdbase_w10_00514
w10_d53f0a40c394434dcb00,test_trajectory,trajectory,wdbase_w10_00514
w10_839593fee8285b9dc514,test_trajectory,trajectory,wdbase_w10_00514
w10_e469cf671e2fe266e2bc,test_trajectory,trajectory,wdbase_w10_00514
w10_b8ab628b2ce07cbc8085,test_trajectory,trajectory,wdbase_w10_00514
w10_78f1ddc55a6c52943991,test_trajectory,trajectory,wdbase_w10_00514
w10_d4ebfc3992d6dcde9e4d,test_trajectory,trajectory,wdbase_w10_00514
w10_633743d66cd626d08901,test_trajectory,trajectory,wdbase_w10_00514
w10_9e662a7e89c211c17ce6,test_trajectory,trajectory,wdbase_w10_00514
w10_8e72d247aee34b0d3536,test_trajectory,trajectory,wdbase_w10_00514
w10_cf9691d3b6dc4bf105ce,test_trajectory,trajectory,wdbase_w10_00514
w10_114f23f510c6fb320538,test_trajectory,trajectory,wdbase_w10_00514
w10_a1bb23fc9fb5e40145e4,test_trajectory,trajectory,wdbase_w10_00514
w10_865bac2a6ebf07a21473,test_trajectory,trajectory,wdbase_w10_00514
w10_47054f6d5abeb95177be,test_trajectory,trajectory,wdbase_w10_00514
w10_78d3bcaf80f6133164fd,test_trajectory,trajectory,wdbase_w10_00514
w10_6416de02160c5009b6dd,test_trajectory,trajectory,wdbase_w10_00514
w10_726b101413b42ca5638a,test_trajectory,trajectory,wdbase_w10_00514
w10_b0c7c9d7b380a0d7566c,test_trajectory,trajectory,wdbase_w10_00514
w10_88ad5cd4fa1dd641ff10,test_trajectory,trajectory,wdbase_w10_00514
w10_f44dc8fd1557068a4b26,test_trajectory,trajectory,wdbase_w10_00514
w10_fde445f3be8e77de9aa3,test_trajectory,trajectory,wdbase_w10_00514
w10_2bb3d13ce9add4a12b96,test_trajectory,trajectory,wdbase_w10_00514
w10_22d34831d8ffd33af38c,test_trajectory,trajectory,wdbase_w10_00514
w10_6a4b1dde8e91c477e603,test_trajectory,trajectory,wdbase_w10_00514
w10_9dd227725ff487da891b,test_trajectory,trajectory,wdbase_w10_00514
w10_489b1c73bf9b9ef1a36b,test_trajectory,trajectory,wdbase_w10_00514
w10_944d9ab48cb144821c78,test_trajectory,trajectory,wdbase_w10_00514
w10_90279e52ea70a56cfc40,test_trajectory,trajectory,wdbase_w10_00514
w10_b278e72129c9b5887358,test_trajectory,trajectory,wdbase_w10_00514
w10_cc0658c00f23903875d3,test_trajectory,trajectory,wdbase_w10_00514
w10_7b82f0bc315e7a1bcb28,test_trajectory,trajectory,wdbase_w10_00514
w10_e3890ea038fc59273fea,test_trajectory,trajectory,wdbase_w10_00514
w10_c5365d8a4e3a7c6f2d94,test_trajectory,trajectory,wdbase_w10_00514
w10_8ce54e2114f8242f20ec,test_trajectory,trajectory,wdbase_w10_00514
w10_85d363e18f8808187137,test_trajectory,trajectory,wdbase_w10_00514
w10_768b7c48c6756125b2a3,test_trajectory,trajectory,wdbase_w10_00514
w10_588c1ffa85e53c27bf86,test_trajectory,trajectory,wdbase_w10_00514
w10_e1d78ab420d764ffe069,test_trajectory,trajectory,wdbase_w10_00514
w10_33113cb5d65ccf5ceedc,test_trajectory,trajectory,wdbase_w10_00514
w10_97f4c7dd0cf1def6e295,test_trajectory,trajectory,wdbase_w10_00514
w10_3b86915cfd6cbad247cf,test_trajectory,trajectory,wdbase_w10_00514
w10_253c009b5b2e0e3ccb71,test_trajectory,trajectory,wdbase_w10_00514
w10_ea6718e15fd1faefcddc,test_trajectory,trajectory,wdbase_w10_00514
w10_3d7bab88993fb003b3fb,test_trajectory,trajectory,wdbase_w10_00514
w10_caf7aecd4bdc8385edf6,test_trajectory,trajectory,wdbase_w10_00514
w10_7d0a0b66419af2da110d,test_trajectory,trajectory,wdbase_w10_00514
w10_8da690d62c80985152af,test_trajectory,trajectory,wdbase_w10_00514
w10_aa3660e24d2da441926c,test_trajectory,trajectory,wdbase_w10_00514
w10_98f0a3e11cd349b5b53f,test_trajectory,trajectory,wdbase_w10_00514
w10_4310efdaff710bd1a3b2,test_trajectory,trajectory,wdbase_w10_00514
w10_de3c4862212416b0f78e,test_trajectory,trajectory,wdbase_w10_00514
w10_c9b420fc6774668d3f21,test_trajectory,trajectory,wdbase_w10_00610
w10_ce0346944ae0327d225c,test_trajectory,trajectory,wdbase_w10_00610
w10_e0901eaf4d2751a07775,test_trajectory,trajectory,wdbase_w10_00610
w10_fc89976bc0bc084d6be9,test_trajectory,trajectory,wdbase_w10_00610
w10_003e5c04f6b80246e977,test_trajectory,trajectory,wdbase_w10_00610
w10_ab9b5ec8dda5a581f993,test_trajectory,trajectory,wdbase_w10_00610
w10_0f573248a8fb6b3ad4d9,test_trajectory,trajectory,wdbase_w10_00610
w10_8f489ea317210123f300,test_trajectory,trajectory,wdbase_w10_00610
w10_28a5e4c2ff25d7368a65,test_trajectory,trajectory,wdbase_w10_00610
w10_cc3350e33ff75fcf4479,test_trajectory,trajectory,wdbase_w10_00610
w10_5de75c27615ac00d5135,test_trajectory,trajectory,wdbase_w10_00610
w10_6db8be1e2a2864d76707,test_trajectory,trajectory,wdbase_w10_00610
w10_a0bebe660aebc4b03971,test_trajectory,trajectory,wdbase_w10_00610
w10_a1b6e67d267a453c9f27,test_trajectory,trajectory,wdbase_w10_00610
w10_acd43e44534b5b1b7788,test_trajectory,trajectory,wdbase_w10_00610
w10_2631693584ce7c59aa8f,test_trajectory,trajectory,wdbase_w10_00610
w10_a14acb2ddf93ca6ebde7,test_trajectory,trajectory,wdbase_w10_00610
w10_c0585bccf4495dca4b9e,test_trajectory,trajectory,wdbase_w10_00610
w10_7299f783845fcb9a7b4e,test_trajectory,trajectory,wdbase_w10_00610
w10_ad655b1603e445a5261d,test_trajectory,trajectory,wdbase_w10_00610
w10_4f8592ec0931caff64cb,test_trajectory,trajectory,wdbase_w10_00610
w10_cd09216bab05beb277ac,test_trajectory,trajectory,wdbase_w10_00610
w10_1501af192975a167dbbb,test_trajectory,trajectory,wdbase_w10_00610
w10_77f7f96670ebd180e19e,test_trajectory,trajectory,wdbase_w10_00610
w10_139ae570f1087e62d1a0,test_trajectory,trajectory,wdbase_w10_00610
w10_ea2d4ad22b0ba03b4374,test_trajectory,trajectory,wdbase_w10_00610
w10_8e7d65f54f572f393a82,test_trajectory,trajectory,wdbase_w10_00610
w10_726ce5c0ce1e95aec359,test_trajectory,trajectory,wdbase_w10_00610
w10_08cd7f8c1943463d9625,test_trajectory,trajectory,wdbase_w10_00610
w10_b5b03acc16add68435aa,test_trajectory,trajectory,wdbase_w10_00610
w10_bcf36b4f22ae0795138e,test_trajectory,trajectory,wdbase_w10_00610
w10_51f4b81b2d75a1cc4892,test_trajectory,trajectory,wdbase_w10_00610
w10_2d6446e2828302449b50,test_trajectory,trajectory,wdbase_w10_00610
w10_d51d882dd5eed2557e32,test_trajectory,trajectory,wdbase_w10_00610
w10_005d5d9c98f3a6f29b9a,test_trajectory,trajectory,wdbase_w10_00610
w10_d8e5e2408743775650ce,test_trajectory,trajectory,wdbase_w10_00610
w10_d456bf25d1becaef58bc,test_trajectory,trajectory,wdbase_w10_00610
w10_7e24a547380504076376,test_trajectory,trajectory,wdbase_w10_00610
w10_e9206a0f93a062831a4d,test_trajectory,trajectory,wdbase_w10_00610
w10_d0b1ac56e80d73fc55e0,test_trajectory,trajectory,wdbase_w10_00610
w10_a09d3b74c498fb285450,test_trajectory,trajectory,wdbase_w10_00610
w10_1ab1243b222815aa2d46,test_trajectory,trajectory,wdbase_w10_00610
w10_5127d3993a1f317a1c14,test_trajectory,trajectory,wdbase_w10_00610
w10_39feeb463cebb3f5e87c,test_trajectory,trajectory,wdbase_w10_00610
w10_3645003bf53880a3fbd6,test_trajectory,trajectory,wdbase_w10_00610
w10_fac7c7ecc1ffdaf345ed,test_trajectory,trajectory,wdbase_w10_00610
w10_3d3664e180b93c5e14b0,test_trajectory,trajectory,wdbase_w10_00610
w10_06f6faa1e9e86fca6b15,test_trajectory,trajectory,wdbase_w10_00610
w10_4f99c9436bde7412aa34,test_trajectory,trajectory,wdbase_w10_00610
w10_f8596caa062dc13f578d,test_trajectory,trajectory,wdbase_w10_00610
w10_13afc2516209b29cef16,test_trajectory,trajectory,wdbase_w10_00610
w10_7e60f4d9939744755a18,test_trajectory,trajectory,wdbase_w10_00610
w10_e7c9288a1511f7cf84c8,test_trajectory,trajectory,wdbase_w10_00610
w10_6eb68d7bf6e7481b163b,test_trajectory,trajectory,wdbase_w10_00610
w10_bb7020b16abba428098c,test_trajectory,trajectory,wdbase_w10_00610
w10_2e1ca9cf89002ec09047,test_trajectory,trajectory,wdbase_w10_00610
w10_22fa24832d63a39076c5,test_trajectory,trajectory,wdbase_w10_00610
w10_6d6cee612a4fe8ce7687,test_trajectory,trajectory,wdbase_w10_00610
w10_84074afa160e5f81de89,test_trajectory,trajectory,wdbase_w10_00610
w10_74557d0e006608b8d53d,test_trajectory,trajectory,wdbase_w10_00610
w10_0e554d18a4c006073c32,test_trajectory,trajectory,wdbase_w10_00610
w10_f8fde688c98e6e20f9f9,test_trajectory,trajectory,wdbase_w10_00610
w10_f0d5d1b9882dc0e1b107,test_trajectory,trajectory,wdbase_w10_00610
w10_8eb827793f26db3ee7f8,test_trajectory,trajectory,wdbase_w10_00610
w10_b11c3ac650d926152cce,test_trajectory,trajectory,wdbase_w10_00610
w10_a699b4afb18d5719823a,test_trajectory,trajectory,wdbase_w10_00610
w10_e58d59c7ee9935ae60b5,test_trajectory,trajectory,wdbase_w10_00610
w10_8f71af27730cda4f07f4,test_trajectory,trajectory,wdbase_w10_00610
w10_5d2796e6703b55ea3654,test_trajectory,trajectory,wdbase_w10_00610
w10_398c0c992b1654ba3261,test_trajectory,trajectory,wdbase_w10_00610
w10_c4a34a2a8329614959f9,test_trajectory,trajectory,wdbase_w10_00610
w10_da5c44f3b72ebfab05e4,test_trajectory,trajectory,wdbase_w10_00610
w10_3b9e2377b6042fc48652,test_trajectory,trajectory,wdbase_w10_00610
w10_ced00d2e9140fb92db5d,test_trajectory,trajectory,wdbase_w10_00610
w10_77b2dc40e163519a8367,test_trajectory,trajectory,wdbase_w10_00610
w10_70af4bb1c332c166131f,test_trajectory,trajectory,wdbase_w10_00610
w10_812037a8e15f0da861c7,test_trajectory,trajectory,wdbase_w10_00610
w10_6773157746d3dc25bb08,test_trajectory,trajectory,wdbase_w10_00610
w10_c6a57200fbc7aea99f6e,test_trajectory,trajectory,wdbase_w10_00610
w10_2ffcf8cc02e2db8603ce,test_trajectory,trajectory,wdbase_w10_00610
w10_d9c767eb9bfc8195d83a,test_trajectory,trajectory,wdbase_w10_00610
w10_90193af5b15d23d45dba,test_trajectory,trajectory,wdbase_w10_00610
w10_4e8c42e023fc3c7335b4,test_trajectory,trajectory,wdbase_w10_00610
w10_58426324a0d06aae7ac3,test_trajectory,trajectory,wdbase_w10_00610
w10_43a62d2de34326576ec7,test_trajectory,trajectory,wdbase_w10_00610
w10_33a712066c18e173e195,test_trajectory,trajectory,wdbase_w10_00610
w10_fa51a736a8fbd1d61f8e,test_trajectory,trajectory,wdbase_w10_00610
w10_713547027d55ff714ca1,test_trajectory,trajectory,wdbase_w10_00610
w10_0a4253e31a140212e228,test_trajectory,trajectory,wdbase_w10_00610
w10_786cf7031d12acda5ea9,test_trajectory,trajectory,wdbase_w10_00610
w10_a5366ecf1857a20928a6,test_trajectory,trajectory,wdbase_w10_00610
w10_20cb331bc64d81c3c889,test_trajectory,trajectory,wdbase_w10_00610
w10_17a02b716a20355203d4,test_trajectory,trajectory,wdbase_w10_00610
w10_0a36179a0edb86a6cac4,test_trajectory,trajectory,wdbase_w10_00610
w10_bef4e195ce9dacd79fcc,test_trajectory,trajectory,wdbase_w10_00610
w10_c55b93855ee486180e97,test_trajectory,trajectory,wdbase_w10_00610
w10_5749a6229aaf8ea995c0,test_trajectory,trajectory,wdbase_w10_00610
w10_286dac9fa25ca75d1854,test_trajectory,trajectory,wdbase_w10_00610
w10_2ea94ab66a7f021fd9d4,test_trajectory,trajectory,wdbase_w10_00610
w10_ea5dc2a574bc6e0c8acb,test_trajectory,trajectory,wdbase_w10_00610
w10_120ae613a14bf7b3958e,test_ood,ood,wdbase_w10_01285
w10_6ca05068ef65234ddeac,test_ood,ood,wdbase_w10_00960
w10_5cb736ac51b9ec8a174f,test_ood,ood,wdbase_w10_01285
w10_35781007ee5f1a3bea87,test_ood,ood,wdbase_w10_01285
w10_16a40886560a21c2d27b,test_ood,ood,wdbase_w10_01285
w10_c70e28d30d3d3ec6c1dd,test_ood,ood,wdbase_w10_01285
w10_13a60ed38686fbe3dee1,test_ood,ood,wdbase_w10_01285
w10_5e83f58e5317c3b17848,test_ood,ood,wdbase_w10_00960
w10_300a50bc093a45d30af4,test_ood,ood,wdbase_w10_01285
w10_640fe6237f1ea503706b,test_ood,ood,wdbase_w10_01285
w10_1623d4650fa0e9ae2789,test_ood,ood,wdbase_w10_01285
w10_df91c77fa894762c3a1f,test_ood,ood,wdbase_w10_00960
w10_d62938eb39be1f3daf2f,test_ood,ood,wdbase_w10_01285
w10_e45f93e53ea7d614f092,test_ood,ood,wdbase_w10_00960
w10_82635667d3e9d5e4d2b0,test_ood,ood,wdbase_w10_00960
w10_4420b98b093bd6edb78d,test_ood,ood,wdbase_w10_01285
w10_62117b26b20c2dad92a8,test_ood,ood,wdbase_w10_01285
w10_91aec690969789ddb3a5,test_ood,ood,wdbase_w10_00960
w10_b1cb49120b236244334b,test_ood,ood,wdbase_w10_00960
w10_44a10b7f71066e03f6de,test_ood,ood,wdbase_w10_01285
w10_3122ccb6a10320780dfa,test_ood,ood,wdbase_w10_01285
w10_040cc28e15cd7a4a03e5,test_ood,ood,wdbase_w10_00960
w10_fabc131754896a287a90,test_ood,ood,wdbase_w10_01285
w10_365e4a067149d840f918,test_ood,ood,wdbase_w10_01285
w10_87c3ac8aeede1c745578,test_ood,ood,wdbase_w10_01285
w10_f4a79b33a81ff08fe104,test_ood,ood,wdbase_w10_01285
w10_d23b3faeac4aaa322acb,test_ood,ood,wdbase_w10_01285
w10_16702dd8ee4b0d83aee4,test_ood,ood,wdbase_w10_00960
w10_35250a65a274435969f7,test_ood,ood,wdbase_w10_00960
w10_8c56dfbb3c013ba4155a,test_ood,ood,wdbase_w10_00960
w10_c9bf8d329837b0c69d38,test_ood,ood,wdbase_w10_01285
w10_518dd3dd33246e48e043,test_ood,ood,wdbase_w10_01285
w10_e7d57af2722c3a0508ad,test_ood,ood,wdbase_w10_00960
w10_f2659c6bf831f4c9731b,test_ood,ood,wdbase_w10_00960
w10_438806c937b71329c8ef,test_ood,ood,wdbase_w10_00960
w10_aca902fa8041b5edc08b,test_ood,ood,wdbase_w10_01285
w10_80f53d745e806f4f611c,test_ood,ood,wdbase_w10_01285
w10_6c76cf64542e6fa0fb70,test_ood,ood,wdbase_w10_01285
w10_558591ce204eb6b7cfac,test_ood,ood,wdbase_w10_01285
w10_90fb655ef53531481f3e,test_ood,ood,wdbase_w10_01285
w10_8155b66d884d2cf4de0e,test_ood,ood,wdbase_w10_01285
w10_d5e7d6728689a2a5ecac,test_ood,ood,wdbase_w10_01285
w10_cc88e783f32d31b201ea,test_ood,ood,wdbase_w10_01285
w10_774be7109f7288c8712e,test_ood,ood,wdbase_w10_01285
w10_7ccd76a49fbd87a02242,test_ood,ood,wdbase_w10_00960
w10_cdf6e8f8a7198244958d,test_ood,ood,wdbase_w10_01285
w10_4dafb763ff9440c52b41,test_ood,ood,wdbase_w10_00960
w10_7fc19c3d2fc5952ab9b8,test_ood,ood,wdbase_w10_00960
w10_877ea7b253ef8f551d8d,test_ood,ood,wdbase_w10_01285
w10_0a6f148e8de7c63f16c4,test_ood,ood,wdbase_w10_01285
w10_9b8193661b4483a75d5f,test_ood,ood,wdbase_w10_01285
w10_200fe681daed36e2020f,test_ood,ood,wdbase_w10_01285
w10_45fbc8a2a038cca33903,test_ood,ood,wdbase_w10_00960
w10_c1380195fe42e5957403,test_ood,ood,wdbase_w10_01285
w10_427973d088a69242b123,test_ood,ood,wdbase_w10_00960
w10_7da2578e17618c78f6a1,test_ood,ood,wdbase_w10_00960
w10_4376e6e029d8bb331810,test_ood,ood,wdbase_w10_01285
w10_50d45d967c01142286f5,test_ood,ood,wdbase_w10_00960
w10_cdea7add207cd12af09f,test_ood,ood,wdbase_w10_00960
w10_d395432f4f4d24b78def,test_ood,ood,wdbase_w10_00960
w10_0a68bc7e01322a212c3c,test_ood,ood,wdbase_w10_00960
w10_a84f76d824d01ffd9e81,test_ood,ood,wdbase_w10_01285
w10_492b19f5dbec8da2e6cd,test_ood,ood,wdbase_w10_01285
w10_81839940d86b09f5ec90,test_ood,ood,wdbase_w10_01285
w10_a8c4e8a1517ad131882c,test_ood,ood,wdbase_w10_00960
w10_af9eac1d9169e10a246f,test_ood,ood,wdbase_w10_00960
w10_be21c5bc5f7ba4951dba,test_ood,ood,wdbase_w10_01285
w10_db69c77542268fd6696a,test_ood,ood,wdbase_w10_00960
w10_59dbdfee0d6dd7e27934,test_ood,ood,wdbase_w10_00960
w10_1dc1e583567d3a200b46,test_ood,ood,wdbase_w10_00960
w10_96bed96cfe041a87decb,test_ood,ood,wdbase_w10_00960
w10_f72e2ac258fb355efed3,test_ood,ood,wdbase_w10_01285
w10_46434416c2691f699db2,test_ood,ood,wdbase_w10_01285
w10_38bfffec570825edd672,test_ood,ood,wdbase_w10_01285
w10_a94ca0292e9db9aac850,test_ood,ood,wdbase_w10_00960
w10_fba02028c13ea8e0432b,test_ood,ood,wdbase_w10_01285
w10_b90ae60f081fcc1251bf,test_ood,ood,wdbase_w10_00960
w10_e659b77501998e83c339,test_ood,ood,wdbase_w10_01285
w10_8dbfc69ea54083e1d4ae,test_ood,ood,wdbase_w10_01285
w10_9ab75c7f75d5cda9b6ac,test_ood,ood,wdbase_w10_01285
w10_0834f556787abfef511c,test_ood,ood,wdbase_w10_00960
w10_e0c9f08341338bfac26c,test_ood,ood,wdbase_w10_00960
w10_e0e446ad424b23355625,test_ood,ood,wdbase_w10_01285
w10_31a0f719de85e7375957,test_ood,ood,wdbase_w10_01285
w10_fd989165d7a3c9ab5c06,test_ood,ood,wdbase_w10_00960
w10_0a9e19ac5228bae50ff2,test_ood,ood,wdbase_w10_01285
w10_a10b698e2b1a0aefdfdb,test_ood,ood,wdbase_w10_01285
w10_3f3774a76eda9df86539,test_ood,ood,wdbase_w10_01285
w10_f96eb1fcc3318431302d,test_ood,ood,wdbase_w10_01285
w10_2cde1dfa85514b39cfca,test_ood,ood,wdbase_w10_00960
w10_d41f40e715c1b1dac155,test_ood,ood,wdbase_w10_00960
w10_a1c72cfe62bbf85f618a,test_ood,ood,wdbase_w10_01285
w10_d783fecf940fed9e55ed,test_ood,ood,wdbase_w10_01285
w10_41fd3eb42a824a307274,test_ood,ood,wdbase_w10_00960
w10_53bc04521a7bf82b8759,test_ood,ood,wdbase_w10_00960
w10_3b76d500a8d9dd3c79a5,test_ood,ood,wdbase_w10_01285
w10_8eac54be4c0054276616,test_ood,ood,wdbase_w10_00960
w10_8fee7275ae4d3b2d4819,test_ood,ood,wdbase_w10_01285
w10_31d8de3c1c1fdcb107e1,test_ood,ood,wdbase_w10_00960
w10_42eca1b0a1b19dc16bec,test_ood,ood,wdbase_w10_00960
w10_84870bc674e721d734be,test_ood,ood,wdbase_w10_01285
w10_dda97ad8986a21b0d76a,test_ood,ood,wdbase_w10_01285
w10_86dca773467102ecf622,test_ood,ood,wdbase_w10_00960
w10_02c2c4fe1b5cf452efa5,test_ood,ood,wdbase_w10_01285
w10_8150585969e274f81f2e,test_ood,ood,wdbase_w10_01285
w10_c452044141a972389974,test_ood,ood,wdbase_w10_01285
w10_9ae8882ba27b364d2309,test_ood,ood,wdbase_w10_01285
w10_03ed51814c1396dee5a2,test_ood,ood,wdbase_w10_01285
w10_3be2d7651d09f964e98c,test_ood,ood,wdbase_w10_01285
w10_c98d062dd6fc67fa9389,test_ood,ood,wdbase_w10_00960
w10_7168ac5a918f5e62d03e,test_ood,ood,wdbase_w10_00960
w10_36b496fc14b585b661d2,test_ood,ood,wdbase_w10_01285
w10_60d2b94ffaffc05b69a2,test_ood,ood,wdbase_w10_00960
w10_fca7771fefe18f478b2f,test_ood,ood,wdbase_w10_01285
w10_7960f3e051867b64034f,test_ood,ood,wdbase_w10_00960
w10_d5da13c923b6ad3e7c35,test_ood,ood,wdbase_w10_01285
w10_910106a068f3201036bf,test_ood,ood,wdbase_w10_00960
w10_8d85970ec3602d10515c,test_ood,ood,wdbase_w10_00960
w10_ea550ac211eaddb3b0b2,test_ood,ood,wdbase_w10_01285
w10_d2253dab1d829a929124,test_ood,ood,wdbase_w10_00960
w10_21ca0c52c4f6d02b86e7,test_ood,ood,wdbase_w10_01285
w10_fe806c2dc795a7f29311,test_ood,ood,wdbase_w10_00960
w10_7bc06d05b39deb5557fd,test_ood,ood,wdbase_w10_00960
w10_3496e4be48b796f6a5d5,test_ood,ood,wdbase_w10_01285
w10_883918a74105836f0a82,test_ood,ood,wdbase_w10_01285
w10_dfebc3bf733f60900ec7,test_ood,ood,wdbase_w10_00960
w10_d26d8caa4ce1168fa036,test_ood,ood,wdbase_w10_01285
w10_f6b5ac088cf76d3573c8,test_ood,ood,wdbase_w10_01285
w10_80c79aa63d798176c1c0,test_ood,ood,wdbase_w10_01285
w10_9dfea0d195f5f95b2333,test_ood,ood,wdbase_w10_01285
w10_63dae506032e57c3b61a,test_ood,ood,wdbase_w10_00960
w10_8a9de61d5b4f31c7cf37,test_ood,ood,wdbase_w10_01285
w10_d4c8feb84bbded93d713,test_ood,ood,wdbase_w10_00960
w10_b8cb5573f39921a8c1c4,test_ood,ood,wdbase_w10_01285
w10_19ac4acf633cb8d4944d,test_ood,ood,wdbase_w10_01285
w10_8670023ce93fb7538732,test_ood,ood,wdbase_w10_00960
w10_d064c9316ceb0b64e033,test_ood,ood,wdbase_w10_00960
w10_785cfdbfc246e2964c54,test_ood,ood,wdbase_w10_01285
w10_80aead2a5e8957585658,test_ood,ood,wdbase_w10_01285
w10_d26e438f37c49814bad1,test_ood,ood,wdbase_w10_00960
w10_85875f23746d883f5c56,test_ood,ood,wdbase_w10_00960
w10_666c2c46ee8a3d5cc26a,test_ood,ood,wdbase_w10_00960
w10_d10d733d24968331b6cc,test_ood,ood,wdbase_w10_00960
w10_d0bbc2bd769428ce331d,test_ood,ood,wdbase_w10_00960
w10_a12230b067ea8686c405,test_ood,ood,wdbase_w10_00960
w10_6fbb48534ffcd4b1ae01,test_ood,ood,wdbase_w10_00960
w10_063845eed6388c5a84b0,test_ood,ood,wdbase_w10_00960
w10_e25e8f2eacbc59ccfe6d,test_ood,ood,wdbase_w10_00960
w10_b2a15c32115440db9c81,test_ood,ood,wdbase_w10_01285
w10_d2f500e01c6f3a873cbf,test_ood,ood,wdbase_w10_00960
w10_5533ead108c582599f84,test_ood,ood,wdbase_w10_01285
w10_b9df8a92b0cc567a920e,test_ood,ood,wdbase_w10_00960
w10_23f94aa3b12b7438dcce,test_ood,ood,wdbase_w10_00960
w10_c5b905ff8622f79709e6,test_ood,ood,wdbase_w10_00960
w10_ac3eef82b3b90e21a5f3,test_ood,ood,wdbase_w10_00960
w10_0ed8533d573f1f51b016,test_ood,ood,wdbase_w10_01285
w10_5b913d1ae19feab9b4a9,test_ood,ood,wdbase_w10_01285
w10_c9985048ae49fcc0cd45,test_ood,ood,wdbase_w10_01285
w10_ffbc4c859afa43f8499c,test_ood,ood,wdbase_w10_01285
w10_d01c2b61370aeb0e578f,test_ood,ood,wdbase_w10_01285
w10_c3d45cabf21ef0e4e58b,test_ood,ood,wdbase_w10_00960
w10_44e57bd9e97836f1bdef,test_ood,ood,wdbase_w10_00960
w10_7514fb485e2ceee31827,test_ood,ood,wdbase_w10_00960
w10_b4f6a9520bdf574cf39e,test_ood,ood,wdbase_w10_00960
w10_6489a03b160dc264307b,test_ood,ood,wdbase_w10_00960
w10_1d688f646e89a7aa789a,test_ood,ood,wdbase_w10_00960
w10_d75f43aba8d274dbf01e,test_ood,ood,wdbase_w10_01285
w10_ff1bd8a1891ec4b71289,test_ood,ood,wdbase_w10_00960
w10_a49535b1b1f906017b94,test_ood,ood,wdbase_w10_01285
w10_9c727b4d8d688872d303,test_ood,ood,wdbase_w10_01285
w10_1e59aa1dc7c8a7721e09,test_ood,ood,wdbase_w10_01285
w10_51d5fc1b06db1e25a225,test_ood,ood,wdbase_w10_00960
w10_f6184a5824dca94b2e77,test_ood,ood,wdbase_w10_00960
w10_5a81d358ef4d952d4867,test_ood,ood,wdbase_w10_00960
w10_f359812f6f8f9a0cd23e,test_ood,ood,wdbase_w10_00960
w10_5f247cf7d19417b68c7c,test_ood,ood,wdbase_w10_00960
w10_dc961b93c2561e4199a1,test_ood,ood,wdbase_w10_00960
w10_4247d0dce023fbb32d08,test_ood,ood,wdbase_w10_01285
w10_848cab7c1322ddac6b5b,test_ood,ood,wdbase_w10_00960
w10_2817c63f2b142ceebf36,test_ood,ood,wdbase_w10_01285
w10_2f2418669ccd17f93b11,test_ood,ood,wdbase_w10_00960
w10_4f87eb38e4e429a20bfc,test_ood,ood,wdbase_w10_01285
w10_7945d8c5d8b105c8cbc5,test_ood,ood,wdbase_w10_01285
w10_b06456e19e1a734ee389,test_ood,ood,wdbase_w10_01285
w10_3dcb427cd05864ad2388,test_ood,ood,wdbase_w10_01285
w10_a6a6307582f41bbf6714,test_ood,ood,wdbase_w10_01285
w10_9a04c52c9728a3679d66,test_ood,ood,wdbase_w10_01285
w10_97df2928abf2551f8bfe,test_ood,ood,wdbase_w10_01285
w10_bc62a987c78f7206edea,test_ood,ood,wdbase_w10_00960
w10_db7cfb66861d8c01e0da,test_ood,ood,wdbase_w10_01285
w10_44291be96e62b7bac4b6,test_ood,ood,wdbase_w10_00960
w10_8b0a507b59b86fdd1fcf,test_ood,ood,wdbase_w10_00960
w10_167a3c6232d5dd6baa9f,test_ood,ood,wdbase_w10_00960
w10_be3932c3608e92de957f,test_ood,ood,wdbase_w10_00960
w10_5cbcfd28b237b68d27fe,test_ood,ood,wdbase_w10_00960
w10_1da5fca2fce45041b764,test_ood,ood,wdbase_w10_00960
w10_36b128df48cfa4f763ad,test_ood,ood,wdbase_w10_00960
w10_1e5676ae70f83865a2dc,test_ood,ood,wdbase_w10_00960
w10_7ac1ca5e2a4547147ce7,test_ood,ood,wdbase_w10_00960
w10_a5948906ef7cd7438d01,test_ood,ood,wdbase_w10_00960
w10_516f81820373f2e4dd09,test_ood,ood,wdbase_w10_00960
w10_04d3046bcdc3c6a9c2ec,test_ood,ood,wdbase_w10_00960
w10_04e451fef84b6ca248c7,test_ood,ood,wdbase_w10_01285
w10_0656ffd1e1f0666c06ba,test_ood,ood,wdbase_w10_00960
w10_f984721546e346afa7f0,test_ood,ood,wdbase_w10_01285
w10_63c33a2503a18fc15ce4,test_ood,ood,wdbase_w10_01285
w10_8601e0171ae57ef35139,test_ood,ood,wdbase_w10_01285
w10_e9e0f7b5565ae41a2cca,test_ood,ood,wdbase_w10_00960
w10_1d28b3747a74679f18a7,test_ood,ood,wdbase_w10_00960
w10_63d7240fda0460f31ca1,test_ood,ood,wdbase_w10_00960
w10_ae43232ec495c68877a3,test_ood,ood,wdbase_w10_00960
w10_efd61fc940f46c44ef57,test_ood,ood,wdbase_w10_00960
w10_3d87f131e6f551938bf7,test_ood,ood,wdbase_w10_00960
w10_a08c601f4a4d40d6e30a,test_ood,ood,wdbase_w10_00960
w10_b0d036b70c437b3b7016,test_ood,ood,wdbase_w10_00960
w10_dcd4a0fcba366ea36a1d,test_ood,ood,wdbase_w10_00960
w10_c9ee6ecec10c70e286f1,test_ood,ood,wdbase_w10_00960
w10_69e6975c9408dbe171e0,test_ood,ood,wdbase_w10_00960
w10_ebc4821b871c00abfca0,test_ood,ood,wdbase_w10_00960
w10_4314de73ca2d971fc901,test_ood,ood,wdbase_w10_01285
w10_862ffc0576fb38e423c2,test_ood,ood,wdbase_w10_01285
w10_39990250e740475c892b,test_ood,ood,wdbase_w10_01285
w10_8ce0b09763c0609eb55c,test_ood,ood,wdbase_w10_01285
w10_2b2bbca32f70217c77c7,test_ood,ood,wdbase_w10_00960
w10_90ce6f1464d1d90dda2d,test_ood,ood,wdbase_w10_00960
w10_0bff5ccc33aaf41a2eed,test_ood,ood,wdbase_w10_00960
w10_4a45812d46e8dacfa3ad,test_ood,ood,wdbase_w10_00960
w10_926f3f72aad42bbde8e5,test_ood,ood,wdbase_w10_01285
w10_d7345463d19a677eb08e,test_ood,ood,wdbase_w10_01285
w10_6f2fc4778520af431cdb,test_ood,ood,wdbase_w10_00960
w10_0b98b2bf80bf9cd400a2,test_ood,ood,wdbase_w10_00960
w10_4646dbe6ab32f9d7247a,test_ood,ood,wdbase_w10_01285
w10_591474aad04ab21634dd,test_ood,ood,wdbase_w10_01285
w10_bda16d1ed4c5ec9affa9,test_ood,ood,wdbase_w10_01285
w10_34f29e3bf65e79ea5c20,test_ood,ood,wdbase_w10_01285
w10_13157afe4ea35413bf38,test_ood,ood,wdbase_w10_01285
w10_7f6da019f877e045303e,test_ood,ood,wdbase_w10_01285
w10_6756f237817a18761f4d,test_ood,ood,wdbase_w10_01285
w10_2103f0d6b8a78d359d7d,test_ood,ood,wdbase_w10_01285
w10_25867533ec7f0c8cf6f1,test_ood,ood,wdbase_w10_01285
w10_1fa9676a6a444591d0fd,test_ood,ood,wdbase_w10_01285
w10_675754a80d45d24c3dc1,test_ood,ood,wdbase_w10_01285
w10_4162e7f0b82c408635ec,test_ood,ood,wdbase_w10_01285
w10_86690400062a63dad19e,test_ood,ood,wdbase_w10_01285
w10_f9fe8e7728c9740f65c4,test_ood,ood,wdbase_w10_01285
w10_6fe76d077800c59116f1,test_ood,ood,wdbase_w10_01285
w10_153874d350c5c163bf69,test_ood,ood,wdbase_w10_01285
w10_3eb9914efad05cea8a98,test_ood,ood,wdbase_w10_00960
w10_6b06ac7bc9be2cde7fbd,test_ood,ood,wdbase_w10_00960
w10_5fc43b25ab9e6f359c0a,test_ood,ood,wdbase_w10_00960
