step,time_fs,potential_energy_eV,kinetic_energy_eV,total_energy_eV,temperature_K,oh1_length_A,oh2_length_A,hoh_angle_deg,max_force_component_eV_per_A,adjacent_force_jump_eV_per_A,total_force_norm_eV_per_A,total_torque_norm_eV,in_training_domain,ood_mean_oh_length_A,ood_squared_oh_difference_A2,ood_cos_hoh_angle,ood_any_axis_outside,ood_nearest_training_distance,ood_distance_threshold,ood_consecutive_exceedances,ood_stop,ood_stop_reason
0,0.0,0.3276748707610748,0.11633395955243238,0.4440088303135072,300.0,0.9572,0.9572,104.52,4.2514109600691095,0.0,8.326672684688674e-17,4.375785752240705e-37,True,0.9572,0.0,-0.2507179360729566,False,0.0,0.18070573268503304,0,False,
1,0.10000000000000002,0.3052141315196564,0.13876895554885857,0.44398308706851497,357.8549791034525,0.9588781473616077,0.961947076204051,104.44551999444688,3.9960412953928626,0.26770707516794223,1.3877787807814457e-17,5.161727892984987e-26,True,0.9604126117828293,9.418324239980082e-06,-0.24945932252269665,False,0.006607679859894626,0.18070573268503304,0,False,
2,0.20000000000000004,0.2819731031032635,0.16198528639699533,0.44395838950025884,417.7248509898461,0.9609006130559027,0.9670185596903363,104.36040103100588,3.7348279217439457,0.27418089574214877,8.326672684688684e-17,2.2204460492516344e-16,True,0.9639595863731195,3.7429271021778117e-05,-0.24802040862862143,False,0.013917868155148479,0.18070573268503304,0,False,
3,0.30000000000000004,0.25837492466445644,0.18556025036014948,0.4439351750246059,478.519559741753,0.9632574248266993,0.9723857882370454,104.26483957955178,3.470320970892068,0.27789055682708863,1.4571677198205249e-16,3.212621511653354e-22,True,0.9678216065318723,8.332701855134481e-05,-0.24640431511319966,False,0.021892929018305505,0.18070573268503304,0,False,
4,0.4000000000000001,0.23482178767198714,0.2090919308355439,0.44391371850753103,539.2026497850912,0.9659371046831469,0.978019753803226,104.15904521852624,3.204598691721564,0.2792869249098344,8.326672684704794e-17,2.220446049601149e-16,True,0.9719784292431864,0.00014599040975894995,-0.24461436782383147,False,0.030493237530400175,0.18070573268503304,0,False,
5,0.5000000000000001,0.21168968025856993,0.2322044704828814,0.44389415074145133,598.8048667205181,0.9689268073510672,0.9838913471335226,104.04323866036873,3.103785079469289,0.2788438700047928,2.7755575615628914e-17,8.472818565518621e-25,True,0.9764090772422949,0.00022393745090069296,-0.24265406709190024,False,0.039677581360191956,0.18070573268503304,0,False,
6,0.6000000000000001,0.1893252872590454,0.254551199721632,0.4438764869806774,656.4322250380492,0.9722124497799276,0.9899715527021246,103.91765021955804,3.027597858502464,0.27702883452800986,1.110223024627018e-16,2.2204460580888014e-16,True,0.9810920012410261,0.00031538573660118055,-0.24052706460098175,False,0.04940350570820759,0.18070573268503304,0,False,
7,0.7000000000000001,0.1680446612223816,0.2758160001349521,0.4438606613573337,711.2695240394709,0.9757788274366912,0.9962315947124489,103.7825187434596,2.9397824334415175,0.27427715713184675,4.47545209131181e-16,2.374167789159434e-20,True,0.9860052110745701,0.00041831568923630637,-0.23823714808619895,False,0.05373892087145209,0.18070573268503304,0,False,
8,0.8000000000000002,0.14813319101749634,0.29571337227938876,0.4438465632968851,762.5805227048317,0.9796097147211615,1.0026430375386979,103.63809099449536,2.8407882073278365,0.27097112187185535,4.002966042492142e-16,2.2204460492552035e-16,True,0.9911263761299297,0.0005305339600168401,-0.23578823366175714,False,0.05045238648255573,0.18070573268503304,0,False,
9,0.9000000000000001,0.1298463619458401,0.31398771068845893,0.443834072634299,809.706070084229,0.9836879485129119,1.009177846161787,103.48462144359968,2.730978596639992,0.2674241218051632,1.1102230246251565e-16,1.1102230246251565e-16,True,0.9964328973373495,0.0006497348821501342,-0.23318436509810883,False,0.049351679194864786,0.18070573268503304,0,False,
10,1.0000000000000002,0.11341081643593887,0.3304122743411998,0.44382309077713866,852.0614503599384,0.9879954955115453,1.0158084137757988,103.32237240991692,2.6106363211893333,0.2638699122442092,1.1102230247314883e-16,5.86393454306639e-22,True,1.001901954643672,0.0007735584223740444,-0.23042971895048306,False,0.05084895394973542,0.18070573268503304,0,False,
11,1.1,0.09902527817817441,0.34478828763901737,0.4438135658171918,889.1340644610812,0.992513505576565,1.02250756482664,103.15161446035961,2.479981903691894,0.26045672496522754,2.7438491023450866e-23,1.1102230246393102e-16,True,1.0075105352016025,0.0008996435902970051,-0.22752861407859476,False,0.05495044748634425,0.18070573268503304,0,False,
12,1.2000000000000002,0.08686098668676978,0.35694452321895637,0.44380550990572615,920.4823542297108,0.9972223546350314,1.029248542318869,102.97262696517643,2.339204170542786,0.25724600370209366,1.2412670766236366e-16,1.1102230246252376e-16,True,1.0132354484769501,0.0010256766975603971,-0.22448552379658543,False,0.06130068033018552,0.18070573268503304,0,False,
13,1.3000000000000003,0.07706139722729777,0.3667376103030798,0.44379900753037754,945.7365975868527,1.0021016818305548,1.0360049883187656,102.7856986926416,2.1885005898062535,0.2542156346025118,1.1123893155559486e-16,1.1102230272290202e-16,True,1.0190533350746602,0.0011494341908335583,-0.22130508866267837,False,0.06940243746890136,0.18070573268503304,0,False,
14,1.4000000000000001,0.06974102745651267,0.37405318623826334,0.443794213694776,964.6018781033807,1.0071304263591396,1.0427509262099939,102.59112831847325,2.0281242713344394,0.2518942358431877,1.1102230246251565e-16,1.1102230246251568e-16,True,1.0249406762845668,0.0012688200096247074,-0.21799212777912966,False,0.07098073976601366,0.18070573268503304,0,False,
15,1.5000000000000002,0.0649834711464532,0.3788078704183946,0.4437913415648478,976.8631753163969,1.0122868697964886,1.0494607524277528,102.3892247252058,1.8584334619148248,0.2518961323961596,1.1102230246251565e-16,1.1102230246251565e-16,True,1.0308738111121207,0.001381897549883006,-0.21455164645297536,False,0.06327569088886072,0.18070573268503304,0,False,
16,1.6000000000000003,0.06283874268242151,0.38095189734953044,0.44379064003195196,982.3921548320546,1.0175486895933854,1.0561092441095776,102.1803069752617,1.6799385418024901,0.2518077088425602,1.1102230246322802e-16,1.1102230253266122e-16,True,1.0368289668514814,0.0014869163645962326,-0.21098883819873437,False,0.05311382173760638,0.18070573268503304,0,False,
17,1.7000000000000002,0.0633202513105866,0.3804721115581895,0.4437923628687761,981.1548915431918,1.0228930287473825,1.062671587372862,101.9647038603673,1.4933410731542387,0.2513371719916332,2.220446049250326e-16,3.8857805861881554e-16,True,1.0427823080601222,0.0015823337263207113,-0.207309079372682,False,0.04413930632052163,0.18070573268503304,0,False,
18,1.8000000000000003,0.06640181492731578,0.37739491765084415,0.44379673257815994,973.2194771916539,1.0282965854390396,1.069123428817117,101.74275295976494,1.2995595885547708,0.2501810603467468,2.3947925988824884e-22,1.110223024657158e-16,True,1.0487100071280784,0.0016668311402180628,-0.20351791522581347,False,0.037277482333315966,0.18070573268503304,0,False,
19,1.9000000000000004,0.072015190915105,0.3717887124374026,0.4438039033525076,958.7622922862055,1.0337357247019037,1.0754409504693438,101.51479917938019,1.4168031766678308,0.24805182384017826,6.684770692424227e-23,1.110223024626835e-16,True,1.0545883375856238,0.0017393258563131377,-0.19962103683413385,False,0.03383268032389289,0.18070573268503304,0,False,
20,2.0000000000000004,0.08004860929707824,0.36376531907285714,0.4438139283699354,938.0717044421738,1.0391866121076894,1.0816009659283266,101.28119279079482,1.641010326884561,0.24470500443685428,7.99128076273139e-27,1.1102230246251565e-16,True,1.060393789018008,0.0017989774100222002,-0.1956242491625,False,0.03476253704392763,0.18070573268503304,0,False,
21,2.1,0.09034673143798067,0.3534800051412535,0.44382673657923416,911.548115016075,1.0446253671988026,1.0875810331598217,101.0422870378016,1.8572475210867596,0.23996292414041387,7.584785206428474e-26,1.1102230246251565e-16,True,1.0661032001793123,0.0018451892381546528,-0.19153343136181886,False,0.039643696937763255,0.18070573268503304,0,False,
22,2.2,0.10271232749374093,0.3411297954895707,0.4438421229833116,879.6996082708459,1.0500282322520809,1.0933595775154887,100.79843542348107,2.0642298550365354,0.2343219319565608,2.1479992050414446e-21,1.1102230246251565e-16,True,1.0716939048837848,0.0018776054823366598,-0.18735449118646147,False,0.04712478102922151,0.18070573268503304,0,False,
23,2.3000000000000003,0.11690978357898141,0.32694997075892346,0.44385975433790487,843.1329218487537,1.055371750187738,1.098916017335277,100.54998882596594,2.2607211589165757,0.22899773651916966,4.893925114900007e-27,5.551115123125785e-17,True,1.0771438837615075,0.001896103201416245,-0.18309331604235798,False,0.05602250358409011,0.18070573268503304,0,False,
24,2.4000000000000004,0.1326703432309646,0.31120884633739543,0.44387918956836003,802.5399828253894,1.060632944286267,1.1042308841095867,100.29729261127315,2.445609705603432,0.22195278122681916,1.1785711023246097e-22,5.551115123232527e-17,True,1.0824319141979268,0.0019007803568378075,-0.17875572354717795,False,0.04820004835403185,0.18070573268503304,0,False,
25,2.5000000000000004,0.14969879183564516,0.2942011198642535,0.4438999116998987,758.680752368758,1.0657894919968935,1.1092859296695865,100.04068391397071,2.617971519043264,0.21332530345242806,3.934809951248661e-22,5.551115231762388e-17,True,1.08753771083324,0.001891940090214463,-0.17434741455086508,False,0.04091232431272002,0.18070573268503304,0,False,
26,2.6000000000000005,0.1676811403002485,0.27624022600874903,0.44392136630899753,712.363510375264,1.0708198855482858,1.1140642141540393,99.78048924110085,2.7771153704778166,0.2033130297335768,8.939136561582763e-22,1.110223024684604e-16,True,1.0924420498511624,0.0018700719565623953,-0.1698739313258306,False,0.03615788582152338,0.18070573268503304,0,False,
27,2.7,0.18629277890807483,0.2576502219200678,0.44394300082814264,664.4239298085871,1.0757035732148517,1.118550170364658,99.51702252467136,2.922606291092708,0.19215637463374957,2.220446049250318e-16,3.3306690738972294e-16,True,1.0971268717897549,0.0018358308873178005,-0.1653406231392083,False,0.034684529558578196,0.18070573268503304,0,False,
28,2.8000000000000003,0.20520656281402494,0.23875773671504164,0.4439642995290666,615.7043161780258,1.0804210767575206,1.1227296422917354,99.25058370825231,3.054267357212051,0.18431084491527727,2.664891297679872e-22,1.1102230246252939e-16,True,1.101575359524628,0.0017900147175629489,-0.1607526207501405,False,0.03657689155395272,0.18070573268503304,0,False,
29,2.900000000000001,0.224100350476375,0.21988445992841035,0.4439848104047853,567.0342368841332,1.0849540824958097,1.1265898977732758,98.9814579098498,3.1721620745926007,0.17598578394009157,4.440892098533375e-16,2.2204460492866436e-16,True,1.1057719901345426,0.001733541113819277,-0.15611482063643728,False,0.041082959357643035,0.18070573268503304,0,False,
30,3.0000000000000004,0.242663626955681,0.20134053505632366,0.44400416201200466,519.2134846031223,1.0892855054211625,1.1301196171876429,98.70991516206016,3.2765615149463403,0.16706690451390604,2.220446049250313e-16,6.683149881020764e-24,True,1.1097025613044027,0.0016674246837574073,-0.15143187904679928,False,0.04720088889058163,0.18070573268503304,0,False,
31,3.1,0.26060298092729095,0.1834190892185356,0.44402207014582656,472.99797047447936,1.0933995275113384,1.133308861591254,98.43621069604666,3.3679012762358047,0.15778120930333883,4.965068306537423e-16,2.2204460492916583e-16,True,1.1133541945512961,0.001592754946702321,-0.14670821537582557,False,0.054157648050551586,0.18070573268503304,0,False,
32,3.2000000000000006,0.2776463432056673,0.16639199243504893,0.4440383356407162,429.08878819702284,1.0972816128007388,1.1361490247102612,98.16058571081824,3.446733399053885,0.14833031228890525,8.074671085703444e-24,2.220446049250315e-16,True,1.1167153187555,0.0015106757085444895,-0.14194802391728573,False,0.06146771238796056,0.18070573268503304,0,False,
33,3.3000000000000007,0.29354601636155553,0.15050681909036775,0.4440528354519233,388.1243783055458,1.1009185027276192,1.138632773675545,97.88326855443876,3.513677773045319,0.13888377692555887,5.092249985002018e-26,5.766861691863422e-25,True,1.119775638201582,0.0014223662331335676,-0.13715529278259092,False,0.06884337117119657,0.18070573268503304,0,False,
34,3.4000000000000004,0.30808061783477236,0.13598489163648808,0.44406550947126044,350.6754833059703,1.1042981958116398,1.1407539834164153,97.60447623841311,3.5693765744965558,0.12957603492274394,2.220446049250313e-16,4.440892098500626e-16,True,1.1225260896140274,0.0013290244498845047,-0.132333828665059,False,0.07611416676496024,0.18070573268503304,0,False,
35,3.5,0.32105611849976845,0.12302022689017598,0.44407634538994445,317.24243040501875,1.1074099158618262,1.1425076693015697,97.32441620879565,3.614454143372885,0.12050628464810442,1.3056626707574306e-22,2.220446049836393e-16,True,1.124958792581698,0.0012318522965170209,-0.127487286157102,False,0.07849946118972366,0.18070573268503304,0,False,
36,3.6000000000000005,0.332306186590426,0.11177917691496159,0.4440853635053876,288.2542054229197,1.1102440727543397,1.1438899220507777,97.04328830525985,3.6494836337185426,0.11174060687918241,2.2204460493474623e-16,9.953304049161509e-22,True,1.1270669974025587,0.001132043174878617,-0.12261920044847292,False,0.07794553308396898,0.18070573268503304,0,False,
37,3.7000000000000006,0.34169204867255765,0.10240055416839536,0.444092602840953,264.06877552098496,1.1127922194412345,1.1448978482455388,96.76128685012675,3.674960879672587,0.10331552231333085,2.220446049250313e-16,4.877271460920634e-21,True,1.1288450338433866,0.0010307714009197696,-0.11773302240951983,False,0.07757551682736138,0.18070573268503304,0,False,
38,3.8000000000000007,0.34910206202795924,0.09499604739957325,0.4440981094275325,244.9741617109439,1.115047008341435,1.1455295190307957,96.47860282110514,3.6912852652626205,0.09524230160277503,4.4408920985074e-16,2.2204460493099643e-16,True,1.1302882636861153,0.0009291834579270027,-0.11283215525854379,False,0.0772984837547083,0.18070573268503304,0,False,
39,3.9000000000000004,0.3544511634188907,0.08965076374036067,0.4441019271592514,231.18983679040315,1.1170021496961706,1.1457839288878098,96.19542607261609,3.6987469723203183,0.0875114788935063,2.07842446283652e-21,2.220446049250313e-16,True,1.1313930392919902,0.0008283908134362727,-0.10791999219846692,False,0.07703774208496533,0.18070573268503304,0,False,
40,4.000000000000001,0.35768032371608083,0.08642376759673251,0.44410409131281336,222.86811502650048,1.1186523738981393,1.1456609657113948,95.91194757989909,3.697554613875168,0.08009717745496392,3.33066907403914e-16,6.023048715829861e-23,True,1.132156669804767,0.0007294640317350485,-0.1029999545648106,False,0.07673268989767489,0.18070573268503304,0,False,
41,4.1000000000000005,0.35875610076880715,0.08534852384392105,0.4441046246127282,220.09529505987626,1.1199933992638216,1.145161392862629,95.62836168692195,3.73390650460502,0.07296100598900956,1.1899294077294825e-21,1.8459516599223768e-21,True,1.1325773960632253,0.0006334279017896099,-0.09807553014187674,False,0.0763397601258207,0.18070573268503304,0,False,
42,4.2,0.3576703470954987,0.08643318851972227,0.444103535615221,222.89240953953694,1.1210219062326083,1.1442868433943187,95.34486834312168,3.7621906883878995,0.06605541308001239,2.220446049260497e-16,7.0464541600287e-21,True,1.1326543748134634,0.000541257301138334,-0.09315031137109389,False,0.0758328958965432,0.18070573268503304,0,False,
43,4.300000000000001,0.3544400960685521,0.08966072307922264,0.4441008191477747,231.21551976096552,1.121735518552685,1.1430398262525934,95.06167531517549,3.7822711291323037,0.059326488920454334,1.1102230246396681e-16,2.2204460493244547e-16,True,1.132387672402639,0.00045387352657238713,-0.08822803319418072,False,0.07520390117575573,0.18070573268503304,0,False,
44,4.4,0.3491076208454522,0.09498883770577402,0.44409645855122626,244.9555694774457,1.1221327916502468,1.1414237439287034,94.77900035856511,3.793896057124152,0.05576811523527114,4.577566798522237e-16,2.2204460493752785e-16,True,1.1317782677894752,0.00037214083980968845,-0.08331261024769589,False,0.0744628885252183,0.18070573268503304,0,False,
45,4.500000000000001,0.3417406343071494,0.10234979519652193,0.44409042950367134,263.9378791634586,1.1222132080677638,1.139442920751617,94.49707333005509,3.7967036203888016,0.0589220188045636,3.3306690738754696e-16,2.220446049250778e-16,True,1.1308280644096904,0.00029686299916813197,-0.07840817306152781,False,0.07363891064368178,0.18070573268503304,0,False,
46,4.6000000000000005,0.33243257534298776,0.11165012989538398,0.44408270523837173,287.9214212039159,1.1219771795873488,1.137102640755182,94.21613821689864,3.7902297856592173,0.062166556703810216,3.557872875568385e-22,4.440892098548927e-16,True,1.1295399101712653,0.0002287795755396334,-0.07351910282118969,False,0.0727807090773763,0.18070573268503304,0,False,
47,4.7,0.3213029065914226,0.12277035639337311,0.44407326298479566,316.5980686955983,1.1214260554148152,1.1344091938062746,93.93645505225528,3.773918628377355,0.06662114960280041,1.1102230246251565e-16,2.220446049250314e-16,True,1.127917624610545,0.0001685618824917862,-0.06865006414367625,False,0.07195732469750665,0.18070573268503304,0,False,
48,4.800000000000001,0.3084973310437171,0.13556476040668233,0.44406209145039943,349.5920561671827,1.1205621355777717,1.1313699284292662,93.65830167968669,3.7471353126175804,0.07771662861621564,5.551115127320385e-17,2.220446049250319e-16,True,1.125966032003519,0.00011680838632081975,-0.06380603520187456,False,0.07125807993573344,0.18070573268503304,0,False,
49,4.900000000000001,0.2941878199682568,0.1498613791440853,0.4440491991123421,386.4599289510349,1.1193886884791933,1.1279933094996069,93.38197532348313,3.70918215479806,0.08942008938207913,5.551115123141324e-17,4.440892098633233e-16,True,1.1236909989894,7.403950290494348e-05,-0.058992334427081745,False,0.0707911883301601,0.18070573268503304,0,False,
50,5.000000000000001,0.2785723331380401,0.1654622898628418,0.4440346230008819,426.6912873061808,1.1179099713425167,1.1242889787045016,93.10779391679796,3.6593181706410975,0.10173810020224616,5.551115127398378e-17,4.869477375604569e-23,True,1.121099475023509,4.0691734924257986e-05,-0.054214642937751266,False,0.07068007510812495,0.18070573268503304,0,False,
51,5.1000000000000005,0.26187410559349944,0.1821443319396731,0.44401843753317255,469.7106484824312,1.1161312520869509,1.120267815388708,92.83609713697142,3.5967824069530514,0.11465106344527642,4.449557262054645e-16,2.2204460492746544e-16,True,1.1181995337378292,1.711115594944591e-05,-0.04947902179995787,False,0.0710566062849014,0.18070573268503304,0,False,
52,5.200000000000001,0.24434037486661353,0.19966038794361923,0.44400076281023276,514.8807503288784,1.1140588309896824,1.1159419951341294,92.56724709779778,3.5208211470859587,0.1281107227906726,4.518280359883195e-16,6.6080392288046936e-21,True,1.1150004130619058,3.5463071949308116e-06,-0.04479192323514816,False,0.07205106301574897,0.18070573268503304,0,False,
53,5.300000000000001,0.22624043074318312,0.2177413408992785,0.4439817716424616,561.5075986504386,1.1117000603383196,1.1113250431875905,92.3016286525043,3.430718749044203,0.14203831497014674,1.8041124150532662e-16,2.220446049381351e-16,True,1.1115125517629552,1.406378633411191e-07,-0.04016019496531378,False,0.0737799162459383,0.18070573268503304,0,False,
54,5.4,0.20786288825146193,0.23609880619959853,0.4439616944510605,608.8475122172407,1.109063360170963,1.1064318796841628,92.03964926932564,3.3258314392106616,0.1563237495007006,1.214306433247514e-16,4.4408920985061265e-16,True,1.1077476199275629,6.924689552410087e-06,-0.03559107703276624,False,0.07633382892208161,0.18070573268503304,0,False,
55,5.500000000000001,0.1895121151974224,0.2544287059466667,0.4439408211440891,656.11634021275,1.1061582281655669,1.1012788535515843,91.7817384539171,3.205622872550003,0.17082622154280536,4.847302891456678e-16,2.2204460743705813e-16,True,1.1037185408585755,2.3808296623577642e-05,-0.03109219065354489,False,0.0797689511408913,0.18070573268503304,0,False,
56,5.6000000000000005,0.17150378880014094,0.27241571032786593,0.4439194991280069,702.5009155776735,1.102995241799194,1.0958837620644422,91.52834670916785,3.0696997343714174,0.18537663057513898,1.6653345370547187e-16,2.22044604927677e-16,True,1.0994395019318182,5.057314401778541e-05,-0.026671518954892722,False,0.08410376563926038,0.18070573268503304,0,False,
57,5.700000000000001,0.15415961085305385,0.2897385159710724,0.44389812682412627,747.1726667409243,1.0995860510740265,1.0902658532810252,91.27994404245462,2.9178451749112315,0.19978207511940127,1.665334536937751e-16,3.9561784700042145e-21,True,1.0949259521775259,8.686608690066641e-05,-0.022337379793858723,False,0.08932175697072742,0.18070573268503304,0,False,
58,5.800000000000002,0.13780127436969458,0.30607586806283915,0.44387714243253373,789.3031473536901,1.095943360417125,1.0844458090668094,91.03701805166197,2.750047530265652,0.21383251353768995,1.6653345370080065e-16,2.2204460493935273e-16,True,1.0901945847419672,0.00013219368705314163,-0.01809839123179053,False,0.08339124051231038,0.18070573268503304,0,False,
59,5.9,0.12274384165390995,0.32111316655650496,0.4438570082104149,828.0810722644856,1.092080898810332,1.07844570709371,90.80007164251752,2.566521691541001,0.22730942790472186,3.1401849173675503e-16,2.0296057276745573e-23,True,1.085263302952021,0.00018591845314903653,-0.013963430615065836,False,0.07257454677662896,0.18070573268503304,0,False,
60,6.000000000000001,0.10928875692355389,0.33454943422967914,0.44383819115323303,862.7302866251083,1.0880133777854002,1.072288961085491,90.56962044870191,2.3677207256689266,0.23999602435826395,2.482534153250286e-16,4.7722705662535584e-21,True,1.0801511694354455,0.00024725728055238,-0.009941588546131789,False,0.06152743376252216,0.18070573268503304,0,False,
61,6.100000000000001,0.09771676749350311,0.34610437409867184,0.44382114159217495,892.5279654287378,1.08375643759855,1.0660002396086503,90.34619004042976,2.2527968285418565,0.2516881907121251,1.110223024626455e-16,1.110223024684485e-16,True,1.0748783386036003,0.00031528256705651785,-0.00604211927902599,False,0.050319840419539776,0.18070573268503304,0,False,
62,6.2,0.08828105758206162,0.3555252141419276,0.44380627172398923,916.8222645641758,1.0793265826302165,1.0596053648051622,90.13031301461466,2.1635932791996177,0.2622051674860738,1.5700924586837754e-16,7.17265602101818e-23,True,1.0694659737176893,0.0003889264325032401,-0.0022743892023762823,False,0.03906247785768675,0.18070573268503304,0,False,
63,6.300000000000001,0.0812009012324042,0.36259303511111074,0.44379393634351494,935.0486388654759,1.0747411077751283,1.0531311935232748,89.92252605880833,2.0662889895032266,0.27139873391818725,5.022905931214307e-22,1.1102230250263958e-16,True,1.0639361506492016,0.000466988393972463,0.001352174946243211,False,0.027983877578142215,0.18070573268503304,0,False,
64,6.400000000000001,0.07665611222424351,0.36712830573167204,0.44378441795591556,946.7441161912964,1.070018018220593,1.0466054842046928,89.72336707128316,1.9613273146651249,0.27915971915285587,5.0040139675010306e-21,3.239141968812634e-21,True,1.0583117512126428,0.0005481467490456714,0.004828136667308739,False,0.017779759100487905,0.18070573268503304,0,False,
65,6.500000000000001,0.07478251047415663,0.36899540749764514,0.44377791797180177,951.5589658873516,1.0651759454821208,1.0400567535123333,89.53337240155025,1.8492056108010235,0.28542084765642145,6.245004513516506e-17,1.1102230246251703e-16,True,1.0526163494972272,0.0006309738052150375,0.008144097942911967,False,0.011543634599460473,0.18070573268503304,0,False,
66,6.600000000000001,0.075668542700424,0.3681060121823576,0.4437745548827816,949.2654086525357,1.0602340628113256,1.0335141269343975,89.35307425112929,1.7304516403320518,0.2901553081778257,2.5968643632037737e-21,8.190321614446343e-22,True,1.0468740948728614,0.0007139549732671502,0.011290744427565983,False,0.015443143523354812,0.18070573268503304,0,False,
67,6.700000000000001,0.07935310093819847,0.3644212683686616,0.4437743693068601,939.763255125211,1.0552120030685825,1.02700718741851,89.18299824637027,1.605598892579387,0.29337094805523,2.4825341532610175e-16,2.2204460495574043e-16,True,1.0411095952435463,0.000795511625854574,0.014258887374847389,False,0.025125720494065553,0.18070573268503304,0,False,
68,6.800000000000001,0.08582448944329402,0.35795284532027827,0.4437773347635723,923.0825978005508,1.0501297818478577,1.0205658254667438,89.02366116700554,1.4751633184068997,0.295100560172188,2.4825341534142035e-16,1.1102230246251565e-16,True,1.0353478036573007,0.0008740275169044033,0.017039502588349964,False,0.03614625914860981,0.18070573268503304,0,False,
69,6.900000000000001,0.09502041253397397,0.348762959643461,0.44378337217743496,899.3838797851754,1.0450077280699948,1.014220093107796,88.87556878933735,1.3731822586716083,0.2953892569799984,3.856123590755149e-23,2.6514889650244317e-22,True,1.0296139105888953,0.0009478784665656008,0.019623767126545316,False,0.04748126499229342,0.18070573268503304,0,False,
70,7.0,0.1068288046697563,0.3369635608976668,0.44379236556742313,868.9557946640562,1.0398664234681323,1.008000062858574,88.73921378445084,1.4457065123453816,0.2942803316665339,2.220446049250449e-16,1.1102230246651286e-16,True,1.023933243163353,0.0010154649384984144,0.02200309482246678,False,0.05882783676748588,0.18070573268503304,0,False,
71,7.1000000000000005,0.12108930694255138,0.32271486929858434,0.4438041762411357,832.2115155544111,1.0347266514403441,1.001935691336396,88.61507360150196,1.7208444711082709,0.29180123596921925,2.220446049250337e-16,1.1102230246282277e-16,True,1.01833117138837,0.0010752470645387239,0.024169171867085237,False,0.07004649257072958,0.18070573268503304,0,False,
72,7.200000000000001,0.1375952131181497,0.30622343996039453,0.44381865307854423,789.6837032071737,1.0296093547169103,0.9960566857499161,88.50360826464994,2.0087958082804875,0.28795133717221666,1.2115955619408087e-21,1.1102230299744463e-16,True,1.0128330202334133,0.001125781594808693,0.026113993737917358,False,0.08104862141014582,0.18070573268503304,0,False,
73,7.300000000000002,0.15609575985513113,0.28773987724299216,0.4438356370981233,742.0186118051956,1.0245356002619594,0.990392370249653,88.40525801904136,2.2914887764517067,0.2842785117322977,1.5316216496612425e-25,9.1681474896563e-23,True,1.0074639852558063,0.0011657601556732645,0.027829904641363,False,0.08216850888549823,0.18070573268503304,0,False,
74,7.400000000000001,0.1762987114614316,0.26755624788441723,0.44385495934584884,689.9694179939645,1.0195265488759535,0.9849715482102385,88.32044077486833,2.5674357662315814,0.28020634933883226,7.354752822028743e-22,5.421383203575338e-21,True,1.002249048543096,0.0011940480710075669,0.029309640405436668,False,0.07925247225814953,0.18070573268503304,0,False,
75,7.500000000000001,0.1978732778545278,0.2460031542708977,0.4438764321254255,634.388673481081,1.014603426153015,0.9798223560690957,88.24954931677885,2.8350294544298174,0.27438209488414556,5.80785782123203e-25,1.1102230246251642e-16,True,0.9972128911110554,0.001209722836182505,0.03054637544623978,False,0.07794242785970654,0.18070573268503304,0,False,
76,7.600000000000001,0.22045349170126682,0.2234463428923041,0.44389983459357096,576.2195589799269,1.009787490833661,0.9749721044432151,88.19294826653629,3.0925088254089568,0.266656698688563,6.2979564815983175e-21,1.1102230990677782e-16,True,0.9923797976384381,0.0012121111295160458,0.03153377407627233,False,0.07816199861089934,0.18070573268503304,0,False,
77,7.700000000000001,0.2436422429787497,0.20028265171393517,0.44392489469268487,516.4854333622161,1.005099996230853,0.97044710292394,88.15097080783585,3.3379373547388376,0.2568577048809,8.210726785145742e-23,1.665334559274218e-16,True,0.9877735495773965,0.0012008230145403045,0.03226604605963641,False,0.0797291908582663,0.18070573268503304,0,False,
78,7.800000000000001,0.2670162131535774,0.17693505704655274,0.44395127020013014,456.2770606122293,1.0005621403417444,0.9662724661963048,88.123915202228,3.5691982763337577,0.24480555880455634,2.220446049250403e-16,1.6653345989358733e-16,True,0.9834173032690245,0.0011757817530004288,0.032738005971628285,False,0.07808257818941092,0.18070573268503304,0,False,
79,7.900000000000001,0.2901319555998858,0.153846576646796,0.4439785322466818,396.7368872477597,0.9961950005286115,0.9624719008799192,88.11204114355989,3.7840106968789935,0.2303342745734427,4.440892098528281e-16,7.04141819813301e-21,True,0.9793334507042654,0.0011372474499156346,0.03294513559837637,False,0.07134994069485515,0.18070573268503304,0,False,
80,8.000000000000002,0.3125333259728946,0.1314728289120393,0.4440061548849339,339.03985410068606,0.9920194492871182,0.9590674746261634,88.11556601525292,3.9799686818075375,0.21331475193090155,4.440892098500626e-16,4.440892098500717e-16,True,0.9755434619566408,0.001085832634056199,0.0328836483150642,False,0.06519955037653165,0.18070573268503304,0,False,
81,8.100000000000001,0.3337603732591008,0.11027314079781132,0.4440335140569121,284.370465568424,0.9880560486236356,0.9560793713659766,88.13466113045857,4.154603395193614,0.19677286932816695,2.220446049250313e-16,1.161195967412354e-22,True,0.9720677099948061,0.0010225078884404837,0.03255055410194615,False,0.05961718049101202,0.18070573268503304,0,False,
82,8.200000000000001,0.3533596629973632,0.09070023553217049,0.4440598985295337,233.8961964703644,0.9843249219085322,0.9535256389767194,88.16944804995434,4.3054660755660725,0.19013150239472498,0.0,3.330669073914632e-16,True,0.9689252804426258,0.0009485958291138538,0.031943723590597356,False,0.05457006937614585,0.18070573268503304,0,False,
83,8.3,0.3708958303423797,0.07318870368547235,0.4440845340278521,188.7377614422703,0.9808456036905252,0.9514219377914276,88.21999508631305,4.4302272868945405,0.18182137412435972,4.987085495590662e-24,1.1102230246252497e-16,True,0.9661337707409764,0.00086575211494172,0.031061949282720734,False,0.05000669197254433,0.18070573268503304,0,False,
84,8.4,0.3859639716776275,0.05814264832386328,0.4441066200014908,149.9372544720909,0.9776368697351827,0.9497813000698506,88.28631411433126,4.526785770070998,0.17168844877618783,4.440892098805984e-16,3.3306690738755855e-16,True,0.9637090849025167,0.0007759327613801694,0.029905001869024755,False,0.04585905222586699,0.18070573268503304,0,False,
85,8.500000000000002,0.3982023050459591,0.04592307140106256,0.44412537644702166,118.4256211455558,0.9747165513367144,0.9486139115708775,88.3683578150876,4.593378614384981,0.15963504431793085,4.440892098500626e-16,5.551115123128567e-16,True,0.9616652314537959,0.0006813478027450515,0.028473679428834758,False,0.04204812724118622,0.18070573268503304,0,False,
86,8.600000000000001,0.4073043902569742,0.03683570607623126,0.44414009633320545,94.99128083823847,0.972101339570654,0.9479269265439199,88.46601748185246,4.6286836343409234,0.14694463787698187,1.4574438430963299e-24,2.220446049251905e-16,True,0.9600141330572869,0.0005844022451871351,0.026769847255800436,False,0.03849276597870031,0.18070573268503304,0,False,
87,8.700000000000001,0.413030125554513,0.031120072241766543,0.44415019779627957,80.25190330018953,0.9698065864301846,0.9477243267041561,88.5791215081669,4.631904925673153,0.1379932135222275,3.2013849819308253e-21,9.081271843262648e-21,True,0.9587654565671704,0.00048762619460778064,0.02479646617114734,False,0.035122241438536664,0.18070573268503304,0,False,
88,8.8,0.415214748239793,0.028940521503251306,0.4441552697430443,74.631315605331,0.9678461105697215,0.9480068330785064,88.70743466019,4.602833645096846,0.12747836719628203,1.4580586547850631e-22,3.3306690738883803e-16,True,0.957926471824114,0.0003935969313734324,0.022557607481898053,False,0.03189320735612473,0.18070573268503304,0,False,
89,8.900000000000002,0.41377516869779774,0.03037993628654957,0.4441551049843473,78.34325351796478,0.966232015564718,0.9487718771114247,88.85065820689344,4.541878019739863,0.11552015360496304,9.930136613065527e-16,3.3306690754183095e-16,True,0.9575019463380714,0.00030485643480816766,0.020058453218720646,False,0.02881329543583963,0.18070573268503304,0,False,
90,9.000000000000002,0.40871315343994175,0.035436563071187734,0.4441497165111295,91.38319508986439,0.9649745281511313,0.9500136342992307,89.00843094466163,4.450059244120779,0.10229394156175897,8.881784197303268e-16,1.1102232588614834e-16,True,0.957494081225181,0.0002238283448478366,0.017305280916785955,False,0.02597542341820317,0.18070573268503304,0,False,
91,9.100000000000001,0.4001151214375205,0.044024213347925875,0.44413933478544637,113.52887888617919,0.9640818628686343,0.9517231201475657,89.18033111090199,4.328972971377749,0.12108627274302997,5.3432454272094095e-21,3.3306690738755367e-16,True,0.9579024915080999,0.00015273852164556404,0.014305432922452663,False,0.02360475770703956,0.18070573268503304,0,False,
92,9.200000000000001,0.3881485966873264,0.055975789862726597,0.444124386550053,144.3493974023071,0.9635601180027079,0.9538883447294714,89.36587913918014,4.180719206273744,0.14825376510400545,2.22044604987662e-16,9.300744383809024e-23,True,0.9587242313660896,9.354319824889264e-05,0.011067270936268603,False,0.02209848294246043,0.18070573268503304,0,False,
93,9.3,0.3730556309479678,0.07104982722895957,0.44410545817692737,183.2220638813648,0.9634132058584314,0.956494518879348,89.5645411712986,4.007806204778595,0.17291300149514832,2.220446049250313e-16,1.1102230246252902e-16,True,0.9599538623688897,4.78682295145394e-05,0.007600117149765572,False,0.021977482586285537,0.18070573268503304,0,False,
94,9.4,0.35514373791993625,0.08893951059930506,0.4440832485192413,229.35566950908995,0.9636428183890418,0.9595243023788864,89.77573321406875,3.874816467116981,0.19477004859494684,2.220446049988973e-16,2.220446051236236e-16,True,0.9615835603839641,1.696217412590584e-05,0.003914183822536167,False,0.02365808029429336,0.18070573268503304,0,False,
95,9.500000000000002,0.3347750359868087,0.10928348128590894,0.4440585172727176,281.8183487599446,0.9642484272355872,0.9629580826003502,89.9988258130904,3.8362508858280626,0.21365443245324922,2.2204460493200617e-16,2.220446051429739e-16,True,0.9636032549179687,1.66498927768498e-06,2.0493427604843046e-05,False,0.027206522230389503,0.18070573268503304,0,False,
96,9.600000000000001,0.3123543659655299,0.13167766890162816,0.44403203486715803,339.5680919180275,0.9652273154811966,0.9667742711070249,90.23314911326725,3.7762337914982975,0.22951890449726742,4.440892098500918e-16,3.164207437072402e-22,True,0.9660007932941107,2.3930717082818107e-06,-0.004069208444565791,False,0.03238738984409591,0.18070573268503304,0,False,
97,9.700000000000001,0.288317132663783,0.15568740633213016,0.4440045389959132,401.4839869572933,0.966574637017161,0.9709496057045107,90.47799818440001,3.6956322289298837,0.2424305187161533,2.220446049250313e-16,1.6653345369379037e-16,True,0.9687621213608358,1.9140351015290947e-05,-0.008342545362471027,False,0.03889070963632006,0.18070573268503304,0,False,
98,9.800000000000002,0.2631175271149011,0.1808591742210599,0.443976701335961,466.3965060164886,0.9682834984413614,0.9754594463223487,90.7326385065696,3.595484349774532,0.2525545360451087,2.2204460492503964e-16,3.3306690738848615e-16,True,0.9718714723818551,5.149422799064611e-05,-0.012786605711674937,False,0.046462566609822266,0.18070573268503304,0,False,
99,9.9,0.2372176420568186,0.20673146413757712,0.44394910619439576,533.1155191474475,0.9703450578942417,0.9802780547297711,90.99631152975087,3.4769432621959573,0.2601332283645563,4.324376349480133e-21,2.7755575615630506e-16,True,0.9753115563120065,9.866442613463698e-05,-0.01738804025572392,False,0.05492211525802237,0.18070573268503304,0,False,
100,10.000000000000002,0.21107782232920336,0.23284441878086076,0.4439222411100641,600.4551543074998,0.9727486351698664,0.9853788502405595,91.26824024086503,3.3412239980223934,0.26546188095236456,3.6746266632728625e-25,5.551115123166477e-17,True,0.9790637427052129,0.00015952233273196218,-0.022133160423970462,False,0.06414153365482535,0.18070573268503304,0,False,
101,10.100000000000001,0.18514841887498878,0.2587480792309836,0.44389649810597237,667.2550652271859,0.9754818277723225,0.9907346360042153,91.54763468595537,3.1895568258850666,0.26886419658334093,2.220446049250313e-16,3.3306690738756703e-16,True,0.9831082318882689,0.00023264815895889643,-0.027008036379618537,False,0.07402567171677585,0.18070573268503304,0,False,
102,10.200000000000001,0.15986295937208705,0.2840092240750906,0.44387218344717766,732.3980680303915,0.978530628253477,0.9963177929873562,91.83369740359709,3.0231494262540135,0.270668961874287,2.220446049250313e-16,1.6653345555149402e-16,True,0.9874242106204166,0.00031638322927015597,-0.03199859404695922,False,0.08183585442790559,0.18070573268503304,0,False,
103,10.3,0.13563262279744848,0.3082169105831023,0.4438495333805508,794.824430722279,0.9818795390915811,1.0021004411287455,92.1256287280161,2.843159740572343,0.2711893550392521,2.2204460492519066e-16,5.551115385022172e-17,True,0.9919899901101634,0.0004088848791965958,-0.037090710299466624,False,0.0740863956048189,0.18070573268503304,0,False,
104,10.400000000000002,0.11284181548873651,0.3309869178047289,0.4438287332934654,853.5433309709136,0.9855116824757647,1.0080545692616407,92.4226319181389,2.6506806288332303,0.27070577355930636,5.28643169846524e-23,1.11022302586283e-16,True,0.9967831258687027,0.0005081817446408285,-0.04227030545623784,False,0.06712235643003299,0.18070573268503304,0,False,
105,10.500000000000002,0.09184459359205732,0.35196534428205584,0.44380993787411316,907.6421338261672,0.9894089035757688,1.0141521371478832,92.72391806429947,2.446736793256807,0.2694526324626997,1.570092458691017e-16,5.551115163145144e-17,True,1.001780520361826,0.0006122276076042085,-0.04752343214523354,False,0.061475168117914515,0.18070573268503304,0,False,
106,10.600000000000001,0.07296165931562326,0.3708316307476257,0.44379329006324897,956.2941866011785,0.9935518671268547,1.0203651543134096,93.02871072022789,2.2322937072313684,0.26760928300530507,1.1102230246599216e-16,5.551115159702308e-17,True,1.0069585107201322,0.0007189523697486663,-0.05283635951440287,False,0.05778306174614136,0.18070573268503304,0,False,
107,10.700000000000003,0.05647767308233442,0.38730126371378537,0.4437789367961198,998.7657908417357,0.9979201483715237,1.0266657412998315,93.336250206546,2.0082774956009217,0.265295034174039,1.1102230246251565e-16,5.551115159906697e-17,True,1.0122929448356777,0.0008263091127999798,-0.05819565174648957,False,0.05664970703646936,0.18070573268503304,0,False,
108,10.8,0.04263866709820574,0.4011283726571424,0.44376703975534815,1034.42289990057,1.002492320491808,1.0330261794538274,93.64579753485965,1.7756038429453052,0.2625681949437708,1.1102230247320677e-16,2.775558289767305e-17,True,1.0177592499728176,0.0009323165431124945,-0.06358823988721671,False,0.058398585915595276,0.18070573268503304,0,False,
109,10.9,0.031649414276318844,0.4121083653793361,0.44375777965565494,1062.7379149600677,1.0072460415520665,1.0394189554740312,93.95663790927227,1.5352131051916422,0.2594290384670883,6.206335383121109e-17,5.551115134816802e-17,True,1.023332498513049,0.0010350963902301463,-0.06900148613965232,False,0.05793275852313678,0.18070573268503304,0,False,
110,11.000000000000002,0.023670695013412235,0.4200806580319371,0.44375135304534935,1083.2967251731968,1.012158144564699,1.0458168066339084,94.26808377437999,1.2881079584684336,0.25582655742210714,1.2412670766723763e-16,5.55111514224719e-17,True,1.0289874755993038,0.001132905532289237,-0.07442324000262435,False,0.04505387309789632,0.18070573268503304,0,False,
111,11.100000000000001,0.018816505994581956,0.42493145531079457,0.4437479613053765,1095.805877180538,1.0172047345095454,1.0521927719111728,94.57947739433246,1.0353892704963545,0.2527186879720791,2.7755575619017804e-17,5.3977493178005944e-21,True,1.034698753210359,0.00122416276121766,-0.07984188591581862,False,0.03226051002862766,0.18070573268503304,0,False,
112,11.200000000000001,0.017151360034405982,0.4265964324314532,0.44374779246585916,1100.099491342037,1.0223612959216477,1.0585202532020446,94.89019296450489,0.935844319514661,0.25710369332092475,1.3877787808134004e-17,1.110223024774847e-16,True,1.040440774561846,0.0013074701916055654,-0.0852463823852944,False,0.019958359568153245,0.18070573268503304,0,False,
113,11.300000000000002,0.018687920973931682,0.42506307659221876,0.44375099756615044,1096.1452998614056,1.0276028139860263,1.0647730894248055,95.19963827353133,1.1324454383674836,0.26011384177551133,8.326672684688675e-17,5.551115123126854e-17,True,1.046187951705416,0.0013816293761947172,-0.0906262928612038,False,0.010331457418727857,0.18070573268503304,0,False,
114,11.400000000000002,0.023385287935286936,0.42037237645200354,0.4437576643872905,1084.049003582327,1.0329039109653284,1.070925644695985,95.50725594667456,1.3221754237409744,0.2615986364513341,6.338437258675326e-22,5.551115160364052e-17,True,1.0519147778306568,0.001445652235884945,-0.0959718088849584,False,0.012833781939950627,0.18070573268503304,0,False,
115,11.500000000000002,0.031148274260173636,0.4126195179789257,0.44376779223909935,1064.0560664307718,1.0382389983175382,1.076952910006188,95.81252430987895,1.5136761180311478,0.2614201630149917,1.372868931953072e-22,2.2204460494787973e-16,True,1.0575959541618631,0.0014987669582365837,-0.10127376618268753,False,0.023785653704336884,0.18070573268503304,0,False,
116,11.600000000000003,0.04182800731562253,0.40195326451166685,0.4437812718272894,1036.5501167279642,1.0435824431752685,1.0828306160793928,96.11495791619099,1.7319875647192569,0.25947027344334883,2.220446049352816e-16,9.247796341663446e-22,True,1.0632065296273308,0.0015404190763120195,-0.10652365443487352,False,0.0360329537747418,0.18070573268503304,0,False,
117,11.700000000000001,0.05522410213276174,0.38857377173296975,0.4437978738657315,1002.0473124818828,1.0489087461409476,1.0885353535414133,96.41410777234785,1.940469387767015,0.255686089369322,2.167493289768442e-21,1.8899546645211758e-22,True,1.0687220498411802,0.001570268014070656,-0.11171362139533557,False,0.04843842792400627,0.18070573268503304,0,False,
118,11.8,0.07108854007546572,0.3727287089188664,0.4438172489943321,961.1863389319491,1.0541927258119512,1.0940446953226344,96.70956129416078,2.138037715212271,0.25006179900243375,3.226192364649761e-25,1.110223024791914e-16,True,1.074118710567293,0.0015881794738804194,-0.11683647188279608,False,0.06073566616127502,0.18070573268503304,0,False,
119,11.900000000000002,0.08913122876784563,0.3547077111043048,0.44383893987215045,914.714101889834,1.0594097042854205,1.099337315520979,97.00094200680849,2.323701224844651,0.24265515574398733,4.577566798522237e-16,1.7095133107336454e-23,True,1.0793735099031998,0.0015942141389778744,-0.12188566195944125,False,0.06813108346493738,0.18070573268503304,0,False,
120,12.000000000000002,0.1090270543187497,0.33483535005553317,0.44386240437428287,863.4676014047841,1.0645356872589418,1.1043930988400754,97.28790899294616,2.496611897435166,0.23358781698827058,1.1102230246251565e-16,1.1102230246251583e-16,True,1.0844643930495086,0.0015886132579478868,-0.12685528838928375,False,0.06679727638576201,0.18070573268503304,0,False,
121,12.100000000000001,0.13042408755621793,0.3134629594997726,0.4438870470559905,808.3528508074886,1.0695475323223793,1.1091932352047051,97.570156080413,2.6561057585327434,0.22303954797870462,7.501449405824404e-22,1.1102230256862615e-16,True,1.0893703837635422,0.0015717817570336586,-0.13174007328317935,False,0.0649872213192623,0.18070573268503304,0,False,
122,12.200000000000003,0.15295249607529904,0.290959758771607,0.44391225484690605,750.3219865231265,1.0744230996222657,1.113720295169387,97.84741075463229,2.8017299944594454,0.21123717719831547,1.0378817953025659e-22,2.2204460497836866e-16,True,1.0940716973958264,0.0015442695778686902,-0.13653534372752338,False,0.05788713569308118,0.18070573268503304,0,False,
123,12.300000000000002,0.1762336593119329,0.2677037732227361,0.443937432534669,690.3498537812955,1.0791413801831515,1.1179582831360277,98.1194327799545,2.933254621787726,0.19843985364119776,5.285236641777023e-21,4.910515153198257e-21,True,1.0985498316595896,0.0015067519548530098,-0.14123700618394316,False,0.052331031698120575,0.18070573268503304,0,False,
124,12.4,0.19988898978632053,0.24407304422183143,0.44396203400815193,629.411339115883,1.083682598635575,1.1218926670000406,98.38601251941012,3.0506687499449656,0.18492250666851606,5.343292642136961e-26,1.1102230246251597e-16,True,1.1027876328178077,0.001460009324417161,-0.1458415155408136,False,0.048558985345922207,0.18070573268503304,0,False,
125,12.500000000000002,0.22354802440091093,0.220437561874381,0.44398558627529194,568.4605666027259,1.0880282887397856,1.125510384458891,98.64696895266438,3.1541630992973997,0.17095941450439733,4.8397216841201615e-22,2.2204460497820956e-16,True,1.1067693365993383,0.0014049074994961738,-0.1503458388770822,False,0.04668967023041766,0.18070573268503304,0,False,
126,12.600000000000001,0.24685545101607098,0.19715225363069716,0.44400770464676814,508.4128170033777,1.0921613417204943,1.1287998276727145,98.90214740557442,3.2441016047575566,0.15680949734778737,2.220446049478081e-16,1.1102230249794776e-16,True,1.1104805846966044,0.0013423786528710363,-0.15474741423267363,False,0.04663238395660769,0.18070573268503304,0,False,
127,12.700000000000001,0.2694768587649359,0.17455124009809772,0.4440280988630336,450.1297147530506,1.0960660288823978,1.131750809138673,99.15141701939251,3.3209855513159128,0.14270447034568168,2.190596339401442e-21,4.8538792247921006e-21,True,1.1139084190105355,0.001273403541938648,-0.15904410492858184,False,0.048085323182731524,0.18070573268503304,0,False,
128,12.800000000000002,0.29110312682987916,0.1529434442541208,0.4440465710839999,394.4079050757014,1.0997280011483717,1.1343545124605015,99.39466800113517,3.385413773523755,0.12884044285687324,2.823530578915505e-22,1.1102230256972306e-16,True,1.1170412568044366,0.0011989952856490526,-0.16323415020582993,False,0.05063242890834348,0.18070573268503304,0,False,
129,12.900000000000002,0.31145348006174234,0.13260952735377218,0.4440630074155145,341.97115235471114,1.1031342689952781,1.1366034321484544,99.63180870718875,3.4380421117938638,0.11537304133213055,4.965068306495045e-16,2.220446049779873e-16,True,1.1198688505718661,0.0011201848821739324,-0.16731611312584635,False,0.053859579237769184,0.18070573268503304,0,False,
130,13.000000000000002,0.3302773304605824,0.11380003452683243,0.4440773649874148,293.4655580313385,1.1062731667493688,1.1384913067035387,99.8627626187536,3.4795447043205545,0.10241573571955964,1.25169350568333e-21,1.110223025685488e-16,True,1.1223822367264538,0.0010380085421064782,-0.1712888267773144,False,0.057421997407297004,0.18070573268503304,0,False,
131,13.100000000000003,0.34735508635132284,0.09673457023304693,0.4440896565843698,249.45743428284527,1.1091343053760145,1.140013049084069,100.08746526987385,3.5105789571222794,0.09004079497336193,6.216942427530789e-22,1.1102230263223057e-16,True,1.1245736772300416,0.0009534968129877113,-0.17515133986065165,False,0.061059640669248905,0.18070573268503304,0,False,
132,13.200000000000003,0.3624981461223915,0.08160178844695354,0.44409993456934505,210.43327871129964,1.1117085178133392,1.1411646782967897,100.30586118683281,3.5317553051076507,0.07828218343858762,2.220446049250313e-16,1.1102230246252697e-16,True,1.1264365980550646,0.0008676653904267881,-0.1789028626765192,False,0.0645863079435424,0.18070573268503304,0,False,
133,13.3,0.3755483041181691,0.06855997132932963,0.4441082754474987,176.8012666114814,1.1139878006235744,1.141943255374272,100.51790089236728,3.543612244456551,0.06713971209532898,4.440892098511514e-16,2.2204460497709623e-16,True,1.1279655279989234,0.0007815074503183076,-0.18254271444275982,False,0.06787237695352022,0.18070573268503304,0,False,
134,13.400000000000002,0.386376788001223,0.057737977994379824,0.44411476599560284,148.893697635273,1.1159652553365078,1.142346826461255,100.72353802048815,3.546596632163536,0.056583841557167336,2.220446049250313e-16,1.110223024625194e-16,True,1.1291560408988814,0.0006959872950100984,-0.1860702727230624,False,0.0708295874779968,0.18070573268503304,0,False,
135,13.500000000000002,0.39488312541580894,0.0492363660852615,0.44411949150107044,126.96988809119935,1.117635032395044,1.1423743751866076,100.92272657880474,3.5410489298214416,0.04656066403250758,1.947599783910192e-21,1.1102230246251588e-16,True,1.1300047037908256,0.0006120350817584922,-0.18948492558989374,False,0.07339980291769503,0.18070573268503304,0,False,
136,13.600000000000001,0.40099400835130883,0.043128518005901194,0.44412252635721,111.21907525152943,1.1189922801296335,1.1420257859795333,101.11541838618352,3.5271929088898597,0.03699673924643543,2.220446049250313e-16,2.2204460492505354e-16,True,1.1305090330545833,0.0005305423917373798,-0.192786026982032,False,0.07554735048035419,0.18070573268503304,0,False,
137,13.700000000000003,0.4046622903691457,0.039461636693999345,0.444123927063145,101.7629852344545,1.1200331007177975,1.1413018195168938,101.30156070522531,3.5051293125695198,0.0432952391079966,4.965068306494546e-16,2.220446049250319e-16,True,1.1306674601173456,0.00045235839935503275,-0.19597285556871516,False,0.07725406141742837,0.18070573268503304,0,False,
138,13.800000000000002,0.40586621761908637,0.03825750995590686,0.44412372757499324,98.65780405762942,1.1207545146446594,1.1402041010671908,101.4810940821069,3.4748330564090444,0.050985676867864704,4.440892098527394e-16,1.1102230256682846e-16,True,1.130479307855925,0.00037828641200752063,-0.19904457730963632,False,0.07851624382361395,0.18070573268503304,0,False,
139,13.900000000000002,0.4046089608165693,0.03951297611663187,0.4441219369332011,101.89537844834503,1.1211544347753009,1.1387351221181792,101.65395040126974,3.4361537142823306,0.05889744703660371,2.220446049384357e-16,3.3306690739851814e-16,True,1.12994477844674,0.000309080567448042,-0.20200021181056632,False,0.07934304045969429,0.18070573268503304,0,False,
140,14.0,0.40091848246478645,0.04320005666198019,0.44411853912676663,111.40355789878281,1.1212316507747584,1.13689825532331,101.82005115950903,3.3888192471040135,0.06712976645556124,2.2204460492508914e-16,1.11022302572445e-16,True,1.1290649530490342,0.00024544249808069833,-0.20483860252238092,False,0.07826590480455872,0.18070573268503304,0,False,
141,14.100000000000001,0.3948477411781799,0.04926575404319431,0.4441134952213742,127.04567324811967,1.1209858242539108,1.1346977824559414,101.97930596329097,3.332443156837366,0.07577274610663531,1.6023737137301802e-31,3.33066907395193e-16,True,1.1278418033549262,0.0001880177977342353,-0.20755839081764293,False,0.07685426043035351,0.18070573268503304,0,False,
142,14.200000000000001,0.38647520217823894,0.057631545666015686,0.44410674784425463,148.61923179028602,1.1204174946622376,1.1321389346963566,102.13161125450445,3.2913058144152583,0.0849038914903506,1.232595164407831e-32,2.888896940818592e-22,True,1.1262782146792971,0.00013739215647344793,-0.21015799400167412,False,0.07618116721556774,0.18070573268503304,0,False,
143,14.300000000000002,0.3759055890709633,0.06819263908326721,0.4440982281542305,175.85399657749738,1.1195280955727633,1.1292279441733089,102.27684927308935,3.265880765063944,0.09458400469816208,2.2204460492706563e-16,2.2204460492507844e-16,True,1.1243780198730362,9.408706287350475e-05,-0.21263558736981922,False,0.07632777498487713,0.18070573268503304,0,False,
144,14.400000000000002,0.3632707764920591,0.08081708890425245,0.4440878653963115,208.40970912150823,1.1183199805934985,1.1259721052224163,102.41488726968217,3.2309364132961913,0.10485247750011961,4.965068306512449e-16,1.110223025729595e-16,True,1.1221460429079575,5.855501133649106e-05,-0.21498909050251994,False,0.07736571009207024,0.18070573268503304,0,False,
145,14.500000000000002,0.3487306866150428,0.09534491240299829,0.4440755990180411,245.87380873946563,1.1167964576817972,1.122379843300543,102.54557698704662,3.1860611708396744,0.11572210211261336,1.135286126992244e-22,2.2204460498183343e-16,True,1.11958815049117,3.11741949676165e-05,-0.21721615808569159,False,0.07563999821214057,0.18070573268503304,0,False,
146,14.600000000000003,0.332474016636334,0.11158737644818442,0.4440613930845184,287.75959370116175,1.1149618301308841,1.118460788913836,102.66875443492407,3.1307988172863452,0.12717369652542576,3.71424682438554e-22,2.220446049798696e-16,True,1.1167113095223602,1.2242712564796396e-05,-0.21931417564412853,False,0.07109470372682337,0.18070573268503304,0,False,
147,14.700000000000003,0.31471859255393975,0.12932665980910268,0.44404525236304243,333.5053503894908,1.1128214419521862,1.114225853300085,102.78423998821322,3.0646771500452905,0.13915103391122874,2.220446049250313e-16,3.330669073875615e-16,True,1.1135236476261356,1.9723712341069667e-06,-0.22128026066619783,False,0.066670686125504,0.18070573268503304,0,False,
148,14.800000000000002,0.29571112190362303,0.14831611707079387,0.44402723897441687,382.47503388023244,1.1103817248206265,1.1096873019968707,102.89183884209933,2.9872418412373345,0.15155676145904384,2.572148926740803e-23,1.1102230246285388e-16,True,1.1100345134087486,4.822230581529207e-07,-0.22311126966271286,False,0.06257367024965112,0.18070573268503304,0,False,
149,14.900000000000002,0.2757261110864142,0.16828137689590175,0.44400748798231593,433.9611001206996,1.1076502432295177,1.1048588218908788,102.99134185884698,2.898094482309761,0.1642501570535997,2.2204460492533734e-16,3.330669074254033e-16,True,1.1062545325601982,7.79203308980834e-06,-0.22480381172400588,False,0.05907450261826936,0.18070573268503304,0,False,
150,15.000000000000002,0.2550637286198465,0.18892249119708215,0.44398621981692865,487.1900481783233,1.104635734083103,1.0997555769661038,103.08252683838863,2.7969329810182915,0.17704765572960013,4.440892098516325e-16,3.330669074240894e-16,True,1.1021956555246035,2.381593348659779e-05,-0.22635426909930495,False,0.056505305593069516,0.18070573268503304,0,False,
151,15.100000000000001,0.23404644040730016,0.20991730674091366,0.44396374714821385,541.3311148744217,1.1013481367193647,1.0943942478478814,103.1651602376792,2.683591594859393,0.1897270239398854,2.220446049251367e-16,5.551115141971436e-17,True,1.097871192283623,4.8356570436939196e-05,-0.22775882520652685,False,0.05522691379782673,0.18070573268503304,0,False,
152,15.200000000000003,0.21301432056144276,0.23092615334109567,0.44394047390253843,595.5083646156202,1.09779860939117,1.0887930504745387,103.23899935146603,2.558077086079886,0.20203581679088756,1.114847043170302e-25,5.551115123126176e-17,True,1.0932958299328543,8.110009140092243e-05,-0.2290135002790794,False,0.055557996743885306,0.18070573268503304,0,False,
153,15.300000000000002,0.19231905014792372,0.25159783454644524,0.44391688469436896,648.8161380762992,1.0939995286195092,1.0829717298988997,103.30379494963445,2.420596956596781,0.2137042925991527,1.8488927466117464e-32,1.9428902930971293e-16,True,1.0884856292592044,0.00012161234462227761,-0.23011419456915372,False,0.057686916657318996,0.18070573268503304,0,False,
154,15.400000000000002,0.172316748404844,0.27157677567241406,0.4438935240772581,700.3374854184677,1.089964468620862,1.0769515263665568,103.35929434437328,2.2715756722312577,0.22446229832485676,3.1401849173821403e-16,1.1102230262971739e-16,True,1.0834579974937095,0.00016933666611388355,-0.23105673866679405,False,0.06162071990444703,0.18070573268503304,0,False,
155,15.500000000000004,0.15335992110796504,0.2905110455085019,0.4438709666164669,749.1648525319047,1.085708159206221,1.070755112411206,103.40524483568736,2.111655381675128,0.23405886029635276,1.1951601890726864e-21,8.810553739195808e-21,True,1.0782316358087134,0.00022359360845390741,-0.23183695008791658,False,0.06543022056609095,0.18070573268503304,0,False,
156,15.600000000000001,0.13578893721801588,0.30806084336682227,0.44384978058483815,794.4219672880063,1.0812464220924658,1.0644065016443978,103.44139745872825,1.9416789443074165,0.24358526556245108,9.415240678830322e-22,1.1102230377938143e-16,True,1.0728264618684318,0.00028358292069725996,-0.2324506948734229,False,0.05593358846835067,0.18070573268503304,0,False,
157,15.700000000000001,0.11992353361162378,0.3239069560650357,0.4438304896766595,835.2856482608993,1.0765960873270637,1.0579309320113044,103.4675109340758,1.7626550172087376,0.2532686667524341,2.2204460493994147e-16,5.0218132603539155e-21,True,1.067263509669184,0.00034838802296141753,-0.23289395257637152,False,0.04692944525066515,0.18070573268503304,0,False,
158,15.800000000000002,0.10605487725137053,0.33775866081722566,0.4438135380685962,871.0061845655548,1.0717748933116071,1.0513547282848432,103.4833557056603,1.57570725776202,0.2614551527495844,1.969672713865191e-21,4.932450921837528e-21,True,1.0615648107982252,0.0004169831397202721,-0.23316288274749908,False,0.039054659664309016,0.18070573268503304,0,False,
159,15.900000000000002,0.09443867209077927,0.34936059199258834,0.4437992640833676,900.925043736166,1.0668013754888128,1.0447051501992546,103.48871794317391,1.3820119799467574,0.26809020799489464,2.2887833992611187e-16,1.1102230246252211e-16,True,1.0557532628440338,0.0004882431720469129,-0.23325389090581672,False,0.03341744911140411,0.18070573268503304,0,False,
160,16.000000000000004,0.08528968521709857,0.3584982013092392,0.44378788652633777,924.4889523793662,1.061694749904357,1.038010233624881,103.48340338819433,1.1827304149674651,0.27319376825460917,6.938893907451712e-17,1.1102230493975068e-16,True,1.049852491764619,0.0005609563113927578,-0.23316369202680776,False,0.031504992246175575,0.18070573268503304,0,False,
161,16.1,0.07877789884008246,0.3650016068333788,0.44377950567346125,941.2598219066132,1.056474798389137,1.031298632376091,103.46724093592317,1.2431615467194512,0.27685299276538566,5.551115123138141e-17,1.1102230258848432e-16,True,1.0438867153826141,0.0006338393351164446,-0.2328893697967868,False,0.03412607981224002,0.18070573268503304,0,False,
162,16.200000000000003,0.07502629942683914,0.3687478189350205,0.44377411836185965,950.9204887902671,1.051161761933177,1.0245994675551824,103.44008586587867,1.5025281691712347,0.2792071416729271,1.5700924587049753e-16,5.863563167951647e-21,True,1.0378806147441797,0.0007055554826232447,-0.2324284302417789,False,0.04050105366771912,0.18070573268503304,0,False,
163,16.300000000000004,0.07411012616265467,0.3696615180928489,0.4437716442555036,953.2767203532869,1.045776247946867,1.017942189826989,103.40182266215167,1.760246590409249,0.28042632805081613,4.870493698747439e-22,1.110223026094739e-16,True,1.031859218886928,0.0007747347914207552,-0.2317788487936451,False,0.04922272692801798,0.18070573268503304,0,False,
164,16.400000000000002,0.07605724984588136,0.36771470878952667,0.443771958635408,948.2563222404432,1.0403391556353514,1.0113564578693206,103.35236739323362,2.0155475866713166,0.2806866860858317,2.2204460493654163e-16,1.2761802426935702e-22,True,1.025847806752336,0.0008399967697970865,-0.23093911034312825,False,0.05925127048310514,0.18070573268503304,0,False,
165,16.5,0.08084926370743295,0.3629256625725651,0.44377492627999804,935.9064128019965,1.03487162182853,1.004872033712706,103.29166964921968,2.2678537896594384,0.2801448079182671,2.9471975087337653e-22,2.220446049647234e-16,True,1.019871827770618,0.0008999752871190975,-0.22990824228678963,False,0.06448615240844513,0.18070573268503304,0,False,
166,16.6,0.08842285058271848,0.35535758058523587,0.44378043116795435,916.3899740515774,1.029394987528517,0.9985186930633803,103.21971405732197,2.5167301942681175,0.2789141730106586,2.288783399298264e-16,8.518092956381089e-21,True,1.0139568402959487,0.0009533455598978401,-0.2286858409517473,False,0.058744043974068655,0.18070573268503304,0,False,
167,16.700000000000003,0.09867104481562894,0.3451173528334682,0.44378839764909717,889.9826520851511,1.0239307833708975,0.9923261462795595,103.13652141318725,2.7618158867361666,0.27704584994096915,2.2204460492551325e-16,6.626070417584692e-21,True,1.0081284648252284,0.0009988530856751767,-0.22727209204736853,False,0.05525989313622025,0.18070573268503304,0,False,
168,16.8,0.11144412054980535,0.3323546795397881,0.44379880008959344,857.070491243773,1.0185007303236469,0.9863239636822955,103.04214947489685,3.002743181213341,0.2745151554330587,2.8381595739805973e-22,1.092442511141828e-21,True,1.002412347002971,0.0010353443114919831,-0.22566778593712347,False,0.05438633088075385,0.18070573268503304,0,False,
169,16.900000000000002,0.12654999263116373,0.31726166689791996,0.4438116595290837,818.1488916525574,1.0131267503966412,0.9805414975076333,102.93669346926049,3.239051187854698,0.2712153512001221,5.551115123127019e-17,2.2204460492503856e-16,True,0.9968341239521372,0.0010617987058405998,-0.22387432855616474,False,0.05612777190637148,0.18070573268503304,0,False,
170,17.000000000000004,0.14375419144245294,0.300072835966539,0.44382702740899194,773.8226321557321,1.0078309809842763,0.9750077921626714,102.8202863573858,3.4701011782855593,0.2669589240555772,1.1102230246805427e-16,2.220446050198408e-16,True,0.9914193865734738,0.001077361724418725,-0.2218937487427895,False,0.06011525720251637,0.18070573268503304,0,False,
171,17.100000000000005,0.16277964756848218,0.2810653102939513,0.4438449578624335,724.8063541599139,1.0026357857537143,0.9697514745941039,102.69309890005344,3.6950010748079594,0.2614865356514069,5.551115125614888e-17,9.781994210232742e-21,True,0.9861936301739092,0.001081377920442072,-0.21972870263107214,False,0.06578416358964602,0.18070573268503304,0,False,
172,17.200000000000003,0.18330667611742268,0.2605587952587661,0.44386547137618876,671.9245083581911,0.997563754737241,0.9648006175239846,102.55533955454737,3.912546018847948,0.2544833024451627,1.1102230246426357e-16,4.1128743555562006e-21,True,0.9811821861306128,0.001073423160054667,-0.21738247559105553,False,0.0631359203571357,0.18070573268503304,0,False,
173,17.3,0.20497366504465275,0.2389148487719841,0.44388851381663685,616.1094740293022,0.9926376864924771,0.9601825700172651,102.4072542242224,4.121181247935335,0.2456016175990703,7.966606822737106e-22,2.902963027540195e-20,True,0.9764101282548711,0.0010533345854195656,-0.21485898201786416,False,0.05850600366296866,0.18070573268503304,0,False,
174,17.400000000000002,0.22737903011130434,0.21653488566209986,0.4439139157734042,558.3964127804994,0.9878805458560695,0.9559237522338729,102.24912587067848,4.318992357340423,0.234489223734351,4.475452091312049e-16,1.2674414990639422e-20,True,0.9719021490449713,0.001021236658611666,-0.21216276306914358,False,0.05577977823442034,0.18070573268503304,0,False,
175,17.500000000000004,0.2500849875104285,0.19385637025573627,0.4439413577661648,499.91345004043495,0.9833153919249414,0.9520494141456245,102.08127398601714,4.5037263729911325,0.22908284430269021,1.1102230246251627e-16,2.220446049269567e-16,True,0.967682403035283,0.000977561366496741,-0.2092989822322478,False,0.055031726844602176,0.18070573268503304,0,False,
176,17.6,0.27262360539360797,0.17134674149914983,0.44397034689275783,441.866009267714,0.9789652724293629,0.9485833612694604,101.90405390928551,4.672844910348486,0.2272676418847679,8.881784197001252e-16,6.661338147758618e-16,True,0.9637743168494117,0.000923060525728216,-0.20627341836838126,False,0.04867655646719412,0.18070573268503304,0,False,
177,17.700000000000003,0.29450542719889916,0.14949478260478075,0.44400020980367993,385.5145561448958,0.9748530825644709,0.9455476538356065,101.71785595716233,4.823608136423308,0.22369307811983852,2.0977126715427266e-21,6.661338152520253e-16,True,0.9602003682000386,0.0008588081529825465,-0.20309245563527498,False,0.04157683010967324,0.18070573268503304,0,False,
178,17.800000000000004,0.3152307227909157,0.12879938260745638,0.44403010539837207,332.1456170742794,0.971001388538227,0.9429622889878758,101.52310432510556,4.953185504162808,0.21804105062501034,4.440892098764845e-16,4.440892098500759e-16,True,0.9569818387630514,0.000786191103594506,-0.19976306944815092,False,0.03504293858786138,0.18070573268503304,0,False,
179,17.900000000000002,0.33430313924037924,0.10975591919601409,0.4440590584363933,283.0366634599413,0.9674322184535576,0.940844878308522,101.32025570318922,5.058786590722722,0.21004444385393217,8.881784197001272e-16,4.440892101900298e-16,True,0.9541385483810398,0.0007068866559878163,-0.19629280742851618,False,0.029082448117381882,0.18070573268503304,0,False,
180,18.000000000000004,0.3512452230204599,0.09284078956935987,0.4440860125898198,239.4162201472632,0.9641668255157724,0.9392103348995414,101.10979754293155,5.137803179315559,0.19950872459133118,1.9601065482792704e-21,4.440892107413986e-16,True,0.9516885802076569,0.0006228264238780292,-0.1926897641501931,False,0.02369738042858547,0.18070573268503304,0,False,
181,18.1,0.3656150075900113,0.07849489112713888,0.4441098987171502,202.42126571414633,0.9612254307652691,0.9380705852207004,100.8922459100137,5.187952269633564,0.1863299313100648,2.2204460492522187e-16,4.440892108022272e-16,True,0.9496480079929848,0.0005361468721928331,-0.1889625484646668,False,0.018892913252270178,0.18070573268503304,0,False,
182,18.200000000000003,0.3770226441431186,0.06710706761309365,0.44412971175621224,173.05454367221495,0.9586269543956678,0.9374343207506594,100.66814286502917,5.207409177516393,0.17050741304249506,1.1102230252296895e-16,4.1658517223868335e-20,True,0.9480306375731635,0.0004491277208115442,-0.1851202423108405,False,0.014703156335316074,0.18070573268503304,0,False,
183,18.3,0.3851459330442233,0.05899865498044437,0.44414458802466766,152.14470961212322,0.9563887460586129,0.9373068032704083,100.43805333150073,5.194920349132242,0.15215002272930356,1.1102230246251575e-16,6.661338147751113e-16,True,0.9468477746645105,0.0003641205405723147,-0.181172350209785,False,0.011260543695684964,0.18070573268503304,0,False,
184,18.400000000000002,0.38974361242832467,0.05441026174854218,0.44415387417686686,140.31224061625574,0.9545263252420513,0.9376897352388974,100.20256143720343,5.149886900138327,0.13147497290473886,1.1102230246251975e-16,4.440892098501089e-16,True,0.9461080302404743,0.0002834707629343002,-0.17712873911194213,False,0.008947042720557408,0.18070573268503304,0,False,
185,18.500000000000004,0.3906653865050551,0.05349179321901512,0.4441571797240702,137.94370988010445,0.9530531427526707,0.9385812035019275,99.96226634964712,5.072412033974737,0.10879916343395957,1.1102230246251578e-16,1.6167413691761536e-22,True,0.9458171731272991,0.00020943702567720145,-0.17299956887466134,False,0.008444946329040335,0.18070573268503304,0,False,
186,18.6,0.3878579197329388,0.056296487090667174,0.44415440682360596,145.17640585927285,0.9519803735100832,0.9399757006829002,99.71777766631725,4.96330818508613,0.10910384888860669,1.1102230250030221e-16,2.1854682587522398e-20,True,0.9459780370964916,0.00014411216968770814,-0.1687952143495617,False,0.010018441801755339,0.18070573268503304,0,False,
187,18.700000000000003,0.3813663580249209,0.06277939572797896,0.4441457537528999,161.89441836977258,0.9513167493101958,0.9418642243347681,99.46971046090552,4.824062751418306,0.13924543366782416,5.551115123125783e-16,2.2204460492594013e-16,True,0.9465904868224819,8.935022841108446e-05,-0.16452618078239684,False,0.01309433791576974,0.18070573268503304,0,False,
188,18.8,0.3713313249786543,0.07280036675718773,0.444131691735842,187.73632489757094,0.951068438041085,0.9442344496022173,99.21868012390144,4.656764408618876,0.16729834279942946,2.220446049261847e-16,2.220446084337296e-16,True,0.947651443821651,4.6703397982576314e-05,-0.16020301489636946,False,0.01712590874421717,0.18070573268503304,0,False,
189,18.900000000000002,0.3579817324168253,0.08613118570212412,0.44411291811894943,222.1136099041767,0.951238973195235,0.9470709670747383,98.9652971654734,4.463995021386335,0.19276938723254133,1.1102230246251568e-16,2.2204460492510497e-16,True,0.9491549701349866,1.7372275020498165e-05,-0.15583621457094635,False,0.021882208531308928,0.18070573268503304,0,False,
190,19.000000000000004,0.34162409190099075,0.10246619991001739,0.4440902918110081,264.23806162250145,0.9518292346191664,0.9503555740132368,98.71016216728903,4.248694860221801,0.2153001611645342,1.1102230246251573e-16,2.220446049250744e-16,True,0.9510924043162016,2.1716755814687134e-06,-0.1514361403835143,False,0.027293691248365975,0.18070573268503304,0,False,
191,19.1,0.32262927521029483,0.12143548374683666,0.4440647589571315,313.1557222345853,0.9528374785040319,0.9540676044754217,98.45386107570593,4.052618088180871,0.23468390002690231,4.440892098511534e-16,1.0892243774676192e-20,True,0.9534525414897268,1.5132099054877686e-06,-0.14701293241164837,False,0.033346560942392835,0.18070573268503304,0,False,
192,19.200000000000003,0.30141781757269315,0.14261946013151816,0.4440372777042113,367.7845936308188,0.9542594118845042,0.9581842822555311,98.1969610207741,3.9847425725039454,0.2508711617287269,4.577566798522237e-16,2.7969098530358935e-22,True,0.9562218470700177,1.5404607429364403e-05,-0.14257643558220803,False,0.04004053860988695,0.18070573268503304,0,False,
193,19.300000000000004,0.2784448752581461,0.16556387526084518,0.44400875051899125,426.9532539711019,0.9560883045991121,0.9626810801122457,97.94000682407598,3.894417818555543,0.2639639495377746,1.1102230248086244e-16,2.220446054835473e-16,True,0.9593846923556789,4.3464688966574556e-05,-0.138136136503589,False,0.047373614544491786,0.18070573268503304,0,False,
194,19.400000000000002,0.2541858449809993,0.18979412598595563,0.4439799709669549,489.4378048752334,0.958315129957384,0.9675320695011426,97.68351832492033,3.7832617448229486,0.27419892260155043,1.1102230246253136e-16,1.11022302462594e-16,True,0.9629235997292633,8.495197455330049e-05,-0.13370111415052469,False,0.05533716202414399,0.18070573268503304,0,False,
195,19.500000000000004,0.22912344887145197,0.21482814061147024,0.44395158948292224,553.995088204608,0.9609287243869848,0.9727102468614962,97.42798861086209,3.6529780194797508,0.28192129889020157,4.965068306494546e-16,1.1102230246793518e-16,True,0.9668194856242405,0.00013880427181741636,-0.12928000602161227,False,0.06159517343863328,0.18070573268503304,0,False,
196,19.600000000000005,0.20373681962505663,0.2401872802961231,0.44392409992117976,619.3907984053512,0.96391595615946,0.9781878252394025,97.17388318751347,3.5052650385591275,0.28755180956051873,1.1102230247476565e-16,1.1102230338557075e-16,True,0.9710518906994312,0.0002036862470350185,-0.12488099050262884,False,0.06251801043664189,0.18070573268503304,0,False,
197,19.700000000000003,0.1784928249383615,0.26540502109316766,0.44389784603152915,684.4218716037464,0.9672618939075364,0.9839364833941457,96.92164006704772,3.3417380950679636,0.2915495130264856,2.2204460492977966e-16,1.3905625660109885e-20,True,0.975599188650841,0.00027804193454694783,-0.12051178519473334,False,0.06551104992114644,0.18070573268503304,0,False,
198,19.8,0.15383958606124404,0.2900334587701325,0.4438730448313765,747.9332601227575,0.9709499669758738,0.9899275682289834,96.67167069782595,3.163870315263716,0.29437339508389737,1.1102230246251565e-16,2.2204460862675613e-16,True,0.9804387676024287,0.00036014934932202913,-0.11617965996162936,False,0.06543060920885257,0.18070573268503304,0,False,
199,19.900000000000002,0.13020190317792135,0.31364791914583545,0.4438498223237568,808.8298215392709,0.9749621115630555,0.9961322501083378,96.42436160254931,2.9729563046701326,0.29644551743377545,1.110223025179023e-16,1.103447254607006e-22,True,0.9855471808356966,0.00044817476602645074,-0.11189146247354613,False,0.05668557314643882,0.18070573268503304,0,False,
200,20.000000000000004,0.10797812198733059,0.33585013416887066,0.44382825615620125,866.0845091002884,0.9792788989497475,1.0025216341006746,96.18007654281631,2.770100613014907,0.2981181418157144,2.7755575617663677e-16,5.551115123126626e-17,True,0.9909002665252111,0.000540224737296143,-0.10765365314218996,False,0.04892196361476528,0.18070573268503304,0,False,
201,20.1,0.08753787339809449,0.3562705461143884,0.4438084195124829,918.7443137456744,0.9838796446772572,1.009066833201797,95.93915898772964,2.556231202362507,0.29964687773044574,1.6653345369377356e-16,5.551115123134415e-17,True,0.996473238939527,0.0006343944657707051,-0.10347234561737445,False,0.04304174735332791,0.18070573268503304,0,False,
202,20.200000000000003,0.06922009580410027,0.37457032482565455,0.4437904206297548,965.935466135751,0.9887425001404697,1.0157390119842151,95.70193463721938,2.3321361459231325,0.30117157520233573,5.551115123125801e-17,2.775557561564217e-17,True,1.0022407560623425,0.000728811651729486,-0.09935334852374081,False,0.04023143674026519,0.18070573268503304,0,False,
203,20.300000000000004,0.05333080512038224,0.3904436276292961,0.4437744327496783,1006.8692644815917,0.9938445304815445,1.0225094107695083,95.46871374101548,2.0985198312438693,0.30270643209498005,5.551115124300798e-17,1.1102230303710246e-16,True,1.0081769706255264,0.0008216753619232938,-0.09530220392595568,False,0.041411106664590955,0.18070573268503304,0,False,
204,20.400000000000002,0.040140205115539285,0.40362050495221846,0.44376071006775775,1040.849567499603,0.9991617847060259,1.0293493612513303,95.23979296535384,1.856073041889609,0.30414053817930525,5.551115123125783e-17,1.387778785446866e-16,True,1.0142555729786782,0.0009112897776786094,-0.09132421818783512,False,0.046482556544148984,0.18070573268503304,0,False,
205,20.500000000000004,0.02987891822730182,0.41387066824415547,0.4437495864714573,1067.2825110649353,1.004669365386014,1.0362303044508923,95.01545659416983,1.6055495667520796,0.30524968973369554,2.775557574466194e-17,2.775557561600947e-17,True,1.0204498349184532,0.0009960928746569632,-0.08742448148199264,False,0.054497860838857715,0.18070573268503304,0,False,
206,20.6,0.022733347323195208,0.421008108385963,0.4437414557091582,1085.6884180828013,1.0103415059791072,1.0431238209354268,94.79597691044134,1.3478406580817603,0.3057196104799176,8.777083671514183e-17,1.1102230264825843e-16,True,1.0267326634572669,0.001074680173895333,-0.08360787322514532,False,0.04693440825202687,0.18070573268503304,0,False,
207,20.700000000000006,0.018840426025229284,0.4248963081254917,0.44373673415072096,1095.7152402278248,1.0161516635338523,1.0500016813879907,94.58161368426269,1.084038046516755,0.3051795993884475,1.0007415106216849e-16,5.551115123133372e-17,True,1.0330766724609215,0.0011458237087254835,-0.07987905212159228,False,0.03529928922839811,0.18070573268503304,0,False,
208,20.800000000000004,0.018282245157113852,0.42545356512080723,0.4437358102779211,1097.1522849157031,1.022072633307501,1.0568359229707305,94.37261279114078,0.9520412062511731,0.3032441339582992,8.32667268468869e-17,5.551115123127528e-17,True,1.0394542781391156,0.0012084863082096147,-0.07624243118851672,False,0.02543409493114816,0.18070573268503304,0,False,
209,20.900000000000002,0.021081216092301513,0.4226577718562719,0.4437389879485734,1089.9425416680097,1.0280766896408295,1.063598953660612,94.16920408687605,1.251599538796463,0.29955833254528985,5.551115123125783e-17,1.5847819177356041e-22,True,1.045837821650721,0.0012618312410911368,-0.07270213993602707,False,0.020203391392338385,0.18070573268503304,0,False,
210,21.000000000000004,0.027196510381519712,0.41654992215605297,0.4437464325375727,1074.1917246484975,1.0341357545107488,1.0702636831583556,93.97159876096869,1.5454413864409688,0.29384184764450594,1.3877787993680098e-17,1.110223024625203e-16,True,1.0521997188345522,0.0013052272283665704,-0.06926197755000384,False,0.022955712125419483,0.18070573268503304,0,False,
211,21.1,0.036522472738542255,0.4072356567499846,0.44375812948852683,1050.1722583415751,1.0402215918508004,1.0768036754782528,93.77998646430731,1.831366605213943,0.28592521877297417,2.2204460492507095e-16,1.1102230257885876e-16,True,1.0585126336645265,0.0013382488425259216,-0.06592536222290744,False,0.03153900067259885,0.18070573268503304,0,False,
212,21.200000000000003,0.04888953654327288,0.39488432661607537,0.44377386315934825,1018.3208621161874,1.0463060224352616,1.083193315365108,93.59453254619821,2.107139937460825,0.27577333224688205,2.119638033059927e-21,1.1102230246251565e-16,True,1.064749668900185,0.001360672379692303,-0.06269528247261133,False,0.042396210154020016,0.18070573268503304,0,False,
213,21.3,0.06406789991796691,0.3797253203494578,0.4437932202674247,979.2290793084716,1.052361151340342,1.0894079786650144,93.41537573271751,2.3706324180785874,0.26445686606861757,2.4099548727191467e-16,6.509146455026665e-24,True,1.0708845650026781,0.001372467414824098,-0.05957425624330147,False,0.0540007076987973,0.18070573268503304,0,False,
214,21.400000000000006,0.08177389352448872,0.3620417240249087,0.4438156175493974,933.626927385037,1.058359598139408,1.0954241959822801,93.24262653230973,2.619952670304776,0.2573015879174857,4.528159957089239e-16,2.2204460492503496e-16,True,1.076891897060844,0.001373784413253838,-0.05656430278377845,False,0.06577884468041206,0.18070573268503304,0,False,
215,21.500000000000004,0.10167865018591504,0.34216169849737565,0.4438403486832907,882.3606618749053,1.0642747193188045,1.1012197994718216,93.07636657282141,2.8535531194667896,0.24819352052516208,3.469446951963715e-17,5.8145036858833204e-21,True,1.0827472593953131,0.0013649389475128594,-0.05366693087401491,False,0.06376643334878604,0.18070573268503304,0,False,
216,21.6,0.12341843121338991,0.32044821107281785,0.44386664228620776,826.3662965801229,1.0700808129679567,1.106774044310028,92.91664897052078,3.070300784894581,0.23737437934433037,8.326672684709687e-17,4.537934349680491e-21,True,1.0884274286389926,0.001346393226322752,-0.05088314516098213,False,0.060890903418222245,0.18070573268503304,0,False,
217,21.700000000000003,0.14660581752272916,0.29728790411674694,0.4438937216394761,766.6408981362598,1.0757532974400257,1.1120676989343248,92.76349972317223,3.269508250245633,0.22514303771858257,1.6653345369884305e-16,2.2204460511169823e-16,True,1.0939104981871752,0.0013187357558891526,-0.04821347046791688,False,0.060243234849593805,0.18070573268503304,0,False,
218,21.8,0.17084095085152096,0.2730799068983637,0.44392085774988466,704.2137341898477,1.0812688580713492,1.1170831011087226,92.61692002235809,3.4509263172507527,0.2118300279598202,9.714451465480991e-17,1.3915410258049654e-20,True,1.099175979590036,0.0012826600043400454,-0.04565799224547902,False,0.0616609110316092,0.18070573268503304,0,False,
219,21.900000000000006,0.19572209950171104,0.24822531035187972,0.44394740985359077,640.1191310951722,1.086605558782827,1.1218041798135727,92.47688930741322,3.614704566783848,0.19777230524960743,4.494775313302141e-16,2.0632937278342553e-20,True,1.1042048692981998,0.001238942922466059,-0.04321641005695947,False,0.06477075248589437,0.18070573268503304,0,False,
220,22.000000000000004,0.22085499148608934,0.2231178591269987,0.443972850613088,575.3724707352668,1.091742918068226,1.1262164455018582,92.34336884103648,3.761328909959093,0.18329125347364084,4.613190423735116e-16,1.37154860010164e-21,True,1.108979681785042,0.0011884240937173988,-0.04088810024685694,False,0.06911122190377979,0.18070573268503304,0,False,
221,22.100000000000005,0.24586056434905856,0.19813621183673258,0.44399677618579114,510.95023138303344,1.0966619511893994,1.1303069531715022,92.2163055751691,3.8915460941195836,0.1686758059918847,1.6653345369377348e-16,2.2204460492515703e-16,True,1.1134844521804508,0.0011319861583757049,-0.038672183738664455,False,0.07424349722260815,0.18070573268503304,0,False,
222,22.200000000000003,0.2703809862810993,0.17363791719978713,0.44401890348088646,447.7744534815585,1.1013451821535638,1.134064243878498,92.09563609044677,4.0062843661481145,0.15417140005239993,4.449557262065309e-16,2.6265122639954002e-20,True,1.117704713016031,0.0010705370001600552,-0.036567595162993315,False,0.07980542037129144,0.18070573268503304,0,False,
223,22.300000000000004,0.29408397857006663,0.1499550794904388,0.4440390580605054,386.7015617813297,1.105776630173964,1.137478270790299,91.98129042590443,4.106577663900262,0.1399745248264015,4.440892098500855e-16,1.5210776027932202e-20,True,1.1216274504821315,0.0010049940177672655,-0.034573150099587585,False,0.08551935350859569,0.18070573268503304,0,False,
224,22.400000000000002,0.31666559910922354,0.12739155726666745,0.444057156375891,328.5151414688624,1.1099417758452477,1.140540315770554,91.87319565927515,4.19349841378175,0.1262319821588651,5.095246377785861e-16,2.2204460492511853e-16,True,1.125241045807901,0.0009362706455605678,-0.03268760798012415,False,0.09117943809423831,0.18070573268503304,0,False,
225,22.5,0.3378517268285699,0.10622145879180334,0.44407318562037323,273.9220581861019,1.1138275122981172,1.143242901955262,91.77127914463495,4.268101754014074,0.11304366779983299,3.053113318065281e-16,2.220446051334667e-16,True,1.1285352071266894,0.0008652651486816579,-0.030909729010838216,False,0.09663464235346773,0.18070573268503304,0,False,
226,22.600000000000005,0.357398522472097,0.08668866125803767,0.44408718373013467,223.55121821233962,1.1174220862650368,1.1455797069923117,91.675471357523,4.331382095725051,0.10046763810116177,2.2204460492503155e-16,2.220446049355654e-16,True,1.1315008966286744,0.0007928516050210612,-0.029238324233717704,False,0.1017740717046351,0.18070573268503304,0,False,
227,22.700000000000003,0.3750921418438067,0.06900707937805808,0.44409922122186474,177.95426110367077,1.1207150334232976,1.1475454807164998,91.5857083343165,4.384241521478796,0.08852636231094868,3.944304526105059e-31,2.220446052628504e-16,True,1.1341302570698986,0.0007198729019532994,-0.027672298487347126,False,0.10651591702148584,0.18070573268503304,0,False,
228,22.800000000000004,0.3907479546589674,0.05336143113280302,0.4441093857917704,137.6075343900404,1.1236971117007974,1.1491359701328119,91.50193372077219,4.427468613421139,0.07721328641671255,4.847302891456678e-16,8.590587595780734e-23,True,1.1364165409168048,0.0006471355183240718,-0.026210686522035554,False,0.11079961446861594,0.18070573268503304,0,False,
229,22.900000000000002,0.4042094857737155,0.039908284223591224,0.44411776999730673,102.91479214787063,1.1263602355256155,1.150347853758526,91.4241004639736,4.461725832339403,0.06763094023848426,1.7733408425754474e-21,4.44089209906889e-16,True,1.1383540446420708,0.0005754058284878662,-0.02485268286335388,False,0.11458041987181773,0.18070573268503304,0,False,
230,23.000000000000004,0.4153472540730574,0.028777207851374432,0.44412446192443183,74.21016518844881,1.1286974133375858,1.1511786866735227,91.35217219314224,4.48754343207315,0.059279965825372205,2.2204460492547524e-16,2.220446064075529e-16,True,1.1399380500055543,0.0005054076508051106,-0.023597666215786992,False,0.11782569314805862,0.18070573268503304,0,False,
231,23.1,0.42405764349350505,0.02007189499949047,0.4441295384929955,51.76105518125329,1.1307026900986374,1.1516268570661903,91.28612433912276,4.505317986718794,0.051415910736323234,4.577566798530962e-16,2.0049106579600504e-20,True,1.141164773582414,0.00043782076328602933,-0.02244521927548954,False,0.12051237244157062,0.18070573268503304,0,False,
232,23.200000000000006,0.4302619040928741,0.013871156846801572,0.4441330609396757,35.7706990293314,1.1323710960581566,1.151691554638736,91.2259450412612,4.515313842542147,0.043978736527564344,2.498001805406604e-16,2.7105202135643834e-22,True,1.1420313253484462,0.00037328011976388856,-0.02139514480300715,False,0.12262528057762602,0.18070573268503304,0,False,
233,23.300000000000004,0.4339053504421384,0.010229721562644125,0.4441350720047825,26.380228787880803,1.1336986026542792,1.1513727509372618,91.1716358852341,4.517666115903944,0.03690412580038682,4.449557262363131e-16,2.220446051488336e-16,True,1.1425356767957706,0.0003123755175288542,-0.020447478717326727,False,0.12384440776703784,0.18070573268503304,0,False,
234,23.400000000000002,0.4349568001987829,0.009178794206329282,0.4441355944051122,23.670115523384247,1.1346820861550548,1.1506711914778767,91.12321250734648,4.512384198855071,0.030124614572225816,4.449557262054371e-16,2.0587175149256578e-22,True,1.1426766388164658,0.00025565148902429645,-0.019602500832560113,False,0.12344869823351944,0.18070573268503304,0,False,
235,23.500000000000004,0.43340827686033156,0.010726353412999863,0.44413463027333144,27.660934401958787,1.1353192994508878,1.1495883994255898,91.08070509084992,4.499355078773174,0.023570065307711996,2.7755575615632335e-16,5.22965779880136e-21,True,1.1424538494382388,0.00020360721408803885,-0.018860743684677987,False,0.12375547547474178,0.18070573268503304,0,False,
236,23.6,0.4292749861132279,0.014857175253905858,0.44413216136713374,38.313426219821,1.1356088522831802,1.148126690521244,91.04415876866632,4.47834611452973,0.030320418395977544,4.449557262120836e-16,2.2204460505463016e-16,True,1.141867771402212,0.0001566962741543307,-0.018222999700691217,False,0.12476323505097081,0.18070573268503304,0,False,
237,23.700000000000006,0.42259556325958947,0.021532586724107135,0.4441281499836966,55.52786170164425,1.13555020011264,1.146289198916614,91.0136339350734,4.4490072353393195,0.03851160713449353,4.742874840267551e-16,2.2204460492506355e-16,True,1.140919699514627,0.00011532609531175735,-0.01769032675595091,False,0.12449995860310879,0.18070573268503304,0,False,
238,23.800000000000004,0.4134325781475996,0.03068996249938539,0.444122540646985,79.14274374599941,1.1351436417722074,1.144079913542653,90.98920645683037,4.410872838965501,0.04715150911226118,6.938893906987103e-17,2.2204460492504043e-16,True,1.1396117776574302,7.98569531552618e-05,-0.017264051954077906,False,0.12320423466173855,0.18070573268503304,0,False,
239,23.900000000000006,0.4018732720773839,0.04224199068016401,0.44411526275754787,108.93291393849266,1.1343903259913697,1.141503724575596,90.97096776226263,4.363363965105089,0.05633320865461622,2.636779683489521e-16,2.220446056654719e-16,True,1.1379470252834827,5.060043941807469e-05,-0.016945773254848112,False,0.1214043519517903,0.18070573268503304,0,False,
240,24.000000000000004,0.38803048666967976,0.05607574782646294,0.4441062344961427,144.60716726792734,1.1332922667986054,1.1385664794564203,90.95902477537979,4.305791605232985,0.06614295308466733,1.1102230247418478e-16,2.22044605193375e-16,True,1.1359293731275129,2.7817319159852716e-05,-0.016737358375112126,False,0.11913866415759139,0.18070573268503304,0,False,
241,24.1,0.37204372632216454,0.07205164201984078,0.4440953683420053,185.80552651274635,1.1318523676855181,1.1352750477396314,90.95349965167802,4.237362275973705,0.07665760199226668,2.081668173356995e-17,2.2204460519876663e-16,True,1.1335637077125749,1.171473875282489e-05,-0.016640940205345015,False,0.11645582957383122,0.18070573268503304,0,False,
242,24.200000000000003,0.3540802727517198,0.09000230583524774,0.44408257858696754,232.09638745602015,1.130074454230232,1.1316373937792683,90.9545292635555,4.157187212627851,0.0879410777848646,5.724587470963567e-17,1.2295773441359622e-20,True,1.13085592400475,2.4427800339421455e-06,-0.016658907831614223,False,0.11341687007987046,0.18070573268503304,0,False,
243,24.3,0.33433624203384715,0.1097315491440819,0.44406779117792905,282.9738183921057,1.1279633146122492,1.127662655890399,90.96226437715488,4.0642967068679665,0.10003975873975213,4.484587321511725e-16,5.191930152605323e-22,True,1.1278129852513241,9.039566702456251e-08,-0.01679389214542678,False,0.11009773239673423,0.18070573268503304,0,False,
244,24.400000000000006,0.31303744227533326,0.13101351380210663,0.4440509560774399,337.8553802504885,1.1255247470941407,1.1233612301477094,90.97686846008473,3.957661175637355,0.11297686112649608,6.938893905388118e-17,4.440892099795345e-16,True,1.124442988620925,4.680805577495651e-06,-0.017048744982122863,False,0.1065923353280776,0.18070573268503304,0,False,
245,24.500000000000004,0.29043985565988484,0.153592206411916,0.44403206207180085,396.08092169172096,1.1227656130925503,1.118744856404557,90.99851606221847,3.8362204521388206,0.1267460014010502,5.551115123125783e-17,2.2204460529793597e-16,True,1.1207552347485537,1.616648434404275e-05,-0.017426510775884866,False,0.10301594466003544,0.18070573268503304,0,False,
246,24.600000000000005,0.26682953576455515,0.177181617794527,0.44401115355908216,456.9128871986952,1.119693893918051,1.1138267034565827,91.02739072107362,3.6989224657668696,0.14130431860015769,2.775557561647981e-16,2.220446049250323e-16,True,1.1167602986873169,3.4423923911143655e-05,-0.01793038988143333,False,0.0995084343826232,0.18070573268503304,0,False,
247,24.700000000000003,0.2425216852638501,0.2014666630521564,0.44398834831600653,519.5387412942501,1.1163187486512864,1.1086214495735496,91.06368236048924,3.5447718555510423,0.15656576425319813,5.721958498152804e-16,1.9419394779327374e-22,True,1.112470099112418,5.924841309212877e-05,-0.018563693012677726,False,0.09623650624850667,0.18070573268503304,0,False,
248,24.8,0.21785866771695805,0.22610518688855646,0.4439638546055145,583.0761398265214,1.112650569981715,1.1031453539447746,91.1075841773663,3.3728880833649453,0.17239541487807708,4.440892098500626e-16,3.0556857145126343e-22,True,1.107897961963245,9.03491319089096e-05,-0.019329786703238663,False,0.09339324528322335,0.18070573268503304,0,False,
249,24.900000000000002,0.19320671866829442,0.25073126666119505,0.44393798532948947,646.5814478226946,1.1087010342279429,1.0974163140156095,91.15928904620951,3.1825712628880694,0.19031682047687593,2.2214352149701212e-21,1.0373441777380209e-22,True,1.103058674121776,0.00012734491027064596,-0.020232030304492988,False,0.09119268892594679,0.18070573268503304,0,False,
250,25.000000000000004,0.16895116450211822,0.27496000189756475,0.443911166399683,709.0620906107096,1.1044831412715754,1.091453903346097,91.21898551387643,2.9733722574272927,0.20919900546077663,1.6653345369377348e-16,2.2204460946003878e-16,True,1.0979685223088362,0.00016976104091872434,-0.021273705782226066,False,0.08985699193029924,0.18070573268503304,0,False,
251,25.100000000000005,0.14549003922995696,0.2983938970674875,0.44388393629744444,769.4930136019302,1.100011239876076,1.0852793846235156,91.28685350432086,2.7451617948838507,0.22821046254344202,2.2887833992611187e-16,2.2204460502757243e-16,True,1.0926453122497959,0.00021702755918239077,-0.02245794240107913,False,0.0895952770281848,0.18070573268503304,0,False,
252,25.200000000000003,0.12322611192451705,0.3206308222227844,0.44385693414730143,826.8372110508477,1.095301033943753,1.0789156929304278,91.3630599002307,2.498191703131691,0.24697009175215978,2.220446049369744e-16,2.2204460492503865e-16,True,1.0871083634370904,0.0002684794001229578,-0.02378763920983795,False,0.07973819614239483,0.18070573268503304,0,False,
253,25.300000000000004,0.10255749556540916,0.3412733791553358,0.44383087472074495,880.0698793412648,1.090369565793144,1.0723873854028225,91.4477542084829,2.310884524886136,0.26505140021884355,1.1102230246251565e-16,2.2204460492503984e-16,True,1.0813784755979832,0.00032335881159006354,-0.025265388940988894,False,0.06998400043917773,0.18070573268503304,0,False,
254,25.400000000000002,0.08386718652726577,0.35993932412398566,0.44380651065125143,928.2052949339155,1.0852351735847439,1.0657205550420055,91.541064541307,2.164530651951389,0.2820063265864916,2.2204460492621125e-16,2.2204460789989545e-16,True,1.0754778643133747,0.00038082033686858915,-0.02689340737582309,False,0.06069473846932018,0.18070573268503304,0,False,
255,25.500000000000007,0.06751205759037227,0.3762725269857353,0.4437845845761076,970.3250755841775,1.0799174215878748,1.0589427086098055,91.64309414722146,2.007431822954136,0.2973956281821297,1.5700924586837752e-16,1.5963739490307497e-23,True,1.0694300650988402,0.00043993858451238865,-0.028673472266277353,False,0.05240841669122034,0.18070573268503304,0,False,
256,25.600000000000005,0.053811963685651776,0.3899538127584999,0.44376577644415166,1005.6061383763324,1.0744370039768416,1.0520826110668424,91.75391869948524,1.8405374769130936,0.31082281951957236,1.5700924586837752e-16,7.469113932364438e-23,True,1.063259807521842,0.000499718882374622,-0.030606875447071528,False,0.04596374652229202,0.18070573268503304,0,False,
257,25.700000000000003,0.04303968525477364,0.40071096790206256,0.4437506531568362,1033.3465037475833,1.0688156250799103,1.045170101622949,91.8735844932921,1.665024676148327,0.32196728687499876,1.5700924586837752e-16,2.2204460492503185e-16,True,1.0569928633514296,0.0005591107795537046,-0.03269439078665818,False,0.042476179259448923,0.18070573268503304,0,False,
258,25.800000000000004,0.03541240392009826,0.4083272244273839,0.44373962834748215,1052.9871741621976,1.063075861201486,1.0382358887911571,92.00210761994845,1.4822370151732847,0.33061150045239174,5.2041704279688203e-17,5.55111512945822e-17,True,1.0506558749963215,0.0006170242293458939,-0.03493625917799027,False,0.04288237588160859,0.18070573268503304,0,False,
259,25.900000000000002,0.03108527107556691,0.4126476679390946,0.4437329390146615,1064.1286590605005,1.0572410109701627,1.0313113334859392,92.13947408628503,1.2936059061652068,0.33665754348604027,1.1102230246251565e-16,1.1102230251568027e-16,True,1.044276172228051,0.000672348174435846,-0.037332190025434364,False,0.04721368035136541,0.18070573268503304,0,False,
260,26.000000000000004,0.030147406687333067,0.41358323626966165,0.4437306429569947,1066.5412864674067,1.0513349423218574,1.0244282298577854,92.28564074455608,1.1005626037749645,0.3401295704380324,4.710210380170996e-24,1.110223024625623e-16,True,1.0378815860898214,0.0007239711756242506,-0.039881376886944486,False,0.05460724878117456,0.18070573268503304,0,False,
261,26.1,0.032620389657066706,0.41111224743896396,0.44373263709603067,1060.16914326811,1.0453819444800072,1.0176185930244421,92.44053680800646,0.949742569232778,0.341161065495348,1.1102230246251634e-16,5.551115123130001e-17,True,1.0315002687522248,0.0007708036840452275,-0.04258252335922754,False,0.06402170301479156,0.18070573268503304,0,False,
262,26.200000000000006,0.03845902343665886,0.4052796693487542,0.44373869278541306,1045.1281919088099,1.039406592553169,1.010914461151611,92.60406566460132,1.2574998614132256,0.3399683898062363,3.648040606381086e-22,1.665334539236241e-16,True,1.02516052685239,0.0008118015518036498,-0.045433874200984235,False,0.07134425269233936,0.18070573268503304,0,False,
263,26.300000000000004,0.04755393379898187,0.39619456729654035,0.4437485010955222,1021.6996880897186,1.033433630704085,1.0043477166611992,92.77610667594948,1.5621053610622688,0.3368144550577614,3.02261558700414e-22,2.220446054446356e-16,True,1.018890673682642,0.0008459903957101444,-0.048433246247421374,False,0.07083535166976018,0.18070573268503304,0,False,
264,26.400000000000006,0.05973542096853279,0.38402629857529963,0.4437617195438324,990.320367464713,1.027487877467652,0.9979499280752911,92.95651666342043,1.8621962186318726,0.3319679102418547,3.733822311532221e-21,1.1102230361826618e-16,True,1.0127189027714716,0.0008724904543056655,-0.05157805393425663,False,0.06228166277307094,0.18070573268503304,0,False,
265,26.500000000000004,0.07477796617032384,0.3690000458501928,0.44377801202051664,951.5709271905657,1.0215941540193274,0.9917522106007218,93.14513083514932,2.156551218994289,0.32566370496612085,6.158610426027033e-23,2.2204460492518016e-16,True,1.0066731823100246,0.0008905415869992567,-0.05486532515662153,False,0.05540830893852435,0.18070573268503304,0,False,
266,26.6,0.0924048799045778,0.351392195553002,0.4437970754575798,906.1641078105681,1.0157772333642758,0.9857851004888538,93.34176298678585,2.4440213389770578,0.318070334584601,6.000585637915913e-21,2.220446053635246e-16,True,1.000781166926565,0.0008995280344169702,-0.058291704575632486,False,0.050768331604664096,0.18070573268503304,0,False,
267,26.700000000000006,0.11229275251605086,0.3315258970119179,0.4438186495279688,854.9332412153409,1.0100618058483666,0.9800784358637652,93.54620490307349,2.7234468427210685,0.30926775713948707,1.2061970683500725e-21,3.330669075380346e-16,True,0.9950701208560659,0.0008990024756334951,-0.06185344313589826,False,0.048815140025941915,0.18070573268503304,0,False,
268,26.800000000000004,0.13407559070097808,0.3097669179992437,0.4438425087002218,798.8215630010342,1.0044724543350028,0.9746612353762855,93.75822498375942,2.993572019198212,0.2992382797828421,2.0174529837733346e-21,1.1102230409295965e-16,True,0.9895668448556441,0.0008887087758045858,-0.06554637424518515,False,0.04964075419998839,0.18070573268503304,0,False,
269,26.900000000000006,0.15734875578320828,0.286519683017749,0.4438684388009573,738.8719960707938,0.9990336310127416,0.9695615658497907,93.97756620475295,3.252968754821469,0.2878709855672903,3.1022171448342965e-21,2.2204460692645623e-16,True,0.9842975984312661,0.0008686026249692221,-0.06936587859677786,False,0.05286936682067058,0.18070573268503304,0,False,
270,27.000000000000004,0.18167302254410989,0.26222317998990635,0.44389620253401624,676.2165948758606,0.9937696271839435,0.9648063910417567,94.20394359571712,3.4999790866772855,0.2749787402118664,2.220446049400925e-16,2.2204461286565913e-16,True,0.9792880091128501,0.0008388690478280738,-0.07330684084260843,False,0.057848927064567415,0.18070573268503304,0,False,
271,27.100000000000005,0.2065792195364411,0.237346280478697,0.4439255000151381,612.0644772820365,0.9887045275550885,0.960421395643193,94.4370414636978,3.7326849184750985,0.2603255863748588,2.7789006698618477e-21,2.1984459619182508e-20,True,0.9745629615991407,0.0007999355507456859,-0.07736360216816979,False,0.050669962762762415,0.18070573268503304,0,False,
272,27.200000000000003,0.2315739707285398,0.21238196050295852,0.44395593123149835,547.6869213083994,0.9838621414760391,0.9564307814740468,94.67651061744546,3.948910419606553,0.2436614233041543,4.440892098500627e-16,7.477435244487994e-23,True,0.970146461475043,0.0007524795115589035,-0.08152991325148035,False,0.04098855026983507,0.18070573268503304,0,False,
273,27.3,0.2561470220076185,0.18783994536499277,0.4439869673726113,484.3983977361286,0.9792659051893744,0.9528570362335569,94.92196584974015,4.146259480079566,0.22476027553778533,2.2204460492672105e-16,4.440892099901232e-16,True,0.9660614707114656,0.0006974283595255419,-0.08579889212460022,False,0.03228665116464272,0.18070573268503304,0,False,
274,27.400000000000006,0.2797805038879939,0.1642374332659057,0.4440179371538996,423.5326483284091,0.9749387513449026,0.9497206788076632,95.17298391794743,4.322187193823984,0.2158411495588317,8.881784197001418e-16,7.601515503520964e-21,True,0.9623297150762828,0.000635951182493468,-0.09016299114381854,False,0.02506243748337981,0.18070573268503304,0,False,
275,27.500000000000004,0.3019602652499451,0.14208776731231862,0.4440480325622638,366.41347339753924,0.9709029446614297,0.9470399886718515,95.42910222979376,4.4741009650206545,0.20730134189431837,2.220446049250313e-16,4.440892140947534e-16,True,0.9589714666666406,0.0005694406685605468,-0.09461397667660051,False,0.020262955505147163,0.18070573268503304,0,False,
276,27.600000000000005,0.3221891358653457,0.12188720013097937,0.44407633599632507,314.320600622325,0.9671798854895863,0.9448307300093679,95.68981839588895,4.59948379472602,0.1965265309262132,9.155133597046459e-16,2.685471522419642e-21,True,0.9560053077494771,0.0004994847506789774,-0.0991429242991811,False,0.01907400134761439,0.18070573268503304,0,False,
277,27.700000000000003,0.3400016724652748,0.1041001953416084,0.4441018678068832,268.4517807408331,0.963789885922614,0.9431058834774637,95.95459075675494,4.696029931792746,0.1833217380086558,8.881784197828156e-16,4.44089213222185e-16,True,0.9534478847000389,0.00042782795715098524,-0.10374023133790349,False,0.021519980487356066,0.18070573268503304,0,False,
278,27.800000000000004,0.35497965604582804,0.0891439941268534,0.4441236501726814,229.88298808829512,0.960751925773119,0.9418753998512394,96.22283993378672,4.76178163983199,0.16960654163506073,8.881784197001252e-16,4.440892098501073e-16,True,0.9513136628121792,0.00035632323087939267,-0.1083956475468926,False,0.0261865502609166,0.18070573268503304,0,False,
279,27.900000000000002,0.36676738041499735,0.07737340015391421,0.44414078056891154,199.52918421651825,0.9580833979436009,0.9411459899048796,96.49395139425174,4.795255509463205,0.15965611926503342,5.376079434090924e-21,4.440892106530702e-16,True,0.9496146939242402,0.0002868757910701387,-0.11309832365872526,False,0.031805458834997434,0.18070573268503304,0,False,
280,28.0,0.37508564163441926,0.06906686464542683,0.4441525062798461,178.1084343156858,0.9557998542597856,0.940920963817,96.76727896363637,4.7955475587123075,0.14780658086456988,9.155133597798212e-16,4.440892106161444e-16,True,0.9483604090383928,0.0002213813808084189,-0.11783687653647242,False,0.03773255138550704,0.18070573268503304,0,False,
281,28.100000000000005,0.37974333070907385,0.06441496011585021,0.4441582908249241,166.11218348538551,0.9539147635596533,0.9412001311915897,97.04214916787487,4.762408195314886,0.13413993133708813,1.2615287822800558e-20,2.2204460649472335e-16,True,0.9475574473756215,0.00016166187625501016,-0.12259946875764344,False,0.04369152798815443,0.18070573268503304,0,False,
282,28.200000000000003,0.3806456559704796,0.063512207972582,0.4441578639430616,163.78418189391212,0.9524392936658622,0.9419797696561752,97.31786624668763,4.696280729657382,0.11882625556936954,9.155133597044475e-16,3.6558358422075436e-22,True,0.9472095316610187,0.00010940164250922054,-0.1273738997344057,False,0.04957771598167333,0.18070573268503304,0,False,
283,28.300000000000004,0.37779826599712063,0.06635298280790368,0.4441512488050243,171.10992283727268,0.9513821278279909,0.9432526662045432,97.59371765053389,4.6271898910206275,0.10211403430459765,4.065159457244931e-21,4.440892106568384e-16,True,0.947317397016267,6.60881462871096e-05,-0.1321477049750191,False,0.051114322046830966,0.18070573268503304,0,False,
284,28.400000000000002,0.37130687951733066,0.07283188355045102,0.44413876306778166,187.81759985817024,0.950749324397286,0.9450082313150603,97.86897981993546,4.532008222598701,0.12804744934507628,4.440892098500628e-16,2.220446049287946e-16,True,0.9478787778561731,3.29601497787798e-05,-0.1369082598600726,False,0.045200106186632456,0.18070573268503304,0,False,
285,28.500000000000007,0.36137241306317613,0.08274858070731464,0.44412099377049075,213.39060672997908,0.9505442260510688,0.9472326817391746,98.14292404827616,4.409928025358218,0.1557543991723893,2.220446049250313e-16,2.122632273040305e-20,True,0.9488884538951217,1.0966325729638677e-05,-0.14164288436237468,False,0.03926424702410019,0.18070573268503304,0,False,
286,28.600000000000005,0.34828198119027753,0.0958167681743995,0.444098749364677,247.09062223025515,0.950767422025052,0.9499092840485642,98.41482224705575,4.26382993528363,0.18063490719901054,3.3158570492478163e-22,4.440892098513941e-16,True,0.9503383530368081,7.364007866906036e-07,-0.14633894546955697,False,0.03345617717467017,0.18070573268503304,0,False,
287,28.700000000000006,0.3323964800946495,0.11167651478284081,0.4440729948774903,287.98946209470563,0.9514167637739516,0.9530186478451486,98.68395246350079,4.128973100674339,0.20235216800029487,4.965068306527767e-16,2.220446063066999e-16,True,0.95221770580955,2.566032577554645e-06,-0.15098395462838882,False,0.028112065755377395,0.18070573268503304,0,False,
288,28.800000000000004,0.31413571416646224,0.12990906378509762,0.44404477795155983,335.00724367560156,0.952487431503118,0.9565390552055894,98.94960404020281,4.051524025974471,0.2207115543444811,1.110223024730745e-16,2.3804661850472967e-20,True,0.9545132433543537,1.6415654626427756e-05,-0.15556565824419014,False,0.0239169622228492,0.18070573268503304,0,False,
289,28.900000000000002,0.2939621611017227,0.15005299299113847,0.4440151540928612,386.9540594210809,0.953972046320931,0.9604468116009443,99.21108234969996,3.950362153079765,0.2356629674090347,4.577566798583062e-16,2.220446061149675e-16,True,0.9572094289609376,4.1922585431264775e-05,-0.16007212004245835,False,0.022009924318486536,0.18070573268503304,0,False,
290,29.000000000000004,0.27236448614099706,0.171620632751352,0.44398511889234904,442.5723152851209,0.9558608205462743,0.9647166032616699,99.46771307799477,3.8272880431391165,0.24729333296654277,1.1102230246251565e-16,2.220446049250358e-16,True,0.960288711903972,7.842488750229867e-05,-0.164491794833695,False,0.023437289244641817,0.18070573268503304,0,False,
291,29.1,0.24984181804400296,0.19411373541437188,0.44395555345837484,500.57713885398283,0.9581417371150687,0.9693218467128792,99.71884606497524,3.684290177081195,0.2558104173966842,2.220446049250313e-16,1.8663625528873208e-22,True,0.963731791913974,0.00012499485061905608,-0.1688135938303172,False,0.028099171497379172,0.18070573268503304,0,False,
292,29.200000000000006,0.22688961068577207,0.21703757644651683,0.4439271871322889,559.6927430687944,0.9608007481565272,0.9742350178621573,99.963858733206,3.5234445085322905,0.2615198144968227,4.965068306494546e-16,1.6528025760239714e-20,True,0.9675178830093423,0.00018047960252361088,-0.17302694208827998,False,0.035051462927939155,0.18070573268503304,0,False,
293,29.300000000000004,0.20398766596828422,0.23991291317912106,0.44390057914740527,618.6832652360404,0.9638219826845527,0.9794279503897456,100.20215914826862,3.346819971169704,0.26479739118275125,5.767598011773642e-21,1.110223041785602e-16,True,0.9716249665371491,0.00024354622801552557,-0.17712182886355893,False,0.04346961952520499,0.18070573268503304,0,False,
294,29.400000000000006,0.18159062088145062,0.2622854977229652,0.44387611860441584,676.3772987665351,0.9671879539426191,0.9848720960311774,100.43318875451834,3.1563962706076625,0.26605963340629213,4.965068306494546e-16,3.33066907926791e-16,True,0.9760300249868983,0.0003127288814083186,-0.18108885169902766,False,0.05286654335164795,0.18070573268503304,0,False,
295,29.500000000000004,0.16012093696738505,0.28373310329306817,0.4438540402604532,731.6860125400993,0.9708797581667189,0.990538742402812,100.65642482219397,2.9539990152278626,0.26573421046899437,4.4754520913119e-16,1.1102230247341106e-16,True,0.9807092502847654,0.0003864756611949584,-0.18491925493287975,False,0.06296988312475808,0.18070573268503304,0,False,
296,29.600000000000005,0.13996420113380115,0.303870251193786,0.44383445232758717,783.6153407728634,0.9748772582617286,0.9963991870616767,100.87138262858306,2.7965493635413363,0.26423273138907,2.775557561755428e-16,1.1102230246251568e-16,True,0.9856382226617026,0.0004631934192700392,-0.18860496310323652,False,0.07361638777304501,0.18070573268503304,0,False,
297,29.700000000000003,0.12146637143822359,0.32235100034550296,0.44381737178372654,831.2731766003826,0.9791592479636305,1.002424869308821,101.07761738080754,2.6849130282967364,0.261927191362624,3.0531133177191805e-16,2.1999343028819242e-23,True,0.9907920586362258,0.0005412891365777787,-0.1921386094736552,False,0.08469696909806868,0.18070573268503304,0,False,
298,29.800000000000004,0.10493249007591077,0.3388702724688511,0.44380276254476186,873.8727894397517,0.9837035943112927,1.0085874636851158,101.27472587356303,2.5647284440973044,0.2591311018474225,5.55111512485285e-17,1.528162905821593e-20,True,0.9961455289982042,0.0006192069550134879,-0.1955135596689417,False,0.08648519086979303,0.18070573268503304,0,False,
299,29.900000000000006,0.09062634052936502,0.35316423157500054,0.44379057210436557,910.7338036125919,0.9884873585049329,1.0148589410668218,101.46234786363598,2.4365528846574986,0.2560858546582413,3.510833468686976e-16,2.107612312732354e-23,True,1.0016731497858773,0.0006954603668185271,-0.19872393022059995,False,0.08254895558088643,0.18070573268503304,0,False,
300,30.000000000000004,0.07877054288010088,0.36501021990291777,0.44378076278301865,941.2820331411626,0.9934868973225288,1.02121160468714,101.64016713498785,2.3008340449075493,0.2529525450653364,1.6653345369388755e-16,2.2204460511313914e-16,True,1.0073492510048345,0.0007686593984533198,-0.20176460168865515,False,0.08039321996877526,0.18070573268503304,0,False,
301,30.100000000000005,0.06954665277918348,0.37422668166581097,0.44377333444499445,965.0492851070153,0.9986779490559481,1.0276181092643681,101.80791222354391,2.1579490557802936,0.24980928355762966,2.534374662798709e-25,1.465530285360488e-22,True,1.013148029160158,0.0008375328728890193,-0.20463122594922575,False,0.08024855836918146,0.18070573268503304,0,False,
302,30.200000000000003,0.06309494499513768,0.3806733914084077,0.4437683364035454,981.6739485347855,1.0040357092913814,1.034051471702222,101.9653567689993,2.0082514506388023,0.25178305327934214,1.1102230246251565e-16,1.1102230246252344e-16,True,1.0190435904968018,0.0009009459931040173,-0.20732022720503318,False,0.07447917885529073,0.18070573268503304,0,False,
303,30.300000000000008,0.05951370923730437,0.38425215802226637,0.44376586725957073,990.9028098946853,1.0095349026922655,1.0404850815491704,102.1123194613465,1.8521216445002517,0.2555577004922813,2.2591401800627606e-16,1.1102230246252054e-16,True,1.0250099921207179,0.0009579135712744016,-0.20982879627831783,False,0.06690688848348722,0.18070573268503304,0,False,
304,30.400000000000006,0.058858049381504074,0.38490801326061763,0.4437660626421217,992.5941180239913,1.0151498571722668,1.0468927185758434,102.248663552103,1.6900160640526536,0.2585314227070852,4.668748306559753e-22,1.6653345369813433e-16,True,1.0310212878740552,0.0010076092500866747,-0.2121548777765595,False,0.060675288631049124,0.18070573268503304,0,False,
305,30.500000000000004,0.06113834013014152,0.382630732109777,0.4437690722399185,986.72150483451,1.020854586430548,1.0532485834827297,102.37429590446479,1.5225099537649034,0.26057108873376644,6.513621092447241e-24,2.2204460492507795e-16,True,1.0370515849566388,0.0010493710450167502,-0.21429714978262795,False,0.056277368515323584,0.18070573268503304,0,False,
306,30.600000000000005,0.06631863804623483,0.37745639098614514,0.44377502903238,973.3780035640153,1.0266228857674535,1.059527345943722,102.48916556329169,1.3503291882138,0.261510539782108,2.482534153247273e-16,1.665334536937736e-16,True,1.0430751158555878,0.0010827034994916375,-0.21625499582066998,False,0.05411584049450045,0.18070573268503304,0,False,
307,30.700000000000003,0.07431544643828802,0.3694685685860814,0.4437840150243694,952.7791455071032,1.032428444472208,1.0657042120286997,102.59326183555935,1.1743672388593842,0.2611712998515899,3.244956419066228e-22,1.1102230254619385e-16,True,1.0490663282504538,0.0011072767064736618,-0.21802846899804096,False,0.05019245269540521,0.18070573268503304,0,False,
308,30.800000000000004,0.0849972774499923,0.3587987512858592,0.4437960287358515,925.264005453575,1.0382449760116295,1.0717550106897593,102.6866118851134,1.274583419118505,0.2593855571467998,2.220446049272193e-16,2.220446052185622e-16,True,1.0549999933506944,0.0011229224241294652,-0.21961824842971384,False,0.04925009635906582,0.18070573268503304,0,False,
309,30.900000000000002,0.09818542793830831,0.3456255319219236,0.4438109598602319,891.2931355168432,1.0440463649563017,1.0776562966536574,102.76927786214767,1.4875175282921786,0.2560188158995196,2.220446049295411e-16,2.220446052160992e-16,True,1.0608513308049794,0.001129627508700916,-0.2210255883140275,False,0.05132503875168941,0.18070573268503304,0,False,
310,31.000000000000007,0.11365628689789631,0.3301722887698149,0.4438285756677112,851.4425797249797,1.0498068273173469,1.0833854649838708,102.84135360696423,1.692027237651703,0.25098942953763526,2.220446049250313e-16,1.665334536937735e-16,True,1.0665961461506088,0.0011275249075396985,-0.2222522603340263,False,0.055929085431285885,0.18070573268503304,0,False,
311,31.100000000000005,0.1311453331273631,0.31270318879305675,0.44384852192041985,806.3935672681707,1.0555010790116823,1.088920871003047,102.90296098766017,1.8869692437673924,0.24428249712394268,1.621467711707017e-21,2.2204460521392386e-16,True,1.0722109750073647,0.001116882496746076,-0.22330049038075456,False,0.06233700256875142,0.18070573268503304,0,False,
312,31.200000000000003,0.15035278704278254,0.29351755155972703,0.4438703386025096,756.9179782643872,1.0611045057788229,1.094241948395907,102.95424595025872,2.071274882994822,0.23595634894719564,1.1170393677445968e-32,5.55111531364086e-17,True,1.0776732270873648,0.0010980901032005394,-0.2241728908979166,False,0.06988079117153204,0.18070573268503304,0,False,
313,31.300000000000004,0.17095068293288573,0.27294280526488196,0.4438934881977677,703.8601788720131,1.0665933272165526,1.0993293182486001,102.99537437512221,2.244013997906304,0.22614094460380207,2.2204460492960996e-16,1.1292758396252442e-20,True,1.0829613227325763,0.001071645108850294,-0.22487239039256085,False,0.06454095531332091,0.18070573268503304,0,False,
314,31.400000000000002,0.1925909616280761,0.2513264305480836,0.4439173921761597,648.1162461460174,1.071944747755371,1.1041648825112957,103.02652784321991,2.4044458159682454,0.2150287312844883,2.2204460492514767e-16,1.6653345408176809e-16,True,1.0880548151333334,0.0010381370836899518,-0.22540216181024186,False,0.05942281676813186,0.18070573268503304,0,False,
315,31.500000000000004,0.2149140758956294,0.2290273943525847,0.44394147024821407,590.6118778223845,1.0771370882993052,1.108731896767755,103.04789941868223,2.552052431602264,0.202859591310673,8.247070248615057e-23,4.440892098864452e-16,True,1.0929344925335303,0.0009982319221580173,-0.22576555151400188,False,0.05599320551079538,0.18070573268503304,0,False,
316,31.600000000000005,0.23755756639632808,0.20640761059680962,0.4439651769931377,532.2803712456307,1.0821498937618388,1.113015019039507,103.05968954974286,2.686552998445237,0.18990222132860302,2.220446049250313e-16,5.551115172777523e-17,True,1.0975824564006729,0.00095265595840615,-0.22596601052950072,False,0.05433482264086694,0.18070573268503304,0,False,
317,31.700000000000006,0.26016410404038237,0.1838239274821982,0.4439880315225806,474.04196037704975,1.0869640135867893,1.1170003333784615,103.06210217936153,2.8078992193465657,0.1764345141534669,2.220446049250313e-16,2.2204460492504817e-16,True,1.1019821734826256,0.0009021805066275862,-0.22600702953553067,False,0.05436197403461723,0.18070573268503304,0,False,
318,31.800000000000004,0.28238859096628866,0.1616210465596443,0.4440096375259329,416.78555560588677,1.09156165430794,1.12067534895137,103.05534114105376,2.916254748705432,0.16272527487058097,1.0489503388034121e-21,8.321916943713258e-21,True,1.106118501629655,0.000847607215790875,-0.22589207881535253,False,0.055825843587233186,0.18070573268503304,0,False,
319,31.900000000000006,0.3039040446325434,0.14012564825257706,0.44402969288512045,361.35359475000496,1.0959264050344655,1.124028976982789,103.03960689672934,3.011962436974176,0.1490190205333186,2.220446049521041e-16,1.6653345408016916e-16,True,1.1099776910086272,0.0007897545501106955,-0.22562455407297433,False,0.058382640540274686,0.18070573268503304,0,False,
320,32.00000000000001,0.32440613293922405,0.1196418567005637,0.44404798963978775,308.5303478731172,1.1000432382758585,1.1270514891659718,103.01509365375884,3.0955038814930695,0.13552486753633142,4.965068306617222e-16,1.6653345408514402e-16,True,1.1135473637209148,0.0007294456161433044,-0.22520772869444886,False,0.06167696792342646,0.18070573268503304,0,False,
321,32.1,0.34361636137161655,0.1004480448046564,0.44406440617627296,259.0336781910631,1.1038984896387636,1.129734461921435,102.9819868799168,3.1674555946751446,0.12240977788875984,3.175826179863902e-22,2.220446049251533e-16,True,1.1168164757800993,0.0006674974637909605,-0.22464471272840683,False,0.06539719777886845,0.18070573268503304,0,False,
322,32.2,0.3612840209685615,0.08279487306602235,0.44407889403458384,213.509984662835,1.107479820610689,1.1320707112005757,102.94046121872422,3.228445453932688,0.10979584260653086,2.5884728585477216e-22,4.440892101929264e-16,True,1.1197752659056324,0.0006047119000037742,-0.22393841859589814,False,0.06929535724423361,0.18070573268503304,0,False,
323,32.300000000000004,0.37718708118382427,0.06690438056446715,0.4440914617482914,172.53185782173856,1.1107761689234155,1.1340542224674306,102.89067879493352,3.2791121841664275,0.09776089110177066,4.337899660312521e-22,5.551115244166709e-17,True,1.1224151956954231,0.0005418677767980354,-0.22309153333190773,False,0.07045105708577695,0.18070573268503304,0,False,
324,32.400000000000006,0.3911322539016686,0.05296990390191996,0.4441021578035886,136.5978707482559,1.1137776909325892,1.1356800801432867,102.83278789085163,3.3200696476560436,0.08634153430281666,5.547946745427167e-23,1.1489826828266512e-20,True,1.1247288855379378,0.0004797146531368799,-0.22210649701580387,False,0.06767729898229714,0.18070573268503304,0,False,
325,32.50000000000001,0.40295446823957204,0.04115658605595459,0.4441110542955266,106.13389129269278,1.1164757001484538,1.1369444002698093,102.76692196884174,3.351876829380906,0.07743614548629241,4.965068306518442e-16,1.1102230305401433e-16,True,1.1267100502091316,0.00041896768465797817,-0.2209854869645382,False,0.0657258132873443,0.18070573268503304,0,False,
326,32.60000000000001,0.41251598709938486,0.03160224521540018,0.44411823231478503,81.495322613403,1.1188626055959456,1.1378442695298863,102.69319901332729,3.3750136986614128,0.06990558824756521,2.2204460493337775e-16,1.110223024629474e-16,True,1.1283534375629158,0.00036030356570106246,-0.21973040723460172,False,0.06456466142732306,0.18070573268503304,0,False,
327,32.7,0.4197053730706328,0.02441839654750835,0.44412376961814115,62.96973809226232,1.1209318531495476,1.138377693135277,102.61172116639126,3.3898626363938846,0.06272903007785313,2.2204460493215645e-16,1.1102230307179188e-16,True,1.1296547731424122,0.000304357332807673,-0.21834288299724222,False,0.06414858297726582,0.18070573268503304,0,False,
328,32.800000000000004,0.4244364798087876,0.019691250963688227,0.44412773077247586,50.779456934447246,1.1226778724408026,1.1385435534970934,102.52257463397417,3.3966948375510886,0.05588454869221238,2.134730891920488e-21,1.1102230307354734e-16,True,1.130610712968948,0.00025171983537994205,-0.2168242594054174,False,0.06442459640161247,0.18070573268503304,0,False,
329,32.900000000000006,0.42664761042620847,0.01748254930623398,0.44413015973244246,45.08369535472012,1.1240960314159276,1.1383415810673756,102.42582984404669,3.395661003967388,0.04933632669269894,4.965068306566961e-16,4.440892100056341e-16,True,1.1312188062416517,0.00020293568487186954,-0.21517560464912155,False,0.06533867335180432,0.18070573268503304,0,False,
330,33.0,0.42630094997034673,0.017830124736097634,0.44413107470644436,45.98001685327704,1.1251826001502856,1.1377723382862246,102.32154184331814,3.4143528881776115,0.04303758734572938,4.930380657631324e-32,1.1102230344474604e-16,True,1.1314774692182552,0.0001585015063315168,-0.213397716987158,False,0.06684194047669047,0.18070573268503304,0,False,
331,33.10000000000001,0.42338234625991067,0.020748118901809238,0.4441304651617199,53.5048896684152,1.1259347251119864,1.1368372171825247,102.20975092442917,3.4347034554554607,0.03693317439325927,2.2204460496114664e-16,1.1855115413964562e-20,True,1.1313859711472556,0.00011886433334815014,-0.21149113563800642,False,0.06889521935934106,0.18070573268503304,0,False,
332,33.2,0.4179014823524483,0.026226808534784415,0.4441282908872327,67.63323960351538,1.1263504147021253,1.1355384508394302,102.09048348061881,3.4465659509130386,0.030961824528587867,1.933389533137123e-21,3.330669073876127e-16,True,1.1309444327707778,8.442000806042075e-05,-0.20945615550094665,False,0.07147138761220007,0.18070573268503304,0,False,
333,33.300000000000004,0.40989245388185,0.034232029260461164,0.4441244831423112,88.27696416118097,1.1264285365683346,1.1338791386237599,101.96375308906761,3.4498352525155798,0.033533171210776036,4.44089209850067e-16,1.1493346125183503e-20,True,1.1301538375960472,5.551147098830693e-05,-0.2072928457528974,False,0.07455566299093613,0.18070573268503304,0,False,
334,33.400000000000006,0.39941473401993566,0.044704214017151765,0.4441189480370874,115.28245283442791,1.126168826869687,1.1318632847631138,101.82956182708374,3.4442866441198343,0.04254274862489815,4.965068306606716e-16,1.1102230312551474e-16,True,1.1290160558164004,3.2426850700011e-05,-0.2050010724194413,False,0.07814428186714124,0.18070573268503304,0,False,
335,33.50000000000001,0.38655447634546447,0.05755709604034143,0.4441115723858059,148.42724238505812,1.1255719113402602,1.1294958495077587,101.68790182668057,3.42958094635534,0.0521349253580512,2.2204460492503165e-16,1.1102230246268874e-16,True,1.1275338804240094,1.539729074235129e-05,-0.2025805250444484,False,0.07670295321333365,0.18070573268503304,0,False,
336,33.6,0.371426070230912,0.07267616208190815,0.44410223231282014,187.41602803217384,1.1246393376321027,1.1267828117114997,101.53875707265173,3.4052739012526945,0.06240248347716859,3.0203713301140807e-21,2.220446049589984e-16,True,1.125711074671801,4.594481129047154e-06,-0.20003074757733497,False,0.0727116430239144,0.18070573268503304,0,False,
337,33.7,0.3541738240484118,0.08991698079097767,0.44409080483938945,231.87635270967866,1.1233736179962728,1.123731241189071,101.38210544686034,3.3708305043836653,0.07341813162783772,4.440892098594589e-16,1.110223031599787e-16,True,1.1235524295926718,1.2789434802717526e-07,-0.19735117355804824,False,0.06827664582136278,0.18070573268503304,0,False,
338,33.800000000000004,0.3349736093639877,0.10910357314235519,0.44407718250634287,281.35440475534125,1.1217782808708625,1.1203493786501635,101.21792101715704,3.325644981068732,0.08522858472009043,4.437342591868191e-31,1.110223036253582e-16,True,1.121063829760513,2.041761556318603e-06,-0.19454116560763493,False,0.06347408394750825,0.18070573268503304,0,False,
339,33.900000000000006,0.31403425681531383,0.13002703395473084,0.44406129077004464,335.31146310581886,1.1198579293869315,1.1166467203799415,101.04617656333781,3.2690669483851287,0.09784817596317597,2.220446049387924e-16,1.2455656057064741e-20,True,1.1182523248834366,1.0311863286573781e-05,-0.19160005913009986,False,0.05841890469067901,0.18070573268503304,0,False,
340,34.00000000000001,0.29159845600514345,0.15244465143786892,0.44404310744301234,393.1216268001982,1.1176183041919254,1.1126341041595815,100.86684632526655,3.2004339564777324,0.11125244748034291,1.4710176871010596e-21,7.604684427192056e-21,True,1.1151262041757535,2.484224996241693e-05,-0.1885272100060266,False,0.05328598715133121,0.18070573268503304,0,False,
341,34.1,0.2679428839509974,0.17607979891093928,0.4440226828619367,454.07153574510403,1.1150663473594649,1.108323792246661,100.67990895033863,3.119110040301503,0.12537238649045923,4.965068306494549e-16,1.110223024642505e-16,True,1.111695069803063,4.546204944919299e-05,-0.18532204592043428,False,0.04834287008238985,0.18070573268503304,0,False,
342,34.20000000000001,0.24337727749140203,0.2006228813355446,0.44400015882694666,517.3628116176757,1.1122102635594686,1.1037295466358004,100.48535060963273,3.0245291427790737,0.1400901757911619,2.2204460492511414e-16,1.1102230247551418e-16,True,1.1079699050976344,7.19225595393931e-05,-0.18198412082981932,False,0.043993096521507985,0.18070573268503304,0,False,
343,34.300000000000004,0.2182421832593111,0.22573360052986585,0.44397578378917696,582.1178993605727,1.1090595741793678,1.098866691387154,100.2831682452551,2.9162413414866064,0.15523746211545975,2.220446049251314e-16,1.1102230268940664e-16,True,1.1039631327832609,0.00010389485961580271,-0.17851317195093644,False,0.04080759216671341,0.18070573268503304,0,False,
344,34.400000000000006,0.19290517202359303,0.25104474941456223,0.44394992143815526,647.3898517175845,1.1056251598074442,1.0937521566497028,100.07337290633345,2.7939588277329994,0.1705971553647836,2.2204460492553776e-16,1.1102230528969608e-16,True,1.0996886582285734,0.00014096820398373783,-0.17490917856059393,False,0.039471273125885775,0.18070573268503304,0,False,
345,34.50000000000001,0.16775539663156147,0.27616765331421284,0.4439230499457743,712.1763611675467,1.101919286510793,1.088404499223042,99.85599312846242,2.657597712293758,0.18590959650218197,2.220446049250313e-16,5.55111512313708e-17,True,1.0951618928669173,0.0001826494754331565,-0.17117242184191542,False,0.04055749601869525,0.18070573268503304,0,False,
346,34.6,0.14319650282387797,0.3006992469918822,0.4438957498157602,775.4380100585041,1.0979556117505251,1.0828438951810364,99.63107831134036,2.507311174966276,0.200883530712183,2.2204460492740854e-16,1.6653345422885204e-16,True,1.0903997534657808,0.00022836397767656027,-0.16730354500193298,False,0.04423581581718306,0.18070573268503304,0,False,
347,34.7,0.11963806024378876,0.32423061937833236,0.4438686796221211,836.1203056074089,1.0937491666321892,1.07709210126532,99.39870205156113,2.3435094558432734,0.21521169613648183,2.2204460492583003e-16,1.6653345389703757e-16,True,1.0854206339487547,0.00027745782663615243,-0.16330361291312182,False,0.050231621656395664,0.18070573268503304,0,False,
348,34.800000000000004,0.09748584879959221,0.346356691984478,0.4438425407840702,893.1786384225314,1.0893163124937653,1.0711723834218603,99.1589653911809,2.1668628788440114,0.22859004942219396,1.110223024633802e-16,1.0109646300811814e-22,True,1.0802443479578128,0.0003292021621663269,-0.15917417058330052,False,0.05806741397438021,0.18070573268503304,0,False,
349,34.900000000000006,0.07713148788591084,0.3666865467204171,0.44381803460632796,945.604915704299,1.0846746715203597,1.065109412892603,98.91199994649683,1.9782855650326543,0.24073883052069034,2.2204460492562493e-16,5.551115209211236e-17,True,1.0748920422064814,0.00038279934517100405,-0.1549172998126667,False,0.05483745691740472,0.18070573268503304,0,False,
350,35.00000000000001,0.05894200471253663,0.3848538119266893,0.44379581663922596,992.4543445628193,1.0798430330001512,1.0589291324948296,98.65797088401656,1.7788996278996179,0.2514230073233922,1.4861825416756918e-21,1.3867138183187846e-20,True,1.0693860827474904,0.0004373912343464912,-0.1505356734291876,False,0.04803897279959859,0.18070573268503304,0,False,
351,35.10000000000001,0.0432499784987348,0.40052647596503904,0.44377645446377384,1032.870739135771,1.0748412387893642,1.0526585978643317,98.39707971064756,1.5699821532637868,0.26046933101643466,1.1102230249726123e-16,1.4249310012663838e-20,True,1.063749918326848,0.0004920695584089279,-0.146032606483235,False,0.043637313828675674,0.18070573268503304,0,False,
352,35.2,0.03034485529235198,0.41341553959852245,0.44376039489087443,1066.1088331963645,1.0696900532856033,1.0463258002161895,98.12956684206273,1.3528997143518346,0.26777741864693944,5.551115125974797e-17,5.551115392599719e-17,True,1.0580079267508964,0.0005458883214916126,-0.1414121037184682,False,0.042664438443529226,0.18070573268503304,0,False,
353,35.300000000000004,0.020465904936852297,0.42328204023735605,0.44374794517420835,1091.5523941568767,1.0644110244738323,1.0399594783223753,97.85571390723574,1.1290370733542983,0.2733229889573825,1.1188630230718896e-16,5.551115123155729e-17,True,1.0521852513981038,0.0005978781091968291,-0.13667890252257534,False,0.04555454865602745,0.18070573268503304,0,False,
354,35.400000000000006,0.01379710546834012,0.429942164960648,0.44373927042898814,1108.7274084405353,1.059026343215514,1.0335889277283987,97.57584573942653,0.899727673538252,0.27715250006077924,2.3909110396833314e-21,3.0399004178681026e-22,True,1.0463076354719565,0.0006470621066641339,-0.13183851041842334,False,0.05180440300977074,0.18070573268503304,0,False,
355,35.50000000000001,0.010464022859083766,0.43327038371991033,0.4437344065789941,1117.3101613324686,1.0535587077998867,1.0272438146598049,97.2903319962662,0.6661933318619945,0.27936974141205123,7.850462293420982e-17,5.303549483912179e-21,True,1.0404012612298459,0.0006924736009739263,-0.12689723601553643,False,0.05239892858018436,0.18070573268503304,0,False,
356,35.60000000000001,0.010532543779531611,0.4332007417265049,0.4437332855060365,1117.1305697660678,1.0480311998816703,1.0209540006668971,96.99958834615812,0.851538463173636,0.2801161347129319,1.1443916996305793e-16,5.551115123581794e-17,True,1.0344926002742838,0.0007331747173165112,-0.12186221224085834,False,0.05270290440245042,0.18070573268503304,0,False,
357,35.7,0.014009151556469757,0.4297266156772042,0.44373576723367397,1108.1715536816848,1.0424671764146887,1.0147493820095788,96.70407715686265,1.081986966968275,0.2795473529889885,7.21848948724714e-24,5.551115123133261e-17,True,1.0286082792121336,0.0007682761266839421,-0.1167414106399625,False,0.056151847711540595,0.18070573268503304,0,False,
358,35.800000000000004,0.02084233598566776,0.4228993372747601,0.44374167326042785,1090.5654863853154,1.0368901802587653,1.0086597453667014,96.40430762608585,1.3230129558152577,0.2778092357755242,2.220446049250314e-16,4.485917588636612e-22,True,1.0227749628127334,0.0007969574541950586,-0.11154364560745557,False,0.062187301241216554,0.18070573268503304,0,False,
359,35.900000000000006,0.03092470655468116,0.41282610900753597,0.4437508155622171,1064.5888197972138,1.031323870027502,1.0027146389742796,96.1008353034583,1.5980288144692696,0.2750158586540119,2.465190328815662e-31,1.1102231849841217e-16,True,1.017019254500891,0.0008184881014566671,-0.10627856757458522,False,0.055281353117942564,0.18070573268503304,0,False,
360,36.00000000000001,0.044095431429738596,0.3996675856185846,0.4437630170483232,1030.6558475862387,1.0257919676897254,0.9969432560476864,95.7942609678451,1.8692609305403503,0.27123211607108066,3.075899764334107e-21,2.575184756440274e-22,True,1.0113676118687058,0.0008322481634055136,-0.10095664444301757,False,0.0463399725772691,0.18070573268503304,0,False,
361,36.10000000000001,0.060142735029041106,0.3836353859638907,0.4437781209929318,989.3122887929832,1.0203182206286194,0.9913743255641441,95.48522884210593,2.13572339210311,0.26646246156275977,1.1102230251072605e-16,1.1102230246501102e-16,True,1.0058462730963817,0.0008377490615033615,-0.0955891308829997,False,0.03983169660063223,0.18070573268503304,0,False,
362,36.2,0.07880633217809807,0.36498965662245964,0.4437959888005577,941.2290049096714,1.0149263734315737,0.9860360043380303,95.17442414739496,2.3963700699520585,0.26064667784894846,4.440892098500626e-16,2.2204460628530267e-16,True,1.000481188884802,0.0008346534263611658,-0.09018802547978556,False,0.036861600316836676,0.18070573268503304,0,False,
363,36.300000000000004,0.09977983197395313,0.34403665514690324,0.44381648712085636,887.1957676086249,1.0096401437012075,0.9809557638974443,94.86257001887166,2.6500329042111144,0.2536628342590559,1.9124340627169082e-24,3.5459281991097027e-22,True,0.9952979537993261,0.000822793644726548,-0.08476601607910558,False,0.03800713464307252,0.18070573268503304,0,False,
364,36.400000000000006,0.12271328681697868,0.32112617983313724,0.4438394666501159,828.114630676876,1.004483195664082,0.9761602659775876,94.55042382240079,2.895369890082576,0.2453369858714618,1.136522457166519e-24,1.1102230246273602e-16,True,0.9903217308208349,0.0008021883460261065,-0.07933641401672124,False,0.04266143359354035,0.18070573268503304,0,False,
365,36.50000000000001,0.1472161730590389,0.2966485628276644,0.4438647358867033,764.992175893308,0.9994791052943192,0.9716752214353733,94.23877292588763,3.1308285791331274,0.24089052597563887,2.2204460492503313e-16,9.808630870844063e-22,True,0.9855771633648462,0.0007730559576417486,-0.07391307818988592,False,0.04957164745508923,0.18070573268503304,0,False,
366,36.6,0.17286115596365792,0.27103087768369566,0.4438920336473536,698.9297331400652,0.9946513110328834,0.9675252289630667,93.92842998824273,3.354629618301355,0.23906569060966332,2.8773276856854793e-21,3.330669279076348e-16,True,0.981088269997975,0.0007358243284584313,-0.06851033011933816,False,0.05766600491007306,0.18070573268503304,0,False,
367,36.70000000000001,0.19918900505780734,0.24473199926629832,0.44392100432410564,631.1106409715115,0.9900230449319473,0.9637335920033756,93.62022783319341,3.5647732822440585,0.2362796448587421,7.345095233811772e-21,1.110223062682864e-16,True,0.9768783184676615,0.0006911353352835906,-0.06314286125037989,False,0.061339018851775944,0.18070573268503304,0,False,
368,36.800000000000004,0.22571498346805874,0.21823619622499382,0.44395117969305253,562.783722993543,0.9856172401494764,0.9603221145849095,93.31501397467508,3.7590702054313394,0.2322721019780194,2.220446049250313e-16,1.110223057927193e-16,True,0.972969677367193,0.0006398433773272071,-0.05782563375626579,False,0.05837422224668464,0.18070573268503304,0,False,
369,36.900000000000006,0.25193693838717124,0.19204503220499136,0.4439819705921626,495.2424028473876,0.981456412122756,0.9573108792288996,93.01364485666508,3.9351956801497994,0.22677424313585126,2.2204460497616345e-16,1.1102230246591951e-16,True,0.9693836456758278,0.0005830067587283042,-0.05257377605825385,False,0.057467182109596004,0.18070573268503304,0,False,
370,37.00000000000001,0.27734517613402754,0.16666749484504575,0.44401267097907327,429.79924904024546,0.9775625124146877,0.954718012441076,92.71697986522179,4.090765053641952,0.21952687077371724,2.220446049250313e-16,1.1102230251614826e-16,True,0.9661402624278819,0.0005218711790443454,-0.04740247420077708,False,0.058457047936489516,0.18070573268503304,0,False,
371,37.1,0.30143402581656864,0.14260844995513736,0.44404247577170597,367.75620077866324,0.9739567560909649,0.9525594454135279,92.42587516681589,4.223426036797134,0.21029958801558735,1.110428220320779e-25,2.2204460492536426e-16,True,0.9632581007522464,0.0004578449042267594,-0.04232686016311796,False,0.05825982969694137,0.18070573268503304,0,False,
372,37.2,0.32371479642366574,0.12035571607871627,0.444070512502382,310.3712360735163,0.9706594254630638,0.9508486792484978,92.14117742741982,4.330962237620785,0.19890991203517627,2.220446049250393e-16,3.3306690738917517e-16,True,0.9607540523557808,0.000392465665577942,-0.03736189819631719,False,0.05058895167595732,0.18070573268503304,0,False,
373,37.300000000000004,0.34372963334814055,0.1003662518966651,0.44409588524480564,258.82275205658107,0.9676896550052799,0.9495965651293854,91.86371747311281,4.411401061034058,0.18524096062208217,2.220446049250317e-16,1.1102230246306643e-16,True,0.9586431100673327,0.0003273599012571971,-0.03252227037851534,False,0.043443197726879886,0.18070573268503304,0,False,
374,37.400000000000006,0.36106560488190054,0.08305212275537302,0.44411772763727353,214.17337570619082,0.9650652040806016,0.9488111102859933,91.5943039656538,4.4631183803023795,0.16925616275219113,2.2204460494092025e-16,1.1102230356873668e-16,True,0.9569381571832974,0.00026419556508392383,-0.027822262792345634,False,0.036809771454707346,0.18070573268503304,0,False,
375,37.50000000000001,0.37536822097738676,0.06876703934683233,0.44413526032421907,177.33525002861774,0.9628022256290163,0.9484973202564171,91.33371718423018,4.484932173780626,0.15100942790783378,0.0,3.291380904279478e-20,True,0.9556497729427167,0.00020463031771901768,-0.02327565402158227,False,0.030677432177054934,0.18070573268503304,0,False,
376,37.6,0.3863535272426808,0.05779431978039214,0.4441478470230729,149.03899085720687,0.9609150400221395,0.9486570868145543,91.08270302432774,4.476177708565678,0.1306494114333705,2.676088321588171e-21,3.330669131699943e-16,True,0.9547860634183469,0.0001502574168393473,-0.018895607987872504,False,0.02505259692049187,0.18070573268503304,0,False,
377,37.7,0.39381794257882907,0.050337100377804964,0.44415504295663405,129.80844262019056,0.9594159237317537,0.9492891290480282,90.84196734207524,4.436757875961591,0.10841695266950246,8.245708520248471e-22,3.3306690738761505e-16,True,0.9543525263898909,0.00010255197056633023,-0.01469457342768302,False,0.019997254423720034,0.18070573268503304,0,False,
378,37.800000000000004,0.39764512534561836,0.046511504430210765,0.44415662977582915,119.94306204951556,0.9583149222050781,0.9503889925392123,90.61217078288949,4.367163930138804,0.08649657259229704,8.881784197650017e-16,1.1102230947367768e-16,True,0.9543519573721452,6.282036106825163e-05,-0.010684192465223475,False,0.015718610884799082,0.18070573268503304,0,False,
379,37.900000000000006,0.39780935434492215,0.04634327806105601,0.44415263240597813,119.509242802405,0.957619695359927,0.9519491085887197,90.39392423295793,4.268464073145888,0.11501589714297644,2.2204460492503254e-16,1.110223024749149e-16,True,0.9547844019743233,3.215555432979058e-05,-0.006875220703612208,False,0.012747238988913955,0.18070573268503304,0,False,
380,38.00000000000001,0.3943751778630169,0.04976813751306682,0.4441433153760837,128.34121103898997,0.9573354024585655,0.9539589121492226,90.18778501892591,4.230790629394289,0.14221513712251,1.931989377285084e-23,1.1102230246285585e-16,True,0.955647157303894,1.14006868090876e-05,-0.0032774609985372514,False,0.011986602838874975,0.18070573268503304,0,False,
381,38.10000000000001,0.3874933855588978,0.056635773280533645,0.44412915883943144,146.05135120929393,0.9574646309168907,0.9564050138714613,89.99425395523005,4.23887935350607,0.16760902867626726,2.220446049250313e-16,3.3306690738772224e-16,True,0.956934822394176,1.1227882829646385e-06,0.00010028740003442412,False,0.013870189447741398,0.18070573268503304,0,False,
382,38.2,0.3773936559256601,0.06671716129936418,0.44411081722502427,172.049060023512,0.9580073710480191,0.9592714186849316,89.81377330218295,4.221202959146495,0.19080035013392127,2.220446049250334e-16,1.1102230247334745e-16,True,0.9586393948664754,1.5978164283836876e-06,0.0032502633092519654,False,0.017731477457983872,0.18070573268503304,0,False,
383,38.300000000000004,0.3643744872676056,0.07971457850862967,0.44408906577623525,205.56657440865803,0.9589610360630819,0.9625397809116132,89.64672565521647,4.178349128160347,0.21149790371672417,2.220446049250313e-16,4.440892098506209e-16,True,0.9607504084873475,1.2807414690889087e-05,0.006165761411734801,False,0.02278861927478117,0.18070573268503304,0,False,
384,38.400000000000006,0.3487911996125479,0.09527354208715363,0.44406474169970156,245.68976020509294,0.9603205241094934,0.966189684265953,89.49343374149451,4.111265806718323,0.22952572324491882,4.440892098500627e-16,2.2204460492526427e-16,True,0.9632551041877232,3.444704094217231e-05,0.008841133907550017,False,0.028636970311894498,0.18070573268503304,0,False,
385,38.5,0.3310428779000252,0.11299580909476963,0.4440386869947948,291.39163541624777,0.9620783169549857,0.9701989343758588,89.35416105910377,4.0211917833922035,0.2448228559745096,4.965068306718552e-16,8.75475699768319e-22,True,0.9661386256654223,6.594442729618786e-05,0.011271777257135874,False,0.03510695599062694,0.18070573268503304,0,False,
386,38.60000000000001,0.3115591081964555,0.1324525910388425,0.444011699235298,341.56644770389346,0.9642246083156114,0.9745438517169249,89.2291132599265,3.909578226459192,0.2574340751857003,1.0093250723974274e-20,1.1102230833273344e-16,True,0.9693842300162682,0.00010648678437555254,0.013454105846585726,False,0.04212760149605865,0.18070573268503304,0,False,
387,38.7,0.29078724978475634,0.1531972450604387,0.44398449484519503,395.06240219922665,0.9667474539005325,0.9791995540269515,89.1184401523174,3.7780083480108613,0.2674928545619437,2.220446049250313e-16,1.1102230246259018e-16,True,0.9729735039637419,0.0001550547975583629,0.0153855148361429,False,0.0496652412677579,0.18070573268503304,0,False,
388,38.800000000000004,0.2691808110193594,0.1747768761303099,0.4439576871496693,450.71158104492343,0.9696329350471328,0.9841402192013631,89.02223818454557,3.628121952607549,0.27519872384906785,4.1309890883928796e-21,2.775557561563018e-16,True,0.9768865771242479,0.00021046129353158167,0.017064334706494728,False,0.057698467486277785,0.18070573268503304,0,False,
389,38.900000000000006,0.24718928757067715,0.19674249158948418,0.44393177916016135,507.35612974853973,0.9728653283068982,0.9893393221277588,88.94055326410961,3.461550539282075,0.28079160906262546,7.395570986446986e-32,1.0807797489208149e-20,True,0.9811023252173285,0.00027139247240974844,0.018489780105764728,False,0.06620786450750372,0.18070573268503304,0,False,
390,39.00000000000001,0.22524961081207717,0.21865755827244548,0.44390716908452266,563.8703241435583,0.9764272744061945,0.9947698416244659,88.87338377026443,3.2798670686285862,0.2845258823523886,2.220446049407685e-16,3.330669088600211e-16,True,0.9855985580153301,0.0003364497721568058,0.019661895545704897,False,0.0751718835281748,0.18070573268503304,0,False,
391,39.10000000000001,0.20377916951859754,0.2401049956964994,0.44388416521509694,619.1786043050037,0.9802999414883816,1.0004044363284574,88.82068362607868,3.084552727722715,0.28664662061712043,2.220446049270318e-16,5.551115917530497e-17,True,0.9903521889084195,0.00040419071277463507,0.020581500322963353,False,0.08456537343300205,0.18070573268503304,0,False,
392,39.20000000000001,0.18317022902153046,0.2606927772048362,0.44386300622636665,672.2700186801615,0.9844631792625663,1.0062155907921235,88.78236531095605,2.876981252987126,0.28737008040584033,3.093434228283399e-23,6.2466556289802005e-22,True,0.9953393850273449,0.0004731674073512131,0.021250134770954106,False,0.08975159066084039,0.18070573268503304,0,False,
393,39.300000000000004,0.1637854878275895,0.28005839511506075,0.44384388294265026,722.209738736272,0.9888956624570208,1.012175735015905,88.75830271410126,2.6584197779880863,0.2868697512789746,5.2803383198472604e-21,2.7026233268404845e-20,True,1.0005356987364629,0.0005419617783469184,0.021670009592689967,False,0.08869018861709721,0.18070573268503304,0,False,
394,39.400000000000006,0.14595448269966949,0.29787247545168993,0.4438269581513594,768.1483805700874,0.9935750236369657,1.0182573420549015,88.7483337534638,2.43004386263315,0.2852686669116835,1.3693082105490926e-24,8.985849026591411e-23,True,1.0059161828459335,0.0006092168424843718,0.021843959592932286,False,0.0891649609346903,0.18070573268503304,0,False,
395,39.50000000000001,0.1299705726235425,0.31384180922519644,0.44381238184873895,809.3298219177681,0.9984779768612729,1.024433009150703,88.75226271279968,2.192963374425023,0.28263801783775633,4.440892098506502e-16,1.1102230609372686e-16,True,1.011455493005988,0.000673663701145358,0.02177540262715496,False,0.08161700440610963,0.18070573268503304,0,False,
396,39.6,0.11608828891976897,0.3277120113342286,0.4438003002539976,845.0980588858757,1.0035804347194972,1.0306755280705762,88.76986228082723,1.948255236421711,0.2790015696838152,4.455629521638766e-24,3.330669073875475e-16,True,1.0171279813950367,0.0007341440837036831,0.021468304029528908,False,0.07086844845267073,0.18070573268503304,0,False,
397,39.70000000000001,0.1045209198519137,0.3392699380526652,0.4437908579045789,874.9034401251192,1.008857621944146,1.0369579500431192,88.80087530952252,1.6969987254259278,0.27434495670936687,5.55111512312827e-17,2.220446049250963e-16,True,1.0229077859936326,0.000789628439269938,0.020927146198277506,False,0.060024532109502544,0.18070573268503304,0,False,
398,39.800000000000004,0.09543828975812563,0.34834590332459286,0.4437841930827185,898.3083821734566,1.014284189003593,1.0432536499499196,88.84501634112847,1.440308997680116,0.2686285873419333,5.551115123126005e-17,1.1102230246277413e-16,True,1.0287689194767564,0.000839229667520747,0.020156902443766368,False,0.049232569132187584,0.18070573268503304,0,False,
399,39.900000000000006,0.08896478183879308,0.35481564583176656,0.44378042767055964,914.9924420955924,1.019834328854397,1.0495363933723958,88.90197298249544,1.5080883113594201,0.261802661052156,5.551115123125783e-17,2.104519810895681e-20,True,1.0346853611133964,0.0008822126366313656,0.019163013693645602,False,0.038749440242494965,0.18070573268503304,0,False,
400,40.00000000000001,0.08517772841581284,0.3586019248167677,0.44377965323258056,924.7564327640988,1.0254818994094,1.0557804088190748,88.97140722766665,1.7619109737293395,0.263937479171529,3.1401849173675503e-16,2.220446055830318e-16,True,1.0406311541142372,0.0009179996724481538,0.017951366256991647,False,0.029121023030855286,0.18070573268503304,0,False,
401,40.1,0.08410634300233522,0.35967557260724425,0.44378191560957947,927.5251370906956,1.0312005533357702,1.06196046609432,89.05295684210355,2.0065746651275393,0.2655801975625477,2.220446049250313e-16,2.2204460492503136e-16,True,1.0465805097150451,0.0009461722329135968,0.01652826862908678,False,0.021700968853233617,0.18070573268503304,0,False,
402,40.2,0.08573138821328685,0.3580558122918464,0.44378720050513326,923.3481272434519,1.036963875641771,1.0680519604385956,89.14623692234669,2.2409068014432885,0.26578813504394183,2.0441376624469453e-21,1.2909820723594068e-22,True,1.0525079180401833,0.0009664690163345617,0.014900425309869193,False,0.019318054241358375,0.18070573268503304,0,False,
403,40.300000000000004,0.08998575974631118,0.35380966265604175,0.4437954224023529,912.3982301055722,1.0427455282714477,1.07403100088926,89.25084173229207,2.4637803068740465,0.2644947854393264,4.5819263004760694e-24,2.2204460492503224e-16,True,1.058388264580354,0.0009787807969198787,0.013074905828628837,False,0.02352122560463901,0.18070573268503304,0,False,
404,40.400000000000006,0.09675612135343137,0.3470502973105599,0.4438064186639913,894.967295824249,1.0485193997409505,1.079874500379298,89.36634689238966,2.6741560048137525,0.26166204452139963,1.1102230247891306e-16,5.818225148553949e-22,True,1.0641969500601243,0.000983142336040897,0.011059107602293585,False,0.031704286447908785,0.18070573268503304,0,False,
405,40.50000000000001,0.10588565550254803,0.33793429440435496,0.443819949906903,871.4591054180858,1.0542597568498875,1.0855602644820228,89.49231196342954,2.8711235564025466,0.2572882320118415,3.1057377870259986e-21,5.839598570622055e-21,True,1.069910010665955,0.0009797217780293753,0.00886071186135794,False,0.04145814318474868,0.18070573268503304,0,False,
406,40.60000000000001,0.11717790960984509,0.3266577972184097,0.4438357068282548,842.3794697828965,1.0599413947924976,1.091067075459506,89.62828342612082,3.0539366374617085,0.2514126178059325,1.1102230246539246e-16,1.6660149713914787e-20,True,1.0755042351260018,0.0009688079969845656,0.006487632587493947,False,0.05176895718327136,0.18070573268503304,0,False,
407,40.7,0.13040163064538346,0.31345169211205054,0.443853322757434,808.323794663181,1.065539781644241,1.0963747683781615,89.77379801618586,3.2220389567735594,0.24411612710953678,4.440892098541509e-16,2.2204460492628737e-16,True,1.080957275011201,0.0009507964068810594,0.003947959136294969,False,0.0622194405256374,0.18070573268503304,0,False,
408,40.800000000000004,0.14529640376960207,0.2985759867026724,0.44387239047227445,769.9625831993687,1.0710311932303134,1.1014642964745567,89.92838633708311,3.375078971163814,0.2355183762894535,1.1102230246326113e-16,1.6434650078407118e-20,True,1.086247744852435,0.0009261737730747727,0.0012498938818750619,False,0.07260622903267222,0.18070573268503304,0,False,
409,40.9,0.16157885339248113,0.28231362797497006,0.4438924813674512,728.025494174974,1.0763928347669591,1.1063177836151097,90.09157664292492,3.5129125399802197,0.22577161133094936,4.440892098502422e-16,4.44089209926935e-16,True,1.0913553091910344,0.0008955025635644273,-0.001598313256452325,False,0.08281128950324336,0.18070573268503304,0,False,
410,41.00000000000001,0.1789491337972997,0.26496403114642303,0.44391316494372274,683.284654366988,1.0816029463378969,1.1109185625027447,90.26289866555288,3.635594072881158,0.21505241896820104,1.6653345369377348e-16,2.2204460560657686e-16,True,1.096260754420321,0.0008594053511246851,-0.0045884312122680855,False,0.09275576582531997,0.18070573268503304,0,False,
411,41.10000000000001,0.19709743291369075,0.24683659386373719,0.44393402677742794,636.537933067996,1.0866408901341067,1.1152511981449527,90.44188735329699,3.7433577886373004,0.20355222316847543,5.551115126554033e-17,2.3979572537165866e-22,True,1.1009460441395296,0.0008185497244754895,-0.007712312781479488,False,0.10238139954318302,0.18070573268503304,0,False,
412,41.2,0.21571023446616766,0.22824444908097175,0.4439546835471394,588.5928321164913,1.091487218342798,1.1193014969228554,90.62808639424684,3.8365914122400246,0.191467566411337,1.3877787807814457e-16,3.477510801124474e-22,True,1.1053943576328267,0.000773634092929044,-0.010961956015090778,False,0.10093535676202577,0.18070573268503304,0,False,
413,41.300000000000004,0.234476124959762,0.2094986692727485,0.4439747942325105,540.251539822281,1.0961237215229072,1.123056502320154,90.82105141209406,3.915804961447594,0.17899103394809934,2.4980018054511995e-16,1.9807545866130097e-21,True,1.1095901119215306,0.0007253746814725467,-0.014329560027421053,False,0.09849286231172709,0.18070573268503304,0,False,
414,41.40000000000001,0.25309098551883635,0.19090308163016387,0.44399406714900025,492.29756048350464,1.1005334581692747,1.1265044789389789,91.02035274505157,3.9815972457504536,0.16630345678617164,2.0816681711952757e-16,1.5029650349996155e-20,True,1.1135189685541267,0.0006744939198204041,-0.01780757363959074,False,0.09662979997249484,0.18070573268503304,0,False,
415,41.50000000000001,0.27126246698575907,0.17274979597117707,0.44401226295693613,445.4841818393994,1.104700766889082,1.129634886826214,91.22557774492216,4.03462239932727,0.15356777432852997,2.0122792321330972e-16,2.220446049254656e-16,True,1.117167826857648,0.0006217103370392842,-0.021388735739506236,False,0.09526326287547335,0.18070573268503304,0,False,
416,41.60000000000001,0.2887137033792353,0.15531549075314804,0.44402919413238334,400.52489750375895,1.108611263161386,1.132438348360517,91.43633256107665,4.075558293600327,0.1409246943760154,5.35015268933669e-16,2.220446051728015e-16,True,1.1205248057609514,0.000567729989086643,-0.025066106722263722,False,0.09429793027482061,0.18070573268503304,0,False,
417,41.7,0.3051862689417384,0.13885845265278907,0.44404472159452746,358.0857726849866,1.1122518230168539,1.1349066100253107,91.65224340036303,4.105078121788132,0.12849008621343927,5.81046916566195e-16,4.440892098501917e-16,True,1.1235792165210823,0.0005132393743985431,-0.02883309083416349,False,0.09363201010082098,0.18070573268503304,0,False,
418,41.800000000000004,0.3204424246234501,0.12361632463606954,0.4440587492595196,318.77963694776923,1.115610556172045,1.137032501345312,91.87295727690027,4.123825898646057,0.11635389778432881,2.220446049301763e-16,2.220446049855441e-16,True,1.1263215287586785,0.00045889973500645297,-0.03268344964585028,False,0.09316287860849672,0.18070573268503304,0,False,
419,41.900000000000006,0.33426672980624206,0.10980448745611807,0.4440712172623601,283.1619104478995,1.118676771205796,1.1388098931270492,92.09814228411201,4.132396131383029,0.10458030255190875,4.518280359883027e-16,2.220446049251013e-16,True,1.1287433321664224,0.00040534259829604904,-0.03661130720415124,False,0.09279179084847143,0.18070573268503304,0,False,
420,42.00000000000001,0.3464671146530143,0.09761497983790411,0.4440820944909184,251.72781932323508,1.1214409353062982,1.1402336569505027,92.32748743467808,4.131317527299676,0.09320875055385969,1.6653345369377937e-16,4.440892098502048e-16,True,1.1308372961284006,0.00035316638679655363,-0.04061114764802227,False,0.09242738053225741,0.18070573268503304,0,False,
421,42.10000000000001,0.3568755189346471,0.08721585200936627,0.44409137094401335,224.91072859096897,1.1238946309797866,1.1412996276388425,92.56070212230001,4.121040325042206,0.0822556090706219,4.577566798522305e-16,2.220446049252494e-16,True,1.1325971293093144,0.000302933908701748,-0.04467780622092882,False,0.09198796951053231,0.18070573268503304,0,False,
422,42.2,0.365348206302996,0.07875084398511979,0.4440990502881158,203.0813125112268,1.126030511926636,1.1420045702098371,92.79751526266121,4.101926670329437,0.07171612027758734,5.551115123125807e-17,2.220446049251049e-16,True,1.1340175410682365,0.0002551705380351053,-0.04880645467614213,False,0.09140289932029552,0.18070573268503304,0,False,
423,42.30000000000001,0.3717658606097709,0.07233928225605844,0.44410514286582936,186.5472881720012,1.1278422600842413,1.1423461526023773,93.03767417032073,4.074243396075118,0.061566463621295586,1.6653345369377486e-16,2.220446049251234e-16,True,1.1350942063433092,0.00021036289817764135,-0.05299258206337385,False,0.09061317917186915,0.18070573268503304,0,False,
424,42.400000000000006,0.3760335646806132,0.0680760946395432,0.44410965932015645,175.5534537845613,1.129324545627921,1.14232292528405,93.28094322426809,4.038156599214947,0.0517657810710368,4.742874840306468e-16,4.440892102071495e-16,True,1.1358237354559857,0.00016895787368486942,-0.05723197181790776,False,0.08957175029867118,0.18070573268503304,0,False,
425,42.50000000000001,0.37808075318927314,0.06603185175855887,0.444112604947832,170.28179564918344,1.1304729915234735,1.1419343086830447,93.52710236828204,3.9937275196175634,0.0444290795973834,1.7922253534143884e-21,1.7794211848009657e-20,True,1.1362036501032593,0.0001313617910322867,-0.061520675960933066,False,0.08824363560002332,0.18070573268503304,0,False,
426,42.6,0.37786122065998384,0.06625275422697778,0.44411397488696164,170.85145510873105,1.1312841440427797,1.1411805892455442,93.77594548389098,3.9409094077541043,0.052818111863459194,2.2204460492503165e-16,4.262381351968507e-22,True,1.1362323666441618,9.793962765132165e-05,-0.06585498707626823,False,0.08660620654357741,0.18070573268503304,0,False,
427,42.7,0.3753532533081114,0.06876049696798554,0.44411375027609695,177.31837865536107,1.1317554504848029,1.14006292478794,94.02727866441492,3.8795453054890454,0.06136410226505884,4.577566798569039e-16,2.220446049255076e-16,True,1.1359091876363714,6.901412929728245e-05,-0.07023140856800969,False,0.08464977455045103,0.18070573268503304,0,False,
428,42.80000000000001,0.37055993901798834,0.073551956569732,0.44411189558772035,189.6745116886915,1.1318852451798236,1.138583359676268,94.28091840905542,3.8093669463440296,0.0701783591450158,1.1102230248188897e-16,2.2204460492505734e-16,True,1.1352343024280458,4.4864737807478866e-05,-0.07464662353942139,False,0.08237870969623096,0.18070573268503304,0,False,
429,42.900000000000006,0.36350969240123177,0.08059866502747215,0.4441083574287039,207.84644141114927,1.1316727446805948,1.136744850203603,94.5366897470538,3.7299952931018003,0.07937165324222928,2.220446049250313e-16,2.2204460492528207e-16,True,1.134208797442099,2.572625443653127e-05,-0.07909746247910387,False,0.0798133059422389,0.18070573268503304,0,False,
430,43.00000000000001,0.35425701041437563,0.08984605478346466,0.44410306519784026,231.69344994993625,1.131118052841569,1.1345513003270777,94.79442429433729,3.640943552495133,0.08905174060666754,5.551115123125842e-16,2.220446049304167e-16,True,1.1328346765843234,1.178718829675231e-05,-0.08358086980968822,False,0.07699264054469492,0.18070573268503304,0,False,
431,43.1,0.34288344718026176,0.10121248689407329,0.44409593407433506,261.00500821118254,1.1302221762346427,1.1320076076457328,95.05395823959932,3.541623812254055,0.0993197402410777,4.577566798631721e-16,2.220446056318854e-16,True,1.1311148919401877,3.187765323707223e-06,-0.08809386926071239,False,0.07397868881050482,0.18070573268503304,0,False,
432,43.2,0.32949876339858863,0.11458810745318379,0.44408687085177245,295.4978268444605,1.1289870500240333,1.129119719125383,95.3151302542064,3.4313586969190792,0.11026511533497585,3.33066907387547e-16,2.2204460492525283e-16,True,1.1290533845747082,1.7601090452931816e-08,-0.0926335279846478,False,0.07086188600726909,0.18070573268503304,0,False,
433,43.30000000000001,0.3142421656002319,0.12983361749306818,0.4440757830933001,334.81268408443907,1.1274155740024814,1.1258946955881757,95.57777932144208,3.3620064260991427,0.12195911130192494,4.44089209851778e-16,4.440892102087846e-16,True,1.1266551347953286,2.3130711511010332e-06,-0.0971969193562072,False,0.06776802425940326,0.18070573268503304,0,False,
434,43.400000000000006,0.29728350415730787,0.14677908776525406,0.4440625919225619,378.51136932831696,1.1255116579596118,1.1223407833718317,95.84174248603796,3.3177012142267834,0.13444667338964633,4.577566798522237e-16,4.051334256749806e-22,True,1.1239262206657217,1.0054445651429571e-05,-0.101781084491083,False,0.06486554595620188,0.18070573268503304,0,False,
435,43.50000000000001,0.2788242487464976,0.1652229996923901,0.44404724843888765,426.0742099591044,1.1232802749044564,1.1184674908298262,96.1068525351249,3.2619410560378417,0.1477371107628973,4.043837241371619e-22,2.220446050847765e-16,True,1.1208738828671412,2.3162890549013587e-05,-0.106382992698069,False,0.0623705515472696,0.18070573268503304,0,False,
436,43.6,0.259098010455735,0.1849317427680144,0.4440297532237494,476.8987752488506,1.1207275199070572,1.1142856665120453,96.37293563670364,3.1941109681856292,0.16179409583968063,2.220446049250313e-16,3.330669073875472e-16,True,1.1175065932095514,4.1497475162826463e-05,-0.11099950133821533,False,0.0605440816669372,0.18070573268503304,0,False,
437,43.70000000000001,0.23837033813023223,0.20563983955659612,0.4440101776868284,530.300456584854,1.1178606714900259,1.1098075749852179,96.63980898093375,3.113606313571091,0.17652597133444692,1.1102230246251568e-16,3.330669073875562e-16,True,1.1138341232376219,6.4852363315751e-05,-0.115627315896077,False,0.05967389049637886,0.18070573268503304,0,False,
438,43.80000000000001,0.21693749267562934,0.2270511924631519,0.4439886851387812,585.5156826175557,1.1146882516496555,1.1050469654046757,96.90727849163225,3.019879023280495,0.19177773997676573,1.1102230246251565e-16,7.719016999218617e-23,True,1.1098676085271655,9.295440045763535e-05,-0.12026295144726899,False,0.06003538451933397,0.18070573268503304,0,False,
439,43.900000000000006,0.19512390849376637,0.24884164011022178,0.4439655486039882,641.7085116012082,1.1112200798093639,1.100019127247852,97.17513669805471,2.9124897175431257,0.20732645487647394,1.9721522630525295e-31,1.7853843865162264e-20,True,1.1056196035286079,0.00012546133828524202,-0.12490269709285437,False,0.061838427692504964,0.18070573268503304,0,False,
440,44.00000000000001,0.17327809764438462,0.270663064078514,0.4439411617228986,697.9812217855216,1.1074673154287862,1.0947409272079154,97.44316087699461,2.791162430413971,0.22288189681743154,4.577566798522242e-16,3.330669073875475e-16,True,1.1011041213183508,0.00016196095714831902,-0.12954258526686657,False,0.06518309995721308,0.18070573268503304,0,False,
441,44.1,0.15176684833721565,0.2921491905926824,0.44391603892989806,753.3892727024626,1.1034424837543702,1.089230821279543,97.71111158834387,2.6558371871981006,0.23809428083157935,1.110223024625201e-16,1.110223024683067e-16,True,1.0963366525169564,0.00020197135029841133,-0.1341783680368237,False,0.06266457638370411,0.18070573268503304,0,False,
442,44.20000000000001,0.13096771674198537,0.3129230849847934,0.44389080172677875,806.9606317588386,1.099159479448921,1.083508836693154,97.97873172902351,2.506714488208541,0.25257015467188704,2.2204460492503146e-16,5.55111512312917e-17,True,1.0913341580710374,0.000244942618668642,-0.1388055025314666,False,0.060367663508114344,0.18070573268503304,0,False,
443,44.300000000000004,0.11126000091427724,0.3326061485767857,0.44386614949106296,857.7189752409611,1.0946335436969399,1.077596519666675,98.24574621661486,2.3442851863711858,0.26589658020187534,1.1102230249367882e-16,1.1102230383360097e-16,True,1.0861150316818073,0.0002902601878078222,-0.14341914737722755,False,0.060419613384998384,0.18070573268503304,0,False,
444,44.400000000000006,0.09301459585847915,0.3508282199486805,0.4438428158071597,904.7097372901511,1.0898812119027923,1.0715168469550367,98.5118623826642,2.1693396717416635,0.27767220109892365,2.220446049724127e-16,5.551115393167471e-17,True,1.0806990294289145,0.0003372498999343552,-0.14801417146520734,False,0.06300642741850702,0.18070573268503304,0,False,
445,44.5,0.07658332520962174,0.3672381891759134,0.44382151438553513,947.0274817141345,1.0849202312304256,1.065294101774563,98.77677110676653,1.982951924594537,0.28754214182098614,1.0943162285253779e-21,1.1102230378611815e-16,True,1.075107166502494,0.00038518495741826956,-0.15258517551113007,False,0.05647501498184668,0.18070573268503304,0,False,
446,44.60000000000001,0.06228848678770582,0.38151439472429477,0.4438028815120006,983.8427133196925,1.0797694498024897,1.058953717612469,99.0401486599369,1.7864368442323584,0.29523225384049795,1.1102230253488706e-16,1.7095068674153888e-20,True,1.0693615837074795,0.00043329470660666156,-0.15712652578011993,False,0.043726377097277384,0.18070573268503304,0,False,
447,44.70000000000001,0.05041339832199476,0.393374025437681,0.4437874237596758,1014.4261235956259,1.0744486820884886,1.0525220963315551,99.30165915682151,1.5812829399692974,0.3005774839303833,5.565546535441058e-24,9.339145826529795e-23,True,1.063485389210022,0.00048077516295615965,-0.16163239815607328,False,0.03078509207537615,0.18070573268503304,0,False,
448,44.800000000000004,0.041194662360816814,0.4025808173104693,0.4437754796712861,1038.1684390163575,1.0689785574891106,1.0460264094134062,99.56095745103363,1.3690663122834545,0.3035394456674057,4.736059072473592e-22,5.551115611042853e-17,True,1.0575024834512585,0.0005268011012890634,-0.16609682961682745,False,0.01775208063359079,0.18070573268503304,0,False,
449,44.900000000000006,0.03481668605904309,0.4089505159697896,0.4437672020288327,1054.5945075963996,1.0633803609776005,1.0394943927374987,99.81769225716087,1.1513550269312707,0.3042097240208619,6.93889390390743e-18,5.551115123159206e-17,True,1.0514373768575496,0.0005705394787671522,-0.17051377331813633,False,0.005311439008833381,0.18070573268503304,0,False,
450,45.0,0.0314087195224233,0.41235384405551817,0.44376256357794147,1063.3709511185373,1.0576758755714821,1.0329541456709248,100.07150925597972,0.9296147507654343,0.30279777694973736,1.1443916997142467e-16,5.551115398986488e-17,True,1.0453150106212035,0.0006111639292761099,-0.1748771530483769,False,0.009799936307770903,0.18070573268503304,0,False,
451,45.10000000000001,0.031044364825722592,0.41271701980663444,0.44376138463235704,1064.307502455344,1.051887236208462,1.0264339443351147,100.32205394143791,1.0608273591036523,0.29960495868932646,1.1102230246251588e-16,1.110223024630596e-16,True,1.0391605902717882,0.0006478700671898035,-0.17918091287982493,False,0.022860677150632083,0.18070573268503304,0,False,
452,45.20000000000001,0.03374321513176959,0.4100201619036302,0.4437633770353998,1057.3528920044155,1.046036803305464,1.019962076831353,100.56897399910144,1.3558158590773801,0.2949884999737278,2.3088641489899104e-21,4.303514089900395e-22,True,1.0329994400684086,0.0006798913606996946,-0.1834190584080227,False,0.03614828739179477,0.18070573268503304,0,False,
453,45.300000000000004,0.03947406187116442,0.4042941345946818,0.4437681964658462,1042.586711954382,1.0401470620855133,1.0135667052481818,100.81192106090083,1.6451365455281308,0.2893206864507507,4.579353617495118e-22,1.110223024629692e-16,True,1.0268568836668477,0.0007065153695998759,-0.18758568694561828,False,0.04941484190635826,0.18070573268503304,0,False,
454,45.400000000000006,0.04815899135156165,0.3956165031218299,0.44377549447339154,1020.2089862079953,1.034240550987183,1.0072757558649357,101.05055175124187,1.9280852774191743,0.2829487318910435,9.664250147315304e-25,2.220446049250373e-16,True,1.0207581534260592,0.0007271001759847753,-0.1916750052639564,False,0.06258053630738707,0.18070573268503304,0,False,
455,45.500000000000014,0.0596776896266773,0.38410727310914056,0.44378496273581786,990.5291831901103,1.0283398194989242,1.0011168355603697,101.28452801438029,2.204245336058782,0.2761600586396076,5.551115124273914e-17,1.9680054842283592e-20,True,1.0147283275296468,0.0007410908545187957,-0.1956813347718631,False,0.07558736291972518,0.18070573268503304,0,False,
456,45.60000000000001,0.0738713726603839,0.36992499157825776,0.44379636423864166,953.956161214122,1.0224674129315143,0.9951171694324134,101.51351678262887,2.4734015877759616,0.2691562517171797,9.991015562742412e-24,2.220446049257198e-16,True,1.0087922911819638,0.0007480358194601033,-0.19959910521799384,False,0.08330716873016991,0.18070573268503304,0,False,
457,45.70000000000001,0.0905459295750628,0.3532636190787829,0.4438095486538457,910.9901023859632,1.0166458792183344,0.989303552323334,101.73718910215393,2.7354389011317317,0.2620373133557701,4.3172820937525445e-23,4.440892098505838e-16,True,1.0029747157708342,0.0007476028400330611,-0.20342283897606406,False,0.07751709751572916,0.18070573268503304,0,False,
458,45.800000000000004,0.10947407640775308,0.33435037513244653,0.4438244515401996,862.2169564728507,1.0108977909711645,0.9837023054843985,101.95521887374835,2.9902353070573917,0.25479640592566,1.3877787819636816e-17,2.2204460502867427e-16,True,0.9973000482277815,0.000739594430860899,-0.2071471286534453,False,0.07353106571144565,0.18070573268503304,0,False,
459,45.900000000000006,0.1303965349613705,0.3134445438245293,0.4438410787858998,808.305360783129,1.0052457747761951,0.97833922905088,102.16728138907283,3.2375595590774164,0.24732425202002473,4.445768331152002e-16,4.306492113375563e-22,True,0.9917925019135376,0.0007239622028684747,-0.21076661113918416,False,0.071485946704345,0.18070573268503304,0,False,
460,46.00000000000001,0.1530224512991325,0.2908370276243127,0.4438594789234452,750.0054895661764,0.9997125390780999,0.9732395412930491,102.37305184979515,3.4769813538400607,0.2395398216543394,1.3877787868387893e-17,2.220446064492535e-16,True,0.9864760401855746,0.0007008196117273016,-0.2142759413038085,False,0.07135657944123522,0.18070573268503304,0,False,
461,46.10000000000001,0.177029433848934,0.26685027285472396,0.44387970670365795,688.1488618148161,0.9943208919206228,0.9684277966719577,102.572204050485,3.7078008612103206,0.23219637992641684,4.163336348033546e-17,2.743025712604316e-20,True,0.9813743442962902,0.0006704523815564443,-0.2176697684285994,False,0.06311342056629742,0.18070573268503304,0,False,
462,46.2,0.20206371046276783,0.24183807134512608,0.4439017818078939,623.6478297709663,0.9890937402347478,0.9639277764455514,102.76440938902343,3.9290025811946947,0.23281741991656446,4.449557262215847e-16,4.440892098500645e-16,True,0.9765107583401497,0.0006333257334391522,-0.220942718129836,False,0.053179720133563056,0.18070573268503304,0,False,
463,46.300000000000004,0.227740969203718,0.2161846777355247,0.4439256469392427,557.4933026450175,0.9840540632450474,0.9597623478136911,102.94933634330715,4.139236936051482,0.2327990381460585,4.577566798522237e-16,1.401629347486394e-22,True,0.9719082055293693,0.0005900874385979953,-0.22408938210105944,False,0.04398493748152486,0.18070573268503304,0,False,
464,46.40000000000001,0.25364845318659945,0.19030267660442043,0.4439511297910199,490.749246402079,0.9792248538692341,0.955953290221982,103.12665052216927,4.336831372930195,0.23178078852058537,4.742874840451607e-16,3.875163858146647e-22,True,0.9675890720456081,0.000541565674588102,-0.2271043174593156,False,0.03567846700194515,0.18070573268503304,0,False,
465,46.50000000000001,0.27934882133635486,0.16462909212272445,0.44397791345907933,424.5426514048768,0.9746290236876216,0.9525210903100405,103.29601536307277,4.519831025331813,0.22937918156744175,2.3741438685534883e-23,8.178306453820008e-22,True,0.9635750569988311,0.0004887607182275645,-0.2299820568741642,False,0.02848593834449468,0.18070573268503304,0,False,
466,46.60000000000001,0.3043861633230953,0.13961935626543773,0.44400551958853307,360.04797774250216,0.9702892691191832,0.949484709915176,103.45709351027874,4.686067131933852,0.2252112602793006,8.881784197001252e-16,7.340247678463795e-22,True,0.9598869895171795,0.000432829683673043,-0.23271712999891883,False,0.022759460243926756,0.18070573268503304,0,False,
467,46.7,0.3282943722077811,0.11573893556017673,0.44403330776795785,298.46556243453364,0.9662278987926307,0.9468613343316884,103.60954886585854,4.833249486780687,0.21892001660327898,2.1370560034541545e-21,4.440892112366464e-16,True,0.9565446165621596,0.0003750638190198339,-0.2353040960295507,False,0.018984247380477978,0.18070573268503304,0,False,
468,46.800000000000004,0.35060784380479815,0.09345264951289622,0.44406049331769437,240.99407397229504,0.9624666246385544,0.9446661104706696,103.75304926347785,4.959077328112258,0.21020014354268834,8.881784197001741e-16,9.511908572690524e-22,True,0.953566367554612,0.00031685830464106573,-0.23773758651090743,False,0.017526875869902352,0.18070573268503304,0,False,
469,46.90000000000001,0.3708742072021671,0.07321197650136663,0.44408618370353375,188.79777697681538,0.9590263218044941,0.9429118864608006,103.8872696732805,5.061361455102374,0.19882228832324778,9.485749680535138e-16,6.661338147779757e-16,True,0.9509691041326473,0.00025967502644607825,-0.24001235682452327,False,0.01811946177087479,0.18070573268503304,0,False,
470,47.00000000000001,0.38866852387526074,0.055440907657628664,0.4441094315328894,142.97005243591266,0.9559267649272765,0.9416089653984762,104.01189580800302,5.138149200133035,0.18465382293256694,4.930535987893436e-21,2.220446049686809e-16,True,0.9487678651628764,0.00020499938334691414,-0.2421233441693416,False,0.019897060187155178,0.18070573268503304,0,False,
471,47.10000000000001,0.4036081561053677,0.040521143670824177,0.44412929977619187,104.49522347572396,0.953186350388479,0.9407648862657819,104.12662796866576,5.187843351677161,0.16767423879776278,2.2204460492503205e-16,2.2204460492626943e-16,True,0.9469756183271305,0.00015429277095145043,-0.24406572933496135,False,0.019065874004393163,0.18070573268503304,0,False,
472,47.2,0.41536733227578737,0.028777600611911407,0.4441449328876988,74.21117803251899,0.95082181573979,0.9403842444247968,104.23118494589343,5.209306317319549,0.14798361409240313,8.950904182636306e-16,2.220446057736587e-16,True,0.9456030300822934,0.00010894289495556724,-0.2458349992161958,False,0.01817798413408423,0.18070573268503304,0,False,
473,47.300000000000004,0.4236903554408302,0.020465270805256317,0.44415562624608657,52.77548589592836,0.9488479683588198,0.9404685625813375,104.32530778280521,5.201941744145302,0.1301060755884058,1.6891243530468823e-24,2.2204460492506316e-16,True,0.9446582654700787,7.021444118370573e-05,-0.2474270068704893,False,0.017575897891919504,0.18070573268503304,0,False,
474,47.40000000000001,0.42840243047126214,0.015758455592801267,0.4441608860640634,40.63763234766932,0.9472774354805304,0.941016220783322,104.40876320928437,5.1657473915794245,0.11514562961761632,5.551115123257692e-16,6.661338158933183e-16,True,0.9441468281319263,3.920280948453869e-05,-0.24883802600386087,False,0.016926796553427544,0.18070573268503304,0,False,
475,47.50000000000001,0.42941722802323934,0.0147432447117291,0.44416047273496845,38.01962411092241,0.9461204470108583,0.9420224510398523,104.48134657581129,5.101335133550397,0.09837248039748925,2.220446049250747e-16,2.220446049258033e-16,True,0.9440714490253552,1.6793570978381563e-05,-0.25006479709310436,False,0.015986487625859806,0.18070573268503304,0,False,
476,47.60000000000001,0.42674054870285505,0.017413873712384478,0.4441544224152395,44.90659592275619,0.9453846610055411,0.9434793987314654,104.54288414693727,5.009916371410685,0.09958089960274652,1.1102230246382965e-16,2.2204460524717193e-16,True,0.9444320298685032,3.6300243330162038e-06,-0.2511045628938541,False,0.014604537820266633,0.18070573268503304,0,False,
477,47.7,0.42046977150573706,0.023673272730378777,0.44414304423611584,61.04822569812669,0.9450750394944509,0.9453762493783404,104.59323465739348,4.893253674454988,0.12628638625078548,2.7755575617518373e-16,6.661338158422261e-16,True,0.9452256444363957,9.07273941527177e-08,-0.25195509180319275,False,0.012722389384703344,0.18070573268503304,0,False,
478,47.80000000000001,0.4107891291455694,0.03333776437294613,0.44412689351851553,85.97084935784537,0.9451937796121863,0.947699415804203,104.63229008398312,4.7535819401362005,0.15073866773052114,5.551115123125801e-16,4.440892098592577e-16,True,0.9464465977081946,6.278212726744018e-06,-0.2526146883784303,False,0.01040466073226912,0.18070573268503304,0,False,
479,47.900000000000006,0.39796120584624806,0.04614551844373157,0.4441067242899796,118.99926372642769,0.9457403019625414,0.9504327775361987,104.65997563915276,4.593504594318998,0.17253974247914527,6.68442777731297e-16,4.440892113398699e-16,True,0.9480865397493701,2.201932700937005e-05,-0.2530821911837776,False,0.00800172917057099,0.18070573268503304,0,False,
480,48.00000000000001,0.38231535800346106,0.061768068831985046,0.4440834268354461,159.2864260864752,0.9467112950246085,0.9535579616473009,104.6762490425403,4.415872149114694,0.1914122228420112,4.475452091311811e-16,2.2204460492511256e-16,True,0.9501346283359546,4.687684384229014e-05,-0.2533569589628663,False,0.0066982012893980715,0.18070573268503304,0,False,
481,48.1,0.3642339794985472,0.0798239780980254,0.4440579575965726,205.84869217500056,0.94810081143356,0.9570546523664828,104.68109917024815,4.2236516326882185,0.20720921633475164,1.110223024626536e-16,2.2204460495420536e-16,True,0.9525777319000214,8.017126745208457e-05,-0.2534388468425517,False,0.008373046780447315,0.18070573268503304,0,False,
482,48.2,0.34413764846633055,0.09989362078658952,0.4440312692529201,257.6039391358468,0.9499004093577875,0.9609009157806745,104.67454421441603,4.019795868044554,0.21991527283267054,5.468975410105062e-16,2.220446049256081e-16,True,0.9554006625692311,0.00012101114155997746,-0.25332817480286146,False,0.004838005922687804,0.18070573268503304,0,False,
483,48.30000000000001,0.32247019354902706,0.12153405469130528,0.44400424824033236,313.409915278941,0.9520993301320346,0.965073525884341,104.65662950557055,3.807121240713645,0.22963865249105186,3.469446951953614e-17,2.220446081621822e-16,True,0.9585864280081878,0.00016832975541916558,-0.253025690962905,False,0.004016450881265994,0.18070573268503304,0,False,
484,48.400000000000006,0.29968461351271625,0.14429305193480566,0.44397766544752193,372.10042318667564,0.9546847019305595,0.9695482790681614,104.62742515652377,3.6833529516728327,0.23659593730577155,3.191891196228537e-16,2.22044607096943e-16,True,0.9621164904993604,0.0002209259253254416,-0.2525325323230604,False,0.01011969972205746,0.18070573268503304,0,False,
485,48.50000000000001,0.27623059640329406,0.16772154729286168,0.44395214369615577,432.5174212365787,0.9576417586507957,0.9743002857688629,104.58702368016668,3.5949263661270665,0.2410906508727133,1.249000902703301e-16,3.4656808231936193e-20,True,0.9659710222098292,0.0002775065257433785,-0.2518501854855252,False,0.017631754021042938,0.18070573268503304,0,False,
486,48.6,0.2525441438726279,0.19138399937984907,0.443928143252477,493.53774284694026,0.9609540633341731,0.9793042302523371,104.53553771651546,3.4927307101857386,0.24348797132698508,3.608224830031759e-16,2.2204460555361116e-16,True,0.9701291467932551,0.00033672862592448217,-0.25098044958468635,False,0.025895345359679366,0.18070573268503304,0,False,
487,48.70000000000001,0.2290395467394104,0.21486641769409437,0.4439059644335048,554.0937964823235,0.9646037263186839,0.984534592153016,104.47309797976214,3.378131211535083,0.24418776493786387,2.2204460492503136e-16,2.207734856648412e-22,True,0.9745691592358499,0.00039723941290615195,-0.24992540324460416,False,0.034788185629636315,0.18070573268503304,0,False,
488,48.80000000000001,0.20610371063614363,0.23778205402302652,0.4438857646591702,613.1882425505945,0.9685716097838563,0.9899658262108955,104.39985150700521,3.252387896340947,0.2435980305356642,5.551115123125796e-17,1.4717671613956277e-22,True,0.9792687179973758,0.0004577124965269941,-0.24868737689510398,False,0.04424534941459321,0.18070573268503304,0,False,
489,48.900000000000006,0.18409262038665175,0.25977496583815074,0.4438675862248025,669.9031826241641,0.9728375122610573,0.9955724994150409,104.31596025963526,3.116611516560909,0.24211048060548124,1.665334536957075e-16,4.946935103188714e-22,True,0.9842050058380492,0.0005168796408917988,-0.24726893126703936,False,0.0513511246874036,0.18070573268503304,0,False,
490,49.00000000000001,0.16332957424454309,0.28052181638168494,0.443851390626228,723.4048014722275,0.9773803288701772,1.0013293872985687,104.22160009819589,2.9717367243298587,0.24007949207142265,2.482534154217052e-16,2.4105089761725135e-20,True,0.989354858084373,0.0005735573996065079,-0.2456728423863521,False,0.046198202169074054,0.18070573268503304,0,False,
491,49.1,0.14410472095105997,0.2997323743938884,0.44383709534494836,772.9446557489448,0.9821781853384101,1.007211533306393,104.1169601232935,2.8185132922142535,0.23780514757311977,2.735739144130586e-21,1.110223024627019e-16,True,0.9946948593224014,0.0006266685104861108,-0.24390209291729342,False,0.04303661771533871,0.18070573268503304,0,False,
492,49.20000000000001,0.12667539297649544,0.31714921642994803,0.44382460940644347,817.8589063333835,0.987208546104145,1.013194276898609,104.00224234944221,2.6575150472665645,0.23552066128389537,2.4825341532472795e-16,5.382743537844075e-22,True,1.000201411501377,0.0006752582049223593,-0.2419598692773681,False,0.042635506672889865,0.18070573268503304,0,False,
493,49.30000000000001,0.11126674266834868,0.3325471219064195,0.4438138645747682,857.5667582857574,0.9924482988781748,1.019253257329544,103.87766165579002,2.4891651753591995,0.2393550034304084,1.1102230253452865e-16,2.1306530779188503e-20,True,1.0058507781038595,0.0007185057975796356,-0.23984956356258086,False,0.04533328582021996,0.18070573268503304,0,False,
494,49.400000000000006,0.0980722464140995,0.3457325931980625,0.443804839612162,891.5692232814586,0.9978738198185026,1.02536440085533,103.74344593757748,2.3137756383491648,0.2438996996713252,2.220446049481122e-16,9.091331162225761e-21,True,1.0116191103369163,0.0007557320457423706,-0.2375747789824291,False,0.05083697303148698,0.18070573268503304,0,False,
495,49.50000000000001,0.08725373693309768,0.3565438386374033,0.443797575570501,919.449075770623,1.00346102488621,1.031503899483744,103.5998363652742,2.131597589968749,0.24797523887765016,1.2412670766236368e-16,1.110223024682178e-16,True,1.017482462184977,0.0007864028156930218,-0.23513933721528862,False,0.05849794883307027,0.18070573268503304,0,False,
496,49.6,0.07894074722738642,0.3648514334124681,0.44379218063985454,940.872557289759,1.009185413913349,1.037648189299738,103.44708764545443,1.9428788522409894,0.2515811329602786,1.4983030706190544e-16,2.220446049848602e-16,True,1.0234168016065435,0.0008101295826960362,-0.23254728587055365,False,0.06223044989677238,0.18070573268503304,0,False,
497,49.70000000000001,0.07322909301201719,0.370559730753565,0.4437888237655822,955.5930156057784,1.0150221143640576,1.0437739358808464,103.28546817001148,1.7479237467733801,0.25464913508625175,1.1443916996307842e-16,1.110223025962173e-16,True,1.0293980251224522,0.0008266672405332787,-0.2298029041082267,False,0.05451414749010241,0.18070573268503304,0,False,
498,49.800000000000004,0.07017877345780521,0.37360894371414816,0.44378771717195337,963.4562731764335,1.0209459316527663,1.0498580333558984,103.1152599400761,1.5471499586481632,0.25705078159457095,2.373707485491862e-23,5.551115123135528e-17,True,1.0354019825043324,0.0008359096248922591,-0.22691070445109035,False,0.04889815057853381,0.18070573268503304,0,False,
499,49.900000000000006,0.06981141968862214,0.37397766945689415,0.4437890891455163,964.4071367355298,1.0269314121655355,1.0558776222638764,102.93675815983633,1.3411368075626027,0.2586108080601581,2.220446049250313e-16,1.1102230352171217e-16,True,1.041404517214706,0.0008378830790572905,-0.22387542896169735,False,0.04624520847879253,0.18070573268503304,0,False,
500,50.00000000000001,0.07210765008451947,0.3716854997688976,0.44379314985341706,958.496129244299,1.0329529238175015,1.0618101295713702,102.7502704146725,1.1400392136898458,0.2591257675584756,2.4704943657670028e-23,5.55111512371821e-17,True,1.0473815266944357,0.0008327383239211153,-0.22070203827038917,False,0.047097821033732834,0.18070573268503304,0,False,
501,50.10000000000001,0.0770047821480615,0.36679527221536196,0.44380005436342346,945.8852951275468,1.038984757134137,1.067633332089792,102.55611537780497,1.1844710872768778,0.25838645959714934,2.8844405691060974e-23,5.551115430026238e-17,True,1.0533090446119644,0.0008207408469897882,-0.2173956924365936,False,0.051271839196076426,0.18070573268503304,0,False,
502,50.20000000000001,0.08439538444222894,0.35941448358882455,0.4438098680310535,926.8518452520334,1.0450012476022665,1.0733254422422491,102.35462102853941,1.3397938935453775,0.2562020461852576,2.6590143181404914e-21,1.8464994679581e-20,True,1.0591633449222577,0.0008022600020036186,-0.2139617232810885,False,0.052766480796177385,0.18070573268503304,0,False,
503,50.300000000000004,0.09412711639570048,0.3496954232468259,0.4438225396425264,901.7885007753463,1.050976917608937,1.0788652128696785,102.14612240986997,1.546058648722363,0.25242317758418165,2.2204460492503136e-16,2.2204460492503614e-16,True,1.0649210652393077,0.0007777570125502995,-0.2104055985871731,False,0.05410355872398266,0.18070573268503304,0,False,
504,50.400000000000006,0.1060041965052747,0.3378336903898103,0.443837886895085,871.1996695278306,1.0568866339404601,1.0842320557798868,101.9309589987364,1.745221295881583,0.24696127152672942,3.1401849174328557e-16,2.7755575615632237e-16,True,1.0705593448601736,0.0007477720955761934,-0.2067328793509915,False,0.05780859806036723,0.18070573268503304,0,False,
505,50.5,0.11979067212107264,0.3240649248471447,0.44385559696821736,835.6930154201967,1.062705774838884,1.0894061672740794,101.70947180281775,1.9360039537331106,0.23980141808337052,3.0814879110195774e-32,1.9553528953898285e-20,True,1.0760559710564817,0.0007129109561934396,-0.20294917196677784,False,0.06333877626659624,0.18070573268503304,0,False,
506,50.60000000000001,0.13521546131794215,0.3086597810999139,0.44387524241785603,795.9664975405548,1.068410399267021,1.0943686531261716,101.482000327795,2.1172019342518866,0.23100722245082106,2.037664186461313e-21,3.330669073875795e-16,True,1.0813895261965962,0.0006738309434161027,-0.1990600777651445,False,0.06120317858963037,0.18070573268503304,0,False,
507,50.70000000000001,0.1519789329432928,0.2919173770433152,0.443896309986608,752.7914759363445,1.0739774104917448,1.0991016455395877,101.2488795743455,2.2877508609106707,0.22071710391360488,2.039887817572277e-21,1.1102230246311511e-16,True,1.0865395280156662,0.000631227186739257,-0.19507114260821673,False,0.05308142193346406,0.18070573268503304,0,False,
508,50.800000000000004,0.16976061970524858,0.2741576181026703,0.4439182378079189,706.9929171776516,1.0793847064139406,1.1035884054434109,101.01043722289732,2.44677938065647,0.20913287758242682,2.5673232314381907e-22,1.1102230411452176e-16,True,1.0914865559286757,0.0005858190467091807,-0.19098780925000905,False,0.046465096253328335,0.18070573268503304,0,False,
509,50.900000000000006,0.18822754898978666,0.2557129063928522,0.4439404553826389,659.4280140811359,1.084611310175709,1.1078134049751682,100.76699114725811,2.593643152519936,0.1965025588013276,4.440892098500714e-16,1.665334536939197e-16,True,1.0962123575754386,0.000538337203083098,-0.18681537490585362,False,0.04183127182446342,0.18070573268503304,0,False,
510,51.000000000000014,0.2070426413913271,0.23691977941259731,0.44396242080392445,610.964623719739,1.0896374762709282,1.111762386902428,100.51884736896463,2.727938469575464,0.1831000101359157,2.220446049293007e-16,5.551115464629888e-17,True,1.1006999315866781,0.0004895116704518527,-0.18255895599503963,False,0.039601395464987595,0.18070573268503304,0,False,
511,51.10000000000001,0.22587266631638458,0.21811098452506603,0.44398365084145064,562.4608292304248,1.0944447694131823,1.1154223997895971,100.26629852753476,2.8494964576239226,0.17306671393119333,2.5057604250754205e-22,1.110223024629423e-16,True,1.1049335846013897,0.00044006097620948384,-0.1782234614087259,False,0.03988789894997644,0.18070573268503304,0,False,
512,51.20000000000001,0.24439534234952776,0.1996083989085267,0.4440037412580544,514.7466819056272,1.0990161154976814,1.118781809660888,100.00962290319113,2.958360856870189,0.16323554873367585,2.4625238747277678e-21,5.306288798549162e-21,True,1.1088989625792847,0.00039068266575341566,-0.1738135750030304,False,0.04235836227433119,0.18070573268503304,0,False,
513,51.300000000000004,0.26230530384668893,0.1817170727826865,0.44402237662937544,468.6088399684847,1.10333582588714,1.12183029054094,99.74908399296038,3.054753678144569,0.15317909410060637,1.896867715415493e-21,1.9813432263367013e-20,True,1.1125830582140401,0.00034204522283066177,-0.16933374740874763,False,0.046407720098450525,0.18070573268503304,0,False,
514,51.400000000000006,0.2793187990306256,0.16472053152076663,0.4440393305513922,424.77845374082574,1.1073895977802115,1.1245587974457838,99.48493061189593,3.1390334845643157,0.14309815612844257,2.2204460492503313e-16,1.1102230246256617e-16,True,1.1159741976129975,0.0002947814171562876,-0.16478819674640532,False,0.051434683537124395,0.18070573268503304,0,False,
515,51.50000000000001,0.2951771169396127,0.14887734126544977,0.44405445820506245,383.922309113058,1.1111644944924493,1.1269595261065337,99.21739747043512,3.2116508038262133,0.1331596599194329,1.6005120019938586e-25,1.1102230246251745e-16,True,1.1190620102994915,0.0002494830236899277,-0.16018091747251145,False,0.056979763159389345,0.18070573268503304,0,False,
516,51.60000000000001,0.3096488461361875,0.13441883760782067,0.4440676837440082,346.636970300759,1.1146489100794548,1.1290258639646784,98.94670616690425,3.2731044442551283,0.123493214869838,4.440892098500626e-16,1.1102230246256614e-16,True,1.1218373870220666,0.00020669680301784718,-0.1555156963670446,False,0.06273181213986084,0.18070573268503304,0,False,
517,51.70000000000001,0.32253114017114637,0.12154784479394126,0.44407898496508763,313.44547695677534,1.1178325229060178,1.1307523368571732,98.67306653001516,3.3239015109987458,0.11419088432131042,2.22044604943021e-16,3.3306690800687106e-16,True,1.1242924298815955,0.00016692159253247203,-0.15079613458939878,False,0.06849058302588897,0.18070573268503304,0,False,
518,51.800000000000004,0.3336502032513009,0.11043817412267999,0.4440883773739809,284.7960506482328,1.1207062425969798,1.1321345554115727,98.3966782481689,3.3645229071350538,0.10530935686844534,4.8692369044859025e-21,2.220446058674144e-16,True,1.1264203990042763,0.00013060633378818298,-0.14602567475248132,False,0.07413031287751963,0.18070573268503304,0,False,
519,51.90000000000001,0.3428612188873821,0.10123468035352207,0.44409589924090415,261.0622403200203,1.1232621543934633,1.133169164598413,98.11773272849719,3.3953952057940375,0.09687368721189982,2.2204460494432926e-16,1.1102230437523514e-16,True,1.128215659495938,9.814885120098114e-05,-0.14120763205904382,False,0.07957423489529204,0.18070573268503304,0,False,
520,52.00000000000001,0.35004793139717605,0.09405366729928291,0.44410159869645893,242.54396823025454,1.1254934643774412,1.1338537992303035,97.83641513686689,3.416869075281604,0.0888818611731077,2.0802483678469652e-21,1.1102230246251615e-16,True,1.1296736318038723,6.989519885198325e-05,-0.13634522867736798,False,0.08477844809028688,0.18070573268503304,0,False,
521,52.10000000000001,0.35512206238011257,0.08898346105794834,0.4441055234380609,229.46900819062122,1.1273944483996583,1.1341870475249365,97.55290657884734,3.4342526763527714,0.08130959009562266,2.2204460498029456e-16,1.1102230443639806e-16,True,1.1307907479622974,4.613940287672999e-05,-0.13144163067615622,False,0.08972199819488151,0.18070573268503304,0,False,
522,52.2,0.3580227082238452,0.08608500502501705,0.4441077132488622,221.9945199738982,1.1289604069123522,1.1341684242104433,97.26738638957757,3.4669456740899576,0.07411491263380876,2.22044604934935e-16,4.440892098501115e-16,True,1.1315644155613978,2.7123444177215717e-05,-0.12649998696809583,False,0.0888756531675856,0.18070573268503304,0,False,
523,52.300000000000004,0.35871582545034486,0.08539236983364228,0.44410819528398715,220.20836433876073,1.1301876273103408,1.1337983540734313,96.9800345066452,3.4897247871768333,0.06724234763510584,4.440892098500628e-16,4.440892098500959e-16,True,1.1319929906918862,1.3037347757697915e-05,-0.12152346981201557,False,0.08638293487699797,0.18070573268503304,0,False,
524,52.40000000000001,0.3571938717371421,0.08691311020093347,0.4441069819380756,224.1300232588436,1.1310733548446685,1.1330781663426883,96.69103390395765,3.502765460527826,0.06062648418694305,1.1102230246251565e-16,2.0872168726525917e-20,True,1.1320757605936784,4.0192691425923436e-06,-0.11651531648512646,False,0.08370962418349383,0.18070573268503304,0,False,
525,52.50000000000001,0.35347563378960545,0.09062843725950125,0.4441040710491067,233.71104432834463,1.13161577270012,1.1320100998625597,96.40057306592139,3.5061487186552602,0.0541950067198429,1.1102230247584173e-16,2.1818840104450465e-20,True,1.1318129362813398,1.5549391103783347e-07,-0.11147887175533967,False,0.08084402249030538,0.18070573268503304,0,False,
526,52.60000000000001,0.3476062398088884,0.09649320837737363,0.444099448186262,248.8350145098008,1.1318139914187968,1.1305973186287377,96.10884848009012,3.499863676297167,0.054156276136956505,3.3306690738754706e-16,2.0774836955342604e-22,True,1.1312056550237672,1.4802926780702033e-06,-0.10641763075955414,False,0.07779017509905055,0.18070573268503304,0,False,
527,52.7,0.33965732429434503,0.10443576649230021,0.4440930907866453,269.3171458121747,1.131668047496898,1.1288439369209384,95.81606712305866,3.4838133244004035,0.057626652232430575,2.220446049250313e-16,1.303860121443546e-20,True,1.1302559922089181,7.9756005452472e-06,-0.1013352818314429,False,0.07457065771686254,0.18070573268503304,0,False,
528,52.80000000000001,0.32972728619444336,0.11435768772898597,0.4440849739234293,294.90362445054825,1.1311789106678636,1.126755052956051,95.52244890921227,3.457823326134467,0.061221137687739846,1.6615658407733029e-21,2.2204460606478356e-16,True,1.1289669818119572,1.9570517054363183e-05,-0.09623574872924329,False,0.07123044212176359,0.18070573268503304,0,False,
529,52.90000000000001,0.3179415578176228,0.12613351966919825,0.44407507748682107,325.2709359016079,1.1303484990985395,1.1243367896880674,95.22822906559098,3.4216536614812307,0.06492808613320189,1.1102230246251565e-16,1.840861281490514e-22,True,1.1273426443933035,3.614065003595919e-05,-0.09112323160079591,False,0.06784210837052825,0.18070573268503304,0,False,
530,53.00000000000001,0.30445278152366706,0.13961061300329794,0.44406339452696497,360.0254307695286,1.129179701454457,1.1215963410877623,94.93366038932957,3.375013020505157,0.07464396854679345,3.330669073938357e-16,2.2204460492529415e-16,True,1.1253880212711096,5.75073544511545e-05,-0.0860022459023977,False,0.0645124266018185,0.18070573268503304,0,False,
531,53.10000000000001,0.28944077455308603,0.15460916588300624,0.44404994043609225,398.7034391621211,1.1276764045278134,1.1185420219417777,94.6390153377284,3.3175758499706545,0.08627512535210835,3.944304526105059e-31,2.2204460596223874e-16,True,1.1231092132347955,8.343694522807254e-05,-0.08087765837475998,False,0.06138961500516696,0.18070573268503304,0,False,
532,53.2,0.2731121504611298,0.17092261207631584,0.44403476253744567,440.77227165799354,1.1258435248650058,1.115183318920763,94.34458789590983,3.2490018960283877,0.09842162860265224,1.5733829768556949e-24,2.2816337391295046e-22,True,1.1205134218928845,0.00011363999077367132,-0.07575471908963302,False,0.058668967836612955,0.18070573268503304,0,False,
533,53.30000000000001,0.25569946006510547,0.18831848944212035,0.44401794950722584,485.63245891388436,1.1236870425835408,1.1115309403908753,94.05069516416395,3.177464205769673,0.11104845805951058,3.330669073881186e-16,4.440892104718024e-16,True,1.117608991487208,0.0001477708205185269,-0.07063908853114058,False,0.05659178194315396,0.18070573268503304,0,False,
534,53.40000000000001,0.2374597175519919,0.20653992235161728,0.4439996399036092,532.6215745073008,1.1212140353420108,1.107596862201882,93.75767860737237,3.107828558853149,0.12409130572753124,3.3306690738754696e-16,2.220446049250704e-16,True,1.1144054487719464,0.00018542740432824772,-0.06553685868237746,False,0.05542968349901808,0.18070573268503304,0,False,
535,53.50000000000001,0.21867219052945686,0.22530783840964344,0.44398002893910027,581.019951379105,1.118432710239598,1.1033943665057542,93.46590491307784,3.02516724136107,0.13745545016291016,5.551115123125787e-16,1.872905790723579e-22,True,1.110913538372676,0.00022615178225723662,-0.060454567163762164,False,0.05544780842623433,0.18070573268503304,0,False,
536,53.60000000000001,0.19963535819246547,0.24432401435638404,0.44395937254884954,630.0585365520869,1.1153524312973973,1.098938070575452,93.17576641333753,2.929003135728318,0.15101591395985547,1.9428902930940242e-16,2.2204460492510635e-16,True,1.1071452509364246,0.00026943123791014237,-0.05539920362387844,False,0.05685159534343783,0.18070573268503304,0,False,
537,53.7,0.18066298050683982,0.26327500731200854,0.44393798781884836,678.9290289565421,1.1119837401409076,1.0942439426409365,92.88768103858486,2.8189709106414975,0.16461926628875823,6.938893903907244e-17,2.2204460492503614e-16,True,1.103113841390922,0.00031470041533998165,-0.05037820781829713,False,0.05973982972599434,0.18070573268503304,0,False,
538,53.80000000000001,0.1620792731273113,0.281836975857777,0.4439162489850883,726.7963119507288,1.10833836759027,1.089329301972961,92.60209178896216,2.694849030742158,0.1780873590588281,1.873501354080299e-16,2.220446055480384e-16,True,1.0988338347816156,0.0003613445756431582,-0.04539945912059998,False,0.06409109892441736,0.18070573268503304,0,False,
539,53.900000000000006,0.14421324553490056,0.2996813329896405,0.44389457852454106,772.813031059703,1.104429234097502,1.0842128008516727,92.3194657290323,2.584833121706822,0.19122314095463833,2.2887833992611473e-16,2.22044604925257e-16,True,1.0943210174745874,0.00040870417318306914,-0.04047125757579804,False,0.0697892489554737,0.18070573268503304,0,False,
540,54.00000000000001,0.1273923292303034,0.3164811041020591,0.4438734333323625,816.1359898338694,1.10027043736425,1.07891438666853,92.04029253390435,2.520601356658042,0.20381847915647722,2.4825341532505415e-16,2.220446053745953e-16,True,1.08959241201639,0.00045608090131816256,-0.03560229700231636,False,0.07666736072374504,0.18070573268503304,0,False,
541,54.1,0.11193549216595189,0.33191779441492764,0.4438532865808795,855.9438594505942,1.0958772260308465,1.0734552432168043,91.7650826365696,2.446150857621033,0.21566364943649585,2.7755575615628914e-16,1.1102230246274169e-16,True,1.0846662346238254,0.0005027453133132026,-0.03080163103837767,False,0.07895795079158666,0.18070573268503304,0,False,
542,54.20000000000001,0.09814609664209506,0.3456885098645343,0.44383460650662937,891.4555419444755,1.0912659590295006,1.0678577111915455,91.49436504527694,2.361508734683407,0.22655786480165396,1.6653345369396283e-16,2.1855298193368723e-21,True,1.079561835110523,0.0005479460668431316,-0.02607863336989491,False,0.06723620234709665,0.18070573268503304,0,False,
543,54.30000000000001,0.08630480170388966,0.35751303225376985,0.4438178339576595,921.948415482162,1.086454051000822,1.0621451889791693,91.22868491369108,2.2668222369407345,0.23631994945239287,1.5700924588680538e-16,2.220446049256333e-16,True,1.0742996199899957,0.00059092077278775,-0.021442953627451307,False,0.05529264175078739,0.18070573268503304,0,False,
544,54.400000000000006,0.07666282964733329,0.3671405312790228,0.4438033609263561,946.7756432210591,1.0814599050214293,1.0563420158789905,90.96860095334327,2.162355340927797,0.24479808548164872,1.5700924586837752e-16,1.2565216391305397e-23,True,1.0689009604502098,0.0006309083549718471,-0.01690447056349326,False,0.04317475506008328,0.18070573268503304,0,False,
545,54.50000000000001,0.06943590421686396,0.3743556081621398,0.44379151237900377,965.3817585227526,1.0763028347024444,1.050473340856375,90.71468277621213,2.048477718095261,0.25187751626766663,2.4825341533716134e-16,2.2204460492503417e-16,True,1.0633880877794097,0.0006671627523441408,-0.012473244094549637,False,0.030943379894571032,0.18070573268503304,0,False,
546,54.6,0.06479912427331413,0.3789834091371537,0.44378253341046786,977.3158515240181,1.071002978407701,1.0445649806687773,90.46750824493567,1.9256468618708604,0.25748521590537776,1.7772239894836706e-16,1.110223024894866e-16,True,1.057783979538239,0.0006989677244433371,-0.008159467612942537,False,0.01870984993018577,0.18070573268503304,0,False,
547,54.70000000000001,0.06288296494283463,0.3808936181702993,0.44377658311313395,982.2418654940436,1.065581208824295,1.0386432716345182,90.22766089013106,1.794384986755878,0.26159082870648054,6.938893903988803e-17,1.1102230280612253e-16,True,1.0521122402294067,0.0007256524600403646,-0.003973421655284127,False,0.007068028401335552,0.18070573268503304,0,False,
548,54.80000000000001,0.06377050715647536,0.3800032284940429,0.44377373565051825,979.9457440183834,1.0600590413311597,1.0327349193629198,89.99572743071202,1.6552530023034455,0.2642036107718713,1.1102230246251565e-16,5.431252200853719e-24,True,1.0463969803470397,0.0007466076413352479,7.457040152570978e-05,False,0.007800904585975607,0.18070573268503304,0,False,
549,54.900000000000006,0.06749589822024715,0.3762780898051693,0.44377398802541645,970.3394208865864,1.054458544515673,1.0268668504098764,89.77229540691174,1.508824305333233,0.26536559953904326,2.3378250064264077e-21,1.665334564787017e-16,True,1.0406626974627746,0.0007613015836278475,0.0039741844097578105,False,0.01953737180942708,0.18070573268503304,0,False,
550,55.00000000000001,0.07404395419185672,0.3697333189217818,0.4437772731136385,953.4618790873551,1.0488022557792982,1.0210660690912434,89.55795091027635,1.355661258899086,0.26514171257484476,1.1102230246251565e-16,5.551115123138345e-17,True,1.0349341624352708,0.000769296051994627,0.007715135530662868,False,0.0317283025127628,0.18070573268503304,0,False,
551,55.10000000000001,0.08335074191507852,0.3604327339440763,0.44378347585915484,929.4776916321513,1.0431131042806137,1.0153595216508442,89.35327637334572,1.2867047000936764,0.2636078546353898,2.220446049250313e-16,1.1102230246265925e-16,True,1.029236312965729,0.0007702613487874409,0.011287216954191766,False,0.04387648571151886,0.18070573268503304,0,False,
552,55.20000000000001,0.09530493389168626,0.34848751630230335,0.4437924501939896,898.6735712676522,1.0374143425459892,1.0097739687509533,89.15884836653628,1.3641349071694484,0.2608383350120167,2.8428844317205152e-24,2.220446049250368e-16,True,1.0235941556484711,0.0007639902635293085,0.014680338162349548,False,0.05587244400246737,0.18070573268503304,0,False,
553,55.30000000000001,0.1097497174736013,0.3340543168068439,0.4438040342804452,861.4534863904904,1.031729487012599,1.0043358659627097,88.97523534228252,1.5946470737355554,0.25689394396338816,3.798816911089695e-23,1.5879392956997208e-21,True,1.0180326764876544,0.0007504104742249378,0.01788456377897987,False,0.06764988419152307,0.18070573268503304,0,False,
554,55.400000000000006,0.12648506090180467,0.31733300112182933,0.443818062023634,818.3328471136724,1.0260822666417764,0.9990712507177775,88.80299526697338,1.846458995800648,0.25181192206509273,3.1401849173797866e-16,5.551115123147948e-17,True,1.012576758679777,0.0007295949812465224,0.020890154049371588,False,0.07915306815600084,0.18070573268503304,0,False,
555,55.50000000000001,0.1452701879188154,0.29856418145514696,0.44383436937396237,769.932140031516,1.0204965776384294,0.9940056331642589,88.64267308870669,2.092057816047393,0.24559882024674473,2.220446049250313e-16,5.551115123207258e-17,True,1.0072511054013442,0.0007017701391335814,0.02368760787142528,False,0.08738897797647105,0.18070573268503304,0,False,
556,55.60000000000001,0.16582618232044544,0.27802661230636533,0.44385279462681076,716.9702124195055,1.01499644131208,0.98916388764886,88.49479800161807,2.330284762298928,0.24540971258760247,2.220446049250313e-16,6.53874888420759e-22,True,1.00208016448047,0.0006673208287631418,0.026267709087155266,False,0.08350298146268366,0.18070573268503304,0,False,
557,55.70000000000001,0.1878387244319013,0.25603444820918375,0.44387317264108506,660.257200548016,1.0096059612846318,0.9845701411926757,88.35988048331453,2.5599195367158747,0.244963900221969,1.41420129714572e-20,4.271119233077512e-20,True,0.9970880512386537,0.0006267922876767898,0.028621576477451217,False,0.08111577211006056,0.18070573268503304,0,False,
558,55.800000000000004,0.21096104307705188,0.23293428051019058,0.4438953235872425,600.6868881786985,1.0043492756474555,0.9802476553770811,88.23840909858434,2.779650932410136,0.24392930690908732,2.220446049774343e-16,4.440892140782011e-16,True,0.9922984655122683,0.0005808880996573185,0.030740717622235132,False,0.0801964015163984,0.18070573268503304,0,False,
559,55.900000000000006,0.23481723933239107,0.209101798148657,0.4439190374810481,539.2280954412464,0.9992504993472747,0.9762186985166007,88.13084707831419,2.988055747758203,0.24216549900505968,7.395570986446986e-31,1.665334551232217e-16,True,0.9877345989319377,0.0005304638495038365,0.03261708652263392,False,0.08061560708826492,0.18070573268503304,0,False,
560,56.0,0.2590061929244285,0.18493786343314642,0.44394405635757495,476.91455911408366,0.9943336520833383,0.9725044058481855,88.03762869641653,3.183589408820189,0.23948923120663057,1.3563556016069726e-22,1.110223024747559e-16,True,0.9834190289657618,0.00047651599119492833,0.034243144648762096,False,0.07893104872116871,0.18070573268503304,0,False,
561,56.10000000000001,0.2831062899416421,0.16086376653368953,0.4439700564753316,414.8326949909772,0.9896225673684989,0.9691246266675599,87.95915547941368,3.36459103407517,0.2356820193856377,4.440892098500629e-16,2.220446049258808e-16,True,0.9793735970180293,0.0004201655729792034,0.03561192487810424,False,0.0731891695162617,0.18070573268503304,0,False,
562,56.20000000000001,0.3066812040233926,0.13731542933772542,0.44399663336111805,354.1066508851267,0.98514077917381,0.9660977588256823,87.89579229377833,3.529304752060616,0.2305016623805658,4.965068306494546e-16,3.8857805861893865e-16,True,0.9756192689997462,0.0003626366239792083,0.03671709761356435,False,0.06819098852380895,0.18070573268503304,0,False,
563,56.300000000000004,0.32928691665066623,0.11473637606039758,0.4440232927110638,295.88017936074436,0.9809113837488321,0.9634405726690923,87.84786336632249,3.675917904491897,0.2236975006937465,4.965068306494553e-16,1.6653345369431425e-16,True,0.9721759782089623,0.000305229239783959,0.037553038196729775,False,0.06390811944684757,0.18070573268503304,0,False,
564,56.400000000000006,0.3504800731708262,0.09356937684919939,0.4440494500200256,241.29508840544656,0.9769568757631127,0.9611680282478945,87.81564830400443,3.8026153546629704,0.21502875727895843,1.842664124250365e-22,1.1102230247373653e-16,True,0.9690624520055036,0.00024928770585881357,0.038114894540143045,False,0.06028221072629226,0.18070573268503304,0,False,
565,56.500000000000014,0.36982764238680654,0.0742467988103284,0.44407444119713496,191.46635882413582,0.9732989597785261,0.9592930912806706,87.79937819213609,3.907647544220087,0.20428479526488674,4.44089209876713e-16,5.547964321629153e-22,True,0.9662960255295984,0.00019616435237921985,0.038398653680529804,False,0.05722649536845858,0.18070573268503304,0,False,
566,56.60000000000001,0.38691768824934814,0.05717985703727502,0.44409754528662315,147.4544249776964,0.9699583401166876,0.9578265547955201,87.79923186381323,3.989408337211709,0.1913056455721427,4.440892098774457e-16,3.330669073883057e-16,True,0.9638924474561038,0.00014718021507889088,0.03840120570791739,False,0.054631998929158,0.18070573268503304,0,False,
567,56.70000000000001,0.4013708890076302,0.04274712980176533,0.4441180188093955,110.23555795631358,0.96695449426253,0.9567768743958178,87.81533244702,4.046517246626328,0.17600081570175607,2.237603588275281e-21,4.440892138268016e-16,True,0.9618656843291739,0.00010358394615129205,0.03812040327814564,False,0.05237768495473076,0.18070573268503304,0,False,
568,56.800000000000004,0.41285227498733956,0.03128286440834472,0.4441351393956843,80.67170891981552,0.9643054368436,0.9561500255789043,87.84774430671783,4.077899582019687,0.15836429817414022,8.881784197001252e-16,2.2204460996440326e-16,True,0.9602277312112522,6.65107328963266e-05,0.03755511471302219,False,0.050342742838169786,0.18070573268503304,0,False,
569,56.900000000000006,0.42108252709649907,0.02306572750600714,0.44414825460250623,59.48149859614626,0.9620274827358162,0.955949391355509,87.89647050430338,4.082857582480891,0.13995783302107379,4.440892099026375e-16,2.220446132333942e-16,True,0.9589884370456626,3.694319482736379e-05,0.03670526858600155,False,0.04841906573313486,0.18070573268503304,0,False,
570,57.000000000000014,0.4258481090373194,0.01830872146285827,0.4441568305001777,47.214213802994706,0.9601350187836504,0.9561756875261,87.96145089315092,4.172907678927074,0.1242642997086314,2.1054670117850065e-21,1.110223195650439e-16,True,0.9581553531548752,1.5676304007015037e-05,0.03557188773401817,False,0.046522731458714876,0.18070573268503304,0,False,
571,57.10000000000001,0.42700951522478636,0.01715097886405715,0.4441604940888435,44.228647241205024,0.9586402938514034,0.9568269313912794,88.04256095465227,4.265725785749261,0.10688181767273797,4.440892098500905e-16,4.440892098545931e-16,True,0.9577336126213414,3.288283411787294e-06,0.034157110861852545,False,0.04460446390117519,0.18070573268503304,0,False,
572,57.20000000000001,0.4245070106047817,0.01965205345648694,0.44415906406126865,50.67837508177391,0.9575532363830745,0.957898457509466,88.13961145398414,4.333386151494333,0.08809950608468986,2.2204460492504546e-16,3.330669073881583e-16,True,0.9577258469462703,1.1917762610698807e-07,0.03246420031990312,False,0.04266001335214959,0.18070573268503304,0,False,
573,57.300000000000004,0.41836341117171605,0.025789154668555813,0.44415256584027185,66.50462539341102,0.9568813073686625,0.9593829815415141,88.2523489605195,4.374868654227684,0.09871145398666847,6.280369834754232e-16,1.1102231405142215e-16,True,0.9581321444550883,6.258373667112893e-06,0.030497535210526325,False,0.04074168603206943,0.18070573268503304,0,False,
574,57.40000000000001,0.4086836847633888,0.03545754419436778,0.44414122895775654,91.4373008469299,0.9566293947063028,0.9612707104677412,88.3804572379581,4.389601206983036,0.12184379683910418,4.440892098538628e-16,1.1102232062373995e-16,True,0.958950052587022,2.154181199737592e-05,0.028262589651207266,False,0.03897127907422172,0.18070573268503304,0,False,
575,57.50000000000001,0.3956514101757562,0.04847405713344082,0.44412546730919705,125.00405896936729,0.9567997525936239,0.9635494947847154,88.52355946870601,4.377470158602125,0.14308388366459912,4.440892098500626e-16,1.1102232479727118e-16,True,0.9601746236891697,4.55590196461989e-05,0.025765896712195823,False,0.037551238815669526,0.18070573268503304,0,False,
576,57.60000000000001,0.37952238363626356,0.06458346151012626,0.44410584514638984,166.54671196251545,0.9573919870039137,0.9662050159396092,88.68122124088468,4.338805431128938,0.16217044807150627,2.2204460501680216e-16,1.1102231836334624e-16,True,0.9617985014717614,7.766947902140555e-05,0.023014999164273128,False,0.036763686954887916,0.18070573268503304,0,False,
577,57.7,0.36061587193566647,0.08346716149971331,0.4440830334353798,215.24367043166149,0.9584030857438463,0.969221000455833,88.85295419891476,4.27434286047759,0.17893738923839342,4.440892098500626e-16,1.1102231106338618e-16,True,0.9638120430998396,0.00011702727871582016,0.020018388644505797,False,0.0369391744995585,0.18070573268503304,0,False,
578,57.800000000000004,0.33930415568883854,0.10475360642890616,0.4440577621177447,270.13678593573474,0.9598274892753427,0.9725794510990913,89.03822024253714,4.185168019460944,0.19331683824471835,4.440892098500626e-16,2.3353410640299324e-22,True,0.966203470187217,0.0001626125303543418,0.016785435128419558,False,0.03838387760688387,0.18070573268503304,0,False,
579,57.90000000000001,0.3160010709108618,0.12802970287293644,0.4440307737837983,330.16078030568383,0.9616571965997329,0.976260885101001,89.23643615486135,4.072647021140895,0.20533483966304233,2.220446049250313e-16,2.220446067539335e-16,True,0.968959040850367,0.0002132677178420681,0.01332630867768911,False,0.04129084737602715,0.18070573268503304,0,False,
580,58.00000000000001,0.2911502422858052,0.15285254112573726,0.4440027834115425,394.1734856626601,0.9638818991745071,0.9802445698840537,89.44697854587017,3.9383503578781602,0.2151005786312714,5.1256784427025235e-21,1.2318054401863937e-20,True,0.9720632345292803,0.00026773699274905644,0.009651895342162056,False,0.04569520366441155,0.18070573268503304,0,False,
581,58.10000000000001,0.2652136188357521,0.17876082858516482,0.44397444742091696,460.9853286338018,0.9664891351222301,0.9845087478231247,89.66918901041967,3.783975763868632,0.22279066434633465,2.220446049250313e-16,3.330669073875704e-16,True,0.9754989414726774,0.0003247064418902414,0.005773708891024421,False,0.05150225268709532,0.18070573268503304,0,False,
582,58.2,0.2386607918262007,0.20528555184687314,0.44394634367307384,529.386825575252,0.9694644558947204,0.9890308431806514,89.90237941509535,3.6112755108265286,0.2286303010713655,2.2204460493257134e-16,1.6653346651769988e-16,True,0.9792476495376858,0.00038284351142304086,0.0017037997999713676,False,0.058552541956117504,0.18070573268503304,0,False,
583,58.30000000000001,0.21195941860806267,0.231959543918256,0.4439189625263187,598.1732543377684,0.9727915980172065,0.9937876462769261,90.14583724247764,3.421992630414565,0.23287321159186147,1.247209305715116e-23,1.665334536949066e-16,True,0.9832896221470663,0.0004408340425244731,-0.002545337304825469,False,0.0666755178872791,0.18070573268503304,0,False,
584,58.40000000000001,0.18556691652188118,0.2583257913357592,0.4438927078576404,666.1660765169701,0.9764526534641454,0.9987554720115255,90.39883093176161,3.2178094612967008,0.23578197673130652,2.220446049250313e-16,1.1102230246260001e-16,True,0.9876040627378355,0.0004974157151573588,-0.006960856703802462,False,0.07571599572881244,0.18070573268503304,0,False,
585,58.50000000000001,0.15992344563570526,0.28394446051000943,0.4438679061457147,732.2310568704594,0.9804282334972299,1.0039102918649023,90.6606151601332,3.000310785254836,0.23761009318835336,2.220446049288021e-16,4.221334107513374e-20,True,0.9921692626810661,0.000551407065182777,-0.011529654172522552,False,0.08554110556226968,0.18070573268503304,0,False,
586,58.60000000000001,0.1354460801406283,0.3083987411263788,0.4438448212670071,795.2933321779915,0.9846976223073608,1.0092278403460138,90.93043601036611,2.770962720093565,0.23858663996635787,9.614242282381081e-31,7.77449156080793e-20,True,0.9969627313266873,0.0006017315970238551,-0.01623845812884942,False,0.09484278878733032,0.18070573268503304,0,False,
587,58.7,0.11252398263759344,0.33129968984348573,0.4438236724810792,854.349902087276,0.9892389184291382,1.0146836984206804,91.2075359685612,2.5311075038213704,0.23985521627219475,2.085007458501688e-23,1.6653345369580024e-16,True,1.0019613084249093,0.000647436828817984,-0.021073918319404777,False,0.08925301524680883,0.18070573268503304,0,False,
588,58.80000000000001,0.09151434619872978,0.3522903068789635,0.4438046530776933,908.4801417427495,0.9940291635283603,1.0202533577032789,91.49115869425003,2.281973322647559,0.24913418117381125,1.11022302504519e-16,1.1102230246271494e-16,True,1.0071412606158197,0.0006877083601238295,-0.02602269097946325,False,0.08484221079206943,0.18070573268503304,0,False,
589,58.90000000000001,0.07273885611592279,0.3710490911438307,0.4437879472597535,956.8549697045173,0.9990444596962914,1.0259122700973664,91.78055350564127,2.0246973844280767,0.25727593821948247,1.1102230246251575e-16,5.551115123127943e-17,True,1.012478364896829,0.0007218792357481139,-0.031071519396968082,False,0.08196973587186476,0.18070573268503304,0,False,
590,59.00000000000001,0.05648044498089089,0.38729329805361173,0.4437737430345026,998.7452491352444,1.0042600777205317,1.0316358881216825,92.07497952741417,1.7603595168413222,0.2643378675867545,5.072779603537633e-21,5.551116071101296e-17,True,1.017947982921107,0.0007494349951197553,-0.0362073088829311,False,0.07800679668349927,0.18070573268503304,0,False,
591,59.10000000000001,0.04298016791116144,0.40078207130606813,0.44376223921722957,1033.5298639743282,1.009650559848212,1.037399701356169,92.37370945800087,1.4900227088049143,0.2703368080364079,4.85722574569766e-17,5.551115972118214e-17,True,1.0235251306021906,0.0007700148544286306,-0.041417195311952405,False,0.07339360267551752,0.18070573268503304,0,False,
592,59.20000000000001,0.03243410413514436,0.41131954103996154,0.4437536451751059,1060.7037084160559,1.0151898212286674,1.0431792742892712,92.67603292749307,1.2147762898020593,0.27524641900285496,5.5511151231266e-17,5.551115123363458e-17,True,1.0291845477589692,0.0007834094826317401,-0.046688606643317004,False,0.06480510304214307,0.18070573268503304,0,False,
593,59.30000000000001,0.02499028897688138,0.4187578837201573,0.4437481726970387,1079.8855776883124,1.0208512544514057,1.048950290346085,92.98125943489114,0.9357769645949011,0.2789993252071582,5.5511151279462e-17,5.551115842468089e-17,True,1.0349007723987453,0.0007895558182104772,-0.05200931714239928,False,0.05267925467651873,0.18070573268503304,0,False,
594,59.400000000000006,0.02074578569069896,0.42300023467256015,0.4437460203632591,1090.8256788472283,1.026607841338874,1.0546886060386402,93.28872087232766,1.0475438656707028,0.28149414920973914,5.551115127954691e-17,1.6743981777482457e-22,True,1.040648223688757,0.0007885293461236401,-0.05736749435733436,False,0.041121517208279765,0.18070573268503304,0,False,
595,59.50000000000001,0.019744105871911444,0.424003246052708,0.44374735192461945,1093.4122272222858,1.0324322754080304,1.0603703180343589,93.59777366163893,1.2310754039465852,0.2826070523842324,2.775557561662946e-17,4.225811881091414e-21,True,1.0464012967211946,0.0007805342257905474,-0.06275173922254097,False,0.0309033416649065,0.18070573268503304,0,False,
596,59.60000000000001,0.021973264877373833,0.421779006447515,0.4437522713248888,1087.676396652046,1.0382970972240764,1.0659718445439663,93.90780054266467,1.4085000008408317,0.2822068544542436,2.220446049250313e-16,2.2204460582477426e-16,True,1.0521344708840212,0.0007658916392197558,-0.0681511199132086,False,0.0238632253113299,0.18070573268503304,0,False,
597,59.70000000000001,0.02736479987702678,0.4163959980069538,0.4437607978839806,1073.7947877187532,1.0441748433319065,1.0714700208774874,94.2182120607346,1.5789343356525576,0.2801722670524153,1.0408340856726261e-17,1.110223025746897e-16,True,1.057822432104697,0.0007450267172447877,-0.07355520022445922,False,0.023046610832583275,0.18070573268503304,0,False,
598,59.80000000000001,0.03579407134194135,0.4079787742263271,0.44377284556826846,1052.0885968188388,1.0500382077155497,1.0768422074319501,94.52844780154066,1.7414435005624425,0.2764093629225698,5.55111512312585e-17,2.2204460492514066e-16,True,1.06344020757375,0.000718454400796796,-0.07895406327062646,False,0.028839762355202858,0.18070573268503304,0,False,
599,59.900000000000006,0.04708210904495269,0.396706100981668,0.44378821002662067,1023.018822297208,1.0558602129916386,1.0820664069067625,94.83797741470114,1.8950850804488564,0.2708672161422357,2.775557561562918e-17,4.847506962757038e-23,True,1.0689633099492006,0.0006867645995170774,-0.08433833118880911,False,0.03818223817252089,0.18070573268503304,0,False,
600,60.00000000000001,0.0609991549458937,0.3828074111726807,0.4438065661185744,987.1771217418604,1.0616143869943875,1.0871213863479041,95.14630145378814,2.038957915817498,0.2635497672024111,5.551115123125783e-17,1.1102230246251644e-16,True,1.074367886671146,0.000650607016020298,-0.08969918130406784,False,0.048904532507673,0.18070573268503304,0,False,
601,60.1,0.07726991096059832,0.36655756617030105,0.4438274771308994,945.2723028955912,1.0672749392471454,1.0919867988365788,95.45295204262517,2.1722501428932817,0.254522408159761,5.551115126963817e-17,1.110223051607587e-16,True,1.0796308690418621,0.0006106760043678685,-0.0950283589101988,False,0.05624177663378542,0.18070573268503304,0,False,
602,60.20000000000001,0.0955803404548754,0.34827007460603804,0.44385041506091344,898.112836387394,1.0728169311841083,1.0966432993542947,95.7574933583573,2.29428134133837,0.24391248903406293,5.551115127076929e-17,1.732579584752969e-23,True,1.0847301152692015,0.0005676958201812746,-0.10031818649406482,False,0.051147677407841985,0.18070573268503304,0,False,
603,60.30000000000001,0.11558572290707403,0.32828906671419616,0.4438747896212702,846.5861593051883,1.07821643395909,1.101072649604053,96.05952190455669,2.4243689652319937,0.2319037909950492,1.6995182857264612e-24,2.220446049250343e-16,True,1.0896445417815714,0.0005224065936090507,-0.10556156894241156,False,0.048727567406969985,0.18070573268503304,0,False,
604,60.400000000000006,0.13691954465291523,0.3069804377052329,0.44389998235814815,791.6358358804295,1.0834506682466618,1.1052578073057415,96.3586665355148,2.5694144962337475,0.2187258284960245,4.965068306494546e-16,1.497819975004614e-23,True,1.0943542377762014,0.0004755513139420305,-0.11075199407093164,False,0.04913491107081987,0.18070573268503304,0,False,
605,60.50000000000001,0.1592027417862878,0.2847226399292613,0.44392538171554907,734.2378124788278,1.088498121514947,1.1091829966092088,96.65458818798912,2.7015077455300225,0.20463947506797342,1.435485771609606e-23,1.1102230246339353e-16,True,1.098840559062078,0.0004278640576652149,-0.11588352774215167,False,0.05205288279901028,0.18070573268503304,0,False,
606,60.600000000000016,0.18205280147584513,0.2618976136035445,0.44395041507938965,675.3770299174914,1.0933386396786482,1.112833757633196,96.9469792797954,2.820435218391715,0.18992074775467094,2.5824442751895596e-21,2.2204460623924133e-16,True,1.1030861986559222,0.0003800596240617291,-0.12095080290408121,False,0.05685248289206124,0.18070573268503304,0,False,
607,60.70000000000001,0.20509227228040317,0.2388823023885961,0.44397457466899926,616.0255439795217,1.097953491643529,1.1161969745777836,97.23556274512553,2.9261792785835175,0.17484460182438166,1.1102230246251565e-16,2.2204460492503146e-16,True,1.1070752331106561,0.0003328246695724387,-0.12594900207345883,False,0.06287460378004985,0.18070573268503304,0,False,
608,60.80000000000001,0.22795632109842412,0.21604111425876676,0.4439974353571909,557.1230836376608,1.1023254068478499,1.1192608832180229,97.52009069251997,3.018897552204771,0.159670322822274,1.1102230258009185e-16,1.1102230504672628e-16,True,1.1107931450329365,0.0002868103598846883,-0.13087383307348924,False,0.06870502407212069,0.18070573268503304,0,False,
609,60.900000000000006,0.2502990876181572,0.19371957618438232,0.4440186638025395,499.5606878584885,1.1064385873378406,1.1220150597447551,97.80034269049737,3.0988942073167602,0.14462965184021082,3.7671615845014572e-22,1.1102230502049942e-16,True,1.1142268235412978,0.0002426264926433691,-0.13572149817148796,False,0.06701404555226845,0.18070573268503304,0,False,
610,61.00000000000001,0.27179870875983414,0.17223931065895107,0.4440380194187852,444.16775115779114,1.1102786970739849,1.1244503937974784,98.07612370522207,3.166586173618151,0.12991825620535824,4.965068306494932e-16,1.110223024625245e-16,True,1.1173645454357315,0.00020083698802267637,-0.14048865709926103,False,0.06627264613358005,0.18070573268503304,0,False,
611,61.10000000000001,0.2921609999705468,0.15189434855772607,0.4440553485282729,391.7025152640827,1.1138328319951112,1.1265590491024338,98.34726173185118,3.2224672259230562,0.11569066343533141,2.220446049302495e-16,2.2204460617556566e-16,True,1.1201959405487725,0.0001619566018627099,-0.1451723847363119,False,0.0663067488564887,0.18070573268503304,0,False,
612,61.20000000000001,0.31112187599698493,0.13294869749750945,0.4440705734944944,342.84579844698413,1.1170894748585962,1.1283344153965558,98.6136051745573,3.267072432892527,0.10205838249562049,4.965068306494546e-16,2.342244521938245e-20,True,1.122711945127576,0.00012644868770224593,-0.14977012446250207,False,0.06692153287640344,0.18070573268503304,0,False,
613,61.300000000000004,0.32844866465343614,0.11563501407956168,0.4440836787329978,298.19757152023436,1.120038439055961,1.129771055323976,98.8750200386841,3.300944895244507,0.08909067665225212,2.0960655045811647e-22,3.330669082029254e-16,True,1.1249047471899685,9.472381942042857e-05,-0.15427963832608252,False,0.06792357432067596,0.18070573268503304,0,False,
614,61.400000000000006,0.3439405115599783,0.1001541837841164,0.4440946953440947,258.27587448094124,1.122670805527052,1.130864649792923,99.13138700185114,3.3378743267538025,0.07681732719788581,8.0805910255600175e-22,1.1102230488571216e-16,True,1.1267677276599875,6.71390838533452e-05,-0.15869895522229546,False,0.06913683094879117,0.18070573268503304,0,False,
615,61.500000000000014,0.3574280938838388,0.0866755919129861,0.4441036857968249,223.51751521168052,1.1249788566276842,1.1316119449389368,99.38259842952863,3.4031070434823727,0.06523271672857023,2.9582283945787943e-31,3.330669076177603e-16,True,1.1282954007833106,4.399786054487645e-05,-0.16302631824558403,False,0.07041116055135613,0.18070573268503304,0,False,
616,61.60000000000001,0.36877286102567375,0.07533786869196189,0.44411072971763565,194.27999093765914,1.1269560104104288,1.1320107034132643,99.6285553955508,3.457407675541608,0.05430063205923519,2.2204460492503155e-16,3.3306690738755115e-16,True,1.1294833569118465,2.554992135291369e-05,-0.16726013228116,False,0.07162490915165987,0.18070573268503304,0,False,
617,61.70000000000001,0.37786600510660406,0.06624990636668386,0.44411591147328794,170.84411109592978,1.12859675831418,1.1320596622513552,99.86916476036986,3.501366983995839,0.04395930845423113,3.555326503070775e-21,1.1102230482251604e-16,True,1.1303282102827676,1.1991703678101881e-05,-0.1713989127596621,False,0.07268394754409922,0.18070573268503304,0,False,
618,61.800000000000004,0.3846273390626549,0.05949197087132586,0.44411930993398074,153.4168640873411,1.1298966087712032,1.131758499110719,100.10433635077727,3.5354933634995223,0.042537412350601045,3.0702850593643632e-21,1.1102230246409678e-16,True,1.1308275539409611,3.4666356363821924e-06,-0.17544123633314357,False,0.07351915739524716,0.18070573268503304,0,False,
619,61.900000000000006,0.3890042293749205,0.055116761207930215,0.4441209905828507,142.13414918561793,1.13085203876257,1.1311078082217385,100.33398027545604,3.5601969037807226,0.050353983752569054,4.394326347888831e-22,3.236234630286066e-22,True,1.1309799234921543,6.541801624334587e-08,-0.17938569406131327,False,0.07408365339358322,0.18070573268503304,0,False,
620,62.000000000000014,0.3909706970577791,0.05315030294813276,0.44412100000591187,137.06308068413406,1.131460454902326,1.130109086978357,100.55800440203694,3.575777764139958,0.05825826100866438,2.6036670013553156e-21,2.269066546891576e-20,True,1.1307847709403416,1.8261952659321473e-06,-0.18323084754044017,False,0.07435042713346823,0.18070573268503304,0,False,
621,62.10000000000001,0.3905267663988148,0.05359259634283805,0.4441193627416528,138.2036592299179,1.1317201652129882,1.1287647337061635,100.77631201405653,3.5824185540445077,0.0663438643455625,4.965068306494546e-16,1.941303335501908e-20,True,1.130242449459576,8.734575391533768e-06,-0.18697518827637022,False,0.07431071691533439,0.18070573268503304,0,False,
622,62.20000000000001,0.3876981069359122,0.05641797353729407,0.4441160804732063,145.48969300369984,1.1316303623654198,1.1270780567735694,100.98879966087426,3.580180535677906,0.0746980308570091,1.4791141972893971e-31,3.3306690763183036e-16,True,1.1293542095694946,2.0723486201592246e-05,-0.19061710050647412,False,0.07397320239378873,0.18070573268503304,0,False,
623,62.300000000000004,0.38253598031020597,0.06157515327276481,0.4441111335829708,158.78893878363834,1.1311911187824073,1.125053294842334,101.19535521050335,3.569003636714508,0.08339851703845635,4.965068306497944e-16,1.1102230473930182e-16,True,1.1281222068123706,3.767288271933741e-05,-0.1941548276179834,False,0.07336401999867084,0.18070573268503304,0,False,
624,62.400000000000006,0.3751174695315689,0.06898701560005273,0.4441044851316216,177.9025209804534,1.1304033936304105,1.1226956476693901,101.39585611454137,3.5487104521555652,0.09251008150776308,4.440892098500718e-16,2.220446049251074e-16,True,1.1265495206499003,5.940934779962657e-05,-0.19758644229350136,False,0.07252752892152566,0.18070573268503304,0,False,
625,62.500000000000014,0.3655459333509159,0.07855015398920787,0.44409608734012374,202.56377662570196,1.1292690513291819,1.1200113164562837,101.59016789586178,3.519014587855881,0.1020804606786343,2.220446049250313e-16,1.1102230246282664e-16,True,1.124640183892733,8.570565497687472e-05,-0.20090982053662396,False,0.07152767402303681,0.18070573268503304,0,False,
626,62.60000000000001,0.35395159271716303,0.0901342978969303,0.4440858906140933,232.43676629859638,1.1277908907774103,1.1170075522836185,101.77814287317035,3.4795338188221145,0.11213585144541716,2.220446049471107e-16,2.899733167117888e-21,True,1.1223992215305145,0.00011628038907169356,-0.2041226197866601,False,0.07044964168040825,0.18070573268503304,0,False,
627,62.70000000000001,0.34049212034357534,0.10358173468197508,0.4440738550255504,267.1147833714631,1.1259726840125788,1.113692710661699,101.9596191414814,3.429808561283397,0.12267604717360925,4.440892098542748e-16,1.1102230246630527e-16,True,1.1198326973371389,0.00015079774549831866,-0.2072222614133468,False,0.06940124321274649,0.18070573268503304,0,False,
628,62.800000000000004,0.325353070013088,0.11870689392368179,0.4440599639367698,306.1192820575661,1.1238192224926897,1.1100763096830026,102.13441983337427,3.3693260483338623,0.13366953417811045,1.232595164407831e-31,1.5559382340415292e-20,True,1.1169477660878462,0.00018886765249466153,-0.21020591797899268,False,0.06851307403478177,0.18070573268503304,0,False,
629,62.90000000000001,0.30874795264438104,0.13529628646418188,0.44404423910856294,348.89972021420726,1.1213363686177056,1.1061690887004767,102.30235269169869,3.2975503170933878,0.14504903358735066,4.44089209854002e-16,1.1102230461771582e-16,True,1.1137527286590911,0.00023004638008757456,-0.21307050575220526,False,0.06793606694432153,0.18070573268503304,0,False,
630,63.00000000000001,0.2909177460494381,0.15310901014961853,0.4440267561990566,394.8348635394244,1.1185311095278292,1.1019830639192874,102.46320998917176,3.2139576361141033,0.156708147829145,4.440892098502571e-16,5.551115301100703e-17,True,1.1102570867235584,0.00027383781346238087,-0.21581268303674023,False,0.06783486151936494,0.18070573268503304,0,False,
631,63.10000000000001,0.27212962069015645,0.17187803839374508,0.4440076590839015,443.2361084974813,1.115411609672224,1.0975315768388056,102.61676883285841,3.11807632583607,0.1684999077257936,2.8690660663303593e-21,2.220446059768745e-16,True,1.106471593255515,0.00031969557412411733,-0.21842885492118816,False,0.06414260994723375,0.18070573268503304,0,False,
632,63.20000000000001,0.25267468099523427,0.19131249001530054,0.4439871710105348,493.35333573617834,1.1119872582029329,1.09282933119302,102.76279189060692,3.0095290916723836,0.18023807066974573,1.1624465575458612e-21,2.7755575696555067e-16,True,1.1024082946979763,0.0003670261673171511,-0.22091518503944174,False,0.06052504733255347,0.18070573268503304,0,False,
633,63.300000000000004,0.23286456648430276,0.2111010338865143,0.44396560037081706,544.3836899354479,1.1082687069977717,1.0878924139977264,102.90102857096542,2.8880750905802626,0.19170194176031863,1.7451089445446086e-22,1.1102230246286916e-16,True,1.098080560497749,0.00041519331642369455,-0.22326761483913526,False,0.05814440591221418,0.18070573268503304,0,False,
634,63.40000000000001,0.21302683196844852,0.23091650701843155,0.4439433389868801,595.4834888458073,1.1042678951423746,1.082738296606015,103.0312166770803,2.7536481356951414,0.2026452327080872,2.220446049308302e-16,1.9428903042606173e-16,True,1.093503095874195,0.00046352361313681294,-0.22548189067160518,False,0.05736938412255264,0.18070573268503304,0,False,
635,63.50000000000001,0.19349912973179872,0.25042172164663307,0.4439208513784318,645.7831985004342,1.0999980560865608,1.0773858123646314,103.15308453828199,2.606386903366027,0.21280901884134729,2.7265219844758307e-21,1.1102230437410608e-16,True,1.0886919342255958,0.0005113135661399247,-0.22755359873802744,False,0.05846847620160999,0.18070573268503304,0,False,
636,63.60000000000001,0.1746223408907217,0.2692763136669517,0.4438986545576734,694.4050938425783,1.095473704487308,1.071855108578362,103.26635360101068,2.4466529499529437,0.22193822654882245,2.2204460492951036e-16,1.1102230277083846e-16,True,1.0836644065328351,0.0005578380727100752,-0.2294782075613223,False,0.06152557715361002,0.18070573268503304,0,False,
637,63.7,0.15673293338647598,0.2871443560034587,0.4438772893899347,740.4828919470616,1.090710600965171,1.0661675719948185,103.37074143492242,2.2750329416764385,0.22980036576912954,3.4545185127996447e-22,2.220446049252322e-16,True,1.0784390864799946,0.0006023602710395533,-0.231251117227682,False,0.06618978557553219,0.18070573268503304,0,False,
638,63.80000000000001,0.14015494015431607,0.30370234606059476,0.44385728621491083,783.1823499234918,1.085725694573048,1.0603457288143578,103.46596508292632,2.0923228181572258,0.23620455487738934,1.1102230246251967e-16,1.1102230246310345e-16,True,1.073035711693703,0.0006441426619122855,-0.23286771419693147,False,0.05603188898254246,0.18070573268503304,0,False,
639,63.90000000000001,0.12519203069398355,0.3186470981747837,0.44383912886876725,821.7216178337874,1.0805370445741254,1.054413122135536,103.55174465878912,1.8994935649543416,0.2410184422068225,1.1102230246251627e-16,2.2204460492503713e-16,True,1.0674750833548308,0.0006824593235774468,-0.23432343007171358,False,0.04614274529142183,0.18070573268503304,0,False,
640,64.00000000000001,0.112120173212372,0.3317030488594574,0.4438232220718294,855.3900773315214,1.07516372495445,1.0483941715383829,103.62780707634903,1.697640605579004,0.24418685140110796,2.2204460492503195e-16,1.1102230246251664e-16,True,1.0617789482464164,0.0007166089900956653,-0.235613802400534,False,0.037027505586227895,0.18070573268503304,0,False,
641,64.10000000000001,0.10118134169304405,0.34262852534653865,0.4438098670395827,883.5645068681274,1.0696257167221284,1.0423140209395338,103.69388978349596,1.4879211446112794,0.24887959122048192,2.288783399264324e-16,2.0187340489196573e-20,True,1.055969868830831,0.0007459287265210031,-0.23673453542151474,False,0.029717960852043535,0.18070573268503304,0,False,
642,64.2,0.0925786140070457,0.35122063504676654,0.44379924905381224,905.7216905485008,1.0639437942386047,1.0361983817036364,103.74974437403851,1.2714856554400125,0.25205873604054013,9.714451466609333e-17,1.1102230741892197e-16,True,1.0500710879711206,0.000769807916735577,-0.23768155866690227,False,0.026072815194956786,0.18070573268503304,0,False,
643,64.30000000000001,0.0864728483018542,0.3573185904927058,0.44379143879456,921.446992436444,1.0581394124027648,1.0300733781135043,103.79513996194322,1.331180660689122,0.2538226147508283,1.2412670766254603e-16,2.2204460494611495e-16,True,1.0441063952581344,0.0007877022807259443,-0.23845108155088202,False,0.02777119894095806,0.18070573268503304,0,False,
644,64.4,0.0829809410191702,0.36080546590034024,0.44378640691951043,930.4388863452804,1.0522346013645112,1.0239654016394213,103.82986622395413,1.57284712247341,0.25431888819426446,1.1102230246323714e-16,1.8465757854788902e-20,True,1.0381000015019661,0.0007991476530970229,-0.23903964243302844,False,0.034111326580475915,0.18070573268503304,0,False,
645,64.50000000000001,0.08217549176445615,0.36160855745529846,0.4437840492197546,932.5098849377325,1.0462518745830598,1.017900979072596,103.85373604544093,1.8109468046411907,0.25372540989960424,1.0365176475981916e-21,1.1102230480292278e-16,True,1.0320764268278277,0.000803773276245241,-0.23944415113831774,False,0.04311053651127597,0.18070573268503304,0,False,
646,64.60000000000001,0.08408555678811425,0.35969866135017897,0.4437842181382932,927.5846779410807,1.040214154568836,1.0119066576668359,103.86658773662805,2.0447477909318366,0.2522281727264335,2.220446049250317e-16,2.84344357595132e-22,True,1.026060406117836,0.0008013143808567437,-0.23966192445704712,False,0.053415963800515553,0.18070573268503304,0,False,
647,64.70000000000002,0.0886980850265977,0.355088670731779,0.4437867557583767,915.6965139789776,1.034144718734028,1.0060089082011794,103.86828681803077,2.2737274741798874,0.24999887455942527,1.110223024625157e-16,2.3174198045844167e-22,True,1.0200768134676037,0.0007916238343403563,-0.23969071467582004,False,0.059312242393579497,0.18070573268503304,0,False,
648,64.80000000000001,0.09595960819485683,0.3478319153516288,0.4437915235464856,896.9829188910027,1.028067165640249,1.000234044593193,103.85872740142646,2.4975307399803333,0.24717443967049668,1.0676571188120206e-21,2.6589846777033575e-20,True,1.014150605116721,0.0007746826272200678,-0.23952873164515162,False,0.05216243485002667,0.18070573268503304,0,False,
649,64.9,0.10577779765613693,0.33802062730665394,0.44379842496279087,871.6817392112562,1.0220053997848593,0.9946081565989989,103.83783321358337,2.715911915073557,0.24384035483397803,1.4477326833352856e-21,2.22044606706221e-16,True,1.008306778191929,0.0007506089341851589,-0.23917465923032621,False,0.047156856023867745,0.18070573268503304,0,False,
650,65.00000000000001,0.11802259524581427,0.32578482298791833,0.4438074182337326,840.1282589571413,1.0159836310902493,0.9891570504260103,103.80555832317877,2.928665955472125,0.2455265815910727,4.440892098500626e-16,2.2204460499551154e-16,True,1.00257034075813,0.0007196654301349299,-0.23862766720281964,False,0.0449004348593573,0.18070573268503304,0,False,
651,65.10000000000001,0.13252675737966113,0.31129176046721757,0.4438185178468787,802.7538003473095,1.010026383584982,0.9839061908919338,103.76188763703934,3.1355547739044556,0.24847284075489096,5.551115123125783e-17,3.53172556502795e-22,True,0.9969662872384579,0.0006822644663219752,-0.2378874197137869,False,0.04564245905767355,0.18070573268503304,0,False,
652,65.20000000000002,0.14908580459194676,0.2947459799160091,0.44383178450795585,760.0858280332977,1.0041585064768812,0.9788806381641639,103.7068372311084,3.3362345838558,0.2514578372053664,8.32667268468872e-17,2.2204460492723613e-16,True,0.9915195723205226,0.0006389706264350762,-0.23695408146764896,False,0.04906072055523661,0.18070573268503304,0,False,
653,65.30000000000001,0.16745752582166817,0.27638977852052243,0.4438473043421906,712.7491738023891,0.9984051799644675,0.9741049721338485,103.64045457589008,3.5301898343873557,0.2543507651513144,1.5265566588595902e-16,3.6226715962345704e-22,True,0.986255076049158,0.0005905001006112787,-0.23582832260836467,False,0.054454465501938526,0.18070573268503304,0,False,
654,65.4,0.18736133351547446,0.2565038255425679,0.44386515905804236,661.4676226857734,0.9927919077423187,0.9696031981087392,103.56281870699202,3.7166788429526605,0.25694193086621775,7.979727989493313e-17,2.993375557099303e-22,True,0.981197552925529,0.0005377162544704702,-0.23451132316810122,False,0.05198265609179201,0.18070573268503304,0,False,
655,65.5,0.20847788840454795,0.2354075012713757,0.4438853896759236,607.0647870416794,0.987344488248099,0.9653986287109232,103.47404037985014,3.8946956420925347,0.25894886318092536,2.775557564491582e-17,4.0047269071580165e-20,True,0.9763715584795111,0.0004816207508254483,-0.23300477772549294,False,0.044097732530303746,0.18070573268503304,0,False,
656,65.60000000000001,0.23044949875605214,0.21345845852128864,0.4439079572773408,550.4629757532194,0.9820889572925607,0.9615137385774849,103.37426223429385,4.062951809084582,0.2600275678205004,4.4495572620577115e-16,2.2204460605430837e-16,True,0.9718013479350228,0.00042333962517320705,-0.2313109006869627,False,0.03769215542603591,0.18070573268503304,0,False,
657,65.70000000000002,0.25288183565672884,0.19105086933778548,0.4439327049945143,492.67867286424934,0.9770514958226642,0.957969990595147,103.26365897935165,4.219881074108065,0.25978887997468414,1.9428902948407898e-16,2.220446092732463e-16,True,0.9675107432089056,0.0003641038417477651,-0.22943243234005645,False,0.03327276762799317,0.18070573268503304,0,False,
658,65.80000000000001,0.2753474825331188,0.1686118434668848,0.4439593260000036,434.81330159029915,0.9722582981908375,0.9547876348336798,103.14243759144698,4.363668235681041,0.25781956884558,4.475452091640212e-16,8.764801814643962e-22,True,0.9635229665122587,0.0003052240781391343,-0.22737264552917094,False,0.031289548518224936,0.18070573268503304,0,False,
659,65.9,0.2973917460904676,0.14659559628981192,0.4439873423802795,378.03818468950277,0.9677353984092051,0.951985483923082,103.010837499906,4.49230233339387,0.2537074108721553,1.1102230249737239e-16,4.8083432679527023e-20,True,0.9598604411661436,0.0002480598063201891,-0.22513535247100736,False,0.03179851266933011,0.18070573268503304,0,False,
660,66.0,0.31854099561056093,0.12547510368908907,0.44401609929965,323.5730241758084,0.963508454381022,0.9495806711607392,102.86913071306235,4.603652196132608,0.24706893131063845,2.220446050146065e-16,2.220446104550754e-16,True,0.9565445627708806,0.0001939831454311901,-0.2227249108686594,False,0.03432068920682266,0.18070573268503304,0,False,
661,66.10000000000001,0.33831357512594673,0.10573120254054261,0.4440447776664893,272.65779385654525,0.9596024928946334,0.9475883999308433,102.7176218176023,4.69556054254386,0.23757800846191213,3.330669073875585e-16,2.750788220164929e-22,True,0.9535954464127383,0.0001443384297425903,-0.22014622812279344,False,0.038137348431574826,0.18070573268503304,0,False,
662,66.20000000000002,0.3562330656032491,0.0878393610164235,0.4440724266196726,226.51862281924775,0.9560416210579553,0.9460216948605372,102.55664776542899,4.765950968755011,0.22499315213806748,8.950904182706519e-16,2.220446111663104e-16,True,0.9510316579592463,0.00010039892100170543,-0.2174047621145554,False,0.042629265866317406,0.18070573268503304,0,False,
663,66.30000000000001,0.3718433890820374,0.07225462565511816,0.44409801473715554,186.32897719574117,0.9528487126236559,0.9448911663370473,102.38657734917291,4.812940652461044,0.20918110120043032,1.1102230246251565e-16,2.2204460887854564e-16,True,0.9488699394803516,6.332254290351845e-05,-0.2145065167978612,False,0.04737950029326662,0.18070573268503304,0,False,
664,66.4,0.38472497833403163,0.05939551792473393,0.44412049625876554,153.1681328992263,0.9500450800682805,0.9442048004228655,102.20781026262834,4.834950645983609,0.19013449566619434,8.95090418262362e-16,4.440892118854159e-16,True,0.947124940245573,3.4108866336648795e-05,-0.21145803074208108,False,0.046666683353417296,0.18070573268503304,0,False,
665,66.5,0.3945110214634837,0.04962786476903644,0.4441388862325202,127.97947811619585,0.9476501451134342,0.9439677857505401,102.02077564844821,4.830805371971125,0.16798177051546404,4.440892098758253e-16,2.220446118717278e-16,True,0.9458089654319871,1.3559770477493636e-05,-0.20826635685560363,False,0.04322218459097389,0.18070573268503304,0,False,
666,66.60000000000001,0.40090266523952556,0.043249671525931385,0.44415233676545696,111.53150385061512,0.9456811214229638,0.9441823876486531,101.82593005384061,4.79981342981562,0.14298804564913326,8.95090418262362e-16,6.661338161766731e-16,True,0.9449317545358085,2.2462029262594326e-06,-0.20493903182319603,False,0.03964396031661656,0.18070573268503304,0,False,
667,66.70000000000002,0.403682048800571,0.0404781570294599,0.4441602058300309,104.38437026949856,0.9441527233484666,0.9448478776173062,101.62375474561307,4.741823029435166,0.11554656152461096,1.1102230247211718e-16,5.635600248801542e-20,True,0.9445003004828864,4.83239457485909e-07,-0.2014840343050474,False,0.03582474353169049,0.18070573268503304,0,False,
668,66.80000000000001,0.4027221513362842,0.04143995919396824,0.44416211053025245,106.8646490330049,0.9430769137759949,0.9459605234767756,101.414752376758,4.657247175407068,0.08616103286343435,8.95090418262362e-16,2.220446197932229e-16,True,0.9445187186263853,8.315204906436676e-06,-0.1979097316418813,False,0.03167404119319906,0.18070573268503304,0,False,
669,66.9,0.3979926669636553,0.046165291392522026,0.44415795835617733,119.0502538643028,0.942462702382496,0.9475136422561655,101.19944304431236,4.585814471949748,0.11019121329699288,2.220446049250674e-16,4.738293521357867e-22,True,0.9449881723193307,2.5511993607425046e-05,-0.19422481562968036,False,0.02712334253529881,0.18070573268503304,0,False,
670,67.00000000000001,0.3895614437630004,0.05458650878092788,0.44414795254392825,140.76674341078908,0.9423160030534471,0.9494977144090224,100.97835982779047,4.609779947479659,0.13432014261693048,9.155133597044475e-16,3.6906810008990925e-20,True,0.9459068587312347,5.1576977994799595e-05,-0.1904382287905442,False,0.022135480255326585,0.18070573268503304,0,False,
671,67.10000000000001,0.37759140424369697,0.06654116659867605,0.444132570842373,171.59520793758998,0.9426395560234577,0.9519005544998996,100.75204394398403,4.602236690115543,0.15651774627034065,4.96506830695569e-16,2.220446119413588e-16,True,0.9472700552616786,8.576609278066136e-05,-0.18655908338563593,False,0.016733276845491366,0.18070573268503304,0,False,
672,67.2,0.36233325507447667,0.08177926522611617,0.44411252030059284,210.89095275552225,0.9434329167116986,0.9547075303606832,100.5210396925298,4.563771065657546,0.1764365181439329,2.2204460492507844e-16,5.510673681318295e-20,True,0.9490702235361909,0.0001271169129338731,-0.182596576108201,False,0.011128572079009401,0.18070573268503304,0,False,
673,67.30000000000001,0.34411464659927726,0.09997402703766207,0.4440886736369393,257.81128938348365,0.9446925095003358,0.9579018201096872,100.28588939343634,4.495555879172068,0.19384552746399608,5.551115123973937e-16,2.2204461156696023e-16,True,0.9512971648050115,0.00017448588677432283,-0.1785599018896056,False,0.0065886730824375765,0.18070573268503304,0,False,
674,67.4,0.3233267147272123,0.12073528016638685,0.44406199489359915,311.350049368785,0.946411741127346,0.9614646945619645,100.04712853011078,4.3992655019389995,0.20864133801202733,2.220446049713942e-16,2.220446112863144e-16,True,0.9539382178446553,0.00022659140710479085,-0.17445817050103912,False,0.007990245113507157,0.18070573268503304,0,False,
675,67.50000000000001,0.3004090982759249,0.14362436483556193,0.44403346311148684,370.3760244767469,0.9485811652083332,0.9653758115786248,99.80528130818267,4.276966825293602,0.2208498327678221,4.440892098510468e-16,2.2204460513898207e-16,True,0.9569784883934791,0.0002820601467031488,-0.17030032961470545,False,0.014590570981045001,0.18070573268503304,0,False,
676,67.60000000000001,0.2758345589916502,0.16816944356885496,0.4440040025605052,433.6724483955866,0.9511886869083291,0.9696135088737763,99.56085682186144,4.130994508644527,0.23061888015287835,4.57756679852229e-16,8.882172353565859e-21,True,0.9604010978910527,0.00033947406445842366,-0.16609509770231404,False,0.022807049381406104,0.18070573268503304,0,False,
677,67.7,0.2500942422888137,0.1938801844354332,0.4439744267242469,499.9748616345779,0.9542197951445391,0.9741550827036921,99.31434598717566,3.9638201077484077,0.23820254522674844,2.7755575615628914e-16,1.1102230246258838e-16,True,0.9641874389241156,0.0003974156900661192,-0.1618509096181251,False,0.03188189316536151,0.18070573268503304,0,False,
678,67.80000000000001,0.22368442357581042,0.2202609774745024,0.4439454010503128,568.005193810745,0.9576578090335827,0.9789770416050544,99.06621935762068,3.777924958808209,0.24393821857827724,5.236911533344272e-16,1.110223025443817e-16,True,0.9683174253193185,0.0004545096774365009,-0.1575758769777235,False,0.04162875841675612,0.18070573268503304,0,False,
679,67.90000000000002,0.1970953193139111,0.24682210753206932,0.44391742684598046,636.5005759667929,0.961484125637205,0.984055326759208,98.81692588544709,3.575686138283077,0.24821852011810908,1.110223024852666e-16,4.6025612106883595e-20,True,0.9727697261982065,0.0005094591200899172,-0.15327776455179612,False,0.05196650648557345,0.18070573268503304,0,False,
680,68.00000000000001,0.17080224139539202,0.2730886046576563,0.4438908460530483,704.236163820867,0.9656784573579745,0.9893654934222286,98.56689263429503,3.3592835038590976,0.2514600840040151,5.551115131535153e-17,1.1102231136163314e-16,True,0.9775219753901015,0.0005610756775092716,-0.14896398290195786,False,0.06284086039759858,0.18070573268503304,0,False,
681,68.10000000000001,0.14525907582971764,0.2986067885042678,0.44386586433398545,770.0420143518386,0.9702190494624613,0.9948828509429322,98.31652538941024,3.1306339234659055,0.25407135043493123,1.6653345369423245e-16,5.5927407477460795e-21,True,0.9825509502026968,0.0006083031034680771,-0.1446415964504477,False,0.0742053808706601,0.18070573268503304,0,False,
682,68.2,0.12089380493898583,0.32294878321612225,0.4438425881551081,832.8147287135896,0.9750828709743679,1.000582561968724,98.06621005352868,2.8913565296690593,0.25642134602478683,3.7751664321277515e-16,1.1102230309952976e-16,True,0.9878327164715459,0.0006502342408076521,-0.1403173451548577,False,0.07893495027037976,0.18070573268503304,0,False,
683,68.30000000000001,0.09810559113870809,0.3457154792751321,0.44382107041384017,891.5250901934172,0.9802457753548746,1.0064397043175501,97.8163146629231,2.6427704037519697,0.25881122308368476,5.551115123127193e-17,1.1102230949948753e-16,True,0.9933427398362125,0.0006861219145016889,-0.13599767701065996,False,0.07172227256067225,0.18070573268503304,0,False,
684,68.40000000000002,0.07726281596724816,0.3665385425945781,0.44380135856182623,945.2232452280034,0.9856826307238554,1.0124293015166035,97.56719181239508,2.385923650200791,0.2614501580966837,2.775557561563362e-17,5.551115124228772e-17,True,0.9990559661202294,0.0007153843984956422,-0.1316887877878565,False,0.06601561463311269,0.18070573268503304,0,False,
685,68.50000000000001,0.05870142844176218,0.385082110571834,0.4437835390135962,993.0430771548062,0.9913674226216203,1.0185263300529956,97.31918124371744,2.1216504560809857,0.26443714313722344,1.942890293094035e-16,5.551115123244985e-17,True,1.004946876337308,0.0007376062528660173,-0.12739666378733713,False,0.06244931295294067,0.18070573268503304,0,False,
686,68.60000000000001,0.04272300371262272,0.4010447681328376,0.44376777184546035,1034.2073020013158,0.9972733352195674,1.0247057128496742,97.0726123330089,1.8506504817059695,0.2709999743750162,8.326672690347818e-17,1.6653345749106712e-16,True,1.0109895240346207,0.0007525353424407814,-0.12312712304609938,False,0.0615835006791231,0.18070573268503304,0,False,
687,68.7,0.029592042427729393,0.41416226800654715,0.44375431043427654,1068.034483481709,1.0033728192221412,1.0309423092824472,96.82780621268704,1.5735828454112195,0.27706763629474995,1.5269508636588477e-16,1.6653345719402423e-16,True,1.0171575642522943,0.000760076782185315,-0.11888585039888391,False,0.0636708053395813,0.18070573268503304,0,False,
688,68.80000000000001,0.01953224315619595,0.42421125877213267,0.4437435019283286,1093.9486468203763,1.0096376562391287,1.037210912104895,96.58507728653328,1.2983353717765287,0.2824176817207871,1.2566871346510768e-16,4.857225732984955e-17,True,1.0234242841720118,0.0007602844390390102,-0.1146784221805188,False,0.06301380207358814,0.18070573268503304,0,False,
689,68.9,0.012721736552806284,0.4310140299276351,0.4437357664804414,1111.4915152527958,1.016039029951884,1.0434862608707,96.34473394425036,1.0445067675668438,0.28689833498858297,7.632783294475205e-17,9.714451477723908e-17,True,1.029762645411292,0.0007533504851108127,-0.11051031716908231,False,0.04965439297243586,0.18070573268503304,0,False,
690,69.00000000000001,0.009287552222596585,0.4344440038629036,0.4437315560855002,1120.3366726302233,1.0225476138090315,1.0497430797948566,96.10707835442503,0.7850761465828788,0.2902815191246242,6.938893903907238e-17,3.5599365490052634e-22,True,1.036145346801944,0.000739593370186171,-0.1063869116216203,False,0.036488313729864906,0.18070573268503304,0,False,
691,69.10000000000001,0.009299858011773132,0.4344314394175384,0.44373129742931156,1120.3042716561308,1.0291336832194549,1.0559561455050517,95.87240530802596,0.7071834683106867,0.2922901509652795,5.551115127967092e-17,2.3338577796611393e-22,True,1.0425449143622534,0.0007194444830622635,-0.10231345787291715,False,0.023985008471742512,0.18070573268503304,0,False,
692,69.2,0.012766719419073258,0.43096860733317716,0.4437353267522504,1111.374380252923,1.0357672573529133,1.0621003869426093,95.64100018998532,0.9827873327734861,0.2926332729046801,3.1915399138939364e-23,1.6653345369414432e-16,True,1.0489338221477613,0.0006934337139877243,-0.09829504780630698,False,0.014085256172078554,0.18070573268503304,0,False,
693,69.30000000000001,0.019630227135202016,0.42411360026615763,0.44374382740135965,1093.6968067566047,1.0424182719707027,1.068151016055506,95.41313626133099,1.2597665811497163,0.2910449515879052,2.775557561562893e-17,8.615289370481483e-23,True,1.0552846440131045,0.0006621741181339852,-0.09433656434186666,False,0.014002973245366514,0.18070573268503304,0,False,
694,69.4,0.029764799352009152,0.41399198212652494,0.4437567814785341,1067.595353203644,1.049056780618945,1.0740836842890196,95.1890715234695,1.531629305164448,0.2873217253762196,2.775557561721997e-17,2.935390344778553e-20,True,1.0615702324539824,0.0006263459073111905,-0.09044262565375372,False,0.023621301310722216,0.18070573268503304,0,False,
695,69.50000000000001,0.04297827408191601,0.400795671077498,0.443773945159414,1033.5649348293448,1.0556531775767417,1.079874656703144,94.96904549464615,1.796026405890478,0.28135311451090683,2.482534153247273e-16,4.1585872451702145e-23,True,1.067763917139943,0.0005866800510707462,-0.08661752786257311,False,0.035611356081198586,0.18070573268503304,0,False,
696,69.60000000000001,0.0590160904180812,0.38477876256527066,0.44379485298335186,992.260808569441,1.0621784327410122,1.0855009932953625,94.75327624536739,2.050669542506641,0.2731405781616556,5.551115123125783e-17,2.220446049250313e-16,True,1.0738397130181874,0.0005439418308113383,-0.08286519225663383,False,0.0480174861723576,0.18070573268503304,0,False,
697,69.7,0.07756847308782211,0.36625037760225637,0.4438188506900785,944.4801303367963,1.0686043266379726,1.0909407261259723,94.54195801078804,2.2934736675745118,0.2628022322719201,2.775557561562913e-17,1.1102230246253207e-16,True,1.0797725263819724,0.0004989147420875134,-0.07918912260749102,False,0.05635731918761515,0.18070573268503304,0,False,
698,69.80000000000001,0.09828015699936588,0.34556499356442166,0.44384515056378754,891.1370202490363,1.0749036732619524,1.096173021263992,94.33525962845052,2.5226753596499156,0.25056319613468103,1.1102230246253644e-16,2.549423804285332e-21,True,1.0855383472629723,0.0004523851644318664,-0.07559237694009194,False,0.0499566391779628,0.18070573268503304,0,False,
699,69.9,0.12076189130938042,0.32311100798219367,0.4438728992915741,833.233071130616,1.0810505194690003,1.1011783162803819,94.1333239517558,2.7369149969125317,0.23673395263430286,8.874685183736383e-31,1.1102230555284467e-16,True,1.091114417874691,0.0004051282044802612,-0.07207755641196253,False,0.04615059760319466,0.18070573268503304,0,False,
700,70.00000000000001,0.14460279773623586,0.29929844926551863,0.4439012470017545,771.8256571434495,1.0870203119422759,1.1059384266786818,93.93626828034071,2.935277161027312,0.22168094561869855,4.475452091311811e-16,3.4772778929527295e-22,True,1.096479369310479,0.0003578950651798105,-0.06864681204893194,False,0.04528851584139145,0.18070573268503304,0,False,
701,70.10000000000001,0.16938264329390296,0.27454676416701657,0.4439294074609195,707.9964403084126,1.0927900258509289,1.1104366178036398,93.74418574589897,3.117290161173973,0.20579440180381936,1.1102230246251565e-16,3.103395915790372e-20,True,1.1016133218272843,0.0003114022075454811,-0.06530186828787903,False,0.04721025840964763,0.18070573268503304,0,False,
702,70.20000000000002,0.19468320648264426,0.24927349613210298,0.44395670261474723,642.8221744307276,1.098338252716293,1.1146576419154481,93.55714751032009,3.282890877460417,0.18945801854230693,5.551115123125783e-16,8.121231690015026e-23,True,1.1064979473158707,0.0002663224638335001,-0.06204406084286466,False,0.05129172112004763,0.18070573268503304,0,False,
703,70.30000000000001,0.22009812638212622,0.2238844622106499,0.4439825885927761,577.3493734898894,1.1036452481884156,1.118587742848922,93.37520558080395,3.4323644197175716,0.17302398515243933,7.355914751526299e-24,2.828008807188764e-22,True,1.1111164955186685,0.00022327814667926063,-0.05887438548961989,False,0.05677663221059912,0.18070573268503304,0,False,
704,70.4,0.24524087418918405,0.19876578967891004,0.44400666386809406,512.5737758182086,1.108692943057091,1.1222146327252402,93.19839602573121,3.5662692031183916,0.15679524852385773,4.440892098502769e-16,2.2204460492533324e-16,True,1.1154537878911657,0.00018283609148173147,-0.05579355398941918,False,0.06303098928153152,0.18070573268503304,0,False,
705,70.50000000000001,0.2697507289802419,0.1742779337894027,0.4440286627696446,449.42491717782883,1.1134649226748008,1.1255274464426768,93.02674238187937,3.6853573037345084,0.1410154269779187,5.551115125659074e-17,2.220446049250783e-16,True,1.1194961845587388,0.00014550447965057286,-0.05280205348445152,False,0.06960394927682964,0.18070573268503304,0,False,
706,70.60000000000001,0.29329683998751865,0.15075159878163563,0.4440484387691543,388.755611933825,1.1179463810140466,1.128516680176494,92.86025907091962,3.790498013191266,0.12738325977470755,2.2204460492762444e-16,7.539030660924996e-21,True,1.1232315305952705,0.00011173122438363726,-0.049900206168741267,False,0.07619405738203354,0.18070573268503304,0,False,
707,70.70000000000002,0.31558059940072347,0.12848534267071157,0.444065942071435,331.33577632454563,1.122124055900893,1.1311741199971732,92.69895468259523,3.882610044239113,0.11497439207913285,4.742874840267554e-16,7.026369019249603e-23,True,1.126649087949033,8.190366014678151e-05,-0.04708822672473941,False,0.08260182270301791,0.18070573268503304,0,False,
708,70.80000000000001,0.3363366304845883,0.1077445649034204,0.44408119538800866,277.8498178466778,1.1259861517151992,1.1334927661467191,92.54283502571391,3.962605404264893,0.10336029364476529,9.602141954816658e-22,7.083885094322415e-21,True,1.1297394589309593,5.63492602235028e-05,-0.04436627577849217,False,0.08869372840275526,0.18070573268503304,0,False,
709,70.9,0.35533272375460045,0.08876154700458935,0.44409427075918984,228.89674007335068,1.1295222552072042,1.1354667576752804,92.39190588990719,4.031345905556995,0.09255732122548066,4.475452091363913e-16,2.220446049250599e-16,True,1.1324945064412422,3.5337109592964116e-05,-0.041734508357478474,False,0.09437890433408186,0.18070573268503304,0,False,
710,71.00000000000001,0.37236904235357215,0.07173622686864287,0.44410526922221505,184.99213938379947,1.1327232492217885,1.1370913011912944,92.24617549693819,4.089611776714253,0.08254788186776629,4.965068306494546e-16,4.44089209850186e-16,True,1.1349072752065414,1.907987800830489e-05,-0.03919311696293675,False,0.09959470779992054,0.18070573268503304,0,False,
711,71.10000000000001,0.38727688086807643,0.05683742332802029,0.4441143041960967,146.57136285919162,1.135581228188229,1.13836260653688,92.10565664807805,4.138080888037985,0.07328915132592329,5.23691153334428e-16,2.2204460492580193e-16,True,1.1369719173625543,7.736065518344553e-06,-0.03674236935564335,False,0.1042978724390416,0.18070573268503304,0,False,
712,71.20000000000002,0.3999172121592427,0.04420427659839665,0.44412148875763935,113.99322287781376,1.1380894183289776,1.1392778313454415,91.97036859320698,4.177316626082822,0.06472058108322853,1.6653345369378862e-16,7.174912630337771e-22,True,1.1386836248372094,1.4123254977007905e-06,-0.03438264149120682,False,0.10845903322846448,0.18070573268503304,0,False,
713,71.30000000000001,0.41017920392212637,0.03394772260511701,0.4441269265272434,87.5437990825454,1.1402421047331566,1.1398350357141522,91.84033865838212,4.207762334155462,0.05676992003151371,1.1102230246251666e-16,4.440892098503001e-16,True,1.1400385702236544,1.6570518623315228e-07,-0.03211444623739788,False,0.11205930868854384,0.18070573268503304,0,False,
714,71.4,0.41797883699655625,0.02615186864079979,0.444130705637356,67.4399859028601,1.1420345667645444,1.1400331476459584,91.71560367281343,4.229740360987312,0.04935770816722451,5.389157964038493e-16,2.788363621565014e-22,True,1.1410338572052514,4.005678488241476e-06,-0.029938458581922373,False,0.11508816599882342,0.18070573268503304,0,False,
715,71.5,0.4232577144624323,0.02087518070846871,0.44413289517090104,53.83255445472948,1.1434630227409417,1.1398719394801258,91.59621123489146,4.243454031414149,0.04240035437950285,2.775557569587921e-17,2.2204460492533867e-16,True,1.1416674811105336,1.2895878986112296e-05,-0.02785553801854033,False,0.11754211543256754,0.18070573268503304,0,False,
716,71.60000000000001,0.4259821155973924,0.018151427885254794,0.4441335434826472,46.80858784938162,1.1445245844259477,1.1393520152203787,91.48222085148758,4.248991198044625,0.03581200279758079,2.775557561579752e-17,2.2204460492541553e-16,True,1.1419382998231633,2.6755472186401518e-05,-0.025866748706496336,False,0.11942396745920637,0.18070573268503304,0,False,
717,71.70000000000002,0.4261423216443143,0.017990356266399235,0.44413267791071354,46.393219148422986,1.1452172215983476,1.1384748084616578,91.37370497641173,4.2463284023726064,0.02950543907987946,2.775557563510247e-17,4.440892109834054e-16,True,1.1418460150300027,4.546013490580683e-05,-0.02397337785399691,False,0.12074249609511568,0.18070573268503304,0,False,
718,71.80000000000001,0.4237522198497161,0.020378085666119067,0.4441303055158352,52.55065436916006,1.145539736785311,1.137242590483265,91.2707499636488,4.235335037869558,0.030369870555772227,3.053113317819911e-16,4.440892109973694e-16,True,1.141391163634288,6.884263675755615e-05,-0.022176952598279488,False,0.12151241860106166,0.18070573268503304,0,False,
719,71.9,0.4188491766873823,0.02527723794164396,0.44412641462902624,65.18450340440282,1.1454917501372697,1.1356584879900873,91.17345693958029,4.215777250432378,0.03888021701362421,4.545902364039488e-16,2.220446072662057e-16,True,1.1405751190636786,9.669304445520996e-05,-0.02047925545618915,False,0.12175464287347895,0.18070573268503304,0,False,
720,72.00000000000001,0.41149415867376127,0.032626818453740616,0.44412097712750187,84.13747433491815,1.1450736943578999,1.133726509917987,91.08194258641815,4.18732162660562,0.047728308171553824,4.163336353139244e-17,2.220446051734035e-16,True,1.1394001021379434,0.0001287585947134013,-0.01888233821051091,False,0.12149675985568928,0.18070573268503304,0,False,
721,72.10000000000001,0.40177206784855657,0.04234188363412602,0.44411395148268257,109.19051615803284,1.144286819555996,1.1314515826497822,90.99633981701517,4.149539004318453,0.05698887676696751,5.593023969348753e-16,4.44089209850157e-16,True,1.1378692011028892,0.0001647433064386356,-0.017388533886980202,False,0.12077377393578276,0.18070573268503304,0,False,
722,72.20000000000002,0.3897922471757356,0.054313039547023136,0.44410528672275873,140.0615256868583,1.14313320783273,1.1288395928926973,90.91679830950187,4.101908993532643,0.06672811920176125,4.935372604683579e-16,2.2204460492575617e-16,True,1.1359864003627136,0.0002043074280539284,-0.016000466272507643,False,0.11962907109626425,0.18070573268503304,0,False,
723,72.30000000000001,0.3756890974993996,0.06840583001837627,0.4440949275177759,176.40376966850866,1.1416157973355099,1.125897437328422,90.84348485929841,4.043826011562458,0.07700180199510065,5.468975410105093e-16,2.2204460492613453e-16,True,1.133756617331966,0.00024706684131241773,-0.01472105623483972,False,0.11811562114094243,0.18070573268503304,0,False,
724,72.4,0.3596227314132152,0.08446008920425224,0.44408282061746746,217.80421519870714,1.139738415378864,1.1226330779488416,90.77658349652465,3.9746078123931707,0.08785270333366046,1.1102230246251602e-16,5.738431927667991e-22,True,1.1311857466638529,0.0002925925685949217,-0.013553523937467178,False,0.1162973922274913,0.18070573268503304,0,False,
725,72.50000000000001,0.3417795702189177,0.10228935262150218,0.4440689228404199,263.78201089785773,1.1375058200374057,1.1190556017251974,90.71629530940143,3.8935076067366094,0.09930736610434732,4.443059973764888e-16,2.2204460492513504e-16,True,1.1282807108813016,0.00034041055576814155,-0.012501385913623663,False,0.1142509153363342,0.18070573268503304,0,False,
726,72.60000000000001,0.3223727685538158,0.12168044216285202,0.4440532107166678,313.78741675514783,1.1349237493444642,1.115175282923679,90.66283790980224,3.7997309086072786,0.11137221966029909,2.220446049250318e-16,4.379457729430665e-22,True,1.1250495161340717,0.0003900019259728808,-0.011568445885403499,False,0.11206686202901733,0.18070573268503304,0,False,
727,72.70000000000002,0.3016423286552157,0.1423933630567696,0.4440356917119853,367.2015384104384,1.1319989768771053,1.1110036459823143,90.61644447676215,3.692458173940552,0.12402922867995203,1.9428902931129021e-16,2.2204460747888896e-16,True,1.1215013114297099,0.00044080391938176535,-0.010758778207311978,False,0.10985137858718923,0.18070573268503304,0,False,
728,72.80000000000001,0.27985474504571584,0.1641616716602645,0.44401641670598035,423.3372756119658,1.1287393720770007,1.1065535264191302,90.57736231869016,3.570874081096804,0.13723134889424848,4.577566798522237e-16,2.220446101564729e-16,True,1.1176464492480656,0.0004922117475548521,-0.010076702898996065,False,0.10772674731876868,0.18070573268503304,0,False,
729,72.9,0.2573020042312921,0.18669348882678077,0.4439954930580729,481.44193547191253,1.1251539631609573,1.10183912677889,90.54585090647251,3.434203902033283,0.15089820757061512,4.475452091311816e-16,4.44089209850089e-16,True,1.1134965449699237,0.0005435815955225652,-0.009526751430660771,False,0.10583073827452139,0.18070573268503304,0,False,
730,73.00000000000001,0.23429975743425202,0.20967333976407715,0.44397309719832917,540.701977060042,1.1212529999428231,1.0968760641885107,90.52217934860778,3.281756793518846,0.16491256991965875,2.220446049376661e-16,5.973789526075342e-22,True,1.109064532065667,0.000594234996769876,-0.009113622754347876,False,0.10431383874079116,0.18070573268503304,0,False,
731,73.10000000000001,0.21118449281973195,0.23276499244831214,0.4439494852680441,600.2503310567805,1.1170480133642189,1.0916814057372797,90.50662330649472,3.1194933318625333,0.17911827974735273,2.7755575616577543e-16,2.2204460492511226e-16,True,1.1043647095507492,0.0006434647824990904,-0.00884212954387486,False,0.10333354674582429,0.18070573268503304,0,False,
732,73.2,0.1883095626058775,0.25561543738285186,0.44392499998872936,659.1766626863015,1.1125518680769575,1.0862736876978139,90.4994613826696,3.0276168341916594,0.19332044050989983,3.1401849173675503e-16,4.381311479974986e-20,True,1.0994127778873857,0.00069054276403881,-0.008717135210112326,False,0.09943902507550567,0.18070573268503304,0,False,
733,73.30000000000001,0.16603997437267748,0.2778600973952478,0.4439000717679253,716.540806650739,1.1077788041126921,1.080672914635513,90.50097105561998,2.9230077798240037,0.2072885887293059,4.002966042486721e-16,2.220446049253388e-16,True,1.0942258593741028,0.000734729244349065,-0.008743482969576043,False,0.08914613621670336,0.18070573268503304,0,False,
734,73.40000000000002,0.14474593682106063,0.29912927536439093,0.44387521218545156,771.3893944172983,1.1027444636029367,1.0749005347942784,90.51142427873424,2.8052545635448793,0.2207634588687175,2.220446049250313e-16,2.220446059254404e-16,True,1.0888224991986075,0.0007752843715016299,-0.00892591900995205,False,0.07847221593268894,0.18070573268503304,0,False,
735,73.50000000000001,0.12479525601644381,0.31905574254322616,0.44385099855967,822.7754228534427,1.0974658987613382,1.0689793888544474,90.53108290334706,2.674144559511255,0.23520123527016912,1.1857344492081497e-22,2.220446049252015e-16,True,1.083222643807893,0.0008114812466753833,-0.009269012535417984,False,0.06748631978638461,0.18070573268503304,0,False,
736,73.60000000000001,0.10654480095697938,0.3372832483659924,0.44382804932297176,869.7801991704157,1.0919615579781696,1.0629336302610037,90.56019412073903,2.5297004406332477,0.2505514847471506,1.1102230246251565e-16,2.2204460492619177e-16,True,1.0774475941195867,0.0008426205875530077,-0.009777076083409848,False,0.05628721011721669,0.18070573268503304,0,False,
737,73.7,0.09033138304900401,0.3534756083256058,0.4438069913746098,911.5367765840352,1.0862512479339235,1.0567886167893246,90.59898613873912,2.3722036938728803,0.26469632164901036,1.1102230246251597e-16,2.220446049257741e-16,True,1.071519932361624,0.0008680466339626894,-0.010454089867686424,False,0.0450382331086376,0.18070573268503304,0,False,
738,73.80000000000001,0.07646250335035498,0.3673259188625504,0.4437884222129054,947.2537175105637,1.0803560710854097,1.0505707747583726,90.64766430916383,2.2022008402256454,0.27729108515707823,2.5142273010214166e-21,2.5789548849241467e-22,True,1.0654634229218911,0.0008871638772894086,-0.011303633913806628,False,0.034069774036320305,0.18070573268503304,0,False,
739,73.90000000000002,0.06520749247845714,0.37856537864097034,0.4437728711194275,976.2378417207112,1.0742983396118564,1.0443074391534692,90.70640789855346,2.020489355550309,0.2880331744491773,2.2204460492688883e-16,9.708788757511126e-21,True,1.0593028893826628,0.0008994541103048865,-0.012328831339923706,False,0.024231247717565213,0.18070573268503304,0,False,
740,74.00000000000001,0.056789581472631134,0.38697118307780887,0.44376076455044,997.9145846146466,1.0681014687547894,1.0380266746606683,90.77536764572211,1.828082602620341,0.2966847557961856,1.3877787807814457e-17,1.110223077163084e-16,True,1.0530640717077289,0.000904493239803779,-0.01353230528388041,False,0.01803800732589263,0.18070573268503304,0,False,
741,74.10000000000001,0.05137938618226068,0.39237301464339996,0.44375240082566064,1011.8447342967517,1.061789854211754,1.031757083992686,90.8546641790006,1.6261559221060151,0.30309012424919846,5.551115123125784e-17,1.5553708124576764e-23,True,1.0467734691022201,0.0009019672870313461,-0.014916150747437107,False,0.019709027359682225,0.18070573268503304,0,False,
742,74.2,0.049090164050085594,0.39465777398896934,0.44374793803905493,1017.7366321252777,1.0553887395962558,1.025527610669547,90.94438728154614,1.4159789011337216,0.3071847885295497,1.570092458683902e-16,5.551115123512228e-17,True,1.0404581751329014,0.0008916870207775239,-0.01648192115648894,False,0.028008010507883863,0.18070573268503304,0,False,
743,74.30000000000001,0.049975026094366104,0.3937723709078239,0.44374739700219,1015.4533699947223,1.0489240807252944,1.0193673434392039,91.04459590588688,1.19884117653969,0.3089944469990645,1.1102230246251824e-16,1.6653345369379044e-16,True,1.0341457120822493,0.0008736007189989748,-0.018230627917046556,False,0.03893908795680587,0.18070573268503304,0,False,
744,74.4,0.05402608653952301,0.3897245918690555,0.4437506784085785,1005.0150275167185,1.0424224134842996,1.0133053287259433,91.15531876148815,1.1605510001057224,0.3086235816324654,1.4584736517042894e-24,4.78066682931193e-23,True,1.0278638711051213,0.0008478046248253102,-0.020162749899138552,False,0.050807762360625196,0.18070573268503304,0,False,
745,74.50000000000001,0.061175342630106044,0.38258224825605464,0.4437575908861607,986.5964755122668,1.0359107311968254,1.0073703959473905,91.27655524299642,1.434934196641072,0.3062350832222459,2.465190328815662e-32,5.551116596704682e-17,True,1.021640563572108,0.0008145507361501357,-0.022278248804056516,False,0.06302569201931779,0.18070573268503304,0,False,
746,74.60000000000001,0.07129693112752467,0.37247095363322,0.4437678847607447,960.5216440656228,1.0294163758622157,1.0015909984358728,91.40827643995257,1.7041221540020897,0.30202376137226106,2.220446049343092e-16,3.291994650790707e-20,True,1.0155036871490442,0.0007742516289184294,-0.02457658590462679,False,0.07533738544090089,0.18070573268503304,0,False,
747,74.7,0.08421033041397852,0.35957095514476817,0.4437812855587467,927.2553513904274,1.0229669454940895,0.9959950703165499,91.55042597430223,1.9668577049966072,0.296187490345721,7.395570986446986e-32,2.220446116978289e-16,True,1.0094810079053196,0.0007274820505927783,-0.02705673574835153,False,0.08458057880278268,0.18070573268503304,0,False,
748,74.80000000000001,0.09968407880609442,0.3441134428021025,0.4437975216081969,887.3937862838975,1.016590217344279,0.9906098973508858,91.70292044789231,2.221987617871203,0.2888999586793173,1.20645338883179e-23,5.551115124561956e-17,True,1.0036000573475823,0.0006749770269591023,-0.02971719304334514,False,0.07995408692632502,0.18070573268503304,0,False,
749,74.9,0.11743965649704391,0.32637668486498295,0.44381634136202686,841.6545421147205,1.0103140843088823,0.9854619977528493,91.86564934189116,2.4684111133632687,0.2802885658714034,6.5775816881235275e-24,2.220446049252943e-16,True,0.9978880410308657,0.0006176262061885558,-0.03255596999475129,False,0.07680282050792828,0.18070573268503304,0,False,
750,75.00000000000001,0.1371553138430741,0.3066822040778991,0.4438375179209732,790.8667561676408,1.0041664995529207,0.9805770075713559,92.03847428452487,2.7050215762107035,0.27042011533629084,2.220446049465252e-16,2.2204461142712527e-16,True,0.9923717535621384,0.0005564641319483096,-0.035570582664551285,False,0.07517834835323604,0.18070573268503304,0,False,
751,75.10000000000001,0.1584697977310987,0.28539104257633574,0.44386084030743445,735.9614776484292,0.9981754225856853,0.9759795645660384,92.22122768268318,2.930649358205655,0.26924014495833926,1.1918871416366437e-21,3.885780625402581e-16,True,0.9870774935758618,0.0004926561132283215,-0.03875802631551108,False,0.07502152886839579,0.18070573268503304,0,False,
752,75.2,0.18098610246682734,0.26289999057684243,0.44388609304366977,677.9619422951522,0.992368758844081,0.9716931846514678,92.41371078766306,3.144013388248775,0.26789526980095735,4.440892098500641e-16,2.220446049401288e-16,True,0.9820309717477744,0.00042747936819425436,-0.042114741010358975,False,0.07616538111717132,0.18070573268503304,0,False,
753,75.30000000000001,0.20427552463819354,0.23963750268788964,0.4439130273260832,617.973041431338,0.986774284412413,0.9677401259267924,92.6156913284682,3.3436883839674474,0.2655838279411489,2.2204460492658453e-16,5.984948198418113e-20,True,0.9772572051696027,0.00036229918925572357,-0.045636569845192904,False,0.07456586873974264,0.18070573268503304,0,False,
754,75.4,0.22788240874416665,0.2160589196991255,0.44394132844329215,557.1689999988693,0.9814195478848395,0.9641412369475512,92.82690089309614,3.528092941235424,0.262008093640135,4.965068306688386e-16,3.3306690738758567e-16,True,0.9727803924161953,0.00029854002884561917,-0.04931871302099577,False,0.06499993986035424,0.18070573268503304,0,False,
755,75.50000000000001,0.2513300132187253,0.1926405717424126,0.44397058496113784,496.77816989179775,0.9763317425673831,0.9609157880776834,93.04703226707677,3.6955018002789464,0.25682487613784133,2.220446049850739e-16,1.1102232126697836e-16,True,0.9686237653225332,0.0002376516528284917,-0.05315568146248736,False,0.05587975204403232,0.18070573268503304,0,False,
756,75.60000000000001,0.27412789271121385,0.1698723727651277,0.4440002654763415,438.0639327123528,0.9715375441690706,0.9580812872791532,93.27573694923886,3.8440832868655535,0.24967090019817562,1.6181676783655422e-22,6.654620421424084e-20,True,0.9648094157241119,0.00018107084948745146,-0.05714125387957334,False,0.04721551996317034,0.18070573268503304,0,False,
757,75.70000000000002,0.29578107840350576,0.14824862989427118,0.44402970829777694,382.30099911828756,0.9670629117329744,0.9556532843176627,93.512623058825,3.9719604603307026,0.24019271936112796,9.484725337829925e-22,2.220446050810677e-16,True,0.9613580980253186,0.00013017959775623252,-0.06126844105974783,False,0.039008652914921865,0.18070573268503304,0,False,
758,75.80000000000001,0.3158011502219886,0.12825697793939855,0.4440581281613872,330.7468733106924,0.9629328526278875,0.9536451698315802,93.75725382805169,4.077292063244586,0.22807883492812664,2.2204460492503195e-16,2.2204460492512637e-16,True,0.9582890112297339,8.62610517248229e-05,-0.06552946082139557,False,0.031250575514295394,0.18070573268503304,0,False,
759,75.9,0.33371905086292997,0.11036559118548822,0.4440846420484182,284.60887502693265,0.9591711557175335,0.9520679777757812,94.00914684274147,4.158367190211833,0.2131416375707298,2.2204460492505704e-16,2.220446049261148e-16,True,0.9556195667466574,5.045513687219807e-05,-0.06991572649539207,False,0.023921799488632454,0.18070573268503304,0,False,
760,76.00000000000001,0.3490992203874743,0.09500909315807628,0.4441083135455506,245.00780388702012,0.9558001000571155,0.9509302011867845,94.26777415345856,4.213705927783106,0.20151174821188667,2.2204460492503165e-16,9.0654661269032e-22,True,0.95336515062195,2.3715915007250736e-05,-0.07441785108342955,False,0.016991851773622616,0.18070573268503304,0,False,
761,76.10000000000001,0.3615543688415255,0.08257384348883905,0.44412821233036454,212.93999741740728,0.9528401493281028,0.9502376318465889,94.53256333327171,4.26980264348209,0.18739450131753888,9.155133597044475e-16,1.1102230246278305e-16,True,0.9515388905873459,6.773097241585219e-06,-0.07902566841245298,False,0.010422830708345682,0.18070573268503304,0,False,
762,76.20000000000002,0.3707599931630823,0.0733834896083584,0.44414348277144067,189.24007200653404,0.9503096444210359,0.9499932341507877,94.80289950845018,4.419948164901504,0.1708201185246221,4.440892098500631e-16,2.220446049258115e-16,True,0.9501514392859118,1.0011545911854016e-07,-0.08372827171203433,False,0.004209001839279136,0.18070573268503304,0,False,
763,76.30000000000001,0.3764676201768462,0.06768579362366108,0.44415341380050727,174.5469522847833,0.9482245078790247,0.9501970623027262,95.07812833784668,4.543524787970475,0.15193489634539192,9.930136612989094e-16,1.895697469589641e-21,True,0.9492107850908754,3.89097095446427e-06,-0.08851406913545802,False,0.002293397253861524,0.18070573268503304,0,False,
764,76.4,0.3785157457223425,0.06564175580260974,0.4441575015249522,169.27582295440902,0.9465979741761039,0.9508462279442383,95.3575598685329,4.63827762873995,0.13099807644325523,2.220446049250313e-16,5.393322653881425e-22,True,0.9487221010601712,1.8047660078468337e-05,-0.09337085488155415,False,0.008030402963420669,0.18070573268503304,0,False,
765,76.50000000000001,0.37683755079103287,0.06731794588054535,0.4441554966715782,173.59835289592658,0.945440358985799,0.9519349226642653,95.64047315282247,4.702451891547275,0.108369927742201,9.155133597044477e-16,4.440892098500645e-16,True,0.9486876408250322,4.217935737365289e-05,-0.09828589381396868,False,0.013884008078826065,0.18070573268503304,0,False,
766,76.60000000000001,0.3714647002097702,0.07268273058666877,0.4441474307964389,187.43296677848463,0.9447588787653556,0.9534544967337393,95.92612147857177,4.734877677640242,0.10692963766321517,4.965068306494547e-16,4.44089209850122e-16,True,0.9491066877495474,7.561377185207739e-05,-0.1032460168789493,False,0.01979107689956344,0.18070573268503304,0,False,
767,76.70000000000002,0.3625268416312024,0.08160677630920932,0.44413361794041173,210.44614132409552,0.9445575293039291,0.9553935921705189,96.2137380435507,4.735022251746055,0.13061720685602163,3.04709706902246e-21,1.1102232525626416e-16,True,0.949975560737224,0.00011742025844868831,-0.1082377242446452,False,0.025826288795546597,0.18070573268503304,0,False,
768,76.80000000000001,0.3502467830015894,0.09386784858356402,0.4441146315851534,242.06478214452224,0.9448370285931112,0.9577383251215642,96.50254189760508,4.703006474699403,0.15212378122487902,2.220446049250313e-16,4.440892098515178e-16,True,0.9512876768573377,0.00016644345211507225,-0.11324729295764964,False,0.0320683842797912,0.18070573268503304,0,False,
769,76.9,0.3349316894596648,0.10915957039493507,0.44409125985459985,281.49880950042683,0.945594825752037,0.960472509819618,96.79174398354328,4.639584971609692,0.1711533913050327,1.110223025509932e-16,1.11022302467089e-16,True,0.9530336677858275,0.00022134548321475184,-0.11826088604029036,False,0.038588955831304686,0.18070573268503304,0,False,
770,77.0,0.31696096095435333,0.12710348349807365,0.444064444452427,327.7722618238247,0.9468251740676539,0.9635779142416213,97.08055312750979,4.546092359997116,0.18751888666282213,1.1102230246251743e-16,1.1102230246267155e-16,True,0.9552015441546375,0.0002806543033364626,-0.12326466030526245,False,0.04544839579945667,0.18070573268503304,0,False,
771,77.10000000000001,0.2967716926597863,0.14726351783564576,0.44403521049543204,379.7606092035574,0.9485192627736957,0.9670345362157727,97.36818185859639,4.424360316022948,0.20114715920829385,4.440892098500638e-16,2.220446049254638e-16,True,0.9577768994947342,0.0003428153506348834,-0.12824487068115362,False,0.052693954429907736,0.18070573268503304,0,False,
772,77.20000000000002,0.2748427570636809,0.1691618379688888,0.4440045950325697,436.2316178862113,0.9506653992392018,0.9708208881693946,97.6538519708755,4.276612255463816,0.21207643064094484,5.551115123125783e-16,2.2204460492785104e-16,True,0.9607431437042981,0.0004062437340151249,-0.13318796943993108,False,0.05403896250351346,0.18070573268503304,0,False,
773,77.30000000000001,0.25167857009108063,0.19229501154498335,0.443973581636064,495.88704523973905,0.9532492309722044,0.9749142789802376,97.93679977382283,4.105343829288651,0.22044626760319863,1.1102230246445645e-16,2.8706291946607254e-20,True,0.9640817549762211,0.000469374305190386,-0.13808069930575087,False,0.0519091434018182,0.18070573268503304,0,False,
774,77.4,0.22779351956371485,0.21614952760339098,0.44394304716710586,557.4026580930682,0.9562539954105508,0.9792910824186022,98.21628100472992,3.913198193040967,0.22648154151312916,1.110223024625187e-16,1.1102230246301057e-16,True,0.9677725389145765,0.0005307073778165308,-0.1429101799245245,False,0.05182091073802334,0.18070573268503304,0,False,
775,77.50000000000001,0.20369786129468537,0.24021586361821692,0.44391372491290226,619.4645085813062,0.959660784945597,0.9839269833183807,98.49157539611939,3.7028450560494495,0.23047193346378858,1.6653345372195938e-16,5.3871182720012705e-20,True,0.9717938841319889,0.0005888483834672881,-0.14766398753176146,False,0.05402184241297555,0.18070573268503304,0,False,
776,77.60000000000001,0.17988565382137622,0.26400053225337883,0.44388618607475505,680.8000001093205,0.9634488150085512,0.9887971947243348,98.76199090118456,3.476871855102026,0.23274877083947088,1.1102230246251565e-16,1.1513437641144467e-22,True,0.9761230048664431,0.0006425403542155454,-0.15233022785167152,False,0.05846396550088559,0.18070573268503304,0,False,
777,77.70000000000002,0.1568250392747057,0.28703580009542146,0.44386083937012716,740.2029498515938,0.9675956842743716,0.9938766416449601,99.02686758158083,3.237694095658556,0.23917775944347008,2.2887833993796944e-16,4.869491054260509e-20,True,0.9807361629596658,0.0006906887203146987,-0.15689760230557517,False,0.06486458981125098,0.18070573268503304,0,False,
778,77.80000000000001,0.13495091713312002,0.3088870294308078,0.44383794656392783,796.5525216003432,0.9720776179704878,0.9991401095113739,99.28558115664862,2.987490093172314,0.25020400248624197,3.469446951953614e-16,1.1102231157355767e-16,True,0.9856088637409308,0.0007323784484005397,-0.16135546753956925,False,0.07285085174183523,0.18070573268503304,0,False,
779,77.9,0.11465982757997528,0.3291578226700505,0.4438176502500258,848.8264921173698,0.9768696877327393,1.004562357837174,99.53754620424687,2.729966459815346,0.2593268858376838,1.899522206461866e-16,2.220446092372993e-16,True,0.9907160227849567,0.0007668839775130552,-0.16569388815009561,False,0.08207014097213969,0.18070573268503304,0,False,
780,78.00000000000001,0.0963066831804893,0.34749332607650546,0.44380000925699475,896.1097707326508,0.9819460042121937,1.0101182017550328,99.78221899372518,2.5696381553199292,0.2668308152700978,1.5265566591533596e-16,2.591542714164226e-23,True,0.9960321029836132,0.0007936727143927473,-0.1699036823412878,False,0.09223302923874956,0.18070573268503304,0,False,
781,78.10000000000001,0.0802028749864454,0.3635821616687866,0.443785036655232,937.5993813008266,0.9872798814754675,1.0157825659676256,100.01909992348521,2.402683171515486,0.2729827225577446,1.1443916996305594e-16,2.5956693588489342e-24,True,1.0015312237215466,0.0008124030232595094,-0.17397646012901283,False,0.09699283866665474,0.18070573268503304,0,False,
782,78.20000000000002,0.06661523738874875,0.37715749804860665,0.4437727354373554,972.6072236334902,0.9928439749361397,1.0215305171172488,100.24773553049619,2.2298326363098813,0.2780085462724802,1.5700924586837752e-16,1.425346901628679e-23,True,1.0071872460266942,0.0008229177023085522,-0.17790465363693106,False,0.08584720808932171,0.18070573268503304,0,False,
783,78.30000000000001,0.0557653834212104,0.3879977440299849,0.4437631274511953,1000.5618622181739,0.9986103969052657,1.0273372815962312,100.46772003754073,2.051677925437312,0.28207483222355,2.220446049250313e-16,5.551115123125976e-17,True,1.0129738392507484,0.0008252339040480289,-0.18168153901729572,False,0.07477606070059023,0.18070573268503304,0,False,
784,78.40000000000002,0.047829011234180374,0.39592726078549206,0.44375627201967244,1021.0103626887523,1.0045508156847345,1.0331782563495948,100.67869640566427,1.8687296739406927,0.28527681109458114,1.1443916996305594e-16,5.551115123128316e-17,True,1.0188645360171646,0.0008195303590200993,-0.18530124956910446,False,0.06396980547636716,0.18070573268503304,0,False,
785,78.50000000000001,0.04293492067664362,0.4008173511768325,0.4437522718534761,1033.6208430940112,1.0106365453140174,1.0390290202322345,100.88035686369487,1.6814812914714419,0.28763390412855916,2.775557570333671e-17,1.110223024656204e-16,True,1.0248327827731258,0.0008061326319815911,-0.1887587797077451,False,0.05372615133954191,0.18070573268503304,0,False,
786,78.60000000000001,0.04116364961159302,0.40258761572742746,0.4437512653390205,1038.1859706562611,1.0168386335249726,1.0448653529549443,101.07244289314066,1.490470643178931,0.2890931313663404,1.1102230246251568e-16,5.5511151231265e-17,True,1.0308519932399585,0.0007854970020063533,-0.19204997955190536,False,0.04454741133278791,0.18070573268503304,0,False,
787,78.7,0.042545822026155644,0.40120758400481676,0.4437534060309724,1034.6271687520193,1.0231279551141934,1.050663267584941,101.25474465479118,1.2963336706421178,0.2895403142551886,2.3042890323832872e-24,5.551115123126217e-17,True,1.0368956113495673,0.0007581934328617075,-0.19517154002709014,False,0.03729723721445256,0.18070573268503304,0,False,
788,78.80000000000001,0.04706047015600179,0.3966983619175818,0.4437588320735836,1022.9988649327823,1.0294753168191049,1.056399060987896,101.42709985274693,1.0998443480978992,0.2888182550467854,1.1102230248907727e-16,5.551115945453195e-17,True,1.0429371889035004,0.0007248880000665108,-0.19812096853743122,False,0.03326335278778549,0.18070573268503304,0,False,
789,78.90000000000002,0.054633725149598966,0.38913390492002903,0.443767630069628,1003.4917742432144,1.0358515779642339,1.062049384590977,101.58939204240502,1.000782960810986,0.28675026839908874,1.1102230246251565e-16,1.6653345651900091e-16,True,1.0489504812776054,0.0006863250720522301,-0.2008965554293962,False,0.033553235801489806,0.18070573268503304,0,False,
790,79.00000000000001,0.06513834151879161,0.37864145772158925,0.44377979924038086,976.4340331361284,1.0422277887898974,1.0675913355542772,101.74154840121209,1.136031718542739,0.28316664099725614,2.2204460492939514e-16,5.551115886977131e-17,True,1.0549095621720874,0.0006433095044688808,-0.20349733166448541,False,0.03794329699501655,0.18070573268503304,0,False,
791,79.10000000000001,0.07839451271013553,0.36540070946300773,0.44379522217314327,942.2890208554783,1.0485753457288585,1.0730025660695002,101.88353699468485,1.338119327040182,0.2779309749348393,2.465190328815662e-32,1.6653345643339664e-16,True,1.0607889558991794,0.00059668909357026,-0.2059230183325023,False,0.045100261597632384,0.18070573268503304,0,False,
792,79.2,0.09417234338247438,0.34964130436067886,0.44381364774315324,901.6489399290846,1.0548661602614164,1.0782614063148686,102.0153635848736,1.5330802225048465,0.270963128675059,2.0048646437787597e-21,1.1102230246272298e-16,True,1.0665637832881425,0.0005473375379015667,-0.2081739688662746,False,0.05376374802438829,0.18070573268503304,0,False,
793,79.30000000000001,0.11219617863401954,0.33163851126557137,0.4438346898995909,855.2236489021935,1.0610728356845043,1.0833469948494336,102.1370680432597,1.7196721620525983,0.2622557564791902,1.2957168250003426e-24,2.7755575615636393e-16,True,1.0722099152669688,0.0004961381665046068,-0.21025110504938077,False,0.06314285812355555,0.18070573268503304,0,False,
794,79.40000000000002,0.1321507772875683,0.31170706595191994,0.44385784323948824,803.8247829382059,1.0671688444758078,1.0882394091558616,102.24872044381861,1.896712499252526,0.25188229554732566,4.141903368843322e-23,1.3877788092361977e-16,True,1.0777041268158347,0.0004439686959363286,-0.21215584812080168,False,0.07278612907923734,0.18070573268503304,0,False,
795,79.50000000000001,0.15368909242384698,0.2901934208481385,0.44388251327198547,748.3457675589904,1.0731286981353612,1.0929197887794402,102.35041692323483,2.0631459668702585,0.23999553317379552,4.440892098502978e-16,1.6653345369383092e-16,True,1.083024243457401,0.0003916872688821435,-0.21389004645155954,False,0.07112871283561086,0.18070573268503304,0,False,
796,79.60000000000001,0.17644122775861848,0.26746682896701074,0.4439080567256292,689.7388260384843,1.0789281015318435,1.0973704440837972,102.44227540270559,2.218100330184551,0.22681734132726095,7.515009509154063e-22,2.7755584648145116e-17,True,1.0881492728078204,0.00034011999880360433,-0.21545590137682125,False,0.06838852650434674,0.18070573268503304,0,False,
797,79.7,0.20002400688126287,0.24390981888936628,0.4439338257706291,628.9904164555701,1.0845440848106758,1.1015749449449228,102.52443126845078,2.360924876203603,0.21262146867896048,2.2755749856363393e-21,1.3877788089083532e-16,True,1.0930595148777993,0.00029005019691228506,-0.21685589279707201,False,0.06590116798799805,0.18070573268503304,0,False,
798,79.80000000000001,0.2240505432830162,0.21990866660879443,0.44395920989181065,567.0966606522501,1.0899551076472267,1.1055181855239795,102.59703310556216,2.4912092749422743,0.19771215162682365,4.965068306515765e-16,2.775557562851562e-16,True,1.097736646585603,0.000242209392997873,-0.21809270610767864,False,0.06349996281456606,0.18070573268503304,0,False,
799,79.90000000000002,0.24813923416957806,0.19584443607155844,0.4439836702411365,505.04023973315435,1.0951411327746405,1.109186423326083,102.66023857241038,2.608782978253439,0.18240159465692596,7.909986566444025e-24,1.1102230594751075e-16,True,1.102163778050362,0.00019727018667444127,-0.2191691618817994,False,0.0625679230240922,0.18070573268503304,0,False,
800,80.00000000000001,0.27192170563650575,0.1720850575610931,0.44400676319759885,443.7699659406849,1.1000836679765449,1.1125672927914119,102.71421049130173,2.713697541474499,0.1669890897503783,4.5615156931029954e-21,1.1102230593994377e-16,True,1.1063254803839784,0.00015584088851836815,-0.22008814953108147,False,0.06293667312768683,0.18070573268503304,0,False,
801,80.10000000000001,0.2950493854889966,0.14897876652357897,0.4440281520125756,384.18386281204516,1.1047657778324327,1.115649795445336,102.7591132166575,2.8233262126935244,0.15174384356592352,4.965068306494546e-16,5.551115123204399e-17,True,1.1102077866388842,0.0001184618393979882,-0.22085256592239255,False,0.0643553781762286,0.18070573268503304,0,False,
802,80.2,0.31719854396311153,0.12684906335550708,0.4440476073186186,327.1161675667082,1.109172068230179,1.1184242699999647,102.79510932608774,2.9602188924582995,0.13689267976477515,2.2204460492503427e-16,5.551115131513917e-17,True,1.1137981691150718,8.560323758882349e-05,-0.22146525966047279,False,0.06653985068017548,0.18070573268503304,0,False,
803,80.30000000000001,0.33807379621224976,0.1059912023977155,0.4440649986099653,273.3282769850484,1.113288647898423,1.1208823466813045,102.82235666373728,3.0828317910555003,0.12261289859720081,2.2217001618923564e-23,2.2204460492510226e-16,True,1.1170854972898638,5.766426120513627e-05,-0.2219289814788268,False,0.06921615933941971,0.18070573268503304,0,False,
804,80.4,0.35741018554352477,0.0866700939143714,0.4440802794578962,223.5033370680778,1.1171030719326163,1.1230168904627502,102.8410057503899,3.1918616551799035,0.10902986412440319,2.2204460493315026e-16,1.1102230246252675e-16,True,1.1200599811976832,3.49732496073557e-05,-0.2222463409340392,False,0.07214625667788091,0.18070573268503304,0,False,
805,80.50000000000001,0.3749740539177324,0.06911941536002641,0.44409346927775883,178.24395118832152,1.1206042725349665,1.1248219378830155,102.85119756193714,3.2880800843595885,0.09621842917968504,9.217159246026763e-22,3.3306690856363163e-16,True,1.122713105208991,1.7788700988133425e-05,-0.2224197693867921,False,0.07046957115446313,0.18070573268503304,0,False,
806,80.60000000000001,0.3905629551719516,0.053541678919720934,0.44410463409167256,138.0723542610687,1.123782482049125,1.1262926318131479,102.85306166753004,3.3722871869611204,0.08420710260153186,6.710322277265129e-24,1.1102230246350333e-16,True,1.1250375569311364,6.300851837824587e-06,-0.22245148908545728,False,0.06690806415397321,0.18070573268503304,0,False,
807,80.70000000000002,0.40400488162103776,0.04010898651290673,0.4441138681339445,103.4323597354117,1.1266291529548869,1.1274251580203902,102.8467147113095,3.4452710547708034,0.07298386780968302,9.414873465804575e-24,1.1102230246301752e-16,True,1.1270271554876385,6.336240643070228e-07,-0.22234348804937987,False,0.06408590296731419,0.18070573268503304,0,False,
808,80.80000000000001,0.41515706411780884,0.02896421338123709,0.44412127749904595,74.69241180993953,1.1291368789056662,1.1282166867552623,102.83225921705427,3.507773763030513,0.06250270825970938,2.2204460492503693e-16,2.220446049251166e-16,True,1.1286767828304645,8.46753593664439e-07,-0.22209750037857884,False,0.06198166975228812,0.18070573268503304,0,False,
809,80.9,0.42390457805987714,0.020222388395686377,0.4441269664555635,52.149144944831086,1.1312993202368453,1.1286653219421237,102.80978269319708,3.5604638799909654,0.05384659957316673,3.6954402309529076e-22,2.83070435590162e-20,True,1.1299823210894846,6.937947016597795e-06,-0.22171499159097943,False,0.060565702972372376,0.18070573268503304,0,False,
810,81.00000000000001,0.4301589511043302,0.013972075505360426,0.44413102660969067,36.030946318120805,1.133111136718886,1.1287700599389796,102.77935701609427,3.6039149899170337,0.04701019583414068,2.2204460495697056e-16,9.575373063219331e-21,True,1.1309405983289327,1.8844947609040252e-05,-0.22119714860149742,False,0.059803642777351784,0.18070573268503304,0,False,
811,81.10000000000001,0.43385692857138825,0.010276600246504522,0.44413352881789275,26.50111872588537,1.1345679297237237,1.12853075928224,102.7410380717592,3.6385894805344376,0.04054199959710947,2.220446049250315e-16,1.1102230246283655e-16,True,1.1315493445029818,3.644742693952405e-05,-0.22054487400199793,False,0.05966090446543719,0.18070573268503304,0,False,
812,81.20000000000002,0.4349595136672124,0.00917500394314711,0.44413451761035955,23.66034125833708,1.135666195442082,1.12794812235896,102.69486564000745,3.6648267849239247,0.034375229348139635,6.0569356107413425e-24,1.6257091508327196e-22,True,1.131807158900521,5.956865211641064e-05,-0.21975878436928872,False,0.06010716622029599,0.18070573268503304,0,False,
813,81.30000000000001,0.43345136373226834,0.010682644135612063,0.4441340078678804,27.548217674471918,1.1364032903393224,1.1270236895489385,102.64086350961905,3.682835356245623,0.028435429079822105,2.2204460492835103e-16,3.3306690862603817e-16,True,1.1317134899441306,8.797691098697052e-05,-0.21883921241163523,False,0.06111994145470368,0.18070573268503304,0,False,
814,81.4,0.4293405910890693,0.014791392472988768,0.4441319835620581,38.14378672374391,1.136777409659793,1.1257598460362557,102.57903981821494,3.6926878486170187,0.028683804908806287,2.220446049255099e-16,3.330669074095528e-16,True,1.1312686278480242,0.00012138670819869082,-0.21778621285468683,False,0.06268659408732277,0.18070573268503304,0,False,
815,81.50000000000001,0.42265898689803705,0.02146941158932003,0.4441283984873571,55.364946758242965,1.1367875794650286,1.1241598411811102,102.50938761560134,3.6943192401333276,0.0371220222406512,2.220446049268266e-16,1.1102230622570573e-16,True,1.1304737103230695,0.00015945977416713812,-0.21659957205736843,False,0.06480458970521637,0.18070573268503304,0,False,
816,81.60000000000001,0.41346265719284747,0.030660521857770708,0.44412317905061816,79.06682272931278,1.1364336623935865,1.1222278200410818,102.43188565391812,3.6875279289417593,0.045958084503228136,4.440892098500626e-16,4.440892103449255e-16,True,1.1293307412173341,0.00020180595694420885,-0.21527882142984156,False,0.06748018051212414,0.18070573268503304,0,False,
817,81.70000000000002,0.40183303015919547,0.04228319914779514,0.44411622930699063,109.03918162109284,1.1357163770303984,1.1199688663085703,102.34649941162832,3.6719801274376156,0.05528783677803473,4.440892098680267e-16,1.1102230627760126e-16,True,1.1278426216694843,0.0002479840939340915,-0.21382325479225708,False,0.07072598959373083,0.18070573268503304,0,False,
818,81.8,0.387878161138562,0.056229277369068964,0.44410743850763096,145.00308659328175,1.134637330442013,1.1173890555632933,102.25318236084377,3.6472181393157275,0.06519297111838718,2.2204460492505305e-16,1.1102230247384601e-16,True,1.1260131930026531,0.00029750298629187364,-0.21223194985859842,False,0.07455806314287823,0.18070573268503304,0,False,
819,81.9,0.37173422582365,0.0723624655974202,0.4440966914210702,186.60707297117148,1.133199063045039,1.1144955173066853,102.15187748839678,3.612673293060327,0.07573629879853883,1.2400951988205376e-21,1.1102230632700814e-16,True,1.1238472901758623,0.0003498226231866992,-0.21050379404931985,False,0.07617477209080943,0.18070573268503304,0,False,
820,82.00000000000001,0.35356705281105993,0.09051682876326694,0.4440838815743269,233.42323027130482,1.1314051045095759,1.1112965037396414,102.0425190802278,3.567684382479413,0.0869563731350862,2.2204460492503136e-16,1.110223024629128e-16,True,1.1213508041246087,0.00040435582492460965,-0.20863751482598822,False,0.07164707674000835,0.18070573268503304,0,False,
821,82.10000000000001,0.33357350578165845,0.11049542152256597,0.4440689273042244,284.9436792515389,1.129260038849577,1.1078014626708075,101.92503477595609,3.511522386334234,0.09886166033440036,2.220446049250313e-16,1.1102230246273893e-16,True,1.1185307507601923,0.0004604704916200565,-0.20663171469881045,False,0.06679603636277506,0.18070573268503304,0,False,
822,82.20000000000002,0.31198248668812356,0.13206930341323186,0.4440517901013554,340.57803221347626,1.1267695762255145,1.1040211113210883,101.79934789598177,3.4434219615452926,0.11142464841805344,4.965068306495243e-16,1.110223029619182e-16,True,1.1153953437733013,0.0005174926555079142,-0.2044849109842643,False,0.06175210261823352,0.18070573268503304,0,False,
823,82.30000000000003,0.2890553001040763,0.15497719407731084,0.4440324941813871,399.65250389537823,1.1239406283087494,1.0999675071635173,101.66538003733307,3.3626196951019174,0.12457649285844719,2.2204460493159853e-16,5.551115910516955e-17,True,1.1119540677361335,0.000574710537443974,-0.20219558028823595,False,0.05670616894285349,0.18070573268503304,0,False,
824,82.4,0.2650851028506831,0.178926042734296,0.4440111455849791,461.41138002008694,1.120781383382147,1.0956541113701652,101.52305392710473,3.268398348327406,0.1382029942853653,2.22044604925184e-16,1.6653345378816318e-16,True,1.108217747376156,0.0006313797987641202,-0.19976220756626017,False,0.05193773558937884,0.18070573268503304,0,False,
825,82.50000000000001,0.24039517078182548,0.20359277771187384,0.4439879484936993,525.021528954613,1.117301376752267,1.0910958400141824,101.3722965142604,3.1601353649116595,0.15214284544189116,2.220446049250313e-16,5.551115451236114e-17,True,1.1041986083832247,0.0006867301557311057,-0.1971833394753887,False,0.04784646981505708,0.18070573268503304,0,False,
826,82.60000000000001,0.21533575443792508,0.22862746157488217,0.44396321601280725,589.5805381020452,1.1135115516207432,1.0863090979945824,101.2130422724299,3.0373528286491505,0.16618911674111003,2.220446049255844e-16,2.998124123582468e-20,True,1.099910324807663,0.0007399734832834291,-0.1944576415923585,False,0.04496275174852242,0.18070573268503304,0,False,
827,82.70000000000002,0.1902793729306953,0.25365799967270974,0.44393737260340504,654.1288562220337,1.1094243054145003,1.0813117908159355,101.04523667875824,2.8997650037793683,0.18009481349614154,3.1401849173675503e-16,1.9645150074324568e-20,True,1.095368048115218,0.0007903134770545182,-0.19158395894081806,False,0.043880785839600034,0.18070573268503304,0,False,
828,82.80000000000003,0.16561451159320217,0.27829643423377304,0.4439109458269752,717.6660245326127,1.105053516811726,1.0761233099516145,100.86883982740439,2.747318787029186,0.19358298885719605,1.415228600573033e-21,2.9942819719579365e-20,True,1.0905884133816701,0.0008369568689688358,-0.18856137915546617,False,0.04507048538895395,0.18070573268503304,0,False,
829,82.9,0.1417378368787512,0.3021467093162484,0.44388454619499956,779.1707008306611,1.100414549404002,1.070764488596785,100.68383013126378,2.5802220950952734,0.20636132530934748,2.2204460492515427e-16,1.110223038627033e-16,True,1.0855895190003935,0.0008791261058716652,-0.18538929751853603,False,0.048667288181489604,0.18070573268503304,0,False,
830,83.00000000000001,0.11904520625470294,0.32481362938990194,0.4438588356446049,837.6237617275631,1.095524229136426,1.0652575261645807,100.4902080619268,2.398955629883893,0.21814035360003858,2.4825341532472746e-16,1.6653345370124693e-16,True,1.0803908776505033,0.0009160733087859094,-0.18206748303454062,False,0.054449032984577796,0.18070573268503304,0,False,
831,83.10000000000001,0.09792190799470424,0.3459125792393628,0.44383448723406704,892.0333681674216,1.0904007943266523,1.059625881805987,100.28799987549904,2.2042647347849194,0.22865367913476076,3.330669073875492e-16,3.8149498535753443e-22,True,1.0750133380663196,0.0009470952406546038,-0.1785961446577919,False,0.05053463357389483,0.18070573268503304,0,False,
832,83.20000000000002,0.07873268789269083,0.3650794527347188,0.44381214062740965,941.4605695687047,1.0850638190552837,1.05389413936764,100.07726127017271,1.9971301373487071,0.2376779084399968,1.7256332301709633e-31,5.551115561401156e-17,True,1.0694789792114618,0.0009715489318303099,-0.17497599674507414,False,0.03918507484793049,0.18070573268503304,0,False,
833,83.30000000000003,0.06181218045877879,0.38198017882332724,0.44379235928210603,985.0438692869384,1.0795341128372336,1.048087848298769,99.85808091976448,1.7787190178659575,0.24504960753368282,1.2412670766652122e-16,5.551116036184398e-17,True,1.0638109805680012,0.0009888675534230932,-0.17120832276307257,False,0.028063306102154136,0.18070573268503304,0,False,
834,83.4,0.04745634301963353,0.39631925248596533,0.44377559550559886,1022.0212240966714,1.0738336014630978,1.0422333467994407,99.63058382537164,1.550320612146024,0.2506767346473019,2.775557561564004e-17,2.1083181487022824e-22,True,1.0580334741312694,0.0009985760948079839,-0.16729503622930628,False,0.018293548586498013,0.18070573268503304,0,False,
835,83.50000000000001,0.035915388765830336,0.40784677973311345,0.4437621684989438,1051.7482117058723,1.0679851954640889,1.0363575747010811,99.39493442475788,1.3132729161203944,0.2545426213359822,4.1633363424059656e-17,7.049128505641795e-21,True,1.052171385082585,0.001000306395128638,-0.16323873780510484,False,0.014050918919217366,0.18070573268503304,0,False,
836,83.60000000000001,0.02738854285091641,0.4163637154622528,0.4437522583131692,1073.711538051609,1.0620126535663197,1.0304878839886584,99.15133939642061,1.0688885163930655,0.25670164035013987,7.850462293447843e-17,5.551115123162415e-17,True,1.046250268777489,0.000993811096924637,-0.1590427673963017,False,0.019800736673195325,0.18070573268503304,0,False,
837,83.70000000000002,0.022020733076207222,0.4217251827311273,0.4437459158073345,1087.5375969844472,1.0559404486118644,1.0246518544258685,98.900050093327,0.9517836128793986,0.25726697755673184,5.551115123219297e-17,5.551115235099149e-17,True,1.0402961515188665,0.0009789761261359393,-0.15471125006628728,False,0.030495638391205875,0.18070573268503304,0,False,
838,83.80000000000001,0.019901111131965354,0.42384197477177954,0.4437430859037449,1092.9963436362318,1.0497936427069405,1.0188771204777252,98.64136454110177,1.1632499949314443,0.2563921363005235,1.144391699631862e-16,1.1102230275408488e-16,True,1.0343353815923328,0.0009558313467495682,-0.1502491345461159,False,0.04263254668625813,0.18070573268503304,0,False,
839,83.9,0.021063119164309807,0.4226805201689753,0.4437436393332851,1090.0012046228103,1.0435977769075049,1.0131912138121237,98.37562893808288,1.3714874973063662,0.2596813363242543,2.224778631027188e-16,1.1102230246446873e-16,True,1.028394495359814,0.0009245590792733811,-0.145662223156987,False,0.055279867180506474,0.18070573268503304,0,False,
840,84.00000000000001,0.02548569811982837,0.41826170893720266,0.44374740705703103,1078.6060507517318,1.0373787787650368,1.0076214233662677,98.10323860091562,1.5756577029605294,0.26310792530392524,6.938894016064067e-18,3.9485462156366397e-20,True,1.0225001010656523,0.0008855002003286533,-0.14095719205634255,False,0.06812351347155716,0.18070573268503304,0,False,
841,84.10000000000001,0.03309519312609188,0.4106590185812893,0.44375421170738116,1059.000364539822,1.0311628887819837,1.0021946725874142,97.82463830951504,1.775086264333821,0.2659930292537159,2.2377260456559117e-16,1.1102230246452244e-16,True,1.0166787806846989,0.0008391575494953165,-0.13614160088613309,False,0.07781658537016013,0.18070573268503304,0,False,
842,84.20000000000002,0.04376754594076182,0.3999963455443005,0.44376389148506235,1031.503647988582,1.024976604526075,0.9969374112883159,97.5403220189755,1.9692177158186523,0.2684748181402795,2.7755575615628914e-17,1.110223089138818e-16,True,1.0109570079071954,0.0007861963574243992,-0.13122389113613236,False,0.06893451469916703,0.18070573268503304,0,False,
843,84.30000000000001,0.05733046146961307,0.3864458521158047,0.44377631358541775,996.5598702285157,1.01884663905031,0.9918755178291202,97.25083192245619,2.1575572875374904,0.27064020603025096,8.455888848390178e-21,1.1102231194206144e-16,True,1.0053610784397151,0.0007274413799281105,-0.1262133728220883,False,0.06147551244949484,0.18070573268503304,0,False,
844,84.4,0.07356537312456224,0.3702260028798209,0.4437913760043831,954.732403945104,1.0127998885272225,0.9870342062041834,96.95675686690211,2.339605964176415,0.2725125467570121,1.1102230246251568e-16,2.220446049254008e-16,True,0.9999170473657029,0.0006638703855717699,-0.12112019939554351,False,0.05590415692252418,0.18070573268503304,0,False,
845,84.50000000000001,0.09220918663535516,0.351599811551826,0.44380899818718117,906.6995043524448,1.0068634027343089,0.9824379321465249,96.65873014108638,2.5271258766615996,0.2740444928797283,1.5719230524887859e-21,5.09881501985403e-20,True,0.9946506674404169,0.000596603613434701,-0.11595533112192652,False,0.052664532429889686,0.18070573268503304,0,False,
846,84.60000000000002,0.11295593184837927,0.3308731704195181,0.44382910226789735,853.2500011840266,1.0010643512691633,0.9781102925632332,96.35742667123196,2.7399060494962106,0.2751160558073382,1.1102230280184457e-16,1.1102231530959986e-16,True,0.9895873219161982,0.0005268888110752824,-0.11073048745689042,False,0.051993363682728506,0.18070573268503304,0,False,
847,84.7,0.13545857907731573,0.30839300848859874,0.4438515875659145,795.2785489509731,0.9954299781362398,0.974073913423307,96.05355967186485,2.9428176603008493,0.27553768416635793,1.1102230251828728e-16,2.220446049273534e-16,True,0.9847519457797733,0.0004560815000229749,-0.10545808919037387,False,0.0537581005541985,0.18070573268503304,0,False,
848,84.80000000000001,0.1593313674637875,0.28454493412776305,0.44387630159155056,733.7795478357729,0.989987537618709,0.970350322535995,95.74787680735575,3.1344900861133467,0.2750580826225264,1.1102230262510684e-16,5.951870770026334e-20,True,0.980168930077352,0.00038562021620476973,-0.10015119129112066,False,0.05749283752520671,0.18070573268503304,0,False,
849,84.9,0.18415303871817135,0.25974997240787046,0.4439030111260418,669.8387299990412,0.9847642051055854,0.9669598053576042,95.44115592215209,3.3133743150642223,0.2733764525515161,1.1102230246256262e-16,4.328612866105275e-21,True,0.9758620052315947,0.00031699665038591315,-0.09482340745801704,False,0.052585015029498965,0.18070573268503304,0,False,
850,85.00000000000001,0.20947136547172818,0.2344600115527308,0.44393137702445895,604.6214169656755,0.9797869577583462,0.9639212439079153,95.13420039505374,3.4777631465624848,0.27015877715827985,7.888609052210118e-31,4.84585829148012e-20,True,0.9718541008331307,0.00025172087598375475,-0.08948882736808206,False,0.04381308992823381,0.18070573268503304,0,False,
851,85.10000000000002,0.23480930752792406,0.20915162872698276,0.44396093625490685,539.3565976735716,0.9750824215376119,0.9612519409167599,94.82783416604202,3.6258312951601797,0.2650576430276641,2.220446049250322e-16,1.1102230246661226e-16,True,0.9681671812271859,0.00019128219420376313,-0.08416192751988032,False,0.03652694503664116,0.18070573268503304,0,False,
852,85.2,0.2596730230900821,0.18431807121945065,0.44399109430953276,475.3162496881509,0.9706766831190522,0.9589674333091275,94.52289647508839,3.755693504795458,0.2577348619074318,3.944304526105059e-31,2.220446098707351e-16,True,0.9648220582140898,0.0001371065311112246,-0.07885747643822946,False,0.031342967773878044,0.18070573268503304,0,False,
853,85.30000000000001,0.28356181081506726,0.16045931964155574,0.444021130456623,413.7897143505267,0.9665950675332413,0.957081300929997,94.22023634381655,3.865477426452834,0.2478858392994776,2.2204460492511434e-16,3.330669073908267e-16,True,0.9618381842316192,9.051175498100701e-05,-0.07359043487845561,False,0.028926959339028106,0.18070573268503304,0,False,
854,85.4,0.3059798719613329,0.13807034533829562,0.44405021729962857,356.05341519231933,0.9628618848572255,0.9556049778743516,93.92070682601006,3.953406816412679,0.23526427456762367,2.220446049463746e-16,2.220446063342048e-16,True,0.9592334313657885,5.2662698958083176e-05,-0.0683758516001836,False,0.02949872282004716,0.18070573268503304,0,False,
855,85.50000000000001,0.3264495746659164,0.11762788009191703,0.44407745475783345,303.3367398766346,0.9595001518183864,0.9545475748053974,93.62515905461275,4.017889641770947,0.21970543912394458,4.928722498040959e-21,1.1102230246870136e-16,True,0.9570238633118919,2.4528019069587167e-05,-0.06322875532139553,False,0.03249964975055673,0.18070573268503304,0,False,
856,85.60000000000002,0.3445256943262123,0.09957622261503281,0.44410191694124507,256.78543822834445,0.9565312965610964,0.9539157211184194,93.334436122884,4.1076485759161585,0.2011460563636729,2.220446049250435e-16,3.3306690738863534e-16,True,0.9552235088397578,6.841234896334918e-06,-0.05816404364492047,False,0.03701495130381161,0.18070573268503304,0,False,
857,85.7,0.35980991918238003,0.08431278942775211,0.44412270861013214,217.4243610862876,0.953974856868688,0.9537134356715631,93.0493668558719,4.28728735463224,0.17963877871608158,4.440892098503417e-16,3.330669175121997e-16,True,0.9538441462701255,6.834104230622178e-08,-0.053196370073965035,False,0.04229924300084426,0.18070573268503304,0,False,
858,85.80000000000001,0.37196477435449693,0.07217425188637665,0.4441390262408736,186.12171071297706,0.9518481836208208,0.9539420340274555,92.77075955345163,4.442646838268238,0.15535948363599772,1.5881773212094336e-21,1.1102230246525507e-16,True,0.9528951088241382,4.384209525364209e-06,-0.04834003066761664,False,0.04789418299001827,0.18070573268503304,0,False,
859,85.9,0.38072605481753885,0.06342416265982319,0.44415021747736205,163.55713216630667,0.9501661620176086,0.9546000787446607,92.4993958140615,4.571252943235054,0.12860610496681613,4.440892098500626e-16,5.551115123158554e-16,True,0.9523831203811346,1.9659617542432117e-05,-0.04360885236552557,False,0.053550390835023554,0.18070573268503304,0,False,
860,86.00000000000001,0.3859128857771912,0.05824294646562948,0.4441558322428207,150.19590158292272,0.948940962987115,0.955683377289671,92.23602457393471,4.671041385857736,0.09978844262268183,6.910267307429093e-24,1.1102230247452993e-16,True,0.952312170138393,4.54601506273111e-05,-0.03901608544570468,False,0.048011873928236505,0.18070573268503304,0,False,
861,86.10000000000002,0.3874346545556442,0.05672100468672272,0.4441556592423669,146.27114448337394,0.9481818361573835,0.957185029725528,91.98135651483395,4.740450655112448,0.1088558086892184,4.440892098500626e-16,1.1102230246306127e-16,True,0.9526834329414557,8.105749442547843e-05,-0.034574302879405286,False,0.04268780910401323,0.18070573268503304,0,False,
862,86.2,0.3852942744665391,0.05885546859279548,0.4441497430593346,151.77546303562974,0.9478949538529003,0.9590955256395272,91.73605899970642,4.778488622397685,0.13256445057460375,2.220446049838851e-16,1.110223024818688e-16,True,0.9534952397462138,0.00012545280834738053,-0.03029530943707228,False,0.03776284300633716,0.18070573268503304,0,False,
863,86.30000000000001,0.379587526735953,0.0645508526528261,0.4441383793887791,166.4626208060923,0.9480833128957254,0.9614028870078559,91.50075168776887,4.784767383243442,0.15485455589685504,4.965068306494546e-16,1.1102230247035885e-16,True,0.9547430999517907,0.00017741105452853627,-0.026190063236433803,False,0.03345928769194823,0.18070573268503304,0,False,
864,86.4,0.3704985474569342,0.0736235413542903,0.4441220888112245,189.8591132912684,0.9487466977644329,0.9640928510917316,91.27600295811325,4.759503628671218,0.17537619472269128,4.965068306494548e-16,1.1102230246376686e-16,True,0.9564197744280822,0.0002355044219449615,-0.022268612005761093,False,0.030161047936694482,0.18070573268503304,0,False,
865,86.50000000000001,0.3582918416935559,0.08580973071058949,0.4441015724041454,221.284647339579,0.9498817051642154,0.9671490852513606,91.06232723606732,4.703484901657593,0.19386539869514907,4.965068306494546e-16,2.2204461417948444e-16,True,0.9585153952077881,0.0002981624150739359,-0.01854004570016224,False,0.028410332019702667,0.18070573268503304,0,False,
866,86.60000000000002,0.34330147465873373,0.10077618023906909,0.4440776548978028,259.8798681660501,0.9514818265989352,0.9705534239589885,90.86018327306728,4.618005169191073,0.21015500584648006,4.7005825177120485e-24,2.2204460492919e-16,True,0.9610176252789618,0.0003637258258639905,-0.015012466324780267,False,0.028736398102666774,0.18070573268503304,0,False,
867,86.7,0.32591827588317135,0.1181329466829904,0.44405122256616175,304.6391968539863,0.9535375824220274,0.9742861174456773,90.66997338338972,4.504775878024319,0.2241774342293339,4.440892098500635e-16,2.2204460492560027e-16,True,0.9639118499338524,0.0004305017056276277,-0.01169297496952096,False,0.031340750167865146,0.18070573268503304,0,False,
868,86.80000000000001,0.30657597517809654,0.1374471881700653,0.44402316334816183,354.44642827991356,0.9560366983554783,0.9783260814075522,90.49204359441087,4.365820738685315,0.23595921614176874,4.567099633730031e-21,3.9396505048711062e-22,True,0.9671813898815153,0.0004968165968420766,-0.008587675228097827,False,0.03599150711527534,0.18070573268503304,0,False,
869,86.90000000000002,0.28573716441949837,0.15825715138755614,0.4439943158070545,408.1108009984705,0.9589643138156747,0.9826511380156278,90.32668462500037,4.203363653553028,0.24560799488067997,2.2204460494619797e-16,5.551120495169911e-17,True,0.9708077259156512,0.0005610656406794814,-0.005701691428461852,False,0.04225699629289061,0.18070573268503304,0,False,
870,87.00000000000001,0.2638798590435869,0.1800855726421722,0.4439654316857591,464.40155566356344,0.9623032106915759,0.9872382400180958,90.17413357194054,4.0197193472746084,0.25329348380428995,4.440892098500687e-16,2.22044604925065e-16,True,0.9747707253548359,0.0006217556875144085,-0.0030391994898886637,False,0.04974331899185501,0.18070573268503304,0,False,
871,87.10000000000002,0.24148524353041423,0.2024519108776408,0.44393715440805503,522.0794813222047,0.9660340514998852,0.9920636718173623,90.03457615843298,3.8171953931468345,0.2592244950315836,2.220446049250313e-16,1.1102231326036203e-16,True,0.9790488616586237,0.0006775411338720182,-0.0006034677707188269,False,0.058165597975407594,0.18070573268503304,0,False,
872,87.2,0.2190269598720338,0.22488305351166804,0.44391001338370184,579.9245234414427,0.9701356170063754,0.9971032238173549,89.9081493824437,3.5980126164177624,0.26362447867171257,2.220446049250314e-16,2.220446049441526e-16,True,0.9836194204118651,0.00072725181711159,0.0016030950097107937,False,0.06733037563483071,0.18070573268503304,0,False,
873,87.30000000000001,0.19696207219350303,0.2469223596297585,0.44388443182326154,636.7591043399564,0.9745850352774982,1.0023323388225556,89.79494439598237,3.3642485578096073,0.2667080404655371,3.1401849173675523e-16,1.1102230274845269e-16,True,0.9884586870500269,0.0007699128540215543,0.003578887799735708,False,0.077103710737262,0.18070573268503304,0,False,
874,87.40000000000002,0.1757236448290882,0.2681370994185943,0.4438607442476825,691.4673078700035,0.9793579964760097,1.0077262315961506,89.69500944940177,3.1178061073532484,0.2686606531717264,2.2204460495237476e-16,1.110223024627086e-16,True,0.9935421140360802,0.0008047567638315934,0.0053230641569078675,False,0.0873872631567626,0.18070573268503304,0,False,
875,87.50000000000001,0.15571472706294753,0.28812449204690194,0.44383921910984947,743.010449800024,0.9844289502730843,1.0132599846585728,89.60835274746447,2.8604068684587602,0.26962331394750183,7.5820656788389085e-22,1.1102230365733402e-16,True,0.9988444674658286,0.0008312285437372207,0.006835480832077841,False,0.09810341073334118,0.18070573268503304,0,False,
876,87.60000000000002,0.1373034567650342,0.30651662513781813,0.4438200819028523,790.4397640647726,0.9897712852532523,1.018908624893641,89.53494508622606,2.5936065286123533,0.26968331361698406,2.439414693168018e-23,5.551115123291726e-17,True,1.0043399550734466,0.000848984561319365,0.008116650324454073,False,0.09192239087040724,0.18070573268503304,0,False,
877,87.7,0.12081897845331602,0.32298455623772454,0.44380353469104056,832.906979562112,0.9953574919008474,1.0246471864519568,89.4747221713673,2.3188276663024903,0.27477886230986304,2.2204460492503545e-16,1.1102230246392658e-16,True,1.0100023391764021,0.0008578862068972885,0.009167699173353677,False,0.08085243238851662,0.18070573268503304,0,False,
878,87.80000000000001,0.10654791152329057,0.33724185748039776,0.44378976900368833,869.6734610715307,1.0011593124869362,1.0304507657804638,89.42758655837989,2.0374041176604814,0.2814235486420089,7.769158178899493e-22,1.1102231587220145e-16,True,1.0158050391337001,0.0008579892360469065,0.009990333047692791,False,0.0695607083846477,0.18070573268503304,0,False,
879,87.90000000000002,0.09473118783018464,0.34904778248868784,0.4437789703188725,900.1183760053401,1.0071478822913393,1.036294574389968,89.39340920081155,1.7506303168361246,0.2867738008243568,1.3877787807814802e-17,1.2763658086531632e-22,True,1.0217212283406538,0.0008495296602922674,0.010586808885655533,False,0.05812442462789371,0.18070573268503304,0,False,
880,88.00000000000001,0.08556118677158198,0.35821012701675187,0.44377131378833384,923.7460713833209,1.0132938670272194,1.0421539942630051,89.37203064120379,1.4598089395171936,0.290821377318931,2.438419731405863e-21,1.1102230246315411e-16,True,1.0277239306451125,0.0008329069440657321,0.010959913483843889,False,0.04664975023226067,0.18070573268503304,0,False,
881,88.10000000000001,0.0791792108864291,0.3645877413796206,0.4437669522660497,940.1925528425743,1.0195676010851202,1.0480046396962697,89.36326192588672,1.3768817023982243,0.29351821582306226,5.551115124523716e-17,4.3023182955080416e-20,True,1.0337861203906948,0.0008086651649720038,0.0111129471163341,False,0.035317086185884874,0.18070573268503304,0,False,
882,88.2,0.07567344636773354,0.3680925525737119,0.4437659989414454,949.2306992468793,1.0259392303456831,1.053822427982723,89.36688536423513,1.6267140015780057,0.2947892371474403,8.662079281170268e-25,7.349213294970258e-23,True,1.039880829164203,0.0007774727104662425,0.011049710069902534,False,0.02454451688749606,0.18070573268503304,0,False,
883,88.30000000000001,0.07507762385655381,0.36869088391599303,0.44376850777254684,950.7736657493084,1.0323788619544598,1.0595836598052482,89.38265528020207,1.8691316739444663,0.2945484703761989,1.1102230259778745e-16,1.1102230952918134e-16,True,1.045981260879854,0.0007401010261022575,0.01077448950164534,False,0.015732940563512446,0.18070573268503304,0,False,
884,88.40000000000002,0.07737062330450106,0.366403832003243,0.44377445530774406,944.875855888244,1.0388567217886702,1.0652651086847287,89.41029891476559,2.102797184085218,0.2927164828277391,6.6847501184272255e-25,3.6698206894797933e-23,True,1.0520609152366995,0.0006974028984519031,0.010292043831805226,False,0.01355301929477815,0.18070573268503304,0,False,
885,88.50000000000001,0.08247724725732741,0.36130648002589816,0.44378372728322557,931.7308928947491,1.045343318587889,1.0708441174489765,89.44951763004893,2.3263970418469135,0.2892369743793084,2.220446049250313e-16,2.3748320315169416e-20,True,1.0580937180184327,0.0006502907425536343,0.009607582018032431,False,0.020181134834139094,0.18070573268503304,0,False,
886,88.60000000000001,0.09027032234664034,0.35352579025132536,0.4437961125979657,911.6661848649343,1.0518096120891884,1.0762986985977363,89.49998853950846,2.5386964755103456,0.28409055241100034,1.1102230246251637e-16,2.220446049251732e-16,True,1.0640541553434624,0.000599715358023141,0.00872673551406876,False,0.030167574443051466,0.18070573268503304,0,False,
887,88.70000000000002,0.10057418961407816,0.343237116423446,0.44381130603752417,885.133930996513,1.0582271812004924,1.0816076347330372,89.5613666466474,2.7385920926983056,0.277304139650554,2.220446049308223e-16,8.699336971421515e-21,True,1.0699174079667648,0.0005466456073874871,0.007655521445225878,False,0.040981914408408066,0.18070573268503304,0,False,
888,88.80000000000001,0.11316952700369587,0.33065939268059336,0.4438289196842892,852.6987148534989,1.0645683874115404,1.0867505749563435,89.63328752249684,2.925156991005494,0.2689551195725175,1.1102230246918e-16,2.2204460541682327e-16,True,1.075659481183942,0.0004920494442728109,0.006400296443032165,False,0.05195155959105488,0.18070573268503304,0,False,
889,88.90000000000002,0.12779933111055541,0.3160491704957721,0.4438485016063275,815.0221269310281,1.0708065283565051,1.0917081233021724,89.71537049640436,3.0976740294381395,0.2591700792526511,1.1102230248252131e-16,2.2204460794399613e-16,True,1.0812573258293388,0.0004368766712727421,0.004967701553628865,False,0.06283436999492562,0.18070573268503304,0,False,
890,89.0,0.14417578807823506,0.29969377133982994,0.443869559418065,772.8451068617404,1.0769159767036744,1.0964619158268822,89.80722228260976,3.2556546871153587,0.24811872964964943,4.965068306494546e-16,2.220446049250768e-16,True,1.0866889462652782,0.0003820437362081449,0.0033645995447315682,False,0.07350941269647114,0.18070573268503304,0,False,
891,89.10000000000001,0.1619876988157205,0.2819038869990008,0.4438915858147213,726.9688612428217,1.0828723002809986,1.100994683803961,89.9084409228812,3.3988428055124573,0.2360041435136384,2.220446049251701e-16,2.2204460492565525e-16,True,1.0919334920424797,0.0003284207845533417,0.001598006675691612,False,0.08390010602713446,0.18070573268503304,0,False,
892,89.20000000000002,0.18090809813238828,0.26300598509529527,0.44391408322768355,678.2352791235228,1.0886523604235212,1.1052903014722784,90.01861989746253,3.527204227797394,0.2230507699025719,5.23691153334427e-16,2.220446050979276e-16,True,1.0969713309478997,0.00027682108234191834,-0.0003249785113844969,False,0.09395003056304327,0.18070573268503304,0,False,
893,89.30000000000001,0.2006017204812498,0.24333486475680902,0.4439365852380588,627.5077346966857,1.0942343867944502,1.1093338178171361,90.13735224466048,3.6409046764058965,0.20949174048483998,4.742874840267614e-16,2.2204460518663385e-16,True,1.101784102305793,0.0002279928172088512,-0.0023972466082447224,False,0.10361383193771455,0.18070573268503304,0,False,
894,89.40000000000002,0.22073201028234934,0.22322666286794923,0.4439586731502986,575.6530519379589,1.0995980282305309,1.11311147282635,90.264234533087,3.740279019650148,0.1955568114293551,3.330669074146508e-16,2.2204460504710423e-16,True,1.1063547505284403,0.00018261318484427398,-0.004611746252421974,False,0.10920356174738202,0.18070573268503304,0,False,
895,89.5,0.24096744204202403,0.20301254493441387,0.4439799869764379,523.5252347176793,1.1047243803616873,1.1166106994738991,90.39887054741537,3.825795356165566,0.1814619591107829,3.885780586188067e-16,3.593580522439704e-22,True,1.1106675399177932,0.00014128458203733221,-0.006961548110643129,False,0.10797404272876078,0.18070573268503304,0,False,
896,89.60000000000001,0.2609869932369373,0.18301323761513152,0.44400023085206886,471.9513673889345,1.1095959917586156,1.1198201132942451,90.54087457481458,3.8980171698626664,0.16740125405984907,8.326672690014089e-17,2.2204460822825037e-16,True,1.1147080525264303,0.00010453266117532438,-0.009439901964187258,False,0.10720545102913219,0.18070573268503304,0,False,
897,89.70000000000002,0.28048469070096327,0.16353448279085295,0.4440191734918162,421.7198918183827,1.114196851116068,1.122729491806139,90.68987421085168,3.9575663085867414,0.15354125394211326,4.518280359929335e-16,2.2204460492562276e-16,True,1.1184631714611035,7.280595714585498e-05,-0.012040285474677387,False,0.10679466305143417,0.18070573268503304,0,False,
898,89.80000000000001,0.29917322095148435,0.1448634237021813,0.44403664465366566,373.5712880215958,1.1185123584690972,1.125329746237317,90.84551263666958,4.005088862661137,0.1400178365335334,4.449557262059159e-16,1.9593352562260892e-20,True,1.121921052353207,4.6476775982273345e-05,-0.014756443782203914,False,0.10663466056368391,0.18070573268503304,0,False,
899,89.90000000000002,0.31678665144539053,0.1272658772812867,0.4440525287266772,328.19104009932863,1.1225292836810723,1.1276128880209073,91.00745035043228,4.041225294668114,0.1269351666305103,1.8735013541683102e-16,4.440892098502375e-16,True,1.1250710858509898,2.5843033083989375e-05,-0.017582419630161626,False,0.10661955994748039,0.18070573268503304,0,False,
900,90.0,0.3330823510156924,0.11098440551378802,0.4440667565294804,286.2046626989432,1.1262357154735247,1.1295719924206877,91.17536636307094,4.066585496515696,0.11436635980495025,4.924661403876695e-16,2.2883691247292683e-22,True,1.1279038539471062,1.1130743868171174e-05,-0.02051257418240115,False,0.1066484901219697,0.18070573268503304,0,False,
901,90.10000000000001,0.34784222393175424,0.09623707233129865,0.44407929626305287,248.17449531043613,1.1296210041377066,1.1312011614380415,91.34895888990907,4.081728884657451,0.10235535985079469,5.028663855329289e-16,4.440892115608194e-16,True,1.130411082787874,2.496897093801662e-06,-0.02354159907442385,False,0.1066282319834694,0.18070573268503304,0,False,
902,90.20000000000002,0.3608733850031005,0.08321675935383036,0.44409014435693084,214.5979377148014,1.1326757008275496,1.1324954878982636,91.52794558526799,4.087149216885328,0.09091956471504314,4.449557262054396e-16,2.7163800017183604e-22,True,1.1325855943629066,3.247669988185883e-08,-0.026664520512047468,False,0.10647475213554476,0.18070573268503304,0,False,
903,90.30000000000001,0.3720084056371593,0.07209091109091341,0.44409931672807273,185.90679291309164,1.1353914960313682,1.13345102234123,91.712063376771,4.083263527573364,0.08005279672766275,4.475452091311813e-16,4.4408920985023015e-16,True,1.1344212591862992,3.7654381421188655e-06,-0.02987669640003947,False,0.10611387412521216,0.18070573268503304,0,False,
904,90.40000000000002,0.3811052557426957,0.0630015850281474,0.4441068407708431,162.46739628874806,1.1377611594955395,1.1340647440768519,91.90106796031866,4.070404421641877,0.06972829697687022,8.326672688158459e-17,2.220446083707773e-16,True,1.1359129517861957,1.3663486947511374e-05,-0.033173807558948824,False,0.10548135412847874,0.18070573268503304,0,False,
905,90.5,0.38804705660269256,0.05606569163069771,0.44411274823339025,144.58123452446037,1.1397784835584583,1.1343345375263996,92.094733016383,4.048814921760929,0.059901517264016935,2.775557561563919e-17,2.9320713983607544e-22,True,1.137056510542429,2.9636548399968505e-05,-0.03655184408430476,False,0.10452260115016748,0.18070573268503304,0,False,
906,90.60000000000001,0.3927417475780963,0.051375321445015415,0.44411706902311177,132.48578912641653,1.1414382315683476,1.134259174765821,92.29284920423933,4.018645109473485,0.05051257486842342,4.440892098500626e-16,2.2204460492550344e-16,True,1.1378487031670843,5.153885657390211e-05,-0.04000708783363177,False,0.103192235597742,0.18070573268503304,0,False,
907,90.70000000000002,0.3951217563344449,0.04899806958814836,0.44411982592259325,126.35537321171807,1.1427360928154704,1.133838305018496,92.49522298389134,3.9799499210393208,0.041488321624763014,5.551115127900404e-17,2.220446049406958e-16,True,1.1382871989169832,7.917062767998792e-05,-0.043536091908510446,False,0.10145363496226104,0.18070573268503304,0,False,
908,90.80000000000001,0.3951437490860914,0.048977281101679135,0.44412103018777055,126.30176422286597,1.1436686452107914,1.1330724517078938,92.70167530656164,3.932687638598445,0.047262282440875936,5.624736913875377e-23,4.440892098512275e-16,True,1.1383705484593425,0.0001122793167508479,-0.04713565784535307,False,0.09927858210787421,0.18070573268503304,0,False,
909,90.90000000000002,0.39278852430925415,0.051332153725948265,0.4441206780352024,132.3744689601472,1.144233326784294,1.1319630175652955,92.9120402044559,3.876718846026659,0.055968792571786,2.7755575615628943e-16,3.820212145886556e-21,True,1.1380981721747947,0.00015056048832983736,-0.050802811052630896,False,0.09664711542398635,0.18070573268503304,0,False,
910,91.00000000000003,0.38806110004629213,0.05605764805315963,0.44411874809945173,144.56049188601924,1.144428416945599,1.1305122981792723,93.12616329974843,3.811805886870921,0.06491295915573803,4.47545209131185e-16,2.512406624736856e-20,True,1.1374703575624356,0.0001936583615185133,-0.05453477484596679,False,0.09354768412711698,0.18070573268503304,0,False,
911,91.10000000000001,0.3809910303452595,0.06312416969815243,0.44411520004341193,162.7835155126015,1.1442530283302053,1.1287235042533819,93.34390024203687,3.7376131603656995,0.07419272650522135,1.6653345369377558e-16,4.440892098503775e-16,True,1.1364882662917937,0.0002411661180526445,-0.05832894324732887,False,0.08997774124431764,0.18070573268503304,0,False,
912,91.20000000000002,0.3716329692058724,0.07247700541648691,0.44410997462235935,186.90244627276127,1.1437071099249139,1.1266007926849675,93.56511507354082,3.663810074622234,0.0839042519695048,1.1102230248484993e-16,4.658859360083853e-22,True,1.1351539513049407,0.00029262608951368665,-0.062182852542263675,False,0.08594497127890591,0.18070573268503304,0,False,
913,91.30000000000001,0.36006747908694337,0.08403551653082655,0.4441029956177699,216.70933454203785,1.1427914620005428,1.1241493063679053,93.78967851279373,3.653440035226106,0.09413944383629413,1.6653345369377494e-16,4.0873352327117676e-22,True,1.133470384184224,0.00034752996663147773,-0.06609415144231935,False,0.08146946883336557,0.18070573268503304,0,False,
914,91.40000000000002,0.34640205406820823,0.0976921200791089,0.4440941741473171,251.92674724119186,1.1415077631514141,1.1213752223324793,94.01746614129253,3.633766583212416,0.10498223510428772,1.1102230246251878e-16,2.2204460492523054e-16,True,1.1314414927419467,0.0004053191998260753,-0.07006056959241362,False,0.07658739427410491,0.18070573268503304,0,False,
915,91.50000000000001,0.33077229401625274,0.11331112187434977,0.4440834158906025,292.2047585510398,1.1398586094214698,1.11828580744568,94.2483564744028,3.604288972256272,0.1165033634067143,4.57756679852224e-16,2.2204460492539966e-16,True,1.129072208433575,0.00046538578508663607,-0.07407988411015821,False,0.07135699278089622,0.18070573268503304,0,False,
916,91.60000000000001,0.313343125244546,0.1307275064632824,0.4440706317078284,337.1178294787502,1.1378475650609485,1.1148894803902865,94.48222889868829,3.564400885838988,0.1287535440113574,1.1102230248493732e-16,1.2120948242908556e-22,True,1.1263685227256175,0.0005270736517452888,-0.07814988386206043,False,0.06586845724976337,0.18070573268503304,0,False,
917,91.70000000000002,0.29430991617037083,0.14974583575580655,0.4440557519261774,386.1619676625429,1.1354792238864342,1.111195878016423,94.71896146364077,3.513407303067876,0.1417551071765284,2.2204460492503146e-16,4.440892098501895e-16,True,1.1233375509514287,0.0005896808866425866,-0.08226833128543368,False,0.06025998965376781,0.18070573268503304,0,False,
918,91.80000000000001,0.2738992862637577,0.1701394579194024,0.44403874418316014,438.7526872823054,1.132759279503762,1.1072159234258359,94.95842852724878,3.4505496011621646,0.1554924355045384,3.330669073885608e-16,2.2204460500211135e-16,True,1.119987601464799,0.0006524630397237257,-0.08643292176703646,False,0.05474325371052,0.18070573268503304,0,False,
919,91.9,0.2523693585381832,0.19165027558183576,0.444019634120019,494.22441130474346,1.1296946018093934,1.1029618923394513,95.20049827230689,3.3750398032472724,0.1699018813063451,7.519663167266904e-22,1.110223096299508e-16,True,1.1163282470744225,0.0007146377556043324,-0.09064124089538353,False,0.049640302197009815,0.18070573268503304,0,False,
920,92.00000000000001,0.2300091681409775,0.21398935927949825,0.44399852742047574,551.8320534333366,1.1262933162493554,1.0984474734730298,95.44503013352895,3.286104201848588,0.1848622490152554,3.3306690738754696e-16,3.33066907387549e-16,True,1.1123703948611925,0.0007753909599238398,-0.09489072030746194,False,0.04542421655486407,0.18070573268503304,0,False,
921,92.10000000000001,0.20713692308671972,0.23683870767671675,0.4439756307634365,610.7555573314055,1.1225648813570754,1.0936878178955165,95.69187220314018,3.183035543003944,0.20018734303987618,4.577566798522237e-16,2.220446049250501e-16,True,1.1081263496262959,0.0008338847941629023,-0.09917859332975477,False,0.042723396589251464,0.18070573268503304,0,False,
922,92.20000000000002,0.18409683025377999,0.2598544381097225,0.44395126836350246,670.1081243416406,1.1185201592215483,1.088699571792868,95.94085871222383,3.065251557798534,0.21562241551702765,1.1102230246252665e-16,3.9705263454411536e-20,True,1.1036098655072082,0.000889267434591567,-0.10350185212450204,False,0.04220265761364275,0.18070573268503304,0,False,
923,92.30000000000001,0.16125426222543737,0.28267162794250456,0.44392589016794193,728.9486982907245,1.1141714729003895,1.0835008868530127,96.1918077128907,2.93235598689321,0.2308464737284539,2.220446049250313e-16,2.2204460492503303e-16,True,1.098836179876701,0.0009406848484895459,-0.10785720852832488,False,0.04428858464149062,0.18070573268503304,0,False,
924,92.4,0.13898915612140383,0.3049109116634684,0.44390006778487223,786.2989779679338,1.109532644557736,1.0781114027770842,96.44451910732053,2.7841965913858826,0.2454821745718634,1.1102230248612303e-16,1.1102230246251748e-16,True,1.09382202366741,0.0009872944350381824,-0.11224106112448502,False,0.048952852065414804,0.18070573268503304,0,False,
925,92.50000000000001,0.11768770362280234,0.3261867715186693,0.44387447514147166,841.1647968665292,1.104619008443953,1.0725521973366448,96.69877317822711,2.620913337541696,0.2591143193197385,2.2204460493681157e-16,5.551115123129463e-17,True,1.088585602890299,0.0010282803745917946,-0.11664947122391063,False,0.05580355051361775,0.18070573268503304,0,False,
926,92.60000000000001,0.0977325990638489,0.3461172538035382,0.4438498528673871,892.5611793885719,1.099447393874566,1.0668457010029713,96.95432976597415,2.442969417856582,0.2713167293274701,5.551115123125783e-17,1.1102230246253032e-16,True,1.0831465474387687,0.001062870378093785,-0.1210781502518155,False,0.06434643494673985,0.18070573268503304,0,False,
927,92.70000000000002,0.07949233273586476,0.36433462558719704,0.4438269583230618,939.5398222210154,1.0940360751597298,1.0610155754379316,97.2109282067635,2.251158434590128,0.28168564777515426,1.57009245957911e-16,3.897044768884689e-20,True,1.0775258252988307,0.0010903534018772759,-0.1255224604845931,False,0.07251236132768557,0.18070573268503304,0,False,
928,92.80000000000003,0.06331021037227913,0.38049629614409236,0.4438065065163715,981.2172583344433,1.0884046879091311,1.0550865578909665,97.46828809352742,2.04658315783077,0.2898760776379298,1.1102230248668603e-16,5.551115123240857e-17,True,1.0717456229000488,0.0011100977879073236,-0.12997743014953891,False,0.06828001567884587,0.18070573268503304,0,False,
929,92.9,0.04949390316818114,0.39429520684262664,0.4437891100108078,1016.8016502479198,1.082574114070033,1.0490842764924995,97.72611085015791,1.8306046899004875,0.2956360872032717,1.2412670797046573e-16,8.326673585800665e-17,True,1.0658291952812662,0.0011215692209695703,-0.13443778265623557,False,0.057696676231017825,0.18070573268503304,0,False,
930,93.00000000000001,0.03830634803287092,0.4054688793358981,0.443775227368769,1045.6161233465564,1.0765663410916038,1.0430350441666865,97.98408202877933,1.6047651375592893,0.2988335778626223,6.206335383118183e-17,3.4289516103890796e-23,True,1.0598006926291452,0.0011243478734669682,-0.13889797831951442,False,0.04707520719661562,0.18070573268503304,0,False,
931,93.10000000000001,0.029958706278881753,0.4138064227256328,0.44376512900451454,1067.1168358344955,1.0704043033051378,1.036965640967705,98.24187416070363,1.370691188737728,0.2994706491159662,5.928593551829161e-17,3.173224510732729e-21,True,1.0536849721364214,0.001118144138916844,-0.14335226556610625,False,0.03809578055193564,0.18070573268503304,0,False,
932,93.20000000000002,0.02460585946384608,0.4191530269963972,0.4437588864602433,1080.9045663252334,1.0641117155268491,1.0309030956954628,98.49914992756659,1.1299893520069841,0.29768252661039474,1.7554167342884342e-16,1.1102230247009182e-16,True,1.047507405611156,0.0011028124311055463,-0.14779473751733319,False,0.0323583235011173,0.18070573268503304,0,False,
933,93.30000000000003,0.022344611109264,0.42141177559975623,0.44375638670902023,1086.729388102251,1.0577129096872238,1.0248744774424345,98.75556538132983,0.9221560414229398,0.2937206687480449,1.1102230246251967e-16,1.1102230246352712e-16,True,1.0412936935648291,0.0010783626322956122,-0.15221938920475397,False,0.03179146090068757,0.18070573268503304,0,False,
934,93.4,0.023214430292354038,0.4205429380203937,0.44375736831274776,1084.4888448007805,1.0512326848098894,1.0189067062505217,99.01077293730678,1.2100785153682023,0.2879224739452625,1.451106177971134e-22,7.683365867616762e-22,True,1.0350696955302054,0.0010449688898207,-0.15662017062213776,False,0.03666226446647085,0.18070573268503304,0,False,
935,93.50000000000001,0.027200280420351497,0.41656119198583275,0.44376147240618424,1074.2207870903412,1.0446961789637872,1.013026389523954,99.26442389396243,1.490750762947921,0.28067224757971876,2.775557561562896e-17,5.866171953796906e-23,True,1.0288612842438707,0.0010029755631633724,-0.16099103135582718,False,0.04520859865850953,0.18070573268503304,0,False,
936,93.60000000000001,0.03423687501265249,0.4095314244386941,0.4437682994513466,1056.0925442947275,1.0381287691540995,1.0072596876331603,99.51617029161069,1.7631099901823388,0.27235922723441774,2.4442833060167705e-23,1.110223024625418e-16,True,1.0226942283936298,0.0009529001939463866,-0.16532595356973595,False,0.0556853081667872,0.18070573268503304,0,False,
937,93.70000000000002,0.04421361965624948,0.39956384310797205,0.44377746276422153,1030.388318196682,1.0315560018889196,1.0016322087219653,99.76566599936758,2.026448336758419,0.26333834657608035,2.2247786310271853e-16,2.7724524487690403e-20,True,1.0165941053054426,0.0008954333974986585,-0.16961897147538002,False,0.06708948797978447,0.18070573268503304,0,False,
938,93.80000000000003,0.05697953599802874,0.3868090955694125,0.44378863156744125,997.4965961553353,1.0250035537871232,0.9961689295494941,100.01256700386313,2.2803465976366617,0.2578846853215051,2.7505956593025185e-21,2.220446049268877e-16,True,1.0105862416683087,0.0008314355549252652,-0.1738641768822533,False,0.07889808577235492,0.18070573268503304,0,False,
939,93.9,0.07234759787755696,0.37145396111874657,0.4438015589963035,957.8990413835184,1.0184972184576715,0.9908941366181819,100.2565309529914,2.524586021405163,0.25940963976204173,4.485803387559803e-16,1.110223115319266e-16,True,1.0046956775379268,0.0007619301270375585,-0.17805571180344557,False,0.0908204768253276,0.18070573268503304,0,False,
940,94.00000000000001,0.09009810708325539,0.3537179861879222,0.4438160932711776,912.1618164174138,1.012062913257761,0.985831380082963,100.49721607477714,2.7590492263874253,0.2610582586367213,6.245004513517944e-17,2.220446049251655e-16,True,0.998947146670362,0.0006880933327005271,-0.1821877502374062,False,0.09848995364031371,0.18070573268503304,0,False,
941,94.10000000000001,0.10998096016763981,0.3338512123983343,0.4438321725659741,860.9297242595762,1.0057266975824537,0.9810034320866338,100.73427964026907,2.983620787700264,0.26284874737376385,5.551115123153187e-17,2.177127845648276e-20,True,0.9933650648345438,0.0006112398567768005,-0.18625447207457088,False,0.08812778624621065,0.18070573268503304,0,False,
942,94.20000000000002,0.1317168771828583,0.31213292852287144,0.44384980570572974,804.9229899602739,0.9995147931032324,0.9764322411908343,100.96737616873246,3.198096592585623,0.2647004871346559,4.449557262054372e-16,4.440892098501141e-16,True,0.9879735171470334,0.0005328042027885561,-0.19025003256364595,False,0.07865105246980493,0.18070573268503304,0,False,
943,94.30000000000003,0.15499785584440828,0.28887118591902605,0.44386904176343434,744.9360110247864,0.9934535958398434,0.9721388753644529,101.19615558445061,3.4021091422133765,0.26643488143460314,1.9428902940611262e-16,2.2204461212813093e-16,True,0.9827962356021481,0.00045431730894403163,-0.19416853093908518,False,0.07026660773056645,0.18070573268503304,0,False,
944,94.4,0.17948726671664272,0.26440266539438845,0.44388993211103117,681.8370140884459,0.9875696700705803,0.9681434474077207,101.420261529813,3.595073970914276,0.2677822268142991,4.652682298944617e-16,5.009300005742149e-22,True,0.9778565587391506,0.00037737812694700184,-0.19800398170712002,False,0.06321527024213228,0.18070573268503304,0,False,
945,94.50000000000001,0.204820108658335,0.2390923800919875,0.4439124887503225,616.5672887225003,0.98188971481042,0.9644650185769649,101.6393300221932,3.776160461410322,0.2683942441151248,5.551115171545022e-17,6.148585653841095e-20,True,0.9731773666936925,0.00030362003882818453,-0.20175029176897033,False,0.05774951009561806,0.18070573268503304,0,False,
946,94.60000000000001,0.23060399404808418,0.2133326489175942,0.44393664296567836,550.1385401262233,0.9764404948744297,0.9611214783814397,101.85298861528581,3.944288609188077,0.26786196081107594,2.775557561565936e-16,2.2204460492563055e-16,True,0.9687809866279347,0.00023467226631250135,-0.2054012460783848,False,0.054077668605477865,0.18070573268503304,0,False,
947,94.70000000000002,0.25642142630860487,0.18754078222325188,0.44396220853185675,483.6269210076861,0.9712487303633669,0.9581294009049343,102.06085619140296,4.098151692413332,0.2657385424648142,4.577566798523036e-16,2.2204460741883086e-16,True,0.9646890656341506,0.00017211680543889843,-0.20895050392829348,False,0.05228009515915776,0.18070573268503304,0,False,
948,94.80000000000003,0.28183386477041217,0.16215498900975384,0.443988853780166,418.16247714839363,0.9663409407194239,0.9555038804176467,102.26254347151222,4.236263272660137,0.2615663859255859,3.330669073875485e-16,5.6443764239112695e-22,True,0.9609224105685352,0.00011744187598435586,-0.21239160727039033,False,0.047532466891519375,0.18070573268503304,0,False,
949,94.9,0.3063879428518974,0.13762814374507765,0.44401608659697506,354.913073382621,0.9617432422350783,0.9532583513417119,102.45765428603882,4.357025453002706,0.25490733117144204,5.551115123132579e-16,4.440892126558592e-16,True,0.9575007967883951,7.199337347233307e-05,-0.2157180017189887,False,0.04287437006355571,0.18070573268503304,0,False,
950,95.00000000000001,0.3296240183003596,0.11441923741547878,0.44404325571583836,295.06234771604085,0.9574811009440375,0.9514043996664023,102.64578760321895,4.458813883354896,0.24537431495181483,2.2204460492512395e-16,4.44089209850806e-16,True,0.95444275030522,3.692629841761272e-05,-0.21892307010407455,False,0.03933227181506907,0.18070573268503304,0,False,
951,95.10000000000002,0.35108699928224407,0.09298257106683226,0.44406957034907635,239.7818438173021,0.953579046013689,0.949951574527462,102.82654026499242,4.540073718919479,0.2326623005365276,2.220446049250313e-16,5.571305516160412e-20,True,0.9517653102705756,1.3158549383390699e-05,-0.2220001776511028,False,0.036815688085295666,0.18070573268503304,0,False,
952,95.20000000000002,0.3703391264580955,0.07375501185361254,0.4440941383117081,190.19814713786323,0.9500603518771606,0.9489072097329373,102.99951033547687,4.599419745108793,0.2165760116932125,8.950904182624041e-16,4.440892098501765e-16,True,0.9494837808050489,1.3297368047840286e-06,-0.2249427271175341,False,0.03514044241151662,0.18070573268503304,0,False,
953,95.30000000000001,0.3869741260870032,0.05714189441482709,0.4441160205018303,147.3565276244369,0.9469467001424665,0.9482762654269002,103.16430092684371,4.635733324990186,0.19705197521436357,8.899114524114747e-16,4.440892101616285e-16,True,0.9476114827846833,1.7677438455713489e-06,-0.22774422155616394,False,0.034052370600195184,0.18070573268503304,0,False,
954,95.4,0.40063191554409006,0.04350238170686914,0.4441342972509592,112.18318848829959,0.9442578345457431,0.9480611997677866,103.3205243350081,4.648248819673324,0.1773083577462633,2.2204460492503146e-16,2.220446049251119e-16,True,0.9461595171567648,1.4465587012249984e-05,-0.23039833185367736,False,0.03327152091201034,0.18070573268503304,0,False,
955,95.50000000000001,0.41101287418567667,0.03313526586981275,0.4441481400554894,85.44864972522102,0.9420112236545968,0.9482618794506756,103.46780629587374,4.636622730858465,0.15929108275182458,1.1102230246282163e-16,2.2204460499421293e-16,True,0.9451365515526362,3.907069788105429e-05,-0.23289896585666692,False,0.032534229033294594,0.18070573268503304,0,False,
956,95.60000000000002,0.4178906181148163,0.02626626282938258,0.4441568809441989,67.73498365508024,0.9402217465159765,0.9488755361752399,103.60579016424482,4.62118840403717,0.1386228569136181,3.885780586188049e-16,2.220446049252914e-16,True,0.9445486413456081,7.488807546677492e-05,-0.2352403357827897,False,0.03087096489666209,0.18070573268503304,0,False,
957,95.70000000000002,0.42112225531637315,0.023037816193547982,0.44416007150992115,59.40952138699803,0.9389014159026756,0.9498967738656806,103.73414082320019,4.70963302597643,0.11565192117275824,4.440892098500628e-16,4.440892098501361e-16,True,0.9443990948841781,0.0001208978967346173,-0.23741702074013438,False,0.028511168140608466,0.18070573268503304,0,False,
958,95.80000000000001,0.42065525129319736,0.02350227324957776,0.44415752454277513,60.607255198732794,0.9380591522570745,0.9513176287486999,103.85254815164762,4.76547269394919,0.09384967476407446,4.577566798522237e-16,4.440892098648124e-16,True,0.9446883905028871,0.0001757871988789826,-0.2394240215391307,False,0.026032319187970086,0.18070573268503304,0,False,
959,95.9,0.416530291768626,0.027619041380160157,0.44414933314878613,71.22350555182152,0.9377006189619892,0.9531276814896396,103.96072991041086,4.78776922275769,0.11599152965475845,1.2179396749561988e-22,2.2204460496314187e-16,True,0.9454141502258144,0.0002379942582320339,-0.2412568055502101,False,0.023403923221970477,0.18070573268503304,0,False,
960,96.00000000000001,0.4088798601294352,0.0352560048145116,0.4441358649439468,90.91757458480087,0.9378281263641334,0.9553142176929811,104.05843394965835,4.776305767803353,0.13623988711654356,6.10622663543839e-16,2.220446049467513e-16,True,0.9465711720285572,0.00030576338996080304,-0.24291134008653076,False,0.02069208676148226,0.18070573268503304,0,False,
961,96.10000000000002,0.39792261380823346,0.04619511816819458,0.444117731976428,119.12717063681008,0.9384406082705841,0.9578624304091555,104.14543968880113,4.731583675287413,0.1542714591568659,5.551115123125783e-16,4.440892098500626e-16,True,0.9481515193398697,0.00037720717518230465,-0.24438411360704662,False,0.01812571394816325,0.18070573268503304,0,False,
962,96.2,0.3839540011752067,0.060141738818867564,0.4440957399940743,155.09247441653872,0.9395336707043277,0.9607556560545725,104.22155886960591,4.654780877357436,0.1698602598267125,7.550332863779066e-16,1.1775534359513374e-21,True,0.9501446633794501,0.0004503726622060039,-0.245672144864594,False,0.015509744320464694,0.18070573268503304,0,False,
963,96.30000000000001,0.3673338655209417,0.07673695758499849,0.4440708231059402,197.88793714292697,0.9410997088290778,0.963975633510704,104.28663562958954,4.547675296767734,0.1828869508939719,3.885780586188048e-16,2.2271789069597284e-22,True,0.952537671169891,0.0005233079300394369,-0.24677298089034647,False,0.010708797468608469,0.18070573268503304,0,False,
964,96.4,0.34847199991413125,0.09557197152576252,0.44404397143989377,246.45934487260624,0.9431280844192733,0.9675027752364302,104.34054598171753,4.412539280267613,0.19334084738286972,5.134781488891751e-16,2.2204460494733034e-16,True,0.9553154298278518,0.0005941255524319944,-0.2476846853436077,False,0.005801478435447096,0.18070573268503304,0,False,
965,96.50000000000001,0.3278127234832813,0.11620343638508134,0.4440161598683626,299.66340911668476,0.9456053533161465,0.9713164390608036,104.383196815012,4.268343825257295,0.20131465562468254,1.1102230246251565e-16,2.2204461062922944e-16,True,0.9584608961884751,0.0006610599301691086,-0.24840581921612734,False,0.004622927781729685,0.18070573268503304,0,False,
966,96.60000000000002,0.3058195391406182,0.13816874609286808,0.4439882852334863,356.3071693539185,0.9485155301855662,0.9753951899098273,104.41452454725037,4.160430100233721,0.20699264821551644,4.579669976578771e-16,4.440892098502312e-16,True,0.9619553600476969,0.0007225161068920581,-0.24893541613787484,False,0.010177084303298792,0.18070573268503304,0,False,
967,96.7,0.28296081417063257,0.16100030373636978,0.4439611179070023,415.18479476443684,0.9518403767211564,0.9797170419844655,104.43449356537315,4.034507372758878,0.21063352734429008,2.7755575620018007e-16,2.220446060277529e-16,True,0.965778709352811,0.0007771084662025853,-0.2492729545862659,False,0.017526317394684594,0.18070573268503304,0,False,
968,96.80000000000001,0.2596972214277,0.18423804985122308,0.44393527127892307,475.1098919697286,0.9555596992766193,0.9842596737154276,104.44309458273003,3.8928106225914503,0.219239819696325,4.107112020112353e-22,4.440892098501077e-16,True,0.9699096864960235,0.0008236885327882458,-0.24941832917511025,False,0.025681389614580375,0.18070573268503304,0,False,
969,96.9,0.23647142233321006,0.20743976794918048,0.44391119028239057,534.9420807490512,0.9596516427331281,0.9890006100012364,104.44034302707706,3.7374971989878962,0.2331072335108635,2.288783399279012e-16,8.099065959845736e-21,True,0.9743261263671823,0.0008613618797044933,-0.24937182293084204,False,0.034464566755825536,0.18070573268503304,0,False,
970,97.00000000000001,0.21370019910488858,0.2301889586306571,0.4438891577355457,593.6072996644879,0.9640929690931888,0.9939173685998968,104.42627755197664,3.5705616715358297,0.24444934995322543,2.482534153247273e-16,7.378692350443382e-23,True,0.9790051688465428,0.0008894948059357251,-0.2491340820971912,False,0.04379822165788345,0.18070573268503304,0,False,
971,97.10000000000002,0.1917689860710874,0.2521003293645765,0.4438693154356639,650.1119630101306,0.9688593116530776,0.9989875699068628,104.40095873959766,3.3937725888086625,0.25357162583302584,4.002966042619843e-16,4.9264532796383373e-20,True,0.9839234407799702,0.0009077119454067815,-0.2487060945896112,False,0.050099588397512225,0.18070573268503304,0,False,
972,97.2,0.17102853505083537,0.2728231607092713,0.4438516957601067,703.5516415642375,0.9739253984084095,1.0041890115542569,104.36446803708161,3.2086337173657657,0.26081180903014456,3.1401849173675503e-16,2.22044607457628e-16,True,0.9890572049813333,0.0009158862806414982,-0.24808917278398748,False,0.04440763407095264,0.18070573268503304,0,False,
973,97.30000000000001,0.15179329472677372,0.2920429643085952,0.44383625903536894,753.1153382008882,0.9792652413428415,1.0094997111887762,104.31690694318286,3.0163703268787465,0.2665106335057046,3.1401849173675503e-16,3.1963554030858734e-20,True,0.9943824762658089,0.0009141231668647345,-0.24728494089555206,False,0.040579057111839865,0.18070573268503304,0,False,
974,97.40000000000002,0.13434099604282945,0.3094819359785558,0.44382293202138523,798.0866563019473,0.9848522912020079,1.0148979223518224,104.2583964377032,2.8179392979786755,0.2709850373654987,7.705696631422991e-22,1.1102230250844703e-16,True,0.9998751067769152,0.0009027399511907108,-0.2462953267974922,False,0.03949082118546473,0.18070573268503304,0,False,
975,97.50000000000001,0.11891291395214898,0.324898729393411,0.44381164334556,837.8432161426879,0.9906595600597277,1.020362129557144,104.18907662373694,2.614060358281169,0.27450549864882334,1.110223024625345e-16,1.1500304857547929e-20,True,1.0055108448084358,0.0008822426347488411,-0.24512255775046313,False,0.04162987134386017,0.18070573268503304,0,False,
976,97.60000000000002,0.10571431350666671,0.3380880389217134,0.4438023524283801,871.8555791166084,0.9966597162802865,1.025871029428214,104.10910653217395,2.405264612392874,0.27727865359917625,1.241267076829016e-16,1.1102230963063423e-16,True,1.0112653728542502,0.0008533008158262865,-0.2437691591673409,False,0.046754971888997195,0.18070573268503304,0,False,
977,97.7,0.09491467516648244,0.34888039407805355,0.443795069244536,899.6867176711487,1.0028251582513013,1.0314035051228208,104.01866401966865,2.191955677419117,0.2794359909806494,1.1102230246251565e-16,4.239153015521675e-20,True,1.017114331687061,0.0008167219099088884,-0.2422379552280994,False,0.05416071612058771,0.18070573268503304,0,False,
978,97.80000000000001,0.08664741862373182,0.35714244449494176,0.4437898631186736,920.9927501882431,1.0091280744256845,1.0369386012408441,103.91794567617704,1.9744781031818444,0.2810291171445318,1.140308571992564e-16,2.220446080881681e-16,True,1.0230333378332643,0.0007734254017367116,-0.24053206990068238,False,0.05848135910331735,0.18070573268503304,0,False,
979,97.90000000000002,0.08100899384895932,0.36277786584678484,0.44378685969574416,935.5252771653804,1.0155404977176827,1.0424555059831306,103.80716664749247,1.753187311744172,0.2820318233505955,8.326672684772149e-17,1.1102230292637398e-16,True,1.0289980018504066,0.000724417669929129,-0.2386549267370493,False,0.048813016042053535,0.18070573268503304,0,False,
980,98.00000000000001,0.07805736882915415,0.3657288574870993,0.4437862263162535,943.1352432965111,1.0220343621221109,1.0479335465022857,103.68656027368245,1.5285150621643362,0.28234889120579587,4.530743525831133e-24,1.4841098012926628e-22,True,1.0349839543121981,0.0006707677515583019,-0.2366102457283361,False,0.04060888723016902,0.18070573268503304,0,False,
981,98.10000000000002,0.07781010013048029,0.36597804716464305,0.44378814729512334,943.7778493210179,1.0285815685721347,1.0533522021652428,103.55637744776523,1.3010245336539543,0.2818311735188004,2.4825341532472736e-16,1.6653345369387902e-16,True,1.0409668853686886,0.0006135842886040184,-0.23440203555076955,False,0.035026149226549175,0.18070573268503304,0,False,
982,98.2,0.08024230750813555,0.3635504844729098,0.4437927919810453,937.5176926967456,1.0351540655631306,1.0586911388620321,103.41688561181951,1.1925185881442417,0.2802959524609179,2.220446049250313e-16,5.551115123142799e-17,True,1.0469226022125815,0.0005539938194778635,-0.23203457974045752,False,0.033452409438256545,0.18070573268503304,0,False,
983,98.30000000000001,0.08528496880736425,0.3585153109527017,0.443800279760066,924.5330744315899,1.0417239480456097,1.0639302656163279,103.26836733054793,1.2393344191069129,0.2775509364833676,1.9721522630525295e-31,1.665334550690754e-16,True,1.052827106830969,0.0004931205400515742,-0.22951241571142741,False,0.03639190124750117,0.18070573268503304,0,False,
984,98.40000000000002,0.09282398952241167,0.35098665753126274,0.4438106470536744,905.1183133839893,1.0482635756905987,1.0690498127056622,103.11111841427436,1.2819699569528102,0.27341962286042015,2.220446049251338e-16,5.645832688754168e-21,True,1.0586566941981306,0.0004320676492463979,-0.22684030606493089,False,0.042859402878185404,0.18070573268503304,0,False,
985,98.50000000000001,0.10270047144754724,0.3411233500698323,0.44382382151737954,879.6829869340588,1.0547457090823047,1.0740304284599507,102.9454456019581,1.3687238519793308,0.2677652947588558,4.930380657631324e-32,2.7755575695930447e-16,True,1.0643880687711276,0.0003719004014745542,-0.22402320228873937,False,0.051445850575934586,0.18070573268503304,0,False,
986,98.60000000000002,0.11471250558383073,0.329127102266821,0.44383960785065174,848.7472708735962,1.0611436599687212,1.0788532900889778,102.77166385602129,1.5512180900880228,0.2605108199808327,3.155443620884047e-29,5.551115522902373e-17,True,1.0699984750288496,0.0003136309989963003,-0.22106620164598606,False,0.06115197484524793,0.18070573268503304,0,False,
987,98.7,0.12861865715001608,0.31523903074526616,0.44385768789528224,812.9329525739716,1.0674314496863029,1.0835002225081067,102.59009335957421,1.7268158000686595,0.25165179501070245,2.220446049253828e-16,3.053113318128456e-16,True,1.0754658360972047,0.00025820545999874223,-0.21797449871936794,False,0.0713995104447322,0.18070573268503304,0,False,
988,98.80000000000001,0.14414311871201035,0.2997345166124081,0.44387763532441843,772.9501800649604,1.0735839685193131,1.087953818363043,102.40105633783384,1.8943428833987555,0.24126143383640541,1.7256332301709633e-31,1.6653345503226782e-16,True,1.080768893441178,0.0002064925845313445,-0.21475333362053228,False,0.07449009774616909,0.18070573268503304,0,False,
989,98.90000000000002,0.16098231283513798,0.28291662989699623,0.4438989427321342,729.5805050875556,1.0795771282227502,1.0921975523971,102.20487384493616,2.0527362400014115,0.22948679754294798,4.440892098501997e-16,8.3266729103714e-17,True,1.0858873403099252,0.00015927510634051081,-0.21140793922323026,False,0.06697107153419667,0.18070573268503304,0,False,
990,99.00000000000001,0.1788125613392555,0.26510849557326155,0.44392105691251704,683.6571967288081,1.085388000275407,1.0962158839533875,102.00186266253785,2.2010946010037937,0.21653724633196814,7.316702742916789e-22,1.665334574213856e-16,True,1.0908019421143973,0.00011724306494387625,-0.20794348988939335,False,0.0605444848044721,0.18070573268503304,0,False,
991,99.10000000000002,0.1972983308734153,0.24664508615700556,0.44394341703042084,636.0440763107729,1.0909949335528175,1.099994342650579,101.79233244749152,2.3419199518580185,0.20266708571820313,2.2204460492503387e-16,2.775557561564039e-16,True,1.0954946381016981,8.098936410887109e-05,-0.20436505402553662,False,0.05541553946339083,0.18070573268503304,0,False,
992,99.2,0.21610052840330551,0.22786496201187006,0.4439654904151756,587.6142174353741,1.0963776468243172,1.1035195939232012,101.57658324461907,2.5300749956180724,0.18815504376005387,2.2204460494970707e-16,5.551115176857157e-17,True,1.0999486203737592,5.100740836325829e-05,-0.20067755246692606,False,0.05176653049374419,0.18070573268503304,0,False,
993,99.30000000000001,0.23488435481667636,0.209102446908182,0.4439868017248584,539.229768451073,1.101517293521518,1.1067794829420996,101.35490345103213,2.7033583478772005,0.17328335225912816,4.9650683065682e-16,3.3306690738789406e-16,True,1.1041483882318088,2.7690637498080306e-05,-0.19688572420185887,False,0.049699937092500646,0.18070573268503304,0,False,
994,99.40000000000002,0.2533263166131021,0.19068063624995563,0.44400695286305775,491.7239221897578,1.1063964983190113,1.1097630571971702,101.127568285173,2.8616771988919747,0.16251726756699392,2.2204460492659064e-16,1.110223084833235e-16,True,1.1080797777580909,1.1333718680110127e-05,-0.19299410039534357,False,0.04918320036221386,0.18070573268503304,0,False,
995,99.50000000000001,0.27112012270749863,0.17290551011872843,0.4440256328262271,445.8857347861497,1.1109993669679277,1.1124605695439218,100.8948387812318,3.005175040853454,0.15174102480628937,1.7596539364619835e-22,1.8899820868848147e-21,True,1.1117299682559247,2.13511296809125e-06,-0.18900698712575464,False,0.050035764181184154,0.18070573268503304,0,False,
996,99.60000000000001,0.2879813316503159,0.15606128656861984,0.44404261821893576,402.44814283558054,1.1153114723534001,1.1148634646650524,100.65696130138357,3.1341906312773022,0.14107761972861899,4.965068306494546e-16,1.1102230424962578e-16,True,1.1150874685092262,2.007108888186859e-07,-0.18492845677039643,False,0.05197459059973401,0.18070573268503304,0,False,
997,99.70000000000002,0.3036507430143347,0.14040702323556417,0.4440577662498989,362.0791996827425,1.1193198208152346,1.1169643526275517,100.41416753661204,3.2492112217783085,0.1306867664103466,2.220446049265719e-16,1.1102230879312558e-16,True,1.1181420867213931,5.54823038318641e-06,-0.18076234760510637,False,0.05468724465924498,0.18070573268503304,0,False,
998,99.80000000000001,0.3178966306590272,0.12617437188439157,0.44407100254341875,325.3762848865917,1.1230128033628666,1.1187569735378406,100.1666749525885,3.350824330702924,0.12068998932914221,4.440892098500627e-16,1.110223024625421e-16,True,1.1208848884503535,1.81120874995802e-05,-0.1765122709346518,False,0.057889809301655444,0.18070573268503304,0,False,
999,99.90000000000002,0.3305159877931223,0.11356631834374233,0.4440823061368646,292.8628547863292,1.1263801365776902,1.120236157270644,99.91468762982502,3.439671482533909,0.11117054788145975,2.220446049422947e-16,1.1102230260016695e-16,True,1.1233081469241673,3.774848172541107e-05,-0.1721816249403165,False,0.06135347409063639,0.18070573268503304,0,False,
1000,100.00000000000001,0.34133499350054364,0.10275670023078293,0.44409169373132656,264.98719881825195,1.1294127978126882,1.1213977819547032,99.6583974459721,3.5164063376595864,0.10217572246599715,4.965068306494546e-16,3.330669073875696e-16,True,1.1254052898836957,6.424047920375152e-05,-0.16777361440027652,False,0.06490760773750469,0.18070573268503304,0,False,
