step,time_fs,O_x_A,O_y_A,O_z_A,H1_x_A,H1_y_A,H1_z_A,H2_x_A,H2_y_A,H2_z_A
0,0.0,0.0,0.0,0.0,0.0,0.0,0.9572,0.9266272064859951,0.0,-0.2399872084090341
1,0.10000000000000002,-0.00030443536051119174,1.3030401184523805e-19,-5.6396282186428995e-05,0.00040641128432171604,-8.339456758095235e-19,0.9588214875928546,0.931052800492168,-4.1697283790476173e-19,-0.240713572868257
2,0.20000000000000004,-0.0006329696881264134,2.6064832813976014e-19,-0.00013257974075323175,0.0008821436829956634,-1.6682755613707207e-18,0.9607668388263944,0.9357915727636488,-8.342011792372499e-19,-0.24144973843353262
3,0.30000000000000004,-0.0009840276806820072,3.910699922428271e-19,-0.00022840556376765186,0.0014284384417422278,-2.503353489325143e-18,0.9630259982626422,0.9408172788212682,-1.2519091448154793e-18,-0.2421879481253284
4,0.4000000000000001,-0.0013560141734045971,5.21602504163249e-19,-0.0003436449054011327,0.0020465766336546813,-3.3395186062144125e-18,0.9655874668098496,0.94610331909867,-1.670289302005779e-18,-0.24292033509833533
5,0.5000000000000001,-0.001747326672227888,6.522755871209017e-19,-0.0004779884331050024,0.002737856660875811,-4.1770811429644506e-18,0.9684384378565933,0.9516229603697364,-2.0895031705020957e-18,-0.24363900247470774
6,0.6000000000000001,-0.002156364912052135,7.831150316636525e-19,-0.0006310499892272335,0.0035035698947307706,-5.0163199659621544e-18,0.9715649244136044,0.9573495118173776,-2.509681247792574e-18,-0.24433609236862405
7,0.7000000000000001,-0.002581537488754771,9.14142762472008e-19,-0.0008023701107152436,0.004344974613758671,-5.857480635018861e-18,0.9749518732845249,0.9632564563589305,-2.9309259436544234e-18,-0.2450038441922363
8,0.8000000000000002,-0.0030212657697991346,1.0453759126869776e-18,-0.0009914192081871083,0.005263268418019713,-6.700766091346299e-18,0.9785832638402093,0.9693175403011266,-3.353306273955104e-18,-0.24563464297167822
9,0.9000000000000001,-0.0034739854169803953,1.1768280387459834e-18,-0.0011976002761510797,0.006259559335254969,-7.546345266256341e-18,0.982442190580287,0.9755068264029916,-3.776868412428288e-18,-0.24622105889195875
10,1.0000000000000002,-0.003938145954350347,1.3085081190871219e-18,-0.0014202510846650588,0.007334835897929174,-8.394343606747553e-18,0.986510930238843,0.9817987169408946,-4.201629481099472e-18,-0.24675587961657108
11,1.1,-0.004412208885152286,1.4404207234777327e-18,-0.0016586458843378534,0.008489936565086604,-9.244843156064115e-18,0.9907709956493395,0.9881679543986381,-4.627580115274515e-18,-0.24723213709059436
12,1.2000000000000002,-0.004894644905066329,1.572565916911127e-18,-0.0019119967362377771,0.009725518989507418,-1.0097880472362547e-17,0.9952031798564828,0.994589607968865,-5.054684638666179e-18,-0.24764313054421896
13,1.3000000000000003,-0.005383930776235957,1.7049391585885813e-18,-0.002179454650649921,0.011042029782143798,-1.0953445107288251e-17,0.9997875949809041,1.0010390541730965,-5.482881430590013e-18,-0.2479824472830452
14,1.4000000000000001,-0.005878546417243933,1.8375311588623494e-18,-0.002460110777948828,0.01243967558738119,-1.1811477467289784e-17,1.0045037110353932,1.0074919595985006,-5.912082546168949e-18,-0.24824398260275726
15,1.5000000000000002,-0.006376972726946264,1.9703280099888214e-18,-0.002752997935030666,0.013918396431406922,-1.267186935830011e-17,1.009330400186438,1.0139242730093634,-6.3421755283587026e-18,-0.2484219598230955
16,1.6000000000000003,-0.006877690592761394,2.1033109294788852e-18,-0.003057092765795794,0.015477842412796218,-1.3534461168396911e-17,1.0142459917853388,1.020312232916046,-6.7730218729370024e-18,-0.24851095102773896
17,1.7000000000000002,-0.007379181435364597,2.2364563614240762e-18,-0.003371318819104184,0.01711735483807449,-1.439904239558391e-17,1.0192283428132463,1.0266323950848237,-7.204458163912835e-18,-0.24850589865596295
18,1.8000000000000003,-0.007879929513102544,2.3697359222361295e-18,-0.0036945507796934955,0.018835952837884803,-1.5265350812377562e-17,1.0242549271888477,1.0328616824974435,-7.636296164162571e-18,-0.2484021376570918
19,1.9000000000000004,-0.008378426056496226,2.503116637513276e-18,-0.004025620007582926,0.020632326314487553,-1.613307450789292e-17,1.0293029457312335,1.0389774580265505,-8.068324434691859e-18,-0.24819541753181584
20,2.0000000000000004,-0.008873175136875008,2.6365610890580175e-18,-0.004363321434925183,0.022504835768659318,-1.7001853144315168e-17,1.0343494565819187,1.0449576177558908,-8.500309394269686e-18,-0.2478819232872145
21,2.1,-0.009362701009266257,2.7700277177172805e-18,-0.004706421746409089,0.02445151915447915,-1.787128083726067e-17,1.0393715237681733,1.0507807006720429,-8.931997293014736e-18,-0.24745829416054155
22,2.2,-0.009845556526809475,2.9034711888011114e-18,-0.005053668644413031,0.026470105455130025,-1.8740909725844144e-17,1.0443463795837369,1.056426008642398,-9.363116438540441e-18,-0.2469216389432033
23,2.3000000000000003,-0.010320332120390008,3.0368428354446017e-18,-0.005403800889295742,0.028558034217369646,-1.9610254285513308e-17,1.0492515948325656,1.0618737294056495,-9.793379708147693e-18,-0.2462695468647715
24,2.4000000000000004,-0.01078566478683646,3.1700911439969278e-18,-0.005755558723574146,0.030712479886762536,-2.047879660298921e-17,1.0540652499483467,1.067105054897444,-1.0222487594828157e-17,-0.24550009325969926
25,2.5000000000000004,-0.011240246538298098,3.3031623059524336e-18,-0.006107694247306709,0.032930379502350365,-2.1345991755210235e-17,1.0587660997049033,1.0721022876644302,-1.0650130983042226e-17,-0.2446118395993935
26,2.6000000000000005,-0.011682831831532918,3.4360008550708616e-18,-0.006458981315485098,0.035208462171892475,-2.2211274353475024e-17,1.0633337246945755,1.0768489293068562,-1.1075994851060195e-17,-0.24360382787896054
27,2.7,-0.012112243607359366,3.568549945822356e-18,-0.006808224574200875,0.03754327876606359,-2.3074062240006108e-17,1.0677486638803015,1.0813297466426923,-1.1499759055155003e-17,-0.24247556974703413
28,2.8000000000000003,-0.012527377709923872,3.700752134078743e-18,-0.007154267332045578,0.03993123042614273,-2.3933764340300565e-17,1.0719925241353188,1.0855308133426624,-1.1921102999393966e-17,-0.241227031110427
29,2.900000000000001,-0.012927205602837742,3.832549764200646e-18,-0.007495998063721997,0.042368594739543325,-2.478978509306694e-17,1.0760480645330974,1.0894395268653025,-1.2339707109309918e-17,-0.23985861319859159
30,3.0000000000000004,-0.013310775436282929,3.96388541582147e-18,-0.007832355449963274,0.04485154875568557,-2.564152965617263e-17,1.0798992549968536,1.0930446023782174,-1.2755255038366995e-17,-0.238371131219417
31,3.1,-0.013677211631984541,4.094702236829092e-18,-0.008162331958679917,0.04737618834553958,-2.6488407564581975e-17,1.0835313105588547,1.0963360468112107,-1.3167434730291128e-17,-0.23676579177848406
32,3.2000000000000006,-0.014025713233562494,4.224944270086825e-18,-0.008484976057119493,0.04993854371361997,-2.7329836990593718e-17,1.0869307037757854,1.0993051171610329,-1.3575940057271974e-17,-0.23504417018297952
33,3.3000000000000007,-0.014355551316209537,4.3545566656027645e-18,-0.008799393208150843,0.0525345911254254,-2.816524707965504e-17,1.0900851587317517,1.101944267650289,-1.3980471095201235e-17,-0.23320818863165363
34,3.4000000000000004,-0.014666065764714025,4.483485886764256e-18,-0.009104745843960222,0.05516026110371357,-2.8994080917283926e-17,1.0929836305346796,1.1042470903918653,-1.4380735024947953e-17,-0.23126009612871412
35,3.5,-0.014956661718482008,4.611679844139619e-18,-0.009400252529028765,0.05781144347264908,-2.981579731416021e-17,1.0956162743229407,1.1062082539200866,-1.4776446271129632e-17,-0.2292024507756938
36,3.6000000000000005,-0.015226805953722092,4.73908800048099e-18,-0.009685186524873334,0.06048398969731249,-3.0629872075393235e-17,1.09797440762309,1.1078234434291594,-1.516732691273126e-17,-0.22703810490965526
37,3.7000000000000006,-0.015476023433604696,4.865661461270158e-18,-0.009958873956273356,0.06317371298980806,-3.143580009087712e-17,1.1000504695221842,1.10908930591111,-1.5553105793585784e-17,-0.2247701933812009
38,3.8000000000000007,-0.015703894213270488,4.991353040664747e-18,-0.010220691757251897,0.06587638664651772,-3.223309586291373e-17,1.1018379796203073,1.1100034026947505,-1.5933519675395652e-17,-0.22240212510843538
39,3.9000000000000004,-0.01591005084284833,5.116117253989151e-18,-0.010470065549086728,0.06858774105761,-3.302129367933462e-17,1.1033314991785863,1.110564171216809,-1.6308312262230457e-17,-0.21993757790524082
40,4.000000000000001,-0.01609417637137687,5.239910431684527e-18,-0.010706467575407183,0.07130345980131776,-3.3799949339955685e-17,1.1045265963262008,1.1107708972458474,-1.6677234903187186e-17,-0.21738049646247742
41,4.1000000000000005,-0.016256003019483958,5.362690797532028e-18,-0.010929414793346102,0.07401917521050035,-3.456864086292982e-17,1.1054198166705693,1.110623698248436,-1.7040046624084922e-17,-0.2147350932554524
42,4.2,-0.016395311559450437,5.484418558930222e-18,-0.011138467196218565,0.07673046378324146,-3.532696931779106e-17,1.1060086601868373,1.110123518138913,-1.7396514336314602e-17,-0.21200585205589054
43,4.300000000000001,-0.01651193141755993,5.6050559482638104e-18,-0.011333226422969416,0.07943284180536386,-3.6074560242670956e-17,1.1062915648526457,1.1092721332813678,-1.7746413102784257e-17,-0.209197533637585
44,4.4,-0.016605741494493096,5.724567412209228e-18,-0.011513334692735248,0.08212176156069517,-3.6811064129830905e-17,1.1062678971398914,1.108072169300693,-1.8089528246740238e-17,-0.2063151831788152
45,4.500000000000001,-0.016676671683677816,5.842919735527443e-18,-0.011678474088921682,0.08479260852225226,-3.753615867225465e-17,1.10593794916918,1.1065271279906899,-1.8425654827798867e-17,-0.20336413877994236
46,4.6000000000000005,-0.0167247050535136,5.960082208206561e-18,-0.011828366205533822,0.08744069993982646,-3.824955003492924e-17,1.1053029420646066,1.1046414233628008,-1.8754599250933128e-17,-0.200350040431641
47,4.7,-0.016749880645821752,6.0760269030227156e-18,-0.011962772158290785,0.090061285260759,-3.895097531066049e-17,1.1043650348056444,1.1024204256424022,-1.9076181127719257e-17,-0.19727883869037866
48,4.800000000000001,-0.016752296828465293,6.190728855383621e-18,-0.012081492953449428,0.09264954883390142,-3.964020418952743e-17,1.1031273376501662,1.0998705117777061,-1.9390234563490397e-17,-0.19415680224745693
49,4.900000000000001,-0.016732115123860462,6.3041663936296505e-18,-0.012184370197472622,0.0952006153441277,-4.031704186976715e-17,1.10159392899189,1.096999120771475,-1.9696610593514794e-17,-0.19099052352258622
50,5.000000000000001,-0.016689564416504238,6.41632147382931e-18,-0.012271287120087161,0.09770955839855536,-4.098133168016842e-17,1.0997698743151232,1.0938148118767774,-1.9995179301304528e-17,-0.18778692138063108
51,5.1000000000000005,-0.016624945421635787,6.527179930482911e-18,-0.012342169871518842,0.10017141262877577,-4.163295741813048e-17,1.0976612457229307,1.0903273234214574,-2.0285832250212397e-17,-0.18455324007003038
52,5.200000000000001,-0.01653863527432468,6.6367319271490506e-18,-0.012396989041727029,0.10258118958037758,-4.2271846824174716e-17,1.095275140350668,1.0865476297567302,-2.056848535205683e-17,-0.18129704352300496
53,5.300000000000001,-0.016431092074917584,6.744972371551942e-18,-0.012435761335631011,0.10493389752886564,-4.2897975429618036e-17,1.0926196958495265,1.0824879935867004,-2.0843082277532205e-17,-0.17802620424986962
54,5.4,-0.016302859204867765,6.851901130861059e-18,-0.01245855132438982,0.10722456519027697,-4.3511367525325656e-17,1.0897041010532023,1.0781620107586949,-2.110959650452935e-17,-0.17474888620934675
55,5.500000000000001,-0.016154569209147224,6.957523619032362e-18,-0.012465473179944588,0.1094482690904004,-4.411210156439882e-17,1.0865385999469406,1.0735846445157808,-2.13680355024586e-17,-0.17147352124691367
56,5.6000000000000005,-0.01598694703078819,7.061851093874932e-18,-0.012456692289796971,0.11160016412875746,-4.470031395927126e-17,1.083134487164302,1.068772246271505,-2.1618441662201246e-17,-0.16820877896176692
57,5.700000000000001,-0.015800812382850034,7.16490098243153e-18,-0.012432426643147206,0.11367551663800957,-4.527619555220246e-17,1.079504093462236,1.0637425601984012,-2.1860900932878024e-17,-0.16496353018107943
58,5.800000000000002,-0.015597081056177374,7.266697195556581e-18,-0.012392947879843862,0.11566973901666483,-4.583999957899214e-17,1.075660759981282,1.0585147093520515,-2.2095539401169413e-17,-0.1617468045712466
59,5.9,-0.01537676498974169,7.367270486091033e-18,-0.012338581901641622,0.11757842482657803,-4.63920427156264e-17,1.0716188005849987,1.0531091616900505,-2.2322528649580064e-17,-0.15856774327541734
60,6.000000000000001,-0.015140970974695332,7.46665849955604e-18,-0.012269708961978355,0.11939738312114408,-4.6932704426818115e-17,1.06739345217541,1.0475476751745254,-2.2542086577526785e-17,-0.15543554780399596
61,6.100000000000001,-0.01489089792205614,7.564905940006576e-18,-0.012186763175920708,0.12112267072681916,-4.7462428415257086e-17,1.0630008135657831,1.0418532221232408,-2.2754478989160132e-17,-0.15235942668557576
62,6.2,-0.014627832693415518,7.662064667251605e-18,-0.012090231424991856,0.12275062125444765,-4.7981722292996424e-17,1.0584577742072248,1.0360498940231706,-2.2960021445826785e-17,-0.1493485415761351
63,6.300000000000001,-0.014353144568204856,7.758193591788e-18,-0.011980651669949022,0.12427786977223185,-4.8491156837333483e-17,1.0537819347462996,1.0301627890418494,-2.315907818250778e-17,-0.1464119545962916
64,6.400000000000001,-0.014068278492110816,7.853358572344481e-18,-0.011858610724767118,0.12570137232069573,-4.8991364669575055e-17,1.048991521965233,1.0242178853510953,-2.3352061937563056e-17,-0.14355857860288912
65,6.500000000000001,-0.013774747310668948,7.947632195361741e-18,-0.011724741582891942,0.1270184197701632,-4.9483037788247865e-17,1.0441053010551637,1.0182419040009447,-2.3539432279119686e-17,-0.14079713190002305
66,6.600000000000001,-0.013474123231860662,8.041093478011838e-18,-0.011579720417829552,0.12822664588054472,-4.9966925764744984e-17,1.0391424883406808,1.0122621653540018,-2.3721694277223812e-17,-0.1381360985702953
67,6.700000000000001,-0.013168028775541196,8.133827644663506e-18,-0.011424263400364046,0.12932402978245497,-5.044383347166727e-17,1.0341226674774013,1.0063064429534256,-2.3899395991034167e-17,-0.135583695189586
68,6.800000000000001,-0.012858127452638242,8.22592577813593e-18,-0.011259123481238054,0.13030889341810004,-5.0914618304737414e-17,1.0290657117788007,1.000402818142062,-2.407312536585836e-17,-0.133147844219256
69,6.900000000000001,-0.012546114373955657,8.317484381446176e-18,-0.011085087279602581,0.1311798947259338,-5.1380187219798757e-17,1.0239917147183122,0.9945795378204954,-2.424350694754176e-17,-0.1308361538948447
70,7.0,-0.012233706921639885,8.408605079672992e-18,-0.010902972194262572,0.1319360175017539,-5.184149539948403e-17,1.0189209298472892,0.9888648765232466,-2.4411198820999674e-17,-0.12865590399441196
71,7.1000000000000005,-0.011922635533803174,8.499394252015333e-18,-0.010713623818633604,0.1325765589118192,-5.2299543789994055e-17,1.0138737204353903,0.9832870026389754,-2.457688848945656e-17,-0.12661403650879063
72,7.200000000000001,-0.0116146345646382,8.58996263174286e-18,-0.010517913694576376,0.13310111557650003,-5.275537733764661e-17,1.008870518151528,0.9778738472583517,-2.4741288572001565e-17,-0.12471714997372957
73,7.300000000000002,-0.011311433099787115,8.680425034154102e-18,-0.01031673738889564,0.1335095690042892,-5.321008449591649e-17,1.003931789133921,0.9726529729613637,-2.4905133085415288e-17,-0.12297149606979917
74,7.400000000000001,-0.011014745540577684,8.770899709575827e-18,-0.010111012823642221,0.13380207096274452,-5.3664793207390987e-17,0.999078004913251,0.9676514389991467,-2.5069170843124356e-17,-0.12138297704703536
75,7.500000000000001,-0.010726261730306283,8.861508215962665e-18,-0.009901678741795568,0.1339790291559583,-5.4120672803764266e-17,0.9943296149106966,0.9628956589006431,-2.5234161954598748e-17,-0.11995714257569585
76,7.600000000000001,-0.010447636387878387,8.952374733172016e-18,-0.009689693147547671,0.1340410933673422,-5.457893012597514e-17,0.9897070166818693,0.9584112466203069,-2.5400870494097985e-17,-0.11869918474604724
77,7.700000000000001,-0.010180477642573633,9.04362596115524e-18,-0.00947603152901539,0.13398914204681617,-5.504081230316842e-17,0.9852305197623076,0.9542228479744334,-2.5570060920015216e-17,-0.11761393012301122
78,7.800000000000001,-0.0099263345287795,9.135389678459043e-18,-0.009261684654089344,0.13382426919022133,-5.550759584778228e-17,0.9809202989305825,0.9503539552778612,-2.574248421335098e-17,-0.11670582799360932
79,7.900000000000001,-0.009686683397882874,9.22779391638498e-18,-0.009047655730009334,0.1335477712844925,-5.598058463639958e-17,0.9767963329771506,0.9468267047280194,-2.5918868627298474e-17,-0.11597893421910208
80,8.000000000000002,-0.009462913329148847,9.320967554431539e-18,-0.008834956736022076,0.13316113407492058,-5.64611137098374e-17,0.972878325676923,0.9436616580787861,-2.609992484347454e-17,-0.11543689041570201
81,8.100000000000001,-0.009256310762033265,9.415037814218381e-18,-0.008624603776793575,0.13266601894388896,-5.69505336198918e-17,0.9691856066181459,0.9408775723454504,-2.6286321424482632e-17,-0.1150828985342035
82,8.200000000000001,-0.00906804371593777,9.510129613465098e-18,-0.008417611361137951,0.13206424876237843,-5.745020580070249e-17,0.9657370108164982,0.9384911634887846,-2.647867963312753e-17,-0.11491969128223269
83,8.3,-0.008899146095209186,9.60636421595635e-18,-0.00821498558312739,0.13135779317295423,-5.796149177937009e-17,0.9625507375788297,0.9365168720206327,-2.6677562644222362e-17,-0.11494949921757114
84,8.4,-0.008750502682268829,9.703857891681697e-18,-0.008017716265713706,0.13054875337298713,-5.848574176013026e-17,0.9596441907700334,0.9349666400312816,-2.688346569405152e-17,-0.11517401571165332
85,8.500000000000002,-0.008622835486677208,9.802720427375633e-18,-0.007826768213723358,0.1296393465783147,-5.902428115517146e-17,0.9570338043356812,0.9338497100578287,-2.7096806406102607e-17,-0.11559436130487409
86,8.600000000000001,-0.00851669213251101,9.903053731540568e-18,-0.007643071805408057,0.1286318904524786,-5.957839570661545e-17,0.9547348584745773,0.9331724563391162,-2.7317916033211623e-17,-0.11621104921027471
87,8.700000000000001,-0.008432436925185817,1.0004950379851667e-17,-0.007467513221298116,0.12752878787815758,-6.014931639076354e-17,0.9527612930709011,0.9329382582566954,-2.7547032962987417e-17,-0.1170239538335578
88,8.8,-0.008370245142031546,1.010849240711585e-17,-0.007300924658477458,0.1263325125206639,-6.073820431151708e-17,0.9511255257397796,0.9331474241512078,-2.778429784364159e-17,-0.11803228413792023
89,8.900000000000002,-0.008330100944614305,1.0213749901534544e-17,-0.007144074902038737,0.1250455956826569,-6.134613296440222e-17,0.9498382820155,0.9337971713319941,-2.8029749941641474e-17,-0.11923456348235408
90,9.000000000000002,-0.008311799126425004,1.0320780327212487e-17,-0.006997660620553621,0.1236706149681705,-6.197407623150212e-17,0.9489084447842927,0.9348816651524223,-2.828332780552484e-17,-0.1206286172129329
91,9.100000000000001,-0.008314950702656814,1.0429626942548405e-17,-0.006862298719141552,0.12221018525538756,-6.26228897033437e-17,0.9483429290698348,0.9363921167581941,-2.854486277126291e-17,-0.12221156882058973
92,9.200000000000001,-0.008338992137327408,1.0540320218477376e-17,-0.00673852002536866,0.12066695241450136,-6.329330584349719e-17,0.9481465868203098,0.9383169358225871,-2.881410479813696e-17,-0.12397984494573991
93,9.3,-0.00838319780540121,1.0652875837117908e-17,-0.006626764505493972,0.11904359009525066,-6.398591922315966e-17,0.9483221445717104,0.9406419315580211,-2.909070822854975e-17,-0.1259291889694372
94,9.4,-0.008446695120756386,1.0767295293678054e-17,-0.006527378118968953,0.11734279974917322,-6.470118038604759e-17,0.9488701749515545,0.9433505528052568,-2.937424675557075e-17,-0.12805468244254892
95,9.500000000000002,-0.008528481638422849,1.088356626029919e-17,-0.006440611325841419,0.11556731385236287,-6.543939137081409e-17,0.9497891011218594,0.9464241562577673,-2.966422322070902e-17,-0.13035077321925012
96,9.600000000000001,-0.008627443370343657,1.1001662940937198e-17,-0.006366619172894888,0.11371990207160473,-6.620070101463955e-17,0.9510752316015246,0.9498422910038042,-2.99600789715963e-17,-0.13281130891220058
97,9.700000000000001,-0.008742373541241499,1.1121546702185009e-17,-0.006305462807025697,0.11180337989325519,-6.698510458486053e-17,0.9527228215797102,0.953582987591077,-3.0261205366666946e-17,-0.13542957418556595
98,9.800000000000002,-0.008871991052566365,1.124316700408331e-17,-0.006257112203929235,0.1098206190371591,-6.779244705868553e-17,0.9547241559089983,0.9576230406730526,-3.0566955272919535e-17,-0.13819833043840593
99,9.9,-0.009014958010488586,1.136646219366907e-17,-0.0062214498600452845,0.10777455883377941,-6.862242524089802e-17,0.9570696484768291,0.9619382758365489,-3.0876653333866043e-17,-0.14110985657746622
100,10.000000000000002,-0.009169895797309417,1.149136036849578e-17,-0.006198275177269935,0.1056682176725773,-6.947459173816898e-17,0.9597479525805258,0.9665037932391662,-3.118960528573725e-17,-0.14415598979795144
101,10.100000000000001,-0.009335399311331984,1.1617780237022407e-17,-0.006187309272714983,0.10350470364473285,-7.034836064015948e-17,0.9627460772296265,0.9712941829821368,-3.150510719155999e-17,-0.14732816554524122
102,10.200000000000001,-0.009510049154816859,1.1745631953405478e-17,-0.006188199967848653,0.10128722360250908,-7.124301265410411e-17,0.9660495049066758,0.9762837094984821,-3.1822452309007094e-17,-0.15061745608792193
103,10.3,-0.009692421701070066,1.1874817642471735e-17,-0.006200526749691835,0.0990190900274707,-7.215769889305127e-17,0.9696423071658886,0.9814464644698548,-3.214093604764047e-17,-0.15401460737222486
104,10.400000000000002,-0.00988109711017566,1.2005232540584518e-17,-0.006223805547676807,0.0967037253168267,-7.309145161395955e-17,0.9735072554708135,0.9867564897660945,-3.245986336502933e-17,-0.15751007404127512
105,10.500000000000002,-0.010074665481221814,1.2136765386172225e-17,-0.0062574932291493066,0.0943446633316817,-7.404318776619088e-17,0.9776259258024288,0.9921878735452548,-3.277855133497479e-17,-0.16109405269047122
106,10.600000000000001,-0.01027173142240618,1.2269298643249856e-17,-0.006300991779836787,0.09194554827193668,-7.501171244902679e-17,0.9819787967432048,0.9977148239155244,-3.309632928365755e-17,-0.16475651359905572
107,10.700000000000003,-0.010470917386495283,1.2402709033812952e-17,-0.006353652198190133,0.08951013112228556,-7.599572427317616e-17,0.9865453418918072,1.0033117254297206,-3.341254189049282e-17,-0.1684872313337344
108,10.8,-0.010670866156560864,1.2536867929833202e-17,-0.00641477818943516,0.08704226403159313,-7.699382100129761e-17,0.9913041185113753,1.008953184159579,-3.372654988979349e-17,-0.17227581476488066
109,10.9,-0.01087024287552816,1.2671641654910297e-17,-0.006483629791542835,0.08454589303295554,-7.800450263870022e-17,0.9962328551784614,1.0146140671887303,-3.403773141376225e-17,-0.1761117371639898
110,11.000000000000002,-0.011067736993436599,1.2806891937116693e-17,-0.006559427096546106,0.08202504948383617,-7.902618192083998e-17,1.001308541793502,1.0202695420795334,-3.43454792133274e-17,-0.17998436714932067
111,11.100000000000001,-0.011262064459899527,1.2942476410921875e-17,-0.006641354242864008,0.07948384051560743,-8.005718732969774e-17,1.0065075255565517,1.0258951212223062,-3.464920528847814e-17,-0.18388300129536642
112,11.200000000000001,-0.011451970418752795,1.3078248984506634e-17,-0.0067285638450540934,0.07692643865003305,-8.109577013792967e-17,1.0118056163418758,1.03146671498837,-3.4948339446918325e-17,-0.1877968991983104
113,11.300000000000002,-0.011636232571698333,1.321406046070653e-17,-0.006820181996172008,0.07435707059434278,-8.214011323592955e-17,1.0171782042928852,1.036960696322806,-3.524233076980968e-17,-0.1917153216733917
114,11.400000000000002,-0.01181366527435821,1.3349759438791773e-17,-0.006915313926602963,0.07178000509772822,-8.318834285959733e-17,1.022600391422856,1.0423539779006263,-3.553064999441673e-17,-0.19562757253851654
115,11.500000000000002,-0.01198312432016944,1.348519311836613e-17,-0.00701305033646226,0.06919953967013512,-8.423854007875278e-17,1.0280471376211475,1.0476241013380745,-3.581279085992594e-17,-0.19952304411246385
116,11.600000000000003,-0.012143512265229538,1.3620208288486108e-17,-0.007112474343538842,0.06661998595211022,-8.528875300330032e-17,1.0334934198605203,1.0527493363388538,-3.6088273414877596e-17,-0.20339126614427883
117,11.700000000000001,-0.012293784061356955,1.3754652501959855e-17,-0.007212668914121775,0.0640456535932116,-8.633701306682671e-17,1.0389144017563388,1.0577087862237866,-3.635664679759035e-17,-0.20722195743021987
118,11.8,-0.012432952705025655,1.3888375171246997e-17,-0.007312724579275348,0.061480832641741714,-8.738135005120728e-17,1.0442856091444632,1.0624824952011052,-3.661749110041102e-17,-0.21100507891874917
119,11.900000000000002,-0.012560094583445248,1.4021228767247573e-17,-0.007411747192599128,0.058929774650093456,-8.841980807493173e-17,1.0495831062154455,1.0670515521142168,-3.687042041196034e-17,-0.214730886713375
120,12.000000000000002,-0.0126743542086136,1.4153070011576772e-17,-0.007508865463153984,0.056396672924804,-8.945046225346562e-17,1.0547836661205912,1.0713981853306456,-3.71150854987959e-17,-0.21838998311593424
121,12.100000000000001,-0.012774948073443435,1.428376091384131e-17,-0.007603238001460882,0.053885642559046786,-9.047143353364314e-17,1.05986492993303,1.075505843914074,-3.7351175227330543e-17,-0.22197336375340093
122,12.200000000000003,-0.012861167434185984,1.4413169796860788e-17,-0.00769405964580773,0.051400701039972685,-9.148090343612076e-17,1.0648055484017322,1.0793592611796956,-3.7578418165386726e-17,-0.22547245892060994
123,12.300000000000002,-0.012932379910110627,1.4541172050406134e-17,-0.007780566885598335,0.04894575029573007,-9.247712574942151e-17,1.0695853019935981,1.0829444980373493,-3.779658264604975e-17,-0.22887916754282325
124,12.4,-0.012988029883088505,1.4667650823760152e-17,-0.007862042260860503,0.04652456102374921,-9.345843775605946e-17,1.074185196129917,1.0862489650054343,-3.800547722540614e-17,-0.23218588258309097
125,12.500000000000002,-0.013027637765359415,1.479249751665402e-17,-0.007937817684118114,0.04414076002627987,-9.442326776785397e-17,1.0785875301067023,1.0892614232533524,-3.8204949379688496e-17,-0.23538550723775484
126,12.600000000000001,-0.013050798274681343,1.491561219907954e-17,-0.008007276694990483,0.04179782108919635,-9.537014311138126e-17,1.082775939761234,1.0919719663458343,-3.8394885737171684e-17,-0.23847146181793438
127,12.700000000000001,-0.013057177906979396,1.5036903617816627e-17,-0.008069855713124862,0.03949905970351685,-9.629769249428074e-17,1.0867354153548665,1.0943719854072445,-3.8575209475035244e-17,-0.24143768174576152
128,12.800000000000002,-0.013046511825787626,1.5156289491684628e-17,-0.008125044397640451,0.03724763167733679,-9.720464990177221e-17,1.0904522972761628,1.0964541211387944,-3.8745880125091624e-17,-0.24427860755241013
129,12.900000000000002,-0.013018600396538817,1.527369623467625e-17,-0.00817238524970692,0.03504653544818341,-9.808985412598178e-17,1.0939142529725225,1.0982122064983528,-3.8906891173064546e-17,-0.24698916811760785
130,13.000000000000002,-0.012973305585583635,1.5389058900884346e-17,-0.00821147260968919,0.03289861770492837,-9.895224817395801e-17,1.0971102389853136,1.0996412039236794,-3.905826874057417e-17,-0.24956475862210883
131,13.100000000000003,-0.012910547423303382,1.5502320983740318e-17,-0.008241951203332657,0.03080658177845158,-9.979087765154198e-17,1.1000304521237065,1.100737140804202,-3.920007048930884e-17,-0.25200121479651183
132,13.200000000000003,-0.012830300702589892,1.5613434218180264e-17,-0.008263514385358798,0.02877299816646091,-1.00604888178443e-16,1.1026662737209572,1.1014970465543918,-3.933238467501255e-17,-0.25429478505523434
133,13.3,-0.012732592052551653,1.5722358280880095e-17,-0.00827590221640533,0.026800316517856984,-1.0139352208015419e-16,1.105010210639635,1.1019188941831923,-3.945532889995629e-17,-0.2564421020245932
134,13.400000000000002,-0.0126174974958874,1.5829060738790063e-17,-0.008278899493075496,0.02489087840793485,-1.0215611672355755e-16,1.1070558362949454,1.1020015487493928,-3.956905111321736e-17,-0.25844015483323124
135,13.500000000000002,-0.012485140569175733,1.5933516719864114e-17,-0.008272333833086768,0.02304693027653822,-1.0289210001403573e-16,1.1087977345055497,1.1017447245886665,-3.9673728545770056e-17,-0.2602862633555019
136,13.600000000000001,-0.012335691059528376,1.603570891335059e-17,-0.008256073899673064,0.0212706359650293,-1.0360098909306738e-16,1.1102314485044145,1.101148952724731,-3.976956911285616e-17,-0.26197805540465025
137,13.700000000000003,-0.012169364388894568,1.6135627466252297e-17,-0.008230027832445716,0.019564088363262788,-1.0428238818359554e-16,1.1113534369793345,1.1002155594500387,-3.985681239119623e-17,-0.26351344767874735
138,13.800000000000002,-0.01198642165831554,1.623327001288034e-17,-0.008194141936267715,0.017929319755090413,-1.0493598719272335e-16,1.112161038581086,1.0989466566826813,-3.9935730925208456e-17,-0.26489063107906224
139,13.900000000000002,-0.011787170347634162,1.6328641808879956e-17,-0.008148399665311893,0.016368310523096112,-1.0556156164892145e-16,1.1126524459416416,1.097345144367462,-4.0006632456520395e-17,-0.2661080608533302
140,14.0,-0.01157196565028657,1.6421755751988525e-17,-0.00809282092599013,0.014882995935715387,-1.0615897208489227e-16,1.1128266898804606,1.0954147248746204,-4.0069861546753354e-17,-0.2671644518659676
141,14.100000000000001,-0.011341212406441802,1.651263289455269e-17,-0.008027461709272179,0.013475270790607726,-1.0672816718388972e-16,1.1126836341311992,1.093159929039299,-4.01258034378006e-17,-0.26805877916062537
142,14.200000000000001,-0.011095367579574663,1.6601302558445867e-17,-0.007952414049367832,0.012146991727451713,-1.0726918444118187e-16,1.1122239805774108,1.0905861531569716,-4.017488601652829e-17,-0.2687902838516878
143,14.300000000000002,-0.010834943200451799,1.6687802847193703e-17,-0.007867806291145,0.010899977053540358,-1.0778215423033276e-16,1.1114492846256028,1.0876997058848643,-4.021758368943859e-17,-0.26935848425286313
144,14.400000000000002,-0.010560509677797569,1.677218115018424e-17,-0.007773803632454194,0.009736003950641354,-1.0826730421490329e-16,1.1103619799507265,1.084507863582064,-4.0254421049446086e-17,-0.26976319201488597
145,14.500000000000002,-0.010272699346520265,1.6854494719463402e-17,-0.007670608889450866,0.008656802956774925,-1.0872496434720618e-16,1.1089654114113272,1.0810189321452701,-4.028597663146728e-17,-0.2700045328934532
146,14.600000000000003,-0.009972210093084482,1.6934811151263323e-17,-0.007558463413188046,0.007664049647841588,-1.0915557187905803e-16,1.107263874446599,1.0772423128691646,-4.0312886189451185e-17,-0.2700829715980989
147,14.700000000000003,-0.009659808865202346,1.7013209029334115e-17,-0.00743764806488799,0.006759353487637684,-1.0955967751067152e-16,1.1052626587456091,1.073188569302299,-4.033584635275752e-17,-0.2699993399818835
148,14.800000000000002,-0.009336334842437038,1.7089778459250914e-17,-0.007308484136771335,0.005944243876461416,-1.0993795104960598e-16,1.1029680934463302,1.0688694915223818,-4.035561743607982e-17,-0.2697548676250036
149,14.900000000000002,-0.009002702019699724,1.716462167103919e-17,-0.007171334087257191,0.005220153512609742,-1.1029118791346052e-16,1.1003875906237113,1.0642981537801082,-4.0373026621707734e-17,-0.2693512136537507
150,15.000000000000002,-0.008659900942092184,1.723785344987783e-17,-0.0070266019465948055,0.004588399289568682,-1.1062031418552022e-16,1.0975296834251773,1.0594889611374319,-4.038896966169884e-17,-0.26879049843781344
151,15.100000000000001,-0.008308999332722333,1.7309601343628362e-17,-0.006874733244908919,0.004050161083060629,-1.109263896744475e-16,1.0944040549867693,1.0544576806452215,-4.040441111234445e-17,-0.2680753336484853
152,15.200000000000003,-0.007951141380293613,1.7380005736837964e-17,-0.006716214322704089,0.0036064589303153867,-1.1121061003533412e-16,1.0910215542979473,1.0492214528565906,-4.042038363916764e-17,-0.2672088490671584
153,15.300000000000002,-0.007587545504272381,1.7449219972165675e-17,-0.00655157090701643,0.003258129257929273,-1.1147430885175226e-16,1.087394195554311,1.043798780127723,-4.0437987496210204e-17,-0.2661947145373978
154,15.400000000000002,-0.007219500493321376,1.7517409854553475e-17,-0.006381365876241014,0.0030058009586623234,-1.1171895433748287e-16,1.0835351382956033,1.0382094892501992,-4.045838612968864e-17,-0.26503715557965835
155,15.500000000000004,-0.00684836001451848,1.7584753098641293e-17,-0.006206196192674769,0.0028498722323154137,-1.119461448144331e-16,1.0794586467760232,1.0324746674603085,-4.048280181706559e-17,-0.2637409614483485
156,15.600000000000001,-0.0064755356090259895,1.7651438518336346e-17,-0.006026689050718013,0.0027904891714895354,-1.121576029436011e-16,1.0751800284980242,1.026616572680386,-4.051250873340008e-17,-0.2623114848014666
157,15.700000000000001,-0.006102488412176575,1.771766499481489e-17,-0.005843497364284932,0.0028275270725619446,-1.1235516557535173e-16,1.0707155535341712,1.0206585207888434,-4.054882669937004e-17,-0.2607546326463864
158,15.800000000000002,-0.0057307199470156,1.778364059379224e-17,-0.0056572947906956194,0.0029605753755883725,-1.1254077563716138e-16,1.0660823579789134,1.0146247545551519,-4.059311505530136e-17,-0.25907684877253273
159,15.900000000000002,-0.005361762423962161,1.7849580787368268e-17,-0.005468770550391247,0.0031889269843800674,-1.1271646621356987e-16,1.0612983363925745,1.0085403003557531,-4.064676075272482e-17,-0.2572850884169773
160,16.000000000000004,-0.004997169021392288,1.791570728699016e-17,-0.005278624343014932,0.0035115725019831904,-1.1288434910990012e-16,1.0563820292050778,1.0024308196717657,-4.0711171184054986e-17,-0.25538678636024814
161,16.1,-0.00463850461370663,1.7982246653861578e-17,-0.005087561673924362,0.0039271996603994445,-1.130466013036891e-16,1.051352511563387,0.996322462494934,-4.078776514444719e-17,-0.253389819951474
162,16.200000000000003,-0.0042873373530734615,1.804942978684757e-17,-0.004896289888083428,0.0044341979570166334,-1.1320545933493158e-16,1.046229289941604,0.9902417290764218,-4.087797114969604e-17,-0.2513024686686483
163,16.300000000000004,-0.003945231404435113,1.8117490234081668e-17,-0.004705515161996297,0.005030668265741399,-1.1336320336744333e-16,1.0410322119928281,0.9842153450055294,-4.098321582821055e-17,-0.2491333717145829
164,16.400000000000002,-0.0036137409929099967,1.8186663702921428e-17,-0.004515940634374748,0.005714436995355028,-1.1352215234028185e-16,1.0357813937097518,0.9782701525715604,-4.1104921518444054e-17,-0.24689148484759507
165,16.5,-0.0032944057648270036,1.8257187547249068e-17,-0.0043282657707202875,0.006483074238383586,-1.1368465879382835e-16,1.0304971661504319,0.9724330189851789,-4.124450270345387e-17,-0.24458603719264796
166,16.6,-0.0029887473057846016,1.832930058173821e-17,-0.004143186964994518,0.00733391529535846,-1.1385310791240075e-16,1.0252000419852223,0.9667307595887006,-4.140336491572943e-17,-0.24222648823855597
167,16.700000000000003,-0.0026982665172610985,1.840324322429194e-17,-0.003961399291269075,0.008264084963815307,-1.1402991919746029e-16,1.0199107001354832,0.9611900719285894,-4.1582904419464604e-17,-0.23982248467446504
168,16.8,-0.002424441440048331,1.8479257213701212e-17,-0.0037835992359326006,0.009270524031022435,-1.14217545636509e-16,1.0146499849768194,0.9558374747162165,-4.178450519153539e-17,-0.23738381622743626
169,16.900000000000002,-0.0021687250368448486,1.855758630779085e-17,-0.0036104881705516447,0.010350017481160427,-1.1441848223828523e-16,1.0094389150941785,0.950699244425947,-4.200954117032022e-17,-0.23492036929621402
170,17.000000000000004,-0.0019325424127628118,1.8638476246095825e-17,-0.0034427762686515526,0.011499223997998466,-1.146352682064515e-16,1.004298695480336,0.945801341676283,-4.225937355952645e-17,-0.2324420769824703
171,17.100000000000005,-0.0017172869633422514,1.872217503404726e-17,-0.0032811865270878375,0.01271470639362472,-1.1487049244290426e-16,0.9992507264022276,0.9411693196623239,-4.2535349702761755e-17,-0.22995886412983602
172,17.200000000000003,-0.0015243149946889733,1.8808932852497028e-17,-0.003126458524629158,0.01399296261044363,-1.1512679783992346e-16,0.9943166019360609,0.9368282077644694,-4.283879784945525e-17,-0.22748058620269349
173,17.3,-0.001354938457321635,1.889900165597506e-17,-0.0029793515376764232,0.01533045692443955,-1.1540688018192481e-16,0.9895180913940882,0.9328023650166044,-4.3171021024735686e-17,-0.22501696126018192
174,17.400000000000002,-0.0012104155698498178,1.8992634602972986e-17,-0.0028406466373533733,0.016723650928566914,-1.1571348658336313e-16,0.9848770975283148,0.9291153003015032,-4.353329038764351e-17,-0.22257749487483358
175,17.500000000000004,-0.0010919392737538463,1.909008512839535e-17,-0.002711147415856895,0.01816903380926275,-1.1604941600238678e-16,0.9804155864859309,0.925789458828308,-4.3926829442625875e-17,-0.2201713985593566
176,17.6,-0.0010006236463510133,1.919160494620533e-17,-0.002591679035331158,0.01966315136397078,-1.1641750012105103e-16,0.9761554859797301,0.9228459774612806,-4.435280170251424e-17,-0.2178075030333456
177,17.700000000000003,-0.0009374885925339823,1.929744237154107e-17,-0.002483085361115067,0.02120263316129854,-1.1682059272262797e-16,0.9721185499720997,0.9203044145865533,-4.481229464893896e-17,-0.2154941684084366
178,17.800000000000004,-0.0009034433216319619,1.9407839932420534e-17,-0.0023862240326098867,0.02278421723297333,-1.1726155039983267e-16,0.9683261902696977,0.91818246316452,-4.530630130045274e-17,-0.21323919401829097
179,17.900000000000002,-0.0008992692772016495,1.952303067610368e-17,-0.0023019594361714866,0.024404771717097932,-1.1774319979314478e-16,0.9647992776695055,0.9164956581478155,-4.583569328374639e-17,-0.2110497310990689
180,18.000000000000004,-0.0009256033087956489,1.9643235417046164e-17,-0.0022311536693343597,0.02606131294680755,-1.1826831279410365e-16,0.9615579175366921,0.9152570912945667,-4.6401203937463937e-17,-0.208932201783346
181,18.1,-0.000982921942562818,1.976865923470726e-17,-0.00217465571561215,0.02775101959145091,-1.188395716359539e-16,0.958621206761843,0.9144771473698052,-4.700340624785216e-17,-0.20689222787516526
182,18.200000000000003,-0.0010715276131349673,1.9899487896744724e-17,-0.002133289173531115,0.02947124259739869,-1.1945953190578102e-16,0.9560069807670347,0.9141632756768374,-4.764269292104642e-17,-0.2049345726211848
183,18.3,-0.0011915376594854338,2.0035884883259996e-17,-0.0021078389912810177,0.031219510828084513,-1.201305895230051e-16,0.9537315604495991,0.9143198097592082,-4.831926317623069e-17,-0.20306309820237944
184,18.400000000000002,-0.0013428767651091694,2.0177986252113067e-17,-0.0020990377390762015,0.03299353245323401,-1.208549266270593e-16,0.9518095095452453,0.9149478460218307,-4.9033094037350994e-17,-0.20128074098257417
185,18.500000000000004,-0.00152527334632481,2.0325899168289838e-17,-0.0021075519967974814,0.03479119227269591,-1.216344872231258e-16,0.9502534127826736,0.9160451890821991,-4.9783942421066255e-17,-0.19958950571872985
186,18.6,-0.0017382601746647173,2.047969900393666e-17,-0.0021339694396311617,0.03661054527117273,-1.2247093979936962e-16,0.9490736843717092,0.9176063680942482,-5.0571336150090484e-17,-0.19799047902612255
187,18.700000000000003,-0.0019811792764316922,2.0639427242519076e-17,-0.0021787871677817045,0.038449806779983706,-1.233656460958129e-16,0.9482784148590239,0.9196227243524708,-5.139457218872304e-17,-0.19648386146514293
188,18.8,-0.0022531909027649773,2.0805090923228482e-17,-0.002242401750214101,0.04030733966708259,-1.2431964242268313e-16,0.9478732623010224,0.9220825664750011,-5.22527256756883e-17,-0.19506901674014157
189,18.900000000000002,-0.002553286125837843,2.0976661869420462e-17,-0.002325101342584847,0.04218163898552113,-1.2533362043435236e-16,0.9478613911949622,0.9249713856822994,-5.314465780475e-17,-0.19374453573493491
190,19.000000000000004,-0.002880302409335427,2.1154075962234098e-17,-0.002427060104824541,0.044071314484324386,-1.264079067961861e-16,0.948243459868725,0.9282721204212718,-5.4069024146161355e-17,-0.19250831250683975
191,19.1,-0.0032329413403741148,2.1337235089069275e-17,-0.002548334995262495,0.045975071328157084,-1.275424700020109e-16,0.9490176542724997,0.9319654570870503,-5.5024298959938494e-17,-0.1913576289620858
192,19.200000000000003,-0.0036097876083581136,2.15260080320946e-17,-0.002688864868108514,0.04789168929085881,-1.2873691782332257e-16,0.9501797635625684,0.9360301520623208,-5.600879168824609e-17,-0.19028924476439307
193,19.300000000000004,-0.004009328282006954,2.1720232558707386e-17,-0.0028484716622103486,0.049820000595185744,-1.2999050724007137e-16,0.9517232907233295,0.9404433598430214,-5.702067048632862e-17,-0.1892994890890081
194,19.400000000000002,-0.004429971471230836,2.1919717319820178e-17,-0.003026863353142504,0.0517588664838114,-1.3130215517360323e-16,0.953639589907606,0.9451809526690712,-5.805798114165864e-17,-0.18838435110738824
195,19.500000000000004,-0.004870063561783243,2.2124243683616282e-17,-0.0032236382577415174,0.053707152545157615,-1.3267045013254637e-16,0.9559180213031174,0.9502178187473559,-5.91186652037525e-17,-0.18753956653198733
196,19.600000000000005,-0.005327904368004004,2.2333568329101405e-17,-0.003438290237121873,0.05566370280326035,-1.3409367302656251e-16,0.9585461142068755,0.9555281286665607,-6.020057977198627e-17,-0.186760698108259
197,19.700000000000003,-0.005801759748254668,2.25474252521159e-17,-0.0036702143442896955,0.05762731263242136,-1.3556981425225032e-16,0.961509729594933,0.9610855627150091,-6.130151258327204e-17,-0.18604320854534617
198,19.8,-0.006289871451905614,2.2765527242168944e-17,-0.003918712505121346,0.0595967006872508,-1.3709658741039652e-16,0.9647932147375456,0.9668634952422347,-6.241919140620645e-17,-0.18538252496261604
199,19.900000000000002,-0.006790464198312819,2.2987567351634993e-17,-0.004182998902339926,0.06157048024917952,-1.3867144168606804e-16,0.9683795442061939,0.972835135670156,-6.355129503670345e-17,-0.18477409444207768
200,20.000000000000004,-0.007301750210462814,2.3213220230067673e-17,-0.004462204843588321,0.06354713067107474,-1.402915847486907e-16,0.9722504437926744,0.978973629006582,-6.469545149962755e-17,-0.18421343068130322
201,20.1,-0.007821931624229166,2.3442142796465377e-17,-0.004755383026522586,0.06552496992717256,-1.4195398460112036e-16,0.9763864962361327,0.9852521215350555,-6.584924805967269e-17,-0.1836961520247959
202,20.200000000000003,-0.008349201356122129,2.3673974831013955e-17,-0.005061511253851943,0.06750212960658555,-1.4365537995797856e-16,0.9807672300471981,0.9916437995942888,-6.701022826257917e-17,-0.18321801132292245
203,20.300000000000004,-0.008881743127643319,2.390833936864245e-17,-0.005379495785930376,0.06947653397295939,-1.4539228781312696e-16,0.9853711949420181,0.9981219109050653,-6.817589191593746e-17,-0.18277491815353325
204,20.400000000000002,-0.009417731404017197,2.4144843219574604e-17,-0.005708174633690871,0.07144588488995318,-1.4716101125431088e-16,0.9901760292659354,1.0046597786723033,-6.934369532427901e-17,-0.18236295398010918
205,20.500000000000004,-0.009955332001789994,2.4383077155972652e-17,-0.006046321176424308,0.07340765442080761,-1.4895764364064883e-16,0.9951585261149987,1.0112308186293129,-7.051104974517368e-17,-0.18197838085179913
206,20.6,-0.010492704048536321,2.462261735810857e-17,-0.006392648524629808,0.0753590866989277,-1.5077808397555876e-16,1.0002947054883151,1.017808568271723,-7.167532955456713e-17,-0.18161764430850863
207,20.700000000000006,-0.011028003837874938,2.4863026405928917e-17,-0.006745815028699793,0.07729721020690052,-1.526180481808448e-16,1.005559899598339,1.0243667357653659,-7.283387586710554e-17,-0.1812773712572074
208,20.800000000000004,-0.011559390920075015,2.510385505478475e-17,-0.0071044312559124636,0.07921886090202629,-1.544730874682159e-16,1.0109288573708652,1.030879273490993,-7.398400701610663e-17,-0.18095436373293247
209,20.900000000000002,-0.012085036517636889,2.53446448584052e-17,-0.007467068625193266,0.08112071574171648,-1.5633861411604492e-16,1.016375872224923,1.0373204780911762,-7.512303425164434e-17,-0.18064558962754232
210,21.000000000000004,-0.012603134081061165,2.5584931150941104e-17,-0.007832269714523136,0.08299933519344048,-1.5820993118295274e-16,1.0218749346043228,1.0436651155017787,-7.624827932816418e-17,-0.18034817162183428
211,21.1,-0.013111911535312399,2.582424659346517e-17,-0.008198560061439432,0.08485121239812507,-1.600822680220246e-16,1.0273999077347502,1.0498885661647186,-7.735709549542459e-17,-0.18005937564480742
212,21.200000000000003,-0.013609644548249837,2.6062125068482283e-17,-0.008564461090324256,0.08667282594099118,-1.6195081939476461e-16,1.032924722097323,1.0559669828539815,-7.844688955923868e-17,-0.17977660016499103
213,21.3,-0.014094670010818613,2.6298105909291264e-17,-0.008928503649545463,0.08846069279636695,-1.6381078910703475e-16,1.0384235815681508,1.0618774516887226,-7.951514578529855e-17,-0.17949736746817996
214,21.400000000000006,-0.014565398876221368,2.6531737857978412e-17,-0.00928924155043345,0.09021141802675889,-1.6565743210226687e-16,1.043871172448065,1.0675981462178332,-8.055944705674085e-17,-0.17921931779620234
215,21.500000000000004,-0.015020327566263427,2.6762582983334648e-17,-0.009645264481706788,0.09192173823194622,-1.6748609650768464e-16,1.0492428659380892,1.073108465012629,-8.157749439160637e-17,-0.17894020684431985
216,21.6,-0.015458047304327207,2.6990220169593622e-17,-0.009995209727346379,0.0935885564871081,-1.6929226278188475e-16,1.0545149050595997,1.078389144861914,-8.256712337997204e-17,-0.17865790669500892
217,21.700000000000003,-0.01587725094805033,2.7214247900687262e-17,-0.010337772230472565,0.0952089674499777,-1.7107157705363657e-16,1.0596645684375814,1.083422344113257,-8.352631499455657e-17,-0.17837040986712166
218,21.8,-0.016276737134934393,2.7434286600448032e-17,-0.010671712698887496,0.09678027230183231,-1.7281988010869955e-16,1.0646703054758577,1.0881916935312022,-8.445320370115722e-17,-0.17807583583975267
219,21.900000000000006,-0.016655411785187504,2.7649979928352716e-17,-0.010995863614402792,0.09829998407312746,-1.7453322696672942e-16,1.0695118398939054,1.0926823148247875,-8.534607877314146e-17,-0.1777724392088627
220,22.000000000000004,-0.017012287199645395,2.7860996354464096e-17,-0.011309133164588862,0.09976582458789503,-1.7620790758595472e-16,1.0741702410104628,1.0968808093853293,-8.620338798465405e-17,-0.177458618566068
221,22.100000000000005,-0.01734647912938228,2.8067028560164005e-17,-0.011610507244825203,0.10117571468996422,-1.7784044963559686e-16,1.0786279642644083,1.1007752215489945,-8.702372597871487e-17,-0.17713292524292912
222,22.200000000000003,-0.017657202272294035,2.826779383156013e-17,-0.011899049770973218,0.10252775958779292,-1.7942762631179643e-16,1.0828688640790611,1.1043549817736313,-8.780583243966681e-17,-0.17679407121250046
223,22.300000000000004,-0.017943764675110208,2.84630334970008e-17,-0.012173901596631682,0.10382023111100015,-1.809664561604557e-16,1.086878183233331,1.1076108355308367,-8.85485832733109e-17,-0.176440935645828
224,22.400000000000002,-0.018205561498014437,2.865251136967584e-17,-0.012434278347568866,0.10505154847006419,-1.8245419241919315e-16,1.090642523425009,1.1105347635781664,-8.925097639858075e-17,-0.1760725698471846
225,22.5,-0.018442068547151556,2.8836013376714644e-17,-0.012679467476835933,0.10622025881606768,-1.838883242317941e-16,1.094149801782248,1.1131198987471875,-8.991212488830195e-17,-0.17568820050686026
226,22.600000000000005,-0.01865283591139472,2.901334610425845e-17,-0.012908824815822164,0.10732501856825076,-1.8526656343062343e-16,1.097389197813063,1.1153604436185425,-9.053124748079851e-17,-0.17528723139239677
227,22.700000000000003,-0.01883748196534006,2.918433544344661e-17,-0.013121770857316542,0.10836457615865583,-1.865868329455164e-16,1.1003510947977035,1.1172515925926925,-9.110765734515409e-17,-0.1748692437362946
228,22.800000000000004,-0.018995687929108145,2.934882563761589e-17,-0.01331778696334121,0.10933775656523749,-1.8784725993338547e-16,1.103027019030278,1.1187894610098466,-9.164075515205231e-17,-0.1744339956669953
229,22.900000000000002,-0.01912719311263355,2.9506677885951496e-17,-0.013496411648214303,0.11024344778342215,-1.890461618240173e-16,1.1054095796877261,1.1199710231956528,-9.213002042198374e-17,-0.1739814210731689
230,23.000000000000004,-0.019231790920555825,2.965776955799185e-17,-0.013657237049332922,0.1110805892261845,-1.9018203879095699e-16,1.107492411505867,1.1207940606506568,-9.257500641793955e-17,-0.1735116282955788
231,23.1,-0.019309325654412242,2.980199319991836e-17,-0.013799905666400963,0.11184816194166648,-1.912535642146401e-16,1.109270121911479,1.121257121077009,-9.297533446216059e-17,-0.17302489901421492
232,23.200000000000006,-0.01935969012101434,2.9939256115775654e-17,-0.013924107424959765,0.11254518048815665,-1.9225957791420029e-16,1.1107382438154152,1.1213594885435814,-9.333069333505318e-17,-0.17252168764912107
233,23.300000000000004,-0.019382824038252183,3.0069479733674256e-17,-0.014029577101993219,0.11317068629982327,-1.9319908010782783e-16,1.1118931949198356,1.1211011648171214,-9.364083580808725e-17,-0.17200262152848372
234,23.400000000000002,-0.019378713220246754,3.019259902870505e-17,-0.014116092139412477,0.11372374240353761,-1.9407122426449187e-16,1.1127322441277647,1.1204828617121483,-9.39055768381235e-17,-0.17146850200261243
235,23.500000000000004,-0.01934738952070921,3.030856227742566e-17,-0.01418347086439638,0.11420342939857286,-1.9487531187780031e-16,1.113253485453625,1.1195060042122509,-9.41247934740981e-17,-0.1709203066012728
236,23.6,-0.019288931514487274,3.0417331163700136e-17,-0.014231571132711047,0.11460884267901873,-1.956107925529126e-16,1.1134558197030413,1.1181727440651932,-9.429842796942529e-17,-0.17035919224675422
237,23.700000000000006,-0.01920346590055644,3.0518881008193935e-17,-0.014260289411010162,0.11493909095642904,-1.9627726348174115e-16,1.113338944100492,1.1164859835285772,-9.442649117521694e-17,-0.16978649944727273
238,23.800000000000004,-0.019091169613195468,3.061320082277296e-17,-0.014269560315441233,0.11519329622117148,-1.9687446920243137e-16,1.112903349974479,1.1144494089171202,-9.450906438397866e-17,-0.16920375730539403
239,23.900000000000006,-0.018952272629898535,3.070029399955438e-17,-0.01425935662535055,0.11537059535903531,-1.9740230453003635e-16,1.1121503285416552,1.1120675335532964,-9.454630642074764e-17,-0.1686126890846345
240,24.000000000000004,-0.018787061462917063,3.078017906962839e-17,-0.014229689791174529,0.11547014370843292,-1.9786082042002919e-16,1.111081984743974,1.1093457496279695,-9.453846070187608e-17,-0.16801521798534816
241,24.1,-0.01859588331447047,3.08528902814955e-17,-0.01418061095340012,0.1154911208958134,-1.9825022683261687e-16,1.1097012589676447,1.106290388316584,-9.448586065806578e-17,-0.16741347269071818
242,24.200000000000003,-0.018379150862014488,3.09184787349781e-17,-0.014112212483448636,0.11543273931439708,-1.9857090216678974e-16,1.1080119562925261,1.1029087872523224,-9.438893919329326e-17,-0.16680979215920447
243,24.3,-0.018137347618123512,3.0977013999824546e-17,-0.014024630046206996,0.11529425560457236,-1.9882340496705113e-16,1.1060187826715648,1.0992093641178895,-9.424824193465266e-17,-0.1662067290674387
244,24.400000000000006,-0.017871033778520538,3.1028585294147796e-17,-0.01391804516655256,0.11507498544287316,-1.9900848533924071e-16,1.103727387112627,1.0952016946766046,-9.406443479760187e-17,-0.16560705125611133
245,24.500000000000004,-0.01758085243119422,3.107330317450997e-17,-0.013792688257726405,0.11477432183988868,-1.9912709715370616e-16,1.1011444085270032,1.090896593025746,-9.383831880592996e-17,-0.1650137405120646
246,24.600000000000005,-0.01726753594995763,3.1111301147288796e-17,-0.013648842037446738,0.11439175697666597,-1.9918041153177408e-16,1.098277525427337,1.0863061912388652,-9.357084171749484e-17,-0.1644299880455872
247,24.700000000000003,-0.0169319123391812,3.114273740669099e-17,-0.013486845218668844,0.11392690736878161,-1.9916983154950926e-16,1.0951355061233077,1.0814440149054676,-9.326311111041608e-17,-0.16385918610626776
248,24.8,-0.01657491123652632,3.1167796817524327e-17,-0.013307096317512703,0.11337954183871447,-1.9909700970320394e-16,1.0917282565135857,1.0763250504341701,-9.291640887237793e-17,-0.16330491533543184
249,24.900000000000002,-0.01619756922321561,3.118669253643631e-17,-0.013110057374249192,0.11274961141224288,-1.9896386133904253e-16,1.0880668620643472,1.0709657994410404,-9.253220288789514e-17,-0.16277092768507512
250,25.000000000000004,-0.015801034044844522,3.119966752064084e-17,-0.012896257339308012,0.11203727985887584,-1.987725777040308e-16,1.0841636201748506,1.0653843152019877,-9.211215791938137e-17,-0.16226112504064188
251,25.100000000000005,-0.015386567319994575,3.1206996058236626e-17,-0.01266629484178082,0.11124295321122939,-1.9852563978661013e-16,1.0800320589520438,1.0596002161245603,-9.165814669826323e-17,-0.16177953405388423
252,25.200000000000003,-0.014955545319835931,3.1208983462465436e-17,-0.012420840040919985,0.11036730628039099,-1.9822581489510293e-16,1.075686938547691,1.0536346716064522,-9.117224785526117e-17,-0.1613302780929565
253,25.300000000000004,-0.014509457449426461,3.120596748946693e-17,-0.012160635270062618,0.10941130400057689,-1.978761695258755e-16,1.0711442317408728,1.0475103565859873,-9.065675554705704e-17,-0.1609175476045381
254,25.400000000000002,-0.014049902156955908,3.119831740671176e-17,-0.01188649422426969,0.10837621545381931,-1.9748006205734551e-16,1.0664210814294774,1.0412513725888597,-9.011417263782657e-17,-0.1605455704991358
255,25.500000000000007,-0.013578580140861838,3.1186432700898575e-17,-0.011599299521339342,0.10726361869643795,-1.9704113304142865e-16,1.0615357341203595,1.0348831350848433,-8.954719930727179e-17,-0.1602185843528975
256,25.600000000000005,-0.013097284908000327,3.1170741946469835e-17,-0.011299998578786111,0.10607539505447307,-1.9656329122273818e-16,1.0565074502926355,1.0284322293314199,-8.895872908540379e-17,-0.15994081221159118
257,25.700000000000003,-0.012607890940727555,3.1151699579631123e-17,-0.010989597888049348,0.10481371234988288,-1.9605069089787174e-16,1.0513563944777249,1.0219262393352193,-8.835182049772943e-17,-0.15971644355054723
258,25.800000000000004,-0.012112339930452949,3.112978304275279e-17,-0.010669155915971434,0.10348099748564002,-1.9550770632694607e-16,1.0461035098046603,1.01539355676555,-8.772967726072936e-17,-0.15954962148787397
259,25.900000000000002,-0.01161262569933315,3.11054892438264e-17,-0.010339775001968615,0.10207989983259061,-1.9493890197040693e-16,1.040770383314173,1.0088631782443083,-8.709562183037845e-17,-0.1594444367068421
260,26.000000000000004,-0.011110778531458355,3.107933089574466e-17,-0.010002592725598947,0.10061324777536161,-1.9434900202403e-16,1.0353791092821876,1.0023645001042865,-8.645306782127297e-17,-0.15940492779354554
261,26.1,-0.0106088496497072,3.105183259162181e-17,-0.009658773275080232,0.09908400144505118,-1.93742857798501e-16,1.02995215792154,0.9959271192727549,-8.580549027668033e-17,-0.15943508693770833
262,26.200000000000006,-0.010108896497606113,3.1023527303935404e-17,-0.009309499341935614,0.0974952049864697,-1.9312541950574475e-16,1.0245122560815,0.9895806473975415,-8.515639833579661e-17,-0.15953886928058575
263,26.300000000000004,-0.00961296932600005,3.099495302777919e-17,-0.008955964999577808,0.09584994163223397,-1.9250170991626275e-16,1.019082285009848,0.983354542876256,-8.450930826532252e-17,-0.15972020370832113
264,26.400000000000006,-0.009123099365267427,3.096665028840153e-17,-0.008599369903544532,0.09415129440990869,-1.9187680502112247e-16,1.013685198078067,0.9772779624182626,-8.386772336765335e-17,-0.15998300263113968
265,26.500000000000004,-0.008641288617679271,3.093915939794107e-17,-0.008240914995200155,0.09240231457746922,-1.912558146707691e-16,1.0083439588740735,0.9713796305932983,-8.32351099679407e-17,-0.16033116826702865
266,26.6,-0.008169501066671392,3.091301869732337e-17,-0.007881799719792453,0.09060599899085467,-1.906438706768602e-16,1.0030814975415712,0.9656877229372789,-8.261488046301022e-17,-0.16076859313616113
267,26.700000000000006,-0.007709654902263187,3.088876352579325e-17,-0.007523220604358938,0.08876527668964129,-1.9004612335448334e-16,0.9979206809674795,0.9602297559682871,-8.201038087474589e-17,-0.1612991528198283
268,26.800000000000004,-0.007263615228680239,3.086692460099812e-17,-0.007166370898318138,0.08688300416167986,-1.894677327543936e-16,0.9928842906059634,0.9550324761771477,-8.142487517444512e-17,-0.16192668948901326
269,26.900000000000006,-0.0068331866652764734,3.084802733535938e-17,-0.006812440871837463,0.08496196810088348,-1.8891386930871992e-16,0.9879950005237119,0.9501217398313004,-8.086153259700782e-17,-0.16265498521396848
270,27.000000000000004,-0.006420105278548348,3.0832590031512154e-17,-0.006462618301172936,0.08300489405039217,-1.8838970092442083e-16,0.9832753477324299,0.9455223762763718,-8.032341125718787e-17,-0.16348772459338262
271,27.100000000000005,-0.006026029385596418,3.082112415702397e-17,-0.00611808864855096,0.08101445913440347,-1.8790040056557978e-16,0.978747687062094,0.9412580292366681,-7.981345676080608e-17,-0.16442844677254978
272,27.200000000000003,-0.005652528934596549,3.0814130359830364e-17,-0.005780034465798327,0.07899330710412292,-1.8745112086845994e-16,0.9744341237012442,0.9373509732158108,-7.933446225400537e-17,-0.16548048744925878
273,27.3,-0.005301073376985966,3.081209728337364e-17,-0.005449633612291876,0.07694406411439621,-1.8704698016089869e-16,0.9703564180318801,0.9338219052271529,-7.888906543635169e-17,-0.16664691199343612
274,27.400000000000006,-0.004973018176856775,3.081549889009392e-17,-0.005128055973355561,0.07486935395511511,-1.866930419485244e-16,0.9665358594245034,0.9306897154391454,-7.847972546137609e-17,-0.167930441327867
275,27.500000000000004,-0.0046695903315450505,3.0824790449714584e-17,-0.004816458487612026,0.07277181183099354,-1.8639427907381071e-16,0.9629931081024972,0.9279712435780068,-7.810869563785209e-17,-0.16933337271856988
276,27.600000000000005,-0.004391873480088814,3.084040566169856e-17,-0.004515978431856215,0.07065409616483127,-1.8615554333250864e-16,0.9597480068624733,0.9256810307655496,-7.777800784179013e-17,-0.1708574980777893
277,27.700000000000003,-0.004140793332195996,3.086275034416779e-17,-0.004227725059070844,0.06851889825181896,-1.8598150108344099e-16,0.9568193671407033,0.9238310785931083,-7.748943681155274e-17,-0.17250402275204418
278,27.800000000000004,-0.003917104243419581,3.0892200239307383e-17,-0.003952769827575254,0.06636894988592132,-1.858766042826241e-16,0.9542247364162751,0.922430628416016,-7.724449327764596e-17,-0.1742734880084672
279,27.900000000000002,-0.0037213777825984957,3.092909426511717e-17,-0.003692135585274498,0.06420702929572425,-1.858450177319614e-16,0.95198015601209,0.921485973959907,-7.704439291292805e-17,-0.17616570050365685
280,28.0,-0.0035539940828683268,3.0973732091131477e-17,-0.003446785171959686,0.06203596585878844,-1.85890579181504e-16,0.9500999197973771,0.9210003193293993,-7.689005381463121e-17,-0.1781796718907531
281,28.100000000000005,-0.003415136642639981,3.1026369215824395e-17,-0.0032176099662895225,0.059858644111430444,-1.8601673759966043e-16,0.9485963449672128,0.9209736924793235,-7.678208393130264e-17,-0.18031357138153814
282,28.200000000000003,-0.003304791059360712,3.1087214099780666e-17,-0.0030054189273196496,0.05767800754181329,-1.8622650519641708e-16,0.9474795659059471,0.9214029213238563,-7.672077982735459e-17,-0.18256469354296984
283,28.300000000000004,-0.0032227479530559547,3.115642554961941e-17,-0.0028109286617646586,0.05549706255898978,-1.8652241183559623e-16,0.9467573611436316,0.9222816761700033,-7.670613101428537e-17,-0.18492944290626384
284,28.400000000000002,-0.003168610088145066,3.123411199066807e-17,-0.002634754989775458,0.053318882882371146,-1.8690647858828813e-16,0.9464350216756716,0.9236005783657596,-7.6737837739088e-17,-0.1874033361547276
285,28.500000000000007,-0.003141803451566957,3.1320330158561694e-17,-0.002477406389385921,0.05114661441058203,-1.8738018247246184e-16,0.9465152665881509,0.9253473712635277,-7.681532310537875e-17,-0.18998102179898477
286,28.600000000000005,-0.0031415918130277254,3.141508626131807e-17,-0.0023392795810707446,0.04898348042396348,-1.8794444854664442e-16,0.946998209212273,0.9275071461182126,-7.693776058708638e-17,-0.19265631641341882
287,28.700000000000006,-0.0031670940972815457,3.151833800120633e-17,-0.0022206573790604944,0.0468327867720173,-1.8859964916664669e-16,0.9478813741434255,0.9300626126330327,-7.710410650954788e-17,-0.19542225575921623
288,28.800000000000004,-0.0032173037534336136,3.162999665794074e-17,-0.002121708796185189,0.04469792651875941,-1.8934560949992158e-16,0.9491597626303162,0.9329944017442042,-7.731312767693861e-17,-0.1982711585094223
289,28.900000000000002,-0.0032911092223818655,3.174993006854462e-17,-0.002042491255201463,0.04258238338812186,-1.9018162200279366e-16,0.95082596128033,0.9362813870352615,-7.75634336186016e-17,-0.2011946998560617
290,29.000000000000004,-0.0033873145853139937,3.187796654994609e-17,-0.0019829546421824508,0.040489733287630725,-1.91106474991869e-16,0.952870286921856,0.9399010109468153,-7.785351143256797e-17,-0.2041839920369639
291,29.1,-0.0035046595223883568,3.2013898733377606e-17,-0.0019429468453910218,0.038423643203804474,-1.9211848238733016e-16,0.9552809589532377,0.943829602665813,-7.818175561090933e-17,-0.20722966877158575
292,29.200000000000006,-0.003641837814383248,3.215748807605624e-17,-0.001922220362519634,0.03638786685882127,-1.932155245288582e-16,0.9580442896793246,0.9480426761274888,-7.854649965705218e-17,-0.21032197072729497
293,29.300000000000004,-0.003797513769403773,3.230846847165141e-17,-0.0019204395337390164,0.03438623668496005,-1.9439508331507725e-16,0.9611448830208741,0.9525151987660062,-7.894603802637284e-17,-0.213450829425651
294,29.400000000000006,-0.003970336136584069,3.246655059189299e-17,-0.0019371879679395288,0.03242265189039374,-1.9565428616605896e-16,0.964565832552006,0.9572218242872764,-7.937865162567943e-17,-0.2166059474103801
295,29.500000000000004,-0.004158949262638449,3.2631423968807935e-17,-0.0019719757720868328,0.030501062629273837,-1.9698993207957622e-16,0.9682889109967857,0.9621370855759201,-7.984261315006664e-17,-0.21977687299945275
296,29.600000000000005,-0.004362001439247912,3.2802760958186497e-17,-0.0020242462633625175,0.028625450521011335,-1.983985359175906e-16,0.9722947449756847,0.9672355466659037,-8.033620736945833e-17,-0.2229530684962885
297,29.700000000000003,-0.004578150566080082,3.298021814884169e-17,-0.002093381933482695,0.02679980596226831,-1.9987635135662789e-16,0.9765629707852883,0.9724919153121347,-8.085772965527851e-17,-0.2261239713036573
298,29.800000000000004,-0.0048060674055792185,3.3163438160896095e-17,-0.002178709536058801,0.025028102822689448,-2.0141939722455148e-16,0.9810723691553135,0.9778811199548353,-8.140548915060933e-17,-0.22927904793398488
299,29.900000000000006,-0.00504443682509087,3.335205086427874e-17,-0.0022795042726898858,0.023314271204744785,-2.0302347816718383e-16,0.9858009790903498,0.9833783566747313,-8.197780662893479e-17,-0.23240784140933793
300,30.000000000000004,-0.0052919575063069295,3.354567359193213e-17,-0.0023949931537188994,0.021662168982767804,-2.0468419611833114e-16,0.9907261929141022,0.9889591130423191,-8.257300658961102e-17,-0.23550001296366255
301,30.100000000000005,-0.0055473406508235665,3.37439119941378e-17,-0.0025243576981510882,0.020075552828244126,-2.0639696715315215e-16,0.9958248363518843,0.9945991765471619,-8.318941354434678e-17,-0.2385453792721087
302,30.200000000000003,-0.0058093082246583995,3.394635978605054e-17,-0.002666736208021367,0.01855804939415319,-2.0815702859038655e-16,1.001073238792937,1.0002746355504826,-8.382534163029923e-17,-0.24153394661453575
303,30.300000000000008,-0.0060765912653672274,3.4152599164857215e-17,-0.0028212259004515862,0.017113127287553827,-2.0995945058172848e-16,1.0064472996700817,1.0059618804430943,-8.447908931975267e-17,-0.24445594341510188
304,30.400000000000006,-0.006347928724667129,3.436220101463331e-17,-0.002986885201823268,0.015744070419963282,-2.1179914601058135e-16,1.0119225571085078,1.0116376119251085,-8.514893256694218e-17,-0.2473018524778874
305,30.500000000000004,-0.006622067239378727,3.4574725473789095e-17,-0.0031627365003546997,0.014453953296421395,-2.1367088399678573e-16,1.0174742645899741,1.0172788620812603,-8.583312102712946e-17,-0.25006244396212723
306,30.600000000000005,-0.006897762117358838,3.4789722886466576e-17,-0.003347769615233635,0.01324561878593512,-2.1556930619962036e-16,1.023077480360272,1.0228630322592107,-8.652987604848628e-17,-0.2527288097275164
307,30.700000000000003,-0.007173779698322115,3.5006735271663565e-17,-0.003540946174156528,0.012121658900730092,-2.174889487628048e-16,1.0287071727413364,1.028367949761312,-8.72373924012119e-17,-0.2552923991659148
308,30.800000000000004,-0.00744890111034457,3.522529823598454e-17,-0.003741205001596003,0.011084399087008099,-2.1942426845640978e-16,1.0343383425270045,1.0337719431771644,-8.79538424212309e-17,-0.2577450560743963
309,30.900000000000002,-0.0077219273027094295,3.544494365466724e-17,-0.003947468515591521,0.0101358864818277,-2.2136967619066074e-16,1.0399461614416488,1.0390539340081835,-8.867738504765131e-17,-0.2600790555838677
310,31.000000000000007,-0.007991685108067149,3.566520224280081e-17,-0.004158650022391491,0.009277882507793643,-2.2331957003913073e-16,1.0455061234726872,1.0441935402916602,-8.94061736645155e-17,-0.26228713971084583
311,31.100000000000005,-0.008257033985424208,3.588560682065784e-17,-0.004373661698479724,0.008511860053829532,-2.2526837475200255e-16,1.0509942040182694,1.049171186444866,-9.013836856934042e-17,-0.26436254981423
312,31.200000000000003,-0.008516873031865014,3.610569603303187e-17,-0.004591422970621928,0.007839005328874977,-2.2721058535770783e-16,1.056387020461274,1.053968212701573,-9.087215224808315e-17,-0.26629905416100136
313,31.300000000000004,-0.008770147832143511,3.632501726785666e-17,-0.004810868956226697,0.007260224286735454,-2.2914080307667484e-16,1.061661987159955,1.0585669774040853,-9.160573945561743e-17,-0.26809096895125917
314,31.400000000000002,-0.009015856742073844,3.6543130741538583e-17,-0.0050309586137771796,0.00677615332193363,-2.310537810003592e-16,1.066797457998912,1.0629509460375135,-9.233739698131e-17,-0.26973317150534476
315,31.500000000000004,-0.009253056268160245,3.675961185734902e-17,-0.005250682276229189,0.006387173748889984,-2.329444538124151e-16,1.0717728505190942,1.0671047621362082,-9.306545077386807e-17,-0.2712211048235729
316,31.600000000000005,-0.009480865300932707,3.6974053910848563e-17,-0.005469068293805026,0.006093429419824876,-2.348079691481818e-16,1.0765687470863738,1.0710142968574623,-9.378829798927359e-17,-0.2725507733202218
317,31.700000000000006,-0.009698468068781075,3.7186070663840773e-17,-0.005685188587399092,0.0058948467255886755,-2.366397164575338e-16,1.0811669703405875,1.074666675864006,-9.450441880369627e-17,-0.27371873012878917
318,31.800000000000004,-0.009905115788260721,3.739529754171109e-17,-0.005898162998843527,0.005791156166370052,-2.384353418554441e-16,1.0855506320447963,1.0780502839469894,-9.521238056526961e-17,-0.2747220569037325
319,31.900000000000006,-0.01010012708368524,3.7601392915770544e-17,-0.006107162408790352,0.005781914676410746,-2.401907625815586e-16,1.0897041562046368,1.0811547493610527,-9.59108437959982e-17,-0.2755583374527205
320,32.00000000000001,-0.010282887324997476,3.7804038978573494e-17,-0.006311410668128378,0.0058665279321790074,-2.419021762059863e-16,1.0936132787826032,1.0839709110068265,-9.659856690992012e-17,-0.27622562679542
321,32.1,-0.010452847084499648,3.800294154067366e-17,-0.006510185448789087,0.006044271955846611,-2.435660583690815e-16,1.0972650273957973,1.0864907723326382,-9.727440421880253e-17,-0.2767224173572345
322,32.2,-0.010609519940105061,3.8197829890912566e-17,-0.006702818161797663,0.006314313431971675,-2.4517916148984436e-16,1.1006476850321452,1.0887074461509882,-9.793730687338004e-17,-0.27704760398621703
323,32.300000000000004,-0.010752479858401233,3.838845670424333e-17,-0.006888693114567014,0.006675728271574206,-2.467385115508983e-16,1.1037507420801131,1.0906150945383901,-9.858632334761852e-17,-0.27720044935823573
324,32.400000000000006,-0.010881358379761116,3.857459694208249e-17,-0.007067246087816138,0.007127518072631149,-2.4824139577631744e-16,1.1065648409086266,1.0922088676968935,-9.922059466598805e-17,-0.27718055114407786
325,32.50000000000001,-0.010995841805335535,3.875604733227784e-17,-0.007237962508390433,0.007668624230590834,-2.4968535492314766e-16,1.1090817169426053,1.0934848451954469,-9.983935368417031e-17,-0.2769878120860247
326,32.60000000000001,-0.011095668557003453,3.893262550371164e-17,-0.007400375381335444,0.008297939541245981,-2.510681723314246e-16,1.111294139741484,1.0944399824640922,-1.0044192232126742e-16,-0.2766224138985469
327,32.7,-0.011180626850362257,3.9104169090200584e-17,-0.0075540631263052655,0.009014317208840201,-2.5238786267697787e-16,1.1131958570787888,1.0950720648515055,-1.0102770878468896e-16,-0.2760847956884588
328,32.800000000000004,-0.01125055279059618,3.92705352884082e-17,-0.007698647442696735,0.009816577224983592,-2.536426649772554e-16,1.114781544498842,1.0953796710236583,-1.0159620783358173e-16,-0.27537563739626303
329,32.900000000000006,-0.011305328973412427,3.9431599978093754e-17,-0.007833791306990572,0.010703510121345551,-2.5483103125955064e-16,1.1160467623314907,1.0953621470051507,-1.0214699743530381e-16,-0.2744958485971288
330,33.0,-0.011344883649008129,3.9587257367581525e-17,-0.007959197186096873,0.011673878125233975,-2.5595162065084407e-16,1.116987921698759,1.0950195917540952,-1.0267973887386278e-16,-0.2734465628653676
331,33.10000000000001,-0.011369190486224836,3.973741947177537e-17,-0.008074605532797527,0.012726413767010586,-2.5700329332875196e-16,1.1176022606542428,1.0943528548113564,-1.0319417572678193e-16,-0.27222913779420077
332,33.2,-0.011378268956036858,3.988201672230923e-17,-0.008179793613820036,0.013859816007145843,-2.579851126917282e-16,1.1178878312502647,1.0933635462602316,-1.0369014002150706e-16,-0.27084516066375525
333,33.300000000000004,-0.011372185337256858,4.0020997317123104e-17,-0.0082745747073726,0.015072743973741462,-2.5889633975922224e-16,1.1178434980137857,1.0920540589515118,-1.0416754873333357e-16,-0.26929645965371724
334,33.400000000000006,-0.011351054331527546,4.0154328096356824e-17,-0.008358797694486438,0.016363808433061313,-2.59736439987774e-16,1.1174689480086417,1.090427602666137,-1.0462641027076766e-16,-0.2675851203917931
335,33.50000000000001,-0.011315041257917722,4.0281994852694465e-17,-0.0084323470563972,0.01773156115942867,-2.605050854203428e-16,1.1167647123452773,1.0884882495779804,-1.0506682677846014e-16,-0.2657135075050058
336,33.6,-0.011264364778441702,4.040400306688437e-17,-0.008495143277495395,0.0191744824285755,-2.612021627696235e-16,1.1157321986468516,1.0862409900200074,-1.054889988525695e-16,-0.26368429069016147
337,33.7,-0.011199300083505679,4.052037909365427e-17,-0.00854714363914776,0.02069096692990266,-2.618277846525347e-16,1.114373733573423,1.0836917971314963,-1.0589323189110959e-16,-0.2615004746384827
338,33.800000000000004,-0.011120182440018972,4.063117139565423e-17,-0.008588343373149357,0.022279308475325544,-2.623823031804376e-16,1.1126926140323459,1.080847698464899,-1.0627994354868616e-16,-0.2591654319383863
339,33.900000000000006,-0.01102741097471443,4.0736451603706336e-17,-0.008618777124236594,0.023937683969833125,-2.628663208538189e-16,1.110693165162767,1.0777168520642333,-1.0664966797440371e-16,-0.2566829378469376
340,34.00000000000001,-0.010921452532004921,4.0836315923757173e-17,-0.008638520648991921,0.025664137193117158,-2.632807066263697e-16,1.1083808025900022,1.0743086239154438,-1.0700306343427208e-16,-0.2540572055791724
341,34.1,-0.010802845411467503,4.093088649945477e-17,-0.008647692654306276,0.027456563011746572,-2.6362661061878183e-16,1.105762095834957,1.0706336630556654,-1.0734091809705775e-16,-0.25129292053739677
342,34.20000000000001,-0.010672202758038334,4.102031312857344e-17,-0.008646456653896099,0.029312692685032553,-2.639054831808232e-16,1.1028448291884307,1.0667039700766123,-1.0766415934593417e-16,-0.24839527171880937
343,34.300000000000004,-0.010530215352696135,4.110477422353835e-17,-0.008635022698715283,0.03123008093284639,-2.6411908638307315e-16,1.0996380558938599,1.0625329543505546,-1.0797385685992604e-16,-0.24536997843310543
344,34.400000000000006,-0.0103776535382553,4.118447788216341e-17,-0.008613648819888992,0.03320609539058058,-2.6426950667299293e-16,1.0961521412137023,1.0581354751415912,-1.0827122716357283e-16,-0.24222331046658058
345,34.50000000000001,-0.01021536801970438,4.1259662632651445e-17,-0.008582642015103982,0.035237908980639276,-2.643591636607144e-16,1.092398789978363,1.0535278619371513,-1.0855763650647893e-16,-0.23896209997504617
346,34.6,-0.010044289306549796,4.133059719130176e-17,-0.008542358615405261,0.03732249558425666,-2.6439080971969454e-16,1.0883910546160351,1.0487279099250417,-1.0883459763238551e-16,-0.23559374369186503
347,34.7,-0.009865425619241053,4.139758085990316e-17,-0.008493203892548512,0.03945662921396775,-2.643675348512021e-16,1.084143320490395,1.0437548475917071,-1.0910377116318922e-16,-0.2321261944977577
348,34.800000000000004,-0.009679859163119961,4.146094221546618e-17,-0.008435630809213186,0.04163688668635617,-2.642927545872611e-16,1.0796712666325936,1.0386292749095158,-1.093669567076582e-16,-0.22856794198944233
349,34.900000000000006,-0.009488740777247014,4.152103781312704e-17,-0.008370137874590984,0.043859653603714646,-2.641701976066035e-16,1.0749918015781357,1.0333730724211443,-1.0962608482360338e-16,-0.2249279823526636
350,35.00000000000001,-0.009293283082872337,4.157825039149443e-17,-0.008297266141912077,0.04612113330054145,-2.6400388777872373e-16,1.0701229758675985,1.028009283545448,-1.0988320638675384e-16,-0.22121577851824728
351,35.10000000000001,-0.009094752373920833,4.163298622346699e-17,-0.008217595464817335,0.048417358320430176,-2.6379811767551357e-16,1.065083874638404,1.0225619743861594,-1.1014047738974258e-16,-0.21744121217282136
352,35.2,-0.008894459593803063,4.1685672332229674e-17,-0.008131740206081674,0.05074420397440295,-2.635574199751932e-16,1.0598944953827052,1.0170560769572816,-1.1040014246838066e-16,-0.2136145296279479
353,35.300000000000004,-0.008693750813488254,4.1736753196878473e-17,-0.008040344654092868,0.053097403591877874,-2.632865349921268e-16,1.0545756171395766,1.0115172227998697,-1.1066451652720577e-16,-0.2097462837620701
354,35.400000000000006,-0.008493997652728513,4.1786688411687635e-17,-0.007944078439914655,0.05547256519352279,-2.6299038459795486e-16,1.0491486679461628,1.0059715742746185,-1.1093597199196751e-16,-0.2058472742121457
355,35.50000000000001,-0.008296588063243574,4.1835949143911544e-17,-0.007843632254115622,0.057865189462204335,-2.6267403791518874e-16,1.0436355972010554,1.0004456603014036,-1.1121691811281427e-16,-0.20192848771961636
356,35.60000000000001,-0.008102917820691391,4.1885015657194774e-17,-0.00773971413577367,0.06027068902912016,-2.6234268582843855e-16,1.0380587587124903,0.9949662220335033,-1.1150978699550053e-16,-0.1980010400796156
357,35.7,-0.007914382959856983,4.1934374889257924e-17,-0.007633046548991159,0.06268440919388836,-2.620016165337037e-16,1.0324408087365102,0.989560072068646,-1.1181701912356632e-16,-0.19407612058075188
358,35.800000000000004,-0.007732373248888775,4.1984518736330883e-17,-0.00752436438180279,0.06510165023546739,-2.616561988463366e-16,1.0268046214540072,0.9842539685610151,-1.1214105307169047e-16,-0.19016493924353317
359,35.900000000000006,-0.007558266650839216,4.2035942605033124e-17,-0.007414413907983125,0.06751769143389458,-2.6131186898254664e-16,1.021173222322476,0.9790745032929501,-1.124843157307385e-16,-0.18627867665033612
360,36.00000000000001,-0.007393424581617557,4.208914493503423e-17,-0.007303952654089129,0.06992781681343091,-2.6097412760661467e-16,1.015569737791553,0.9740480006659165,-1.1284921768200852e-16,-0.1824284357712483
361,36.10000000000001,-0.007239187657864934,4.2144624966504336e-17,-0.007193750021281714,0.07232734245009548,-2.606485207181839e-16,1.0100173581727505,0.9692004229031426,-1.1323813717214808e-16,-0.17862519496423734
362,36.2,-0.007096871547541631,4.220288374305237e-17,-0.007084588431268691,0.07471164498315953,-2.6034065300798657e-16,1.0045393091265205,0.9645572756785482,-1.1365342210526971e-16,-0.17487976127377947
363,36.300000000000004,-0.006967762497094023,4.226442284106006e-17,-0.006977264703030212,0.07707619075727792,-2.600561811405191e-16,0.9991588263375267,0.9601435079817003,-1.1409737653597204e-16,-0.1712027232547137
364,36.400000000000006,-0.006853112114574046,4.232974427064095e-17,-0.006872591324736598,0.07941656482623363,-2.598008165435547e-16,0.993899127506314,0.9559834003116165,-1.1457225695277345e-16,-0.1676044027760005
365,36.50000000000001,-0.006754131036857633,4.239934872345181e-17,-0.0067713972649022175,0.08172849889500856,-2.5958031758797906e-16,0.988783375773866,0.9521004362206343,-1.1508025197497776e-16,-0.16409480557062608
366,36.6,-0.0066719811968165114,4.247373412982355e-17,-0.0066745279689189845,0.0840078971838565,-2.594004822851945e-16,0.983834629079263,0.9485171537147051,-1.156234667558587e-16,-0.1606835706482807
367,36.70000000000001,-0.0066077665259943325,4.2553392284280465e-17,-0.006582844211772914,0.08625085917987833,-2.5926712480794436e-16,0.9790757706891172,0.945254974934473,-1.1620389316977134e-16,-0.15737991903450396
368,36.800000000000004,-0.006562522070955376,4.2638809113733687e-17,-0.006497219524651013,0.08845369830431221,-2.5918608347817233e-16,0.9745294171909222,0.9423340147424119,-1.1682340596592786e-16,-0.15419260260899081
369,36.900000000000006,-0.006537201656300132,4.273045667294153e-17,-0.0064185359813542855,0.09061295566476395,-2.5916315301804967e-16,0.970217801571865,0.939772871157685,-1.1748370218345108e-16,-0.15112985406255688
370,37.00000000000001,-0.006532664382563609,4.2828790887845575e-17,-0.006347678217972238,0.09272540826956481,-2.592040670536932e-16,0.9661626305664135,0.9375884028361078,-1.1818628511974835e-16,-0.14819933916459477
371,37.1,-0.006549660390587228,4.293424518787346e-17,-0.006285525662687441,0.09478807133749487,-2.59314442045004e-16,0.962384917193624,0.9357955008121954,-1.1893241726122652e-16,-0.14540811262910824
372,37.2,-0.00658881644360994,4.3047224600699254e-17,-0.006232943066608591,0.09679819461650696,-2.5949972206277057e-16,0.9589047912409566,0.9344068633390468,-1.1972308314573626e-16,-0.142762578893371
373,37.300000000000004,-0.0066506219636636625,4.3168099403974e-17,-0.006190769544075844,0.09875325290516514,-2.5976511539237115e-16,0.9557412922809129,0.9334327837362413,-1.2055895154931157e-16,-0.14026845908709845
374,37.400000000000006,-0.006735416201437025,4.329719845107084e-17,-0.00615980644334587,0.1006509312283818,-2.601155252115002e-16,0.9529121514997562,0.9328809615738738,-1.2144033885839853e-16,-0.1379307653779446
375,37.50000000000001,-0.006843377213159082,4.3434802540398604e-17,-0.006140804466545095,0.10248910533897636,-2.6055547676276187e-16,0.9504335700256709,0.932756347211832,-1.2236717692240662e-16,-0.13575378373206923
376,37.6,-0.006974513262441232,4.358113841338734e-17,-0.006134450532098398,0.10426581839011652,-2.6108904701704707e-16,0.9483200024171132,0.933061028657185,-1.2333898736155763e-16,-0.13374106592233365
377,37.7,-0.0071286571616244595,4.373637424164039e-17,-0.006141354915670845,0.10597925474899879,-2.617198017627851e-16,0.946583954380389,0.9337941679362317,-1.2435487386726878e-16,-0.1318954313451574
378,37.800000000000004,-0.007305463922333872,4.3900612695857556e-17,-0.006162039211625896,0.10762771200159746,-2.6245071287856994e-16,0.9452358035402711,0.9349519917992977,-1.254134939755113e-16,-0.13021897886715766
379,37.900000000000006,-0.0075044119088046165,4.407388973610742e-17,-0.0061969256240202615,0.10920957223563983,-2.63284123493262e-16,0.9442836511614129,0.9365278387433758,-1.2651307626512865e-16,-0.12871310852014714
380,38.00000000000001,-0.007724807493489628,4.425617092017916e-17,-0.006246328025900529,0.11072327368667591,-2.6422168604346273e-16,0.9437332111565182,0.9385122612599741,-1.27651420606616e-16,-0.12737855241636115
381,38.10000000000001,-0.007965793018107157,4.444735148113391e-17,-0.006310445123588578,0.11216728379060091,-2.652643414491377e-16,0.9435877406380702,0.9408931791405291,-1.288259232162554e-16,-0.12621541379681084
382,38.2,-0.008226357681173978,4.4647256489752495e-17,-0.0063893559375161075,0.11354007460433796,-2.6641229520160667e-16,0.9438480138553136,0.9436560768629091,-1.3003360212047427e-16,-0.1252232126965676
383,38.300000000000004,-0.008505350821067396,4.4855642589854183e-17,-0.006483017674228039,0.11484010143462114,-2.67665011075531e-16,0.94451233883127,0.946784235791708,-1.312711309862877e-16,-0.12440093635739082
384,38.400000000000006,-0.00880149695521667,4.5072200836585723e-17,-0.006591265927917089,0.11606578535654839,-2.6902121714951557e-16,0.9455766136153945,0.9502589903620964,-1.3253487815766433e-16,-0.12374709228162338
385,38.5,-0.009113411880495473,4.5296560481771044e-17,-0.006713817026636452,0.11721550011810342,-2.704789242409394e-16,0.9470344170205822,0.9540599967211123,-1.3382094829461133e-16,-0.12325976173005408
386,38.60000000000001,-0.009439619141202699,4.5528293444242465e-17,-0.006850272238938356,0.1182875637294083,-2.720354531711823e-16,0.948877127199485,0.958165502518592,-1.3512522560881054e-16,-0.12293665153036742
387,38.7,-0.009778566227028577,4.5766919520691863e-17,-0.007000123489024127,0.11928023484553363,-2.7368747372663584e-16,0.9510940605497242,0.9625526076188637,-1.3644341800085758e-16,-0.12277514227135838
388,38.800000000000004,-0.010128639966079695,4.6011910604848717e-17,-0.007162760196725049,0.12019171388928727,-2.754310360153516e-16,0.9536726232582814,0.9671975072964184,-1.377710942137964e-16,-0.12277233128298391
389,38.900000000000006,-0.010488180714597927,4.626269679847437e-17,-0.007337476862793061,0.1210201487415014,-2.772616234980319e-16,0.9565984682628957,0.9720757117651796,-1.391037249528217e-16,-0.12292506920384619
390,39.00000000000001,-0.010855495099755096,4.6518671176961095e-17,-0.007523481056214696,0.12176364475891817,-2.7917419684235284e-16,0.9598556514184606,0.977162238414558,-1.404367168238495e-16,-0.12322998937275162
391,39.10000000000001,-0.011228867228402911,4.6779194577013635e-17,-0.007719901521569468,0.12242027886075807,-2.811632387895541e-16,0.963426782060145,0.9824317756284288,-1.4176544252364565e-16,-0.12368352971164728
392,39.20000000000001,-0.011606568417835141,4.704359981189143e-17,-0.0079257962018445,0.12298811744072688,-2.8322279534361675e-16,0.9672931647819926,0.9878588193200137,-1.4308526628157175e-16,-0.1242819471659152
393,39.300000000000004,-0.011986865622369208,4.7311195773153574e-17,-0.008140160055811817,0.12346523788910722,-2.853465178040812e-16,0.9714349309303902,0.9934177851566934,-1.4439156742119918e-16,-0.12502132512024236
394,39.400000000000006,-0.012368028813662515,4.7581271999766574e-17,-0.008361932629662762,0.1238497535232232,-2.875277109057912e-16,0.9758311598935564,0.9990831007700989,-1.4567976525571555e-16,-0.12589757451094694
395,39.50000000000001,-0.012748337619048335,4.7853101524276207e-17,-0.008590005411917186,0.12413984169894475,-2.8975936160115445e-16,0.9804599916256368,1.0048292830084327,-1.4694533388267033e-16,-0.12690642961278076
396,39.6,-0.013126087530542209,4.8125945317337106e-17,-0.008823229052382529,0.12433377479302533,-2.9203418719657853e-16,0.9852987328827518,1.0106310055036283,-1.4818382617331113e-16,-0.12804343969548604
397,39.70000000000001,-0.013499595970524747,4.8399054982890795e-17,-0.009060420556036966,0.1244299535994249,-2.9434466437050257e-16,0.9903239603056155,1.0164631615496895,-1.4939088681956143e-16,-0.1293039579249297
398,39.800000000000004,-0.013867208444060045,4.867167713248742e-17,-0.009300370569440405,0.12442694247988656,-2.9668307505093207e-16,0.9955116237274534,1.0223009266018581,-1.505622760893972e-16,-0.13068312902093265
399,39.900000000000006,-0.014227304929979397,4.894305698577483e-17,-0.009541850861342852,0.12432350537160194,-2.99041545110634e-16,1.0008371529162858,1.0281198237083806,-1.5169388822185796e-16,-0.13217587726715874
400,40.00000000000001,-0.014578306572297577,4.9212442536651686e-17,-0.009783622063597725,0.12411864151616203,-3.0141208930178535e-16,1.0062755704086017,1.0338957939878766,-1.5278177260752565e-16,-0.133776896480828
401,40.1,-0.014918682640089016,4.947908813223498e-17,-0.010024441688409038,0.1238116195742618,-3.037866506913832e-16,1.0118016122207256,1.0396052729819545,-1.5382215115909035e-16,-0.13548064347414612
402,40.2,-0.015246957637528043,4.9742259697795925e-17,-0.01026307238005123,0.12340200866996823,-3.0615715672447977e-16,1.0173898571286741,1.0452252724616717,-1.5481144517992855e-16,-0.1372813363626666
403,40.300000000000004,-0.015561718375403877,5.000123856923518e-17,-0.010498290301074032,0.12288970489959541,-3.0851556497269973e-16,1.023014864004776,1.050733466157913,-1.5574629064038175e-16,-0.13917295879586786
404,40.400000000000006,-0.01586162076818819,5.025532600839861e-17,-0.010728893502158502,0.12227495196215615,-3.108539149467397e-16,1.0286513155202364,1.056108277014158,-1.5662355744590899e-16,-0.14114927081316306
405,40.50000000000001,-0.016145396101008097,5.0503847396362516e-17,-0.01095371008767665,0.121558354821272,-3.1316437943192582e-16,1.0342741654950205,1.0613289629941154,-1.5744036542577158e-16,-0.1432038265898273
406,40.60000000000001,-0.01641185651963602,5.074615613801686e-17,-0.011171605970115676,0.12074088567301085,-3.154393136920342e-16,1.0398587864085742,1.0663756982511345,-1.5819409665784635e-16,-0.1453299988693115
407,40.7,-0.016659899531354553,5.098163745176536e-17,-0.011381492007783413,0.11982388193411457,-3.1767130516843586e-16,1.0453811131516453,1.0712296465778133,-1.588824054988457e-16,-0.14752100942523358
408,40.800000000000004,-0.016888511359787587,5.120971087371117e-17,-0.01158233034080471,0.11880903643325451,-3.1985321164608585e-16,1.0508177790319795,1.0758730244627013,-1.595032212859247e-16,-0.14976996450198868
409,40.9,-0.01709676906495534,5.142983327391729e-17,-0.011773139777108853,0.11769838043408809,-3.219782047773576e-16,1.0561462403303883,1.080289151716807,-1.6005475157407566e-16,-0.15206989388429631
410,41.00000000000001,-0.017283841412544854,5.164150013420429e-17,-0.011953000127914996,0.11649426049789693,-3.240397971503932e-16,1.0613448862838952,1.0844624884080423,-1.605354760513151e-16,-0.1544137920674189
411,41.10000000000001,-0.017448988545781106,5.1844247444586886e-17,-0.0121210554453425,0.11519931047206285,-3.260318744318848e-16,1.0663931321660751,1.0883786576646768,-1.6094414431164552e-16,-0.15679465995007236
412,41.2,-0.017591560572921484,5.2037651624188264e-17,-0.012276516167513867,0.11381642005063924,-3.2794870836201387e-16,1.071271494044372,1.0920244546954445,-1.6127976171586555e-16,-0.1592055455446194
413,41.300000000000004,-0.017710995228998713,5.222133004064266e-17,-0.012418660224070278,0.1123487013929156,-3.2978497408104286e-16,1.0759616447244542,1.095387843058108,-1.6154157978707088e-16,-0.16163958237465592
414,41.40000000000001,-0.01780681480005154,5.239494045025196e-17,-0.012546833193951983,0.11079945521712073,-3.315357560266226e-16,1.0804464512603913,1.0984579397470717,-1.6172908213024424e-16,-0.1640900244808932
415,41.50000000000001,-0.01787862251187822,5.255818003232612e-17,-0.012660447635735999,0.10917213763112688,-3.3319654759165923e-16,1.084709995155763,1.1012249910448861,-1.6184196873851337e-16,-0.16655027725116328
416,41.60000000000001,-0.017926098585142842,5.2710784615702267e-17,-0.012758981728370509,0.10747032874723737,-3.3476325203860546e-16,1.0887375769682779,1.1036803412940144,-1.6188014351167516e-16,-0.16901392359933332
417,41.7,-0.017948996147329192,5.285252688679786e-17,-0.012841977367590846,0.10569770388172099,-3.362321708480165e-16,1.0925157074459002,1.1058163968117325,-1.618436967791176e-16,-0.17147474531516388
418,41.800000000000004,-0.01794713717290755,5.298321522734473e-17,-0.012909037862259295,0.1038580078869566,-3.37599997343861e-16,1.0960320875720195,1.1076265871202153,-1.6173289411289e-16,-0.17392673967322708
419,41.900000000000006,-0.017920408599468304,5.310269188789223e-17,-0.012959825367395709,0.10195503292540156,-3.3886380180891737e-16,1.0992755800008394,1.109105325527748,-1.6154816128086928e-16,-0.17636413161129538
420,42.00000000000001,-0.01786875874242124,5.321083161803291e-17,-0.012994058178922376,0.09999259978489483,-3.400210196373285e-16,1.1022361743501103,1.1102479709074453,-1.6129007505622866e-16,-0.17878138196094817
421,42.10000000000001,-0.01779219410651504,5.33075400842003e-17,-0.01301150800115495,0.09797454266316884,-3.410694364650951e-16,1.1049049487177223,1.1110507923051005,-1.6095935254251874e-16,-0.18117319233461282
422,42.2,-0.017690776670578452,5.33927525329577e-17,-0.013011997283537106,0.09590469721987997,-3.420071744086383e-16,1.107274029631627,1.111510937790503,-1.6055684385854733e-16,-0.18353450734689838
423,42.30000000000001,-0.01756462170352441,5.3466432614053625e-17,-0.01299539670933615,0.09378689160685688,-3.4283267895548126e-16,1.109336552455178,1.1116264087627548,-1.6008352655667e-16,-0.1858605148794186
424,42.400000000000006,-0.01741389615515805,5.3528571381606364e-17,-0.012961622906839434,0.09162494013835192,-3.4354470699155903e-16,1.111086624072563,1.1113960407388854,-1.5954050176015357e-16,-0.18814664509416965
425,42.50000000000001,-0.017238817654494226,5.3579186656233154e-17,-0.012910636443422201,0.08942263924740847,-3.441423178968872e-16,1.1125192894851514,1.110819491498757,-1.5892899312421485e-16,-0.19038856886807978
426,42.6,-0.0170396541404376,5.361832227085705e-17,-0.012842440154682853,0.08718376538514647,-3.446248626358966e-16,1.113630503765853,1.1098972373239238,-1.5825034538925473e-16,-0.19258219626737336
427,42.7,-0.016816724143715513,5.3646047841673546e-17,-0.012757077854270767,0.08491207454906907,-3.4499197813660493e-16,1.1144171106448193,1.1086305779441712,-1.5750602640443525e-16,-0.19472367561091594
428,42.80000000000001,-0.01657039773344701,5.366245909950067e-17,-0.012654633464338792,0.08261130316623691,-3.45243587320486e-16,1.114876828829479,1.107021650678307,-1.5669763249315273e-16,-0.1968093935917281
429,42.900000000000006,-0.016301098134980232,5.366767814022561e-17,-0.012535230600731263,0.08028517009902708,-3.4537989834087556e-16,1.1150082469829665,1.105073454106757,-1.5582689380756306e-16,-0.1988359768393196
430,43.00000000000001,-0.016009304015756055,5.3661854156793245e-17,-0.01239903263984039,0.0779373795770293,-3.454014078138767e-16,1.114810828080877,1.1027898814209496,-1.5489568152700782e-16,-0.2008002952152987
431,43.1,-0.015695552421017205,5.364516445136176e-17,-0.012246243284155202,0.07557162488070175,-3.4530890813595647e-16,1.1142849236171197,1.100175763335306,-1.5390601739133253e-16,-0.20269946704281855
432,43.2,-0.015360442319336807,5.3617815980074313e-17,-0.012077107629473824,0.07319159260382742,-3.4510350001023723e-16,1.113431797814164,1.0972369200994971,-1.5286008582105688e-16,-0.204530866378005
433,43.30000000000001,-0.015004638687673493,5.358004660700746e-17,-0.01189191371724145,0.07080096729712874,-3.4478660195109323e-16,1.1122536615909235,1.0939802216929206,-1.5176024338338592e-16,-0.20629213233909577
434,43.400000000000006,-0.01462887702608696,5.353212758506997e-17,-0.01169099452950951,0.06840343624138226,-3.443599733504571e-16,1.1107537155370695,1.0904136547092593,-1.506090359005256e-16,-0.20798118041671315
435,43.50000000000001,-0.014233968143505278,5.3474365164592795e-17,-0.01147473035115308,0.0660026940150758,-3.438257291426219e-16,1.1089362005287098,1.0865463937486368,-1.494092093682211e-16,-0.20959621559637373
436,43.6,-0.013820802999633106,5.34071032146946e-17,-0.01124355138470285,0.06360244641358535,-3.431863652478067e-16,1.1068064539045606,1.0823888743493228,-1.481637258044544e-16,-0.21113574703198357
437,43.70000000000001,-0.01339035732777874,5.3330725563940127e-17,-0.010997940459180781,0.061206413154228756,-3.4244478135991823e-16,1.1043709683318912,1.0779528636563005,-1.4687577761282146e-16,-0.21259860391707952
438,43.80000000000001,-0.012943695704922683,5.324565791813895e-17,-0.010738435629024247,0.058818328681158896,-3.416043016570853e-16,1.1016374496821313,1.0732515242165985,-1.455487974281113e-16,-0.21398395211025048
439,43.900000000000006,-0.012481974687042548,5.315236972469591e-17,-0.010465632417717042,0.056441940289359026,-3.406686951145294e-16,1.0986148694917948,1.0682994656192473,-1.4418646735505734e-16,-0.21529131098509655
440,44.00000000000001,-0.0120064445999099,5.3051375584467056e-17,-0.010180185430050101,0.054081002746789474,-3.396421925455448e-16,1.095313507019726,1.0631127782967025,-1.4279272433757264e-16,-0.21652056989763424
441,44.1,-0.011518449579659085,5.294323536652494e-17,-0.00988280904517106,0.05173926863883742,-3.385294918946492e-16,1.091744975662442,1.0577090438243046,-1.4137175668847364e-16,-0.21767200360154046
442,44.20000000000001,-0.011019425503904291,5.282855425045833e-17,-0.009574276918013517,0.04942047381681121,-3.3733576358607766e-16,1.0879222286948858,1.0521073166344252,-1.399279994092894e-16,-0.21874628590223172
443,44.300000000000004,-0.010510895550060106,5.270798116808024e-17,-0.009255420065946556,0.04712831761824819,-3.360666409363475e-16,1.0838595400786208,1.0463280732977174,-1.3846611904251085e-16,-0.21974450083380329
444,44.400000000000006,-0.009994463263351835,5.258220632526159e-17,-0.008927123403396684,0.04486643793777811,-3.347282019250058e-16,1.0795724574775971,1.0403931274275469,-1.36990992319988e-16,-0.22066815067735837
445,44.5,-0.009471803204362151,5.2451957160746466e-17,-0.008590320706779175,0.042638381733885636,-3.333269362896937e-16,1.0750777266023501,1.034325510730868,-1.3550767524186153e-16,-0.22151916022193635
446,44.60000000000001,-0.008944649456426165,5.231799366317932e-17,-0.008245988135277093,0.040447572102412344,-3.3186970638350515e-16,1.0703931884090638,1.0281493235238215,-1.340213685567208e-16,-0.22229987680192562
447,44.70000000000001,-0.008414782479716188,5.218110274449779e-17,-0.00789513658300428,0.03829727355358474,-3.3036369719415965e-16,1.0655376532379663,1.0218895608024279,-1.325373766733979e-16,-0.22301306582211056
448,44.800000000000004,-0.007884014969938291,5.2042091834208005e-17,-0.007538803273578838,0.036190557509166034,-3.2881636012803237e-16,1.0605307583338495,1.0155719222943302,-1.3106106410904187e-16,-0.22366190168932065
449,44.900000000000006,-0.007354177485531487,5.190178258132115e-17,-0.007178043107357034,0.03413027021441322,-3.2723535527681535e-16,1.0553928169823983,1.0092226164214,-1.2959781195982868e-16,-0.22424995428566974
450,45.0,-0.006827104627189306,5.176100508457604e-17,-0.006813920317160514,0.03211900519071739,-3.2562849846583105e-16,1.050144668415602,1.0028681684881349,-1.2815297979287582e-16,-0.22478117131446276
451,45.10000000000001,-0.006304622480561637,5.162059177712095e-17,-0.006447500971477537,0.0301590820377922,-3.2400370448910845e-16,1.044807537518743,0.9965352425697346,-1.2673186534521838e-16,-0.22525985699655407
452,45.20000000000001,-0.005788537876336637,5.148137238751082e-17,-0.006079846786766375,0.028252532873893645,-3.2236893951203026e-16,1.039402912215835,0.9902504846076452,-1.2533967178969694e-16,-0.22569064766705282
453,45.300000000000004,-0.005280629804677679,5.13441706617346e-17,-0.005712010584656615,0.026401097059802606,-3.207321903619837e-16,1.033952444394934,0.984040391415316,-1.2398148703655884e-16,-0.22607848480404263
454,45.400000000000006,-0.004782643074807163,5.1209801689532795e-17,-0.005345033574458106,0.02460622418517982,-3.191014390212274e-16,1.028477877657174,0.977931207056607,-1.2266226596247663e-16,-0.22642858590970116
455,45.500000000000014,-0.004296284068535964,5.1079070509763615e-17,-0.004979944477684986,0.02286908469738464,-3.1748465028499098e-16,1.0230010023821736,0.9719488448168894,-1.2138682141207188e-16,-0.22674641347128136
456,45.60000000000001,-0.0038232182271537617,5.095277156705519e-17,-0.004617760358343718,0.02119058709267586,-3.1588976786664266e-16,1.017543635924203,0.9661188301237074,-1.2015981922400598e-16,-0.2270376419789266
457,45.70000000000001,-0.0033650687540202028,5.0831689728243694e-17,-0.004259488894264329,0.01957140030450143,-3.143247254418542e-16,1.012127623439785,0.9604662575659851,-1.1898578304060528e-16,-0.22730812270264958
458,45.800000000000004,-0.0029234159202405612,5.071660071344169e-17,-0.0039061317280324878,0.01801197981630607,-3.127974545377903e-16,1.0067748530519003,0.9550157537608863,-1.1786909358597745e-16,-0.22756384567046253
459,45.900000000000006,-0.002499796329105626,5.060827243238694e-17,-0.003558688472530347,0.016512596073091013,-3.113159011127326e-16,1.0015072778403968,0.9497914372674269,-1.1681399323418105e-16,-0.2278108980827474
460,46.00000000000001,-0.0020957015215112154,5.050746631541832e-17,-0.0032181609131400933,0.01507336392679167,-3.0988804284222916e-16,0.9963469365075398,0.9448168670062828,-1.158245896973336e-16,-0.22805541828033146
461,46.10000000000001,-0.0017125753809233554,5.0414938085464005e-17,-0.0028855569419378134,0.013694272079923978,-3.085219018773814e-16,0.991315964461616,0.940114971627689,-1.1490485555050125e-16,-0.2283035443844723
462,46.2,-0.0013518099129055262,5.0331437372444837e-17,-0.0025618937744429785,0.012375211747572471,-3.0722554725858995e-16,0.9864365874417295,0.9357079538620074,-1.1405862022968324e-16,-0.22856135686532975
463,46.300000000000004,-0.0010147391209324678,5.025770680977531e-17,-0.0022482000336951856,0.011116004005757591,-3.060070911558831e-16,0.9817310906326694,0.9316171659681308,-1.132895588146041e-16,-0.22883481457831722
464,46.40000000000001,-0.0007026308674778917,5.019448062956624e-17,-0.0019455163381903431,0.009916425511152491,-3.04874679260236e-16,0.9772217574597294,0.9278629548327559,-1.1260117900144257e-16,-0.22912968422718472
465,46.50000000000001,-0.00041667678733290216,5.01424812229255e-17,-0.001654894099255734,0.00877623244989866,-3.0383646120177005e-16,0.9729307738817804,0.924464477925518,-1.1199679736843985e-16,-0.22945146374518297
466,46.60000000000001,-0.00015798049837260973,5.010241481480443e-17,-0.001377392319724498,0.0076951826972568305,-3.029005485302341e-16,0.9688800959768934,0.9214394940203466,-1.1147951118285778e-16,-0.22980530069220098
467,46.7,7.245547761495417e-05,5.007496591388197e-17,-0.0011140722883496031,0.006673056246627519,-3.0207495943455204e-16,0.9650912808714797,0.9188041351735304,-1.11052166796095e-16,-0.23019590739429413
468,46.800000000000004,0.00027374352649731375,5.006079109695142e-17,-0.0008659901804999989,0.005709674001585322,-3.0136755214464247e-16,0.9615852834967713,0.9165726687141392,-1.1071732697617085e-16,-0.2306274751420916
469,46.90000000000001,0.000445124817025023,5.006051059560036e-17,-0.0006341877001632853,0.0048049150255825455,-3.0078593468766077e-16,0.9583822241214459,0.9147572597663792,-1.1047722820279715e-16,-0.23110359025377716
470,47.00000000000001,0.0005859825032674754,5.0074701400547574e-17,-0.00041968102365998595,0.00395873231917278,-3.0033738342128575e-16,0.9555011339307,0.9133677459229943,-1.1033375214842594e-16,-0.2316271551397935
471,47.10000000000001,0.0006958535005854756,5.0103888801368144e-17,-0.0002234484225742969,0.0031711671521638934,-3.000287437660343e-16,0.9529596879102264,0.9124114360045957,-1.1028839128164373e-16,-0.2322003176359568
472,47.2,0.0007744381179511292,5.0148538539311704e-17,-4.641704243397288e-05,0.0024423619257068394,-2.998663310940943e-16,0.9507739357671189,0.9118929443131628,-1.1034222201276912e-16,-0.23282441177346927
473,47.300000000000004,0.0008216069184380543,5.020904924075589e-17,0.00011055061445889796,0.0017725714839441175,-2.9985583481637883e-16,0.948958042430217,0.9118140704305303,-1.1049588179574156e-16,-0.23349991282409618
474,47.40000000000001,0.0008374043156530038,5.028574593998984e-17,0.0002466699160637873,0.0011621727427608348,-3.0000222398583755e-16,0.9475240497241321,0.9121737325069894,-1.107495606740015e-16,-0.23422640891401983
475,47.50000000000001,0.0008220485872481234,5.0378875175078647e-17,0.00036124645245466983,0.0006116724598997978,-3.003096740953217e-16,0.9464816700740524,0.9129679592767053,-1.1110299657888055e-16,-0.23500259077754895
476,47.60000000000001,0.0007759281848865949,5.048859999679024e-17,0.000453686967708046,0.00012171294083563331,-3.0078148805106426e-16,0.9458381216116133,0.9141899429201564,-1.1155547417021872e-16,-0.2358262603741761
477,47.7,0.0006995944286321114,5.061499883201606e-17,0.0005235084040297782,-0.00030692453809201954,-3.0142005628567605e-16,0.9455980119194974,0.9158301515958256,-1.1210584777048233e-16,-0.23669435818177395
478,47.80000000000001,0.0005937508774042075,5.075806541718768e-17,0.0005703446983222129,-0.0006733188014214215,-3.0222682788484e-16,0.9457632750315951,0.9178764972243288,-1.1275256862018593e-16,-0.237603008072031
479,47.900000000000006,0.00045923985095933627,5.0917708502654225e-17,0.0005939511022190635,-0.000976410526975495,-3.0320228535007705e-16,0.9463331633928966,0.9203145511642594,-1.1349370620679302e-16,-0.23854757783804056
480,48.00000000000001,0.00029702672938388384,5.1093756494026797e-17,0.0005942059403529293,-0.0012150068194261144,-3.04345967388287e-16,0.9473042934971079,0.9231277979845728,-1.14326998451269e-16,-0.23952275273918014
481,48.1,0.00010818276248163034,5.1285960158813814e-17,0.0005711098674457041,-0.0013877886842963323,-3.056564796688036e-16,0.9486707410826494,0.9262979157884005,-1.1524988368562626e-16,-0.24052261890563165
482,48.2,-0.00010613282351334551,5.1493999153900124e-17,0.0005247828218602943,-0.0014933214095816864,-3.0713154639011037e-16,0.9504241792875697,0.9298050705973501,-1.1625955323548847e-16,-0.2415407531399955
483,48.30000000000001,-0.0003446906335565584,5.1717487998697097e-17,0.0004554589915072562,-0.0015300677859627879,-3.0876806165098637e-16,0.9525540512175832,0.9336282122146848,-1.17352994630588e-16,-0.24257031558407818
484,48.400000000000006,-0.0006062080885981325,5.195598229718182e-17,0.00036348019916388103,-0.001496404024139017,-3.105621492240968e-16,0.9550477670979468,0.937745359725887,-1.1852703063165793e-16,-0.2436041418823965
485,48.50000000000001,-0.0008893649470598597,5.2208987033038156e-17,0.0002492881725085295,-0.001390638167001531,-3.1250924288956147e-16,0.9578909156287025,0.942133866268084,-1.1977837105003209e-16,-0.24463483184722068
486,48.6,-0.0011928168541022587,5.2475960757870176e-17,0.00011341618665491128,-0.0012110307516203336,-3.1460413730367295e-16,0.9610674793482151,0.9467706547463252,-1.211036268453766e-16,-0.2456548321722173
487,48.70000000000001,-0.0015152065636308794,5.275632402292158e-17,-4.3519446009625636e-05,-0.0009558174548731012,-3.168410753893505e-16,0.9645600446733208,0.9516324185951617,-1.224993580703156e-16,-0.2466565113991087
488,48.80000000000001,-0.0018551726406276455,5.304946337897732e-17,-0.00022082760911666321,-0.0006232334563851076,-3.19213805322111e-16,0.9683499987144605,0.9566957842651967,-1.2396207986825036e-16,-0.24763222605379062
489,48.900000000000006,-0.0022113556105600703,5.3354736188983937e-17,-0.00041774998116939684,-0.00021153926803478128,-3.217156372908565e-16,0.9724177068134928,0.9619374346561608,-1.2548828210057725e-16,-0.24857437757497403
490,49.00000000000001,-0.002582401668513195,5.367147410619637e-17,-0.0006334677341658247,0.0002809521989548104,-3.243394935369899e-16,0.9767426668563026,0.9673341950554332,-1.2707443458688964e-16,-0.24947546030608753
491,49.1,-0.0029669641866603195,5.399898579330215e-17,-0.0008671071702149353,0.0008558475429143683,-3.270779502047355e-16,0.9813036386093222,0.9728630851557551,-1.287169888480567e-16,-0.25032810136729194
492,49.20000000000001,-0.0033637033612366634,5.433655780778567e-17,-0.0011177442431977917,0.001514643974556154,-3.299232606624616e-16,0.9860787484715662,0.9785013423491599,-1.3041236733677817e-16,-0.2511250936396026
493,49.30000000000001,-0.003771284418267599,5.4683456049837856e-17,-0.001384408019352204,0.002258699867481806,-3.3286738455358455e-16,0.9910455719972213,0.9842264226977401,-1.3215695849982104e-16,-0.25185942336099737
494,49.400000000000006,-0.004188374851284091,5.5038925873529154e-17,-0.0016660832293840986,0.003089205084573081,-3.359020024777055e-16,0.9961811982267748,0.9900159867642111,-1.3394710359496733e-16,-0.2525242939503719
495,49.50000000000001,-0.004613641194705952,5.540219131749659e-17,-0.0019617121498190786,0.0040071515218926875,-3.3901852179499196e-16,1.001462281184315,0.9958478778550723,-1.3577907926112914e-16,-0.25311314764398424
496,49.6,-0.005045745843349427,5.577245509613071e-17,-0.0022701961176378057,0.005013304455858259,-3.422080886562516e-16,1.0068650847850444,1.0017001001925818,-1.3764908511803844e-16,-0.2536196863626385
497,49.70000000000001,-0.005483344410355189,5.614889837561254e-17,-0.0025903970248188093,0.006108175436879912,-3.4546159615936615e-16,1.0123655277895118,1.0075508040860892,-1.3955323152093044e-16,-0.2540378929444979
498,49.800000000000004,-0.005925084070626153,5.653068100830812e-17,-0.0029211391536139164,0.007291997617762861,-3.487696973759346e-16,1.0179392352904024,1.013378284310638,-1.4148753054483586e-16,-0.25436205350234004
499,49.900000000000006,-0.006369603262647409,5.691694240535729e-17,-0.003261211695485948,0.008564704506968092,-3.5212282369501987e-16,1.0235616024958152,1.0191609966209845,-1.4344789152295418e-16,-0.25458678122619466
500,50.00000000000001,-0.006815533018032485,5.730680304178799e-17,-0.0036093722448179415,0.009925913163658507,-3.5551120939553544e-16,1.0292078752887768,1.0248775956591412,-1.454301203328019e-16,-0.25470704149062195
501,50.10000000000001,-0.007261500058322697,5.769936768497851e-17,-0.003964351474027536,0.011374912777303238,-3.589249312947294e-16,1.034853250260609,1.0305069955272455,-1.4742993100127938e-16,-0.25471817768455296
502,50.20000000000001,-0.007706131650052408,5.809372891093838e-17,-0.004324859085004958,0.012910659385751517,-3.623539531530616e-16,1.040472994768878,1.0360284521291976,-1.4944295711787053e-16,-0.25461593680787387
503,50.300000000000004,-0.00814806205431538,5.848897172145668e-17,-0.004689591002829142,0.014531777186229097,-3.657881795457603e-16,1.0460425852622768,1.0414216642273344,-1.5146477148571657e-16,-0.25439649361747396
504,50.400000000000006,-0.00858594026219593,5.888417919333679e-17,-0.00505723764546164,0.016236566508029966,-3.692175193733127e-16,1.0515378599011995,1.0466668882466852,-1.5349091152353958e-16,-0.25405647199104214
505,50.5,-0.009018438589885148,5.927843904138251e-17,-0.005426492983700387,0.018023018086327797,-3.7263195864200686e-16,1.0569351796573738,1.0517450604230498,-1.5551691121830793e-16,-0.2535929622268972
506,50.60000000000001,-0.009444261632391615,5.967085018685372e-17,-0.005796064014657614,0.019888832857430202,-3.760216329234645e-16,1.0622115908406653,1.0566379191212538,-1.5753833324903329e-16,-0.2530035332075253
507,50.70000000000001,-0.009862155052296581,6.006052882267067e-17,-0.006164680221369087,0.021831446141882697,-3.793768938193973e-16,1.0673449815376195,1.0613281201473763,-1.5955079801194707e-16,-0.2522862386949785
508,50.800000000000004,-0.010270913711997615,6.044661514094429e-17,-0.0065311025867249356,0.02384805483796342,-3.8268838174383763e-16,1.0723142248005681,1.0657993386304194,-1.6155001820151717e-16,-0.2514396174506571
509,50.900000000000006,-0.01066938873796891,6.082827893923688e-17,-0.006894131770369125,0.025935646140245835,-3.8594708657119647e-16,1.0770993025190794,1.070036352427854,-1.635318271703059e-16,-0.25046268732281585
510,51.000000000000014,-0.011056493220443674,6.12047239225768e-17,-0.007252615134434597,0.028091026329048766,-3.891443945673228e-16,1.0816814055514836,1.074025103801664,-1.6549219980666745e-16,-0.24935493386545468
511,51.10000000000001,-0.01143120638430831,6.157519214358957e-17,-0.007605452405097376,0.030310848328312236,-3.92272135673756e-16,1.0860430076423906,1.077752738061002,-1.6742727615056348e-16,-0.24811629439551458
512,51.20000000000001,-0.0117925761991657,6.193896611237957e-17,-0.007951599867155962,0.032591636968017326,-3.953226068248594e-16,1.0901679126382648,1.0812076197267566,-1.693333710951374e-16,-0.2467471386319886
513,51.300000000000004,-0.012139720513486654,6.229537104758259e-17,-0.008290073094317344,0.03492981117225878,-3.982885958222566e-16,1.0940412763070058,1.084379328344758,-1.7120698695258363e-16,-0.2452482471803376
514,51.400000000000006,-0.012471826889322472,6.264377554704238e-17,-0.008619948307852305,0.037321702586581545,-4.011633884595636e-16,1.0976496055053904,1.087258637234996,-1.730448158819497e-16,-0.24362078913532362
515,51.50000000000001,-0.012788151375467271,6.298359117245389e-17,-0.008940362524247344,0.0397635704270936,-4.0394076464442053e-16,1.1009807384357473,1.0898374791701095,-1.7484373845310501e-16,-0.2418662999941486
516,51.60000000000001,-0.013088016488444112,6.331427221887664e-17,-0.009250512696179682,0.04225161255894998,-4.066149948602753e-16,1.1040238102800637,1.0921089032510671,-1.7660082273804773e-16,-0.2399866609250269
517,51.70000000000001,-0.01337080867609051,6.363531436655967e-17,-0.009549654071855552,0.044781972984043066,-4.0918082563739653e-16,1.1067692086423877,1.094067027161445,-1.7831331763132182e-16,-0.23798408025020987
518,51.800000000000004,-0.01363597552374949,6.394625334766225e-17,-0.00983709799914115,0.04735074603749049,-4.1163346435728274e-16,1.1092085230499082,1.0957069886275372,-1.7997864661076428e-16,-0.23586107779995047
519,51.90000000000001,-0.013883022934670704,6.424666292593202e-17,-0.010112209387821104,0.049953977666733256,-4.1396855797192717e-16,1.1113344923536663,1.0970248993865173,-1.8159439822906742e-16,-0.23362047259230925
520,52.00000000000001,-0.014111512480279633,6.453615340276504e-17,-0.010374404020759306,0.052587664206344774,-4.161821748580484e-16,1.1131409533222816,1.098017804355038,-1.8315831861812598e-16,-0.23126537410419998
521,52.10000000000001,-0.01432105907746582,6.481436982145646e-17,-0.010623145877206665,0.05524774907771604,-4.182707852762103e-16,1.114622793113127,1.0986836480634106,-1.8466830355501117e-16,-0.2287991772270877
522,52.2,-0.01451132911258764,6.508099102245583e-17,-0.010857944602586713,0.05793011784663544,-4.2023124968407545e-16,1.1157759076928953,1.0990212498221836,-1.8612239540510006e-16,-0.226225560847178
523,52.300000000000004,-0.014682039097740934,6.533572783512625e-17,-0.01107835323133792,0.06063059207254015,-4.2206079793905785e-16,1.116597167701695,1.0990302885451555,-1.8751877391281274e-16,-0.22354848985261414
524,52.40000000000001,-0.014832954915051867,6.557832266057132e-17,-0.01128396624434678,0.0633449223874913,-4.2375702377820947e-16,1.1170843927324734,1.0987112976757971,-1.8885575692739947e-16,-0.2207722202453679
525,52.50000000000001,-0.014963891679451871,6.5808548957738e-17,-0.011474418020855132,0.06606878125459197,-4.2531787700370075e-16,1.1172363345375025,1.0980656702507954,-1.90131798980323e-16,-0.21790130691909027
526,52.60000000000001,-0.015074714229021005,6.602621075468364e-17,-0.011649381726481748,0.0687977558757791,-4.2674165679304046e-16,1.1170526692727478,1.0970956737750017,-1.9134549058738925e-16,-0.21494061355282737
527,52.7,-0.01516533823356402,6.623114285054942e-17,-0.011808568663687543,0.0715273417462534,-4.280270113783376e-16,1.1165339985398008,1.0958044742623485,-1.9249556127912534e-16,-0.2118953239623849
528,52.80000000000001,-0.015235731895419536,6.64232116303249e-17,-0.011951728097852917,0.07425293738353292,-4.29172944642865e-16,1.1156818586715447,1.0941961685020793,-1.9358088643237635e-16,-0.2087709541464979
529,52.90000000000001,-0.01528591820037877,6.660231633780296e-17,-0.012078647560185084,0.07696984078748927,-4.301788257521716e-16,1.1144987374196011,1.092275823325348,-1.946004978357196e-16,-0.2055733641665263
530,53.00000000000001,-0.015315977659926743,6.676838956614644e-17,-0.012189153616977536,0.07967324820644495,-4.3104439249655046e-16,1.1129880969289458,1.0900495203640392,-1.9555358765695967e-16,-0.20230876891136454
531,53.10000000000001,-0.015326051468016064,6.692139948656617e-17,-0.012283113082451006,0.08235825578513507,-4.3176977111721913e-16,1.111154401621971,1.0875244045071955,-1.964395246634266e-16,-0.1989837467312647
532,53.2,-0.015316344975857018,6.706135175124354e-17,-0.01236043463888127,0.08501986464441497,-4.3235549216236976e-16,1.109003149360304,1.0847087339732602,-1.972578678225721e-16,-0.19560524488494715
533,53.30000000000001,-0.015287131366900159,6.718829112008819e-17,-0.012421070812649357,0.08765298988192788,-4.328025040363997e-16,1.1065409040137613,1.0816119296388218,-1.9800837916050113e-16,-0.19218058074463892
534,53.40000000000001,-0.015238755392064507,6.730230439966379e-17,-0.012465020238329464,0.09025247388111499,-4.331121988169018e-16,1.1037753273545845,1.0782446210152343,-1.9869104433624976e-16,-0.18871743775465263
535,53.50000000000001,-0.015171637003758025,6.740352208331841e-17,-0.012492330125534499,0.09281310416938794,-4.3328642501872193e-16,1.1007152080306088,1.074618686069704,-1.9930608608731723e-16,-0.18522385525072324
536,53.60000000000001,-0.015086274708433415,6.749212119167995e-17,-0.012503098826057841,0.09532963587558392,-4.3332751178718034e-16,1.0973704852775181,1.0707472819796802,-1.9985398494235552e-16,-0.18170821142652846
537,53.7,-0.014983248443945898,6.756832726206853e-17,-0.012497478383463864,0.09779681860785075,-4.3323828448875693e-16,1.0937522650350617,1.0666448639244612,-2.0033549527072487e-16,-0.1781791989827438
538,53.80000000000001,-0.014863221782760509,6.76324162515078e-17,-0.012475676935663661,0.10020942731773326,-4.330220791697251e-16,1.0898728262617867,1.0623271891904666,-2.0075166102191574e-16,-0.17464579330803565
539,53.900000000000006,-0.014726943267967635,6.768471619372562e-17,-0.01243796083534362,0.10256229645243164,-4.326827544047598e-16,1.0857456155192682,1.0578113042242492,-2.011038300875652e-16,-0.17111721340779917
540,54.00000000000001,-0.014575246708436768,6.772560783983689e-17,-0.01238465635548375,0.1048503564481447,-4.322246937881798e-16,1.0813852283316039,1.0531155128238394,-2.0139366225393112e-16,-0.16760287619362504
541,54.1,-0.014409050293505423,6.775552560836519e-17,-0.012316150859246366,0.10706867140943274,-4.3165281076650736e-16,1.0768073764152892,1.0482593244077036,-2.0162313921766982e-16,-0.1641123451446733
542,54.20000000000001,-0.014229354435975844,6.77749569072137e-17,-0.012232893336017354,0.10921247667896568,-4.30972538812707e-16,1.0720288405952165,1.0432633822089885,-2.017945636168991e-16,-0.1606552747156134
543,54.30000000000001,-0.01403723831248183,6.778444152717359e-17,-0.01213539423791307,0.11127721495114429,-4.301898222407105e-16,1.0670674100298183,1.0381493722505195,-2.0191055868614031e-16,-0.1572413521567335
544,54.400000000000006,-0.013833855137988236,6.778456995139724e-17,-0.012024224591763725,0.11325856963591609,-4.2931109766262936e-16,1.0619418091979687,1.0329399149777287,-2.0197405976971525e-16,-0.15388023859546252
545,54.50000000000001,-0.013620426279964465,6.777598098666733e-17,-0.011900014407147391,0.11515249433781506,-4.2834326991925543e-16,1.0566716148737745,1.0276584423596369,-2.0198830141364896e-16,-0.15058151127888406
546,54.6,-0.013398234380165634,6.775935888915432e-17,-0.011763450447008609,0.11695523756818166,-4.2729368389087144e-16,1.0512771659497395,1.02232906400538,-2.0195679950562564e-16,-0.14735460878169473
547,54.70000000000001,-0.013168615700405404,6.773543000752956e-17,-0.011615273468648091,0.11866336213056886,-4.2617009268362677e-16,1.0457794693878781,1.0169764262907268,-2.0188332931464115e-16,-0.14420878074839466
548,54.80000000000001,-0.012932951936775768,6.770495903924801e-17,-0.011456275074398392,0.12027375897495934,-4.2498062403478524e-16,1.0402001057249648,1.0116255685789648,-2.0177190037786694e-16,-0.14115304338468868
549,54.900000000000006,-0.01269266175027378,6.76687449332544e-17,-0.011287294328940925,0.12178365566479679,-4.237337443045271e-16,1.0345611374032067,1.006301780327773,-2.0162672730396494e-16,-0.1381961414781825
550,55.00000000000001,-0.012449192239597139,6.762761729133729e-17,-0.0111092143013159,0.12319061990231416,-4.224382287690956e-16,1.0288850227451456,1.0010304622199029,-2.014522024998452e-16,-0.13534651725858657
551,55.10000000000001,-0.012204010536169254,6.758243163306456e-17,-0.01092295867347371,0.1244925587800092,-4.2110312115028745e-16,1.023194537677461,0.9958369935077408,-2.0125286084692262e-16,-0.13261228595067093
552,55.20000000000001,-0.011958595637500138,6.753406623990637e-17,-0.010729488524931923,0.1256877145494208,-4.197377116998918e-16,1.0175127063941702,0.990746606623441,-2.0103335219798115e-16,-0.13000121747146756
553,55.30000000000001,-0.01171443052030375,6.748341825060248e-17,-0.010529799357678612,0.1267746577173525,-4.183515079293846e-16,1.0118627411131444,0.9857842689019131,-2.0079840844905128e-16,-0.12752072340759033
554,55.400000000000006,-0.011472994498091924,6.743140014116196e-17,-0.010324918371097778,0.12775227820361654,-4.169542105223282e-16,1.0062679900036657,0.9809745701226262,-2.0055281175360383e-16,-0.12517784819524136
555,55.50000000000001,-0.011235755718022909,6.737893636986659e-17,-0.010115901938279626,0.12861977514437786,-4.1555569179000825e-16,1.0007518913259745,0.9763416136160671,-2.0030136274393724e-16,-0.12297926331582167
556,55.60000000000001,-0.011004163636439333,6.73269599481827e-17,-0.009903833177692646,0.12937664573020452,-4.1416597453234685e-16,0.9953379308958822,0.9719089079972487,-2.0004884748442693e-16,-0.12093126330302209
557,55.70000000000001,-0.010779641277993786,6.727640896546221e-17,-0.009689819462711472,0.13002267325990624,-4.1279521075298617e-16,0.9900495992270967,0.9676992562485288,-1.9980000334800978e-16,-0.11903976241398245
558,55.800000000000004,-0.01056357707371655,6.72282231214274e-17,-0.009474989670372993,0.13055791440054332,-4.114536621272133e-16,0.9849103441603554,0.9637346389132176,-1.9955948494920446e-16,-0.11731029092623253
559,55.900000000000006,-0.010357316090873068,6.718333911302266e-17,-0.009260490943915685,0.13098268549568326,-4.101516641648012e-16,0.9799435145055619,0.9600360885874102,-1.9933182316253148e-16,-0.11574799016488203
560,56.0,-0.010162150511912953,6.714268507550485e-17,-0.009047484734508568,0.13129754767530924,-4.0889958838877066e-16,0.975172290241675,0.9566235536917298,-1.991213773881079e-16,-0.11435760552828117
561,56.10000000000001,-0.00997930928910118,6.71071768544417e-17,-0.008837141898758203,0.13150329049984302,-4.077078134943444e-16,0.9706195951764331,0.9535157506253651,-1.9893230524038491e-16,-0.11314347696023187
562,56.20000000000001,-0.009809946991407227,6.70777106242061e-17,-0.008630636661792023,0.1316009139165795,-4.065866635881953e-16,0.9663079886928729,0.9507300047871945,-1.987685067282377e-16,-0.11210952651459018
563,56.300000000000004,-0.009655131964777875,6.705515599836996e-17,-0.008429139311278915,0.13159160841052683,-4.0554634543001175e-16,0.962259534312453,0.948282082504514,-1.9863357761770767e-16,-0.1112592428790703
564,56.400000000000006,-0.009515834037996052,6.704034811666746e-17,-0.00823380756413073,0.1314767333783886,-4.045968724889959e-16,0.9584956442651587,0.9461860175261537,-1.9853075979993351e-16,-0.11059566297326777
565,56.500000000000014,-0.009392912114265385,6.703407908926208e-17,-0.008045776641021745,0.13125779392601458,-4.037479778007333e-16,0.9550369010125281,0.9444539372783621,-1.9846289264575396e-16,-0.11012135100914976
566,56.60000000000001,-0.009287102082761881,6.703708898039226e-17,-0.007866148188014403,0.13093641646724555,-4.030090174512021e-16,0.9519028586086081,0.943095895397821,-1.9843236683446273e-16,-0.10983837568823022
567,56.70000000000001,-0.009199005553880275,6.705005657610897e-17,-0.007695978291010002,0.13051432366812796,-4.0238886484288067e-16,0.949111828748736,0.9421197179929933,-1.9844108267830138e-16,-0.10974828648527621
568,56.800000000000004,-0.009129079957197986,6.707359078948146e-17,-0.007536264927516826,0.12999330942119383,-4.018958068858373e-16,0.9466806581564188,0.941530871504491,-1.9849041726369807e-16,-0.10985209020102174
569,56.900000000000006,-0.009077630535216954,6.710822096575221e-17,-0.007387935281001087,0.12937521463885457,-4.015374221861153e-16,0.9446245053951781,0.941332359836161,-1.985811939790843e-16,-0.11015022912093714
570,57.000000000000014,-0.009044804715446657,6.715438996088666e-17,-0.007251833396597605,0.12866190471634736,-4.013204822802743e-16,0.9429566260859247,0.9415246575657069,-1.9871366965423394e-16,-0.11064256216145688
571,57.10000000000001,-0.009030589249615618,6.721244726590197e-17,-0.007128708676289372,0.12785524952841365,-4.012508498097985e-16,0.9416881757316244,0.9421056845415069,-1.9888752963303654e-16,-0.11132835029942988
572,57.20000000000001,-0.009034810377756775,6.7282643663755e-17,-0.007019205693347212,0.12695710678717528,-4.0133338574653954e-16,0.9408280388421351,0.9430708251291048,-1.9910189316009815e-16,-0.11220624736241237
573,57.300000000000004,-0.009057137116902474,6.736512902089117e-17,-0.006923855750363383,0.12596930949962587,-4.01571890270169e-16,0.9403826918389978,0.9444129929519638,-1.993553387470159e-16,-0.11327429692455117
574,57.40000000000001,-0.009097087602653427,6.745995089182227e-17,-0.006843070517071329,0.12489365812109819,-4.0196904805400654e-16,0.940356105409798,0.9461227393915327,-1.9964593666278891e-16,-0.11452993564162077
575,57.50000000000001,-0.009154038242157377,6.75670535452177e-17,-0.0067771379711420885,0.1237319178076016,-4.025263774526338e-16,0.9407496897482431,0.9481884016112035,-1.999712840112996e-16,-0.11597000291887735
576,57.60000000000001,-0.009227235284200441,6.76862833585802e-17,-0.006726220737479639,0.1224858209306422,-4.03244257096417e-16,0.9415622836755222,0.9505962836822571,-2.0032856368639376e-16,-0.1175907563911619
577,57.7,-0.009315808289536697,6.781739036813522e-17,-0.006690356790530768,0.12115707474436126,-4.0412189944416826e-16,0.9427901862203037,0.9533308627181162,-2.0071459640934393e-16,-0.11938789235581947
578,57.800000000000004,-0.00941878490231615,6.79600342460183e-17,-0.006669462360955535,0.11974737380463793,-4.051573861167906e-16,0.9444272270526382,0.956375010907699,-2.0112589825621345e-16,-0.12135657007185836
579,57.90000000000001,-0.009535106287199318,6.811379308564725e-17,-0.006663336782519991,0.11825841645760142,-4.063477307908295e-16,0.9464648703945269,0.9597102240451579,-2.0155875903913615e-16,-0.12349143874052311
580,58.00000000000001,-0.00966364260730294,6.827816967172757e-17,-0.006671668934863213,0.11669192446919129,-4.0768892911366697e-16,0.9488923457836862,0.9633168475666414,-2.0200929129774002e-16,-0.12578666600930621
581,58.10000000000001,-0.00980320797168863,6.845259930476141e-17,-0.006694044887612525,0.11504966468644574,-4.0917602389828707e-16,0.9516967984004105,0.9671742921359014,-2.024734897857935e-16,-0.12823596697123268
582,58.2,-0.00995257437004483,6.863645834076389e-17,-0.0067299563329055205,0.1133334715284556,-4.108031855311036e-16,0.9548634515739702,0.971261232324944,-2.0294728513426087e-16,-0.13083263283006757
583,58.30000000000001,-0.010110484226349506,6.882907158737645e-17,-0.0067788094056179795,0.11154526911420402,-4.1256378659593557e-16,0.9583757745093178,0.9755557837382218,-2.034265882651052e-16,-0.1335695586321546
584,58.40000000000001,-0.010275661331402213,6.902972134579106e-17,-0.00683993353001971,0.10968709194602008,-4.144504950102859e-16,0.9622156491293399,0.9800356558505905,-2.039073397542924e-16,-0.13643926969433617
585,58.50000000000001,-0.010446820045284636,6.923765250657934e-17,-0.006912589992981051,0.10776110326742101,-4.1645533471611585e-16,0.9663635311076016,0.9846782797111389,-2.0438553054414074e-16,-0.13943394656255972
586,58.60000000000001,-0.010622672785521876,6.945207949743897e-17,-0.006995980020948574,0.10576961047615233,-4.185697658841701e-16,0.9707986015629871,0.989460911382423,-2.0485723171745323e-16,-0.14254544850856782
587,58.7,-0.010801935927396832,6.967218988009076e-17,-0.007089252223901192,0.10371507726222941,-4.207847325836409e-16,0.9754989073958746,0.9943607134523552,-2.0531860428919324e-16,-0.1457653357154246
588,58.80000000000001,-0.010983334334003692,6.98971517829468e-17,-0.007191509357501431,0.10160013241864263,-4.2309075458331425e-16,0.98044148976659,0.9993548181246158,-2.0576592500292917e-16,-0.14908489042694323
589,58.90000000000001,-0.011165604801541475,7.012611560516051e-17,-0.007301814437990903,0.09942757550380615,-4.2547795692603475e-16,0.98560250165687,1.004420376239985,-2.0619558364062356e-16,-0.1524951374533829
590,59.00000000000001,-0.011347498747839722,7.035821802508792e-17,-0.00741919631680534,0.0972003796924761,-4.279361266991541e-16,0.990957316722917,1.0095345970977692,-2.0660409074599832e-16,-0.1559868645440805
591,59.10000000000001,-0.01152778448810331,7.059258541103475e-17,-0.0075426548778457555,0.09492169222006668,-4.304547625351976e-16,0.9964806326560464,1.01467478413216,-2.0698808186860127e-16,-0.15955064325688684
592,59.20000000000001,-0.01170524943125677,7.082833634652041e-17,-0.007671166055272996,0.09259483280199886,-4.3302311421859025e-16,1.0021465729315353,1.0198183713533153,-2.0734431721474614e-16,-0.1631768510644607
593,59.30000000000001,-0.011878702493997874,7.10645848169616e-17,-0.007803686880423836,0.09022329030665524,-4.356302300140842e-16,1.0079287910787798,1.0249429649903206,-2.0766968533256634e-16,-0.16685569551965324
594,59.400000000000006,-0.012046976969989933,7.130044436021999e-17,-0.007939160751668733,0.08781071780167496,-4.382650136247395e-16,1.0138005814005837,1.030026393984782,-2.079612123522834e-16,-0.17057724133148974
595,59.50000000000001,-0.012208934012479009,7.15350309679291e-17,-0.008076523081740568,0.08536092591193083,-4.409162682041326e-16,1.0197349993962546,1.0350467719090328,-2.0821606411828558e-16,-0.1743314411537288
596,59.60000000000001,-0.012363466795940407,7.176746813004706e-17,-0.008214707416863353,0.08287787426159418,-4.4357276276962154e-16,1.0257049940384797,1.0399825715778208,-2.0843155982403359e-16,-0.17810817073878193
597,59.70000000000001,-0.012509505324043277,7.199689114183713e-17,-0.008352652047117388,0.08036566065937285,-4.46223292115008e-16,1.0316835526067227,1.0448127121751987,-2.0860518008411417e-16,-0.18189726885123694
598,59.80000000000001,-0.012646021756701792,7.222245286676047e-17,-0.008489307046310623,0.07782850765536595,-4.488567500907457e-16,1.0376438571302913,1.0495166572487529,-2.0873458528960697e-16,-0.1856885819739199
599,59.900000000000006,-0.012772036048233296,7.244332880320981e-17,-0.00862364160190944,0.07527074616701386,-4.514622002789955e-16,1.0435594498220817,1.0540745205726332,-2.088176253355318e-16,-0.18947201340080413
600,60.00000000000001,-0.012886621630790815,7.265872269617715e-17,-0.008754651431038768,0.07269679603996415,-4.5402895055956635e-16,1.0494044033869323,1.0584671757942639,-2.088523541648331e-16,-0.19323757583843235
601,60.1,-0.012988910848994832,7.286787201303922e-17,-0.008881366035402715,0.07011114365825295,-4.565466274451707e-16,1.055153490952793,1.0626763650827669,-2.0883704232844974e-16,-0.19697544618681426
602,60.20000000000001,-0.013078099856048462,7.307005322327227e-17,-0.009002855531509825,0.06751831701172702,-4.59005248520505e-16,1.0607823497425972,1.066684801772796,-2.087701881504255e-16,-0.20067602080179922
603,60.30000000000001,-0.013153452717155342,7.326458571710292e-17,-0.009118236804294515,0.06492285892179628,-4.613952811618775e-16,1.0662676325562406,1.0704762622683308,-2.0865052159703355e-16,-0.20432996930663083
604,60.400000000000006,-0.01321430452710514,7.345083616993942e-17,-0.009226678769569426,0.06232929937277671,-4.637077047138849e-16,1.0715871416611076,1.0740356631937262,-2.0847701138131877e-16,-0.2079282849567029
605,60.50000000000001,-0.013260063426585707,7.362822127242638e-17,-0.009327406587761652,0.05974212805634517,-4.659340545506109e-16,1.0767199407135695,1.0773491208522108,-2.082488638290599e-16,-0.2114623296805363
606,60.600000000000016,-0.013290211485719242,7.379620972321264e-17,-0.009419704739932328,0.05716576828700394,-4.680664571539954e-16,1.0816464417097789,1.0804039913339305,-2.0796551962924509e-16,-0.21492387220791773
607,60.70000000000001,-0.01330430450339753,7.395432352151238e-17,-0.009502918948371299,0.054604553381499554,-4.700976555336788e-16,1.086348465516231,1.0831888909515728,-2.0762664868656431e-16,-0.21830511811673575
608,60.80000000000001,-0.013301970838981525,7.410213758622571e-17,-0.009576456990159228,0.052062706427397985,-4.720210158831772e-16,1.0908092760817212,1.0856936979285001,-2.0723213815719484e-16,-0.22159873113206216
609,60.900000000000006,-0.013282909443484195,7.423928002107131e-17,-0.009639788507001564,0.04954432412187525,-4.738305366380956e-16,1.0950135898306017,1.0879095373108465,-2.0678208636997756e-16,-0.22479784553772791
610,61.00000000000001,-0.013246887288296292,7.436543034063952e-17,-0.009692443954848801,0.04705336507522953,-4.755208361542871e-16,1.0989475628738785,1.0898287518526795,-2.0627678874214638e-16,-0.22789607005907228
611,61.10000000000001,-0.013193736401506354,7.448031786822082e-17,-0.0097340128612892,0.044593642679615866,-4.770871375604069e-16,1.1025987594911144,1.091444862107666,-2.057167259405395e-16,-0.23088748400355033
612,61.20000000000001,-0.013123350717670982,7.458372032823587e-17,-0.009764141568449344,0.0421688223724409,-4.785252541383814e-16,1.1059561058210239,1.0927525191651564,-2.0510255684692508e-16,-0.23376662677606377
613,61.300000000000004,-0.013035682930457574,7.467546115077272e-17,-0.009782530636581313,0.03978242289797898,-4.798315594357802e-16,1.1090098328784768,1.0937474534336389,-2.044351052461743e-16,-0.2365284821062911
614,61.400000000000006,-0.012930741513189632,7.475540747674601e-17,-0.009788932071774788,0.03743782100276696,-4.810029628391361e-16,1.111751412941652,1.094426422655369,-2.03715352989125e-16,-0.23916845843766038
615,61.500000000000014,-0.012808588043918046,7.482346806319236e-17,-0.009783146523535954,0.0351382588937746,-4.820368825321312e-16,1.1141734930885379,1.094787161991667,-2.0294443362432375e-16,-0.24168236694394424
616,61.60000000000001,-0.012669334942402572,7.48795910712172e-17,-0.009765020577214826,0.03288685373936965,-4.829312168389601e-16,1.1162698292711286,1.0948283386032682,-2.0212362611675442e-16,-0.244066398578114
617,61.70000000000001,-0.012513143698541783,7.492376308317402e-17,-0.009734444244737153,0.030686608492712646,-4.836843256835569e-16,1.1180352238559306,1.0945495127085276,-2.0125435757825584e-16,-0.24631710144000954
618,61.800000000000004,-0.012340223646592575,7.495600744112719e-17,-0.009691348736402658,0.02854042335366135,-4.84295007161449e-16,1.1194654690765644,1.0939511066658971,-2.0033820073843844e-16,-0.24843135959501197
619,61.900000000000006,-0.012150831317362606,7.497638282859301e-17,-0.009635704577552126,0.02645110724604714,-4.847624751557965e-16,1.1205572983704435,1.093034383214632,-1.9937687309388224e-16,-0.25040637430302753
620,62.000000000000014,-0.011945270381136614,7.498498321361609e-17,-0.00956752011697241,0.02442138876065999,-4.850863510878187e-16,1.1213083471251588,1.0918014336259323,-1.9837224443458547e-16,-0.25223964843950375
621,62.10000000000001,-0.01172389217660502,7.498193767499872e-17,-0.009486840458796846,0.02245392609066844,-4.852666555643378e-16,1.1217171239473587,1.0902551761626889,-1.9732634310270838e-16,-0.25392897471721043
622,62.20000000000001,-0.01148709680438897,7.496741024428723e-17,-0.009393746835802014,0.020551315558200046,-4.853038003832281e-16,1.121782993183447,1.088399364909359,-1.9624136056376404e-16,-0.2554724281539877
623,62.300000000000004,-0.011235334746667026,7.494160050488716e-17,-0.009288356428602419,0.018716098393768015,-4.851985899368512e-16,1.1215061690555939,1.0862386086992937,-1.9511966021795518e-16,-0.25686836307850186
624,62.400000000000006,-0.01096910895572873,7.490474541380027e-17,-0.009170822621406092,0.016950765482150056,-4.849522337873708e-16,1.120887721411832,1.0837783995184296,-1.9396379343468708e-16,-0.25811541482098416
625,62.500000000000014,-0.01068897733306865,7.485711963437963e-17,-0.00904133566985167,0.015257759829665133,-4.845663486563556e-16,1.1199295927071895,1.081025149386253,-1.9277650301990325e-16,-0.25921250609443597
626,62.60000000000001,-0.010395555496364882,7.47990378673312e-17,-0.008900123739306964,0.013639476541165025,-4.840429792787178e-16,1.1186346254172146,1.0779862342963566,-1.9156073916693477e-16,-0.2601588579282554
627,62.70000000000001,-0.010089519704443453,7.473085653136167e-17,-0.008747454252494432,0.012098260124934921,-4.833846150563734e-16,1.1170065986243911,1.0746700433366434,-1.9031966926056166e-16,-0.26095400486510817
628,62.800000000000004,-0.00977160978099655,7.465297581700142e-17,-0.008583635463523774,0.01063639897594099,-4.825942123026541e-16,1.1150502720093018,1.071086030611404,-1.890566893059512e-16,-0.2615978139690086
629,62.90000000000001,-0.009442631848250855,7.456584153090876e-17,-0.00840901815210018,0.009256116929233022,-4.816752154839074e-16,1.11277143493246,1.0672447670767644,-1.8777543050550789e-16,-0.26209050701663694
630,63.00000000000001,-0.009103460654896513,7.446994755762766e-17,-0.00822399730836227,0.007959561832722124,-4.806315846557243e-16,1.110176957736448,1.0631579889168505,-1.864797715718358e-16,-0.26243268505769124
631,63.10000000000001,-0.008755041262363147,7.436583637507361e-17,-0.008029013657868957,0.006748791168161901,-4.794678088006159e-16,1.1072748418772709,1.0588386386874213,-1.8517383396364716e-16,-0.2626253543416118
632,63.20000000000001,-0.008398389844767377,7.425410141385755e-17,-0.0078245548608969,0.005625754855182505,-4.781889347675457e-16,1.104074265073323,1.0543008952086201,-1.8386199001160405e-16,-0.26266995243127117
633,63.300000000000004,-0.008034593365685122,7.413538663118017e-17,-0.0076111562142180105,0.00459227550655608,-4.768005719269168e-16,1.1005856174198672,1.049560188179432,-1.8254885108596834e-16,-0.26256837317882276
634,63.40000000000001,-0.007664807923976919,7.401038630833133e-17,-0.007389400690822041,0.0036500265597834984,-4.753088994897761e-16,1.0968205244424272,1.0446331937909967,-1.812392574968833e-16,-0.26232298914861696
635,63.50000000000001,-0.007290255614319931,7.38798443476458e-17,-0.007159918176982813,0.002800508881169806,-4.737206688360537e-16,1.0927918534321677,1.0395378082928226,-1.799382652702986e-16,-0.2619366700618829
636,63.60000000000001,-0.006912219826240289,7.374455147560343e-17,-0.0069233838085349525,0.002045026608483496,-4.720431855180208e-16,1.088513700171852,1.0342930975362568,-1.7865111886887015e-16,-0.26141279592934236
637,63.7,-0.006532039004870403,7.360534184836075e-17,-0.006680515368767529,0.0013846631467973737,-4.702842860045668e-16,1.084001354327821,1.0289192219492358,-1.7738322196606588e-16,-0.2607552637438819
638,63.80000000000001,-0.006151099009626077,7.34630893921189e-17,-0.00643206978544533,0.0008202583364174744,-4.684523085396485e-16,1.0792712432945513,1.0234373380850978,-1.7614010712733626e-16,-0.25996848692447316
639,63.90000000000001,-0.0057708243217318616,7.331870227573663e-17,-0.006178838847412548,0.00035238785049821896,-4.665560471722651e-16,1.074340856007651,1.017869479670601,-1.7492739481163756e-16,-0.2590573871153373
640,64.00000000000001,-0.005392668453571851,7.317311728230887e-17,-0.0059216443426216665,-1.8654162390619616e-05,-4.646047020531895e-16,1.0692286500015347,1.012238422740343,-1.7375075351352694e-16,-0.2580273784129405
641,64.10000000000001,-0.005018103987382127,7.30272937717486e-17,-0.005661332888517672,-0.00029286830388987523,-4.626078244072507e-16,1.0639539465559478,1.0065675407562773,-1.7261585899107e-16,-0.256884344564784
642,64.2,-0.004648612705450438,7.288220782560976e-17,-0.005398770772289501,-0.0004705583392684334,-4.605752617047613e-16,1.0585368199288354,1.0008806563674246,-1.7152835612855782e-16,-0.2556346100979241
643,64.30000000000001,-0.004285676261447685,7.273884627372373e-17,-0.005134839134929478,-0.0005523343816000517,-4.58517101144454e-16,1.0529979872335167,0.9952018965292007,-1.7049382060809559e-16,-0.2542849066348703
644,64.4,-0.003930767782268132,7.259820134226277e-17,-0.004870429815816303,-0.000539110718883048,-4.564436166881777e-16,1.0473587053876794,0.9895555570347438,-1.6951772722730186e-16,-0.2528423357974573
645,64.50000000000001,-0.003585344688314166,7.246126705050427e-17,-0.004606442124987857,-0.00043209843601251354,-4.543652329229987e-16,1.0416406807416125,0.9839659811802766,-1.6860542855542896e-16,-0.2513143300656408
646,64.60000000000001,-0.0032508428897738664,7.23290360672895e-17,-0.004343780734131705,-0.00023279322102626982,-4.522924967578984e-16,1.0358659955809897,0.9784574554545301,-1.6776213340788177e-16,-0.24970861275452932
647,64.70000000000002,-0.0029286723726461277,7.220249699593662e-17,-0.004083354783349621,5.7041083597704766e-05,-4.502360478245707e-16,1.0300570538656109,0.9730541230313281,-1.6699289319042378e-16,-0.2480331579305815
648,64.80000000000001,-0.0026202140470482824,7.208263400928263e-17,-0.00382607819882868,0.00043539252977298096,-4.482066160451969e-16,1.0242365465162335,0.967779913697018,-1.663025987946458e-16,-0.2462961506563535
649,64.9,-0.002326817605624027,7.197042682921848e-17,-0.0035728711158526756,0.0009000240386391554,-4.46215022838489e-16,1.0184274345017204,0.9626584868842365,-1.6569597886848133e-16,-0.24450594749157553
650,65.00000000000001,-0.0020498000419591836,7.186685086669679e-17,-0.0033246622093053304,0.0014484986682985752,-4.442721855497953e-16,1.0126529460820692,0.9577131828884324,-1.651775977760652e-16,-0.24267103674637971
651,65.10000000000001,-0.0017904444140208267,7.177287826455559e-17,-0.003082391654684284,0.0020782066205216275,-4.4238913165464096e-16,1.0069365829576398,0.9529669762344377,-1.6475185805472048e-16,-0.24079999763324192
652,65.20000000000002,-0.0015499984083219413,7.168947941959608e-17,-0.0028470143792306973,0.0027863935247152407,-4.405770179103526e-16,1.00130212884347,0.9484424246028865,-1.6442300510823955e-16,-0.23890145723929243
653,65.30000000000001,-0.0013296722666445721,7.161762368967437e-17,-0.0026195032163065196,0.003570189619545411,-4.388471433829781e-16,0.9957736531771941,0.9441616067414926,-1.6419512554072392e-16,-0.23698404416788155
654,65.4,-0.001130635676901505,7.155827955436934e-17,-0.0024008515474750374,0.004426639507063647,-4.37210956905555e-16,0.9903755023062831,0.940146043362606,-1.6407214225096448e-16,-0.23505633779065593
655,65.5,-0.0009540133002637491,7.151241376785654e-17,-0.002192075007135045,0.005352732171578297,-4.3568005445166505e-16,0.9851322706034924,0.9364165961308022,-1.6405780361054773e-16,-0.23312681230701157
656,65.60000000000001,-0.0008008787044622945,7.148098964521344e-17,-0.0019942118360659054,0.006345430935340494,-4.342661668020322e-16,0.9800687445442883,0.9329933414164174,-1.6415566872071014e-16,-0.23120377521004465
657,65.70000000000002,-0.0006722465936840239,7.146496209510664e-17,-0.0018083215054583283,0.007401702973155484,-4.3298111314126827e-16,0.975209813857288,0.9298954174536604,-1.6436907466007647e-16,-0.22929530027640802
658,65.80000000000001,-0.0005690633628522881,7.146527417278499e-17,-0.0016354812943737403,0.008518547942345326,-4.318367693459764e-16,0.9705803454240094,0.9271408457879657,-1.647011144838163e-16,-0.22740915578870705
659,65.9,-0.0004921961506727668,7.148284789836884e-17,-0.0014767805923240913,0.009693025220490774,-4.308449709202337e-16,0.9662050176243434,0.9247463302879352,-1.651545857055905e-16,-0.2255527293105612
660,66.0,-0.0004424207121139614,7.151857714357557e-17,-0.0013333128137076602,0.01092227919839866,-4.3001743657375177e-16,0.9621081152241622,0.9227270393640924,-1.6573195795412832e-16,-0.22373295090847936
661,66.10000000000001,-0.0004204085659317649,7.15733158031707e-17,-0.001206164947925581,0.012203562063786992,-4.293656381127568e-16,0.9583132875568868,0.9210963791904015,-1.66435312798669e-16,-0.22195621719422726
662,66.20000000000002,-0.0004267139847307432,7.164786597076078e-17,-0.001096404920395929,0.013534253540468721,-4.289006648921786e-16,0.9548432754888249,0.9198657674710262,-1.6726629113778575e-16,-0.22022831889644984
663,66.30000000000001,-0.0004617614727740672,7.174296675012558e-17,-0.0010050670945190524,0.014911877119595407,-4.2863308894761667e-16,0.9517196152691686,0.9190444184565871,-1.6822605236901825e-16,-0.21855437482382145
664,66.4,-0.000525834411227784,7.185927877917234e-17,-0.0009331363899990483,0.016334112428368366,-4.285727839048545e-16,0.9489623296242943,0.9186391503524977,-1.693152081584329e-16,-0.2169387750337244
665,66.5,-0.0006190655359849063,7.199737374658213e-17,-0.00088153161534919,0.017798803516958093,-4.2872878342450927e-16,0.9465896181475665,0.9186542258958417,-1.7053379870177007e-16,-0.2153851357689243
666,66.60000000000001,-0.0007414298480990572,7.215772238633932e-17,-0.0008510886996878815,0.019303962992767536,-4.2910912283844755e-16,0.9446175599828847,0.919091235695344,-1.7188125971029592e-16,-0.21389626828645003
667,66.70000000000002,-0.0008927404441477528,7.234068081057348e-17,-0.0008425445516631234,0.020847772078671483,-4.2972066751350627e-16,0.9430598418853938,0.9199490319925582,-1.7335637849524805e-16,-0.2124741631098402
668,66.80000000000001,-0.0010726476008304034,7.254648563668005e-17,-0.0008565222660689967,0.022428576805827806,-4.3056901333669954e-16,0.9419275239230056,0.9212237179397726,-1.749573146267836e-16,-0.21111999053159922
669,66.9,-0.0012806412656792407,7.277524475495907e-17,-0.0008935183404671291,0.024044880661778536,-4.316583569189983e-16,0.9412288533932791,0.9229086944845327,-1.7668158407110571e-16,-0.2098341174281666
670,67.00000000000001,-0.0015160569074174086,7.302693314619755e-17,-0.000953892458384357,0.025695334093175606,-4.329914108076197e-16,0.940969135081784,0.9249947637239382,-1.785260771633349e-16,-0.20861613967961024
671,67.10000000000001,-0.0017780844801872564,7.330139321917764e-17,-0.001037860249894597,0.02737872130442158,-4.3456936824254747e-16,0.9411506629536838,0.927470284386447,-1.8048709938404328e-16,-0.20746492876542635
672,67.2,-0.002065780070815786,7.359833729203439e-17,-0.0011454892653304381,0.029093944796125447,-4.3639189036680635e-16,0.9417727149715797,0.9303213721590942,-1.8256042284906284e-16,-0.20637869048772894
673,67.30000000000001,-0.00237807964178877,7.39173495531645e-17,-0.0012766982066193542,0.030840008050589566,-4.384571026730825e-16,0.9428316092221966,0.9335321351308173,-1.8474132295562533e-16,-0.20535503329818572
674,67.4,-0.002713814166901448,7.425789347567491e-17,-0.001431259267865339,0.03261599669909925,-4.4076164489273206e-16,0.944320816176787,0.9370849328585752,-1.870246432620558e-16,-0.20439104340865463
675,67.50000000000001,-0.003071725390703085,7.461931996211782e-17,-0.0016088032572812193,0.0344210584054557,-4.433007407989703e-16,0.9462311189612408,0.9409606466180941,-1.894048588681695e-16,-0.20348336376586174
676,67.60000000000001,-0.0034504814318487755,7.50008763185307e-17,-0.0018088270206730803,0.03625438158483104,-4.460682799953059e-16,0.9485508111980478,0.9451389483417841,-1.9187613287013726e-16,-0.20262827406764256
677,67.7,-0.003848691494699651,7.540171752931002e-17,-0.0020307025746681777,0.03811517296432551,-4.490569332243095e-16,0.9512659204789073,0.9495985565610507,-1.944323825004816e-16,-0.20182176927274054
678,67.80000000000001,-0.00426491904873033,7.582091590585883e-17,-0.002273687294873264,0.04000263390288177,-4.522582565143736e-16,0.9543604449409978,0.9543174692702493,-1.9706732744160672e-16,-0.20105963447038536
679,67.90000000000002,-0.004697692973231498,7.625747056114446e-17,-0.0025369344951186043,0.041915935346103654,-4.556628014659711e-16,0.957816590779427,0.959273165860851,-1.997745299917994e-16,-0.20033751447873005
680,68.00000000000001,-0.005145516334235571,7.671031673441639e-17,-0.0028195037791706816,0.0438541913167805,-4.592602270706696e-16,0.9616149997799835,0.9644427729384918,-2.0254743146540244e-16,-0.1996509770749719
681,68.10000000000001,-0.005606872648842491,7.717833218841523e-17,-0.003120370641404165,0.04581643094991052,-4.630393869192266e-16,0.9657349579741907,0.9698031917154769,-2.0537936617249194e-16,-0.19899556926831255
682,68.2,-0.006080229686361032,7.766034321187325e-17,-0.0034384349294178497,0.04780156927820145,-4.669884137801598e-16,0.9701545791210929,0.9753311875570859,-2.082635718414643e-16,-0.19836686646290233
683,68.30000000000001,-0.006564041043957532,7.815512964166558e-17,-0.00377252794777178,0.049808377255096244,-4.710947958477057e-16,0.9748509596899385,0.9810034449672808,-2.1119319426328823e-16,-0.19776051468983863
684,68.40000000000002,-0.007056745906142313,7.866142751589154e-17,-0.004121418164068293,0.051835451848009244,-4.75345427989809e-16,0.9798003051220813,0.9867965936780327,-2.1416127653447474e-16,-0.19717226630201326
685,68.50000000000001,-0.007556767542773326,7.91779299770073e-17,-0.004483815661414486,0.053881187410285455,-4.797266449936757e-16,0.9849780301550981,0.992687213437641,-2.171607413915271e-16,-0.1965980096286395
686,68.60000000000001,-0.008062511210067295,7.970328917834449e-17,-0.004858375649255227,0.05594374989731597,-4.842242619079574e-16,0.9903588386708213,0.9986518264794162,-2.201843807278565e-16,-0.19603379309925945
687,68.7,-0.00857236218394923,8.023611704133292e-17,-0.005243701482020254,0.05802105576907423,-4.888236002447286e-16,0.995916790666527,1.004666887404421,-2.2322484112339924e-16,-0.1954758443028941
688,68.80000000000001,-0.009084684665346062,8.077498577207624e-17,-0.005638347727021837,0.060110757550675194,-4.93509509042439e-16,1.0016253653454636,1.0107087802457049,-2.2627461153669467e-16,-0.1949205843848265
689,68.9,-0.009597822244072745,8.131843003895228e-17,-0.006040823856426895,0.06221023794068388,-4.98266399355157e-16,1.0074575298067983,1.0167538317228075,-2.293260234532348e-16,-0.19436463813747895
690,69.00000000000001,-0.010110100486378998,8.186495120789998e-17,-0.006449599103476346,0.06431661401760154,-5.030782964459912e-16,1.0133858222634653,1.0227783481048758,-2.3237126530439104e-16,-0.19380484014023303
691,69.10000000000001,-0.010619832022170877,8.24130225835974e-17,-0.006863108917271259,0.06642675248542693,-5.079288987839191e-16,1.0193824570914471,1.0287586807096043,-2.3540240682725405e-16,-0.19323823735819032
692,69.2,-0.011125324262321368,8.296109706073015e-17,-0.007279763279173958,0.06853729605384748,-5.128016613635424e-16,1.025419456401338,1.0346713220123818,-2.3841143755639236e-16,-0.19266208871561943
693,69.30000000000001,-0.011624889596854024,8.350761687793556e-17,-0.007697956923691221,0.07064470005533813,-5.176798972865479e-16,1.0314688094602447,1.0404930308950062,-2.413903193458209e-16,-0.19207386229175658
694,69.4,-0.012116857644183245,8.405102515886586e-17,-0.008116081264525392,0.07274527739473019,-5.225468978802289e-16,1.037502657568718,1.0462009821163485,-2.44331050086629e-16,-0.1914712309071685
695,69.50000000000001,-0.01259958887899922,8.458977902271734e-17,-0.008532537596358573,0.07483524906575367,-5.27386068579452e-16,1.043493498412944,1.051772932097925,-2.4722573567475386e-16,-0.1908520669369113
696,69.60000000000001,-0.013071488799002854,8.512236238134673e-17,-0.008945750960028342,0.0769107969032789,-5.321810625289762e-16,1.0494144009920119,1.0571873910264098,-2.500666596065392e-16,-0.19021443716939923
697,69.7,-0.013531021725226149,8.564730005187659e-17,-0.009354183951776398,0.07896811507267569,-5.369159287611964e-16,1.0552392204055105,1.0624237904032892,-2.5284635871207667e-16,-0.18955659841327774
698,69.80000000000001,-0.013976723376349118,8.616317003944805e-17,-0.00975634974174948,0.08100345705786195,-5.415752433449024e-16,1.060942801335117,1.0674626356366708,-2.55557686985983e-16,-0.1888769943490555
699,69.9,-0.014407211503383525,8.666861450218086e-17,-0.010150823641634825,0.08301317554367868,-5.461442285401926e-16,1.0665011599778615,1.0722856349528613,-2.5819387047634217e-16,-0.18817425386058426
700,70.00000000000001,-0.014821194089158095,8.716234896811357e-17,-0.010536252708914087,0.08499375347461953,-5.506088554280653e-16,1.0718916362601032,1.0768757984800628,-2.607485509260982e-16,-0.18744719081008684
701,70.10000000000001,-0.01521747486894123,8.764316829735622e-17,-0.01091136306726261,0.08694182555326678,-5.549559140406329e-16,1.077093010975654,1.08121750437339,-2.6321581029339604e-16,-0.18669480498673086
702,70.20000000000002,-0.015594956175071662,8.810995177490854e-17,-0.011274964826728224,0.0888541903633853,-5.59173074972965e-16,1.082085585571569,1.085296531841824,-2.6559018996871354e-16,-0.18591628379922293
703,70.30000000000001,-0.015952639317616233,8.856166413722021e-17,-0.011625954674366291,0.09072781404501386,-5.632489092318583e-16,1.0868512252065874,1.0891000635149282,-2.678666872172114e-16,-0.18511100421562876
704,70.4,-0.016289622864955125,8.899735619548514e-17,-0.011963316355189631,0.09255982694569782,-5.671729030725942e-16,1.091373368098161,1.0926166615010249,-2.7004075023589673e-16,-0.18427853447675344
705,70.50000000000001,-0.016605099276141757,8.941616282333372e-17,-0.01228611936421577,0.09434751491137874,-5.709354448533978e-16,1.095637005871536,1.0958362226450413,-2.7210825940267266e-16,-0.18341863520507956
706,70.60000000000001,-0.016898350365349937,8.981729989919651e-17,-0.012593516222328053,0.09608830689382893,-5.745277996528347e-16,1.0996286405897904,1.0987499189326722,-2.740655041615203e-16,-0.18253125967240313
707,70.70000000000002,-0.017168742059427967,9.020006042802695e-17,-0.012884738717999123,0.09777976039604985,-5.7794207338004455e-16,1.10333622444956,1.101350128836755,-2.759091568978421e-16,-0.18161655314701244
708,70.80000000000001,-0.01741571885740826,9.056380988043873e-17,-0.01315909347398693,0.09941954601818434,-5.811711684970271e-16,1.1067490879122612,1.1036303648325638,-2.7763624398910433e-16,-0.18067485139041922
709,70.9,-0.017638798330455063,9.090798163808624e-17,-0.013415957154311616,0.10100543206456448,-5.84208737692735e-16,1.1098578614679966,1.1055852014937986,-2.7924411945611844e-16,-0.17970667849623922
710,71.00000000000001,-0.017837565924524294,9.123207246477413e-17,-0.01365477157258957,0.10253526987505013,-5.870491366923068e-16,1.1126543954544459,1.1072102076689414,-2.807304398982481e-16,-0.1787127443497232
711,71.10000000000001,-0.018011670255030927,9.153563791887813e-17,-0.013875038906465468,0.10400698028285481,-5.896873760711304e-16,1.115131681505065,1.1085018853402793,-2.820931407587246e-16,-0.1776939420326036
712,71.20000000000002,-0.018160819018809657,9.181828839581719e-17,-0.014076317170304945,0.10541854139416867,-5.921190772122051e-16,1.1172837783750125,1.1094576169588224,-2.8333041683834966e-16,-0.17665134550655137
713,71.30000000000001,-0.018284775596493826,9.207968555120606e-17,-0.014258216053037825,0.10676797773807438,-5.943404318467159e-16,1.11910574415116,1.110075622367267,-2.8444070620565938e-16,-0.17558620788503698
714,71.4,-0.018383356378840417,9.231953927811102e-17,-0.01442039319172684,0.10805335074643571,-5.963481665530508e-16,1.1205935762273274,1.1103549258834722,-2.854226776927463e-16,-0.17449996055457181
715,71.5,-0.01845642882273827,9.253760521376406e-17,-0.014562550924336608,0.10927275048572252,-5.981395120460861e-16,1.1217441599284326,1.1102953337135522,-2.862752220522536e-16,-0.1733942133389868
716,71.60000000000001,-0.018503910225014904,9.273368283158393e-17,-0.014684433546616383,0.11042428856690482,-5.997121780977262e-16,1.122555226292795,1.109897421579814,-2.869974465469476e-16,-0.1722707558205574
717,71.70000000000002,-0.018525767192622895,9.290761407697047e-17,-0.014785825086754675,0.11150609219582377,-6.010643341702714e-16,1.123025319255496,1.1091625322611731,-2.875886732609195e-16,-0.17113155984409928
718,71.80000000000001,-0.018522015784111334,9.305928282853852e-17,-0.014866547605998303,0.11251629938547403,-6.021945978702768e-16,1.1231537722968037,1.108092782626308,-2.880484414159641e-16,-0.16997878313800735
719,71.9,-0.018492722297275947,9.318861421894915e-17,-0.014926460032132662,0.1134530554249061,-6.031020224304745e-16,1.1229406945047375,1.1066910796663607,-2.88376509820077e-16,-0.16881477389185034
720,72.00000000000001,-0.018438004679465433,9.329557522895679e-17,-0.01496545753397768,0.1143145107793479,-6.037860964771435e-16,1.12238696592579,1.10496114497923,-2.8857286542936033e-16,-0.16764207603510664
721,72.10000000000001,-0.018358034538301392,9.338017533265272e-17,-0.014983471447303732,0.11509882067561986,-6.042467449973214e-16,1.1214942420191711,1.1029075470983514,-2.886377340147289e-16,-0.16646343486727402
722,72.20000000000002,-0.01825303972983042,9.344246846261072e-17,-0.01498046976432871,0.1158041466991809,-6.044843450440987e-16,1.120264966965846,1.1005357409748626,-2.885715942543596e-16,-0.16528180259759695
723,72.30000000000001,-0.018123307496845636,9.348255478779735e-17,-0.014956458198814167,0.11642866078718539,-6.044997370731602e-16,1.1187023954943438,1.0978521137960608,-2.8837519557864643e-16,-0.16410034326564554
724,72.4,-0.017969188120980365,9.350058329871304e-17,-0.014911481835412022,0.11697055203819649,-6.042942465475606e-16,1.1168106227539158,1.0948640361418072,-2.8804957729820587e-16,-0.16292243643600218
725,72.50000000000001,-0.017791099037136174,9.349675493739273e-17,-0.014845627364103421,0.1174280367653711,-6.038697106393629e-16,1.1145946215786169,1.0915799172356413,-2.875960916029566e-16,-0.16175167899727694
726,72.60000000000001,-0.01758952933715265,9.347132621777692e-17,-0.014759025887250756,0.11779937218702557,-6.032285101785566e-16,1.112060286234339,1.0880092627365698,-2.870164288445911e-16,-0.16059188435554442
727,72.70000000000002,-0.017365044561122173,9.34246132781839e-17,-0.014651856267132536,0.11808287406729426,-6.023736068127183e-16,1.1092144814216707,1.0841627331462698,-2.863126453464803e-16,-0.15944707830505006
728,72.80000000000001,-0.017118291639822678,9.335699656653334e-17,-0.014524348955424487,0.11827693848166997,-6.013085860125583e-16,1.1060650949253974,1.0800522004899589,-2.8548719403290267e-16,-0.1583214908960952
729,72.9,-0.01685000381168621,9.32689250981201e-17,-0.014376790213107638,0.11838006768143335,-6.00037696931025e-16,1.1026210918711759,1.075690800494208,-2.845429526143432e-16,-0.15721954371323005
730,73.00000000000001,-0.016561005294959248,9.316092086107482e-17,-0.014209526590762196,0.11839089976572416,-5.985658939434489e-16,1.0988925680983426,1.0710929770715099,-2.8348325172570756e-16,-0.15614583213673083
731,73.10000000000001,-0.01625221545397805,9.303358420004178e-17,-0.014022969497310628,0.11830824154585834,-5.968988894613184e-16,1.094890799725952,1.066274515583183,-2.8231190786453257e-16,-0.15510510239343916
732,73.2,-0.015924652162909236,9.28875976889496e-17,-0.013817599643522355,0.11813110361899912,-5.950431915257845e-16,1.09062828563256,1.061252561155072,-2.810332463729242e-16,-0.15410222350913286
733,73.30000000000001,-0.015579434047264359,9.272372994905192e-17,-0.013593971109931421,0.11785873628524468,-5.930061435159595e-16,1.0861187793570526,1.056045618337832,-2.7965212366626274e-16,-0.15314215464326955
734,73.40000000000002,-0.015217781280093805,9.25428372670751e-17,-0.013352714763431743,0.11749066458441813,-5.907959415438917e-16,1.0813773069328558,1.0506735287073472,-2.781739346356839e-16,-0.15222990869491432
735,73.50000000000001,-0.01484101463288806,9.234586571477726e-17,-0.013094540739548891,0.1170267204483186,-5.884216604409499e-16,1.076420167462495,1.0451574236483627,-2.766046205234134e-16,-0.15137051347862254
736,73.60000000000001,-0.014450552536141855,9.213385111017108e-17,-0.012820239724724933,0.11646706981870611,-5.858932568414576e-16,1.0712649138767183,1.0395196505817028,-2.7495066521193783e-16,-0.15056897213110843
737,73.7,-0.01404790599325642,9.190791660366373e-17,-0.012530682819584688,0.11581223262516577,-5.83221554512527e-16,1.0659303123193264,1.033783672259743,-2.7321907161536783e-16,-0.1498302246663146
738,73.80000000000001,-0.013634671311045532,9.166926911688528e-17,-0.012226819841369418,0.11506309378890398,-5.804182173439004e-16,1.0604362799198654,1.0279739403810326,-2.714173321321377e-16,-0.14915911269191912
739,73.90000000000002,-0.013212520751692056,9.141919376688e-17,-0.011909676028027082,0.11422090392862255,-5.774957054245812e-16,1.0548038022626702,1.0221157465120518,-2.6955338432303265e-16,-0.1485603491911365
740,74.00000000000001,-0.012783191359806597,9.115904659948165e-17,-0.011580347228866509,0.11328726916469883,-5.744672152739233e-16,1.0490548334714898,1.0162350549458412,-2.676355547067351e-16,-0.1480384949413946
741,74.10000000000001,-0.01234847235517986,9.089024593536677e-17,-0.011239993793260164,0.11226413027848797,-5.71346609417176e-16,1.0432121832977077,1.010358323440164,-2.6567249229060667e-16,-0.14759794260120956
742,74.2,-0.011910191586523585,9.06142633553755e-17,-0.010889833482505148,0.1111537323806869,-5.681483393772067e-16,1.03729939670657,1.0045123185425964,-2.6367310251804074e-16,-0.14724290879952573
743,74.30000000000001,-0.01147020159628326,9.033261283580454e-17,-0.010531133813311128,0.10995858705454757,-5.648873575342518e-16,1.031340632006358,0.9987239322676891,-2.6164646287045713e-16,-0.14697743378922956
744,74.4,-0.011030365840430207,9.004684086254225e-17,-0.010165204280374283,0.10868142954992029,-5.61579034888481e-16,1.025360543433728,0.9930200061831368,-2.5960174821686975e-16,-0.14680538747598104
745,74.50000000000001,-0.010592545538354191,8.975851665462675e-17,-0.009793388892189068,0.10732517392562803,-5.582390813728906e-16,1.019384173263708,0.9874271675485856,-2.575481553037794e-16,-0.14673047999998387
746,74.60000000000001,-0.010158587505103192,8.946922350044429e-17,-0.009417059388571378,0.10589286903076874,-5.548834772640458e-16,1.013436857028236,0.9819716802073509,-2.554948338457239e-16,-0.1467562746061581
747,74.7,-0.009730313158463441,8.918055008202684e-17,-0.009037609398044088,0.10438765789458973,-5.515284033970217e-16,1.007544143466054,0.9766793107166556,-2.534508188009602e-16,-0.14688620032814878
748,74.80000000000001,-0.009309508719361809,8.88940841810138e-17,-0.008656449652131835,0.10281274252255201,-5.481901962183669e-16,1.001731728612308,0.9715752080121188,-2.5142497483663005e-16,-0.14712356203675403
749,74.9,-0.00889791645973342,8.861140595797723e-17,-0.008275004219042327,0.10117135536913155,-5.448852954036214e-16,0.9960254012134949,0.9666837930209018,-2.494259426222611e-16,-0.1474715456339718
750,75.00000000000001,-0.008497226718698734,8.833408392489151e-17,-0.007894707569066076,0.09946673798451632,-5.416302193326157e-16,0.9904509946553332,0.9620286532955825,-2.474620992392102e-16,-0.14793321655891525
751,75.10000000000001,-0.008109070321612651,8.806367028436688e-17,-0.0075170021544003285,0.09770212661431728,-5.384415317529215e-16,0.9850343390149606,0.9576324370894123,-2.455415178317917e-16,-0.1485115102531035
752,75.2,-0.007735011006409286,8.780169547554237e-17,-0.007143336089805364,0.09588074394856319,-5.353357974338971e-16,0.9798012058449748,0.9535167413980844,-2.4367192438728525e-16,-0.14920921375718
753,75.30000000000001,-0.007376537489720309,8.754966309142596e-17,-0.006775160466432241,0.09400579581852482,-5.323295403287607e-16,0.9747772379670929,0.9497019893361516,-2.4186066012713803e-16,-0.15002893813956264
754,75.4,-0.007035054887107312,8.730904550897421e-17,-0.006413925824262919,0.0920804714458636,-5.29439204784136e-16,0.969987856952797,0.9462072937096011,-2.401146502307846e-16,-0.15097308196660295
755,75.50000000000001,-0.006711875327663275,8.708127497926898e-17,-0.006061077350020944,0.09010794584869555,-5.26681065070971e-16,0.9654581421057965,0.943050305644522,-2.384403528100945e-16,-0.15204378650392522
756,75.60000000000001,-0.006408207759311675,8.686773737562073e-17,-0.005718048454614554,0.0880913831721906,-5.240711582245614e-16,0.9612126765944179,0.9402470494459702,-2.368437283581761e-16,-0.1532428837877915
757,75.70000000000002,-0.006125147110634591,8.666976093341786e-17,-0.005386252510979371,0.08603393999193158,-5.216251564103979e-16,0.9572753588114419,0.9378117472708872,-2.3533018598348757e-16,-0.1545718391220965
758,75.80000000000001,-0.005863663139853758,8.648860505559294e-17,-0.005067072689836126,0.08393876798464121,-5.193582356866939e-16,0.9536691799021952,0.9357566394681354,-2.339045388258487e-16,-0.15603168993355496
759,75.9,-0.005624589443746354,8.632544955778948e-17,-0.004761850004395152,0.08180901572181283,-5.172849380663061e-16,0.9504159714761197,0.9340918083341162,-2.3257097102682733e-16,-0.15762298323800525
760,76.00000000000001,-0.005408613202836836,8.618138118417897e-17,-0.004471869850109753,0.07964782967229052,-5.154190005158573e-16,0.9475361305336172,0.9328250143456313,-2.313329944577452e-16,-0.15934571420861002
761,76.10000000000001,-0.005216266291936991,8.605738077650035e-17,-0.00419834748594055,0.07745835476523749,-5.137731808863141e-16,0.9450483313097526,0.9319615545031936,-2.301934191996239e-16,-0.16119926846127627
762,76.20000000000002,-0.00504791837993556,8.595431088619552e-17,-0.003942413033822952,0.07524373504276301,-5.123590820226119e-16,0.9429692357857937,0.9315041521580978,-2.291543328459437e-16,-0.16318237065500532
763,76.30000000000001,-0.004903772578616194,8.587290454377098e-17,-0.003705096660392569,0.07300711501150041,-5.11186981988739e-16,0.9413132158274337,0.9314528865987766,-2.282170920082162e-16,-0.16529304182612212
764,76.4,-0.004783864082258729,8.581375576287264e-17,-0.0034873146409824915,0.07075164228502111,-5.102656784024849e-16,0.9400921001366728,0.931805168816106,-2.2738232726743215e-16,-0.16752856753272416
765,76.50000000000001,-0.004688062078304255,8.57773123802081e-17,-0.0032898569870319252,0.06848047200271666,-5.09602354596893e-16,0.9393149584152825,0.9325557674106449,-2.2664996336706557e-16,-0.16988547839620996
766,76.60000000000001,-0.004616075018961497,8.576387153928668e-17,-0.0031133772461723066,0.06619677333016283,-5.092024741871037e-16,0.9389879333965079,0.9336968857633329,-2.260192529628737e-16,-0.17235954402625778
767,76.70000000000002,-0.004567459141207988,8.577357822994263e-17,-0.0029583849659737807,0.06390373810971196,-5.090697097414531e-16,0.9391141288628548,0.9352182886145591,-2.2548882476606153e-16,-0.1749457806542081
768,76.80000000000001,-0.004541629925716738,8.58064275284811e-17,-0.002825241158015583,0.06160459146038628,-5.092059147230708e-16,0.9396935586528955,0.9371074733406264,-2.2505674745697385e-16,-0.17763847213425196
769,76.9,-0.004537876010303235,8.586226723538276e-17,-0.0027141569215618187,0.05930260384853955,-5.096111068594984e-16,0.9407231582300162,0.9393498787176511,-2.24720587301885e-16,-0.18043120335722956
770,77.0,-0.004555374934580065,8.594080716088943e-17,-0.0026251952000501877,0.05700110389341785,-5.102835283488136e-16,0.942196856914813,0.9419291220155357,-2.244774957798235e-16,-0.18331690460399522
771,77.10000000000001,-0.004593210000109249,8.604162800148856e-17,-0.0025582754634712146,0.054703490963966456,-5.112197129802332e-16,0.9441057056341156,0.9448272540059012,-2.243242843324023e-16,-0.18628790497560627
772,77.20000000000002,-0.004650387490592026,8.616419277881859e-17,-0.0025131809493754045,0.05241324649228429,-5.124145884380508e-16,0.9464380522482528,0.9480250209678948,-2.242575023368984e-16,-0.18933599279115113
773,77.30000000000001,-0.004725853510909424,8.630785933788018e-17,-0.0024895679667440163,0.0501339428960338,-5.138616011170154e-16,0.9491797543754694,0.951502123035433,-2.24273511102742e-16,-0.19245248074090696
774,77.4,-0.004818509768770498,8.647189312096887e-17,-0.002486976679594668,0.047869249077154515,-5.155528535930751e-16,0.9523144182745787,0.9552374591851847,-2.2436854907334595e-16,-0.19562827361134807
775,77.50000000000001,-0.0049272277307657935,8.665548090220345e-17,-0.0025048427466891707,0.04562293164369444,-5.174792591064618e-16,0.9558236518466919,0.9592093506999569,-2.2453879553325786e-16,-0.19885393654115477
776,77.60000000000001,-0.005050860724947351,8.68577426906281e-17,-0.00254250920165539,0.04339885126701335,-5.196306875919722e-16,0.9596873201786634,0.9633957369039304,-2.2478041360106587e-16,-0.20211976200308207
777,77.70000000000002,-0.005188253721943151,8.707774162841379e-17,-0.0025992380115228996,0.04120095390714623,-5.219960948975243e-16,0.963883793211444,0.9677743391833767,-2.250895773056428e-16,-0.2054158340149596
778,77.80000000000001,-0.005338250692922133,8.73144955008294e-17,-0.0026742208444529925,0.03903325697658563,-5.245636727807877e-16,0.9683901769512402,0.9723227916086722,-2.254625053768873e-16,-0.2087320884451838
779,77.9,-0.005499699603280004,8.756698324366494e-17,-0.002766588699543167,0.036899830828427016,-5.273209501845274e-16,0.9731825219769461,0.9770187387060526,-2.2589546229357656e-16,-0.21205836867566383
780,78.00000000000001,-0.0056714552455498415,8.783415161887653e-17,-0.0028754201912794507,0.034804776216077304,-5.302548968335879e-16,0.978236005628927,0.9818399029619292,-2.263847610065515e-16,-0.21538447629958046
781,78.10000000000001,-0.0058523802361501774,8.81149193291119e-17,-0.00299974842611639,0.032752198557021724,-5.333520005224891e-16,0.9835250869746023,0.9867641263795313,-2.2692675136231147e-16,-0.21870021694172778
782,78.20000000000002,-0.006041344593138791,8.84081809240304e-17,-0.003138566546925858,0.030746179934402644,-5.36598339833146e-16,0.9890236362234324,0.991769391775425,-2.275178093314767e-16,-0.22199544167187657
783,78.30000000000001,-0.006237224373280676,8.871280842986781e-17,-0.003290832142217604,0.028790749792321272,-5.39979631721259e-16,0.994705042515161,0.9968338304517227,-2.2815431473185625e-16,-0.2252600848097633
784,78.40000000000002,-0.00643889987513457,8.9027652666516e-17,-0.0034554708125549413,0.026889855238925203,-5.434812736953498e-16,1.0005423057663638,1.0019357233723414,-2.2883263024098343e-16,-0.22848419916540355
785,78.50000000000001,-0.006645253910140332,8.935154431383993e-17,-0.003631379250046723,0.025047331786545918,-5.47088380795041e-16,1.0065081194015555,1.0070535029815235,-2.295490813422864e-16,-0.23165798989242947
786,78.60000000000001,-0.006855170606156264,8.968329517148735e-17,-0.0038174282139579714,0.023266875252788866,-5.507858220972624e-16,1.0125749512253042,1.012165762312462,-2.3029993960322986e-16,-0.23477184813124152
787,78.7,-0.00706753513872828,9.002169999679977e-17,-0.0040124657744187355,0.021552015440146954,-5.545582618841988e-16,1.018715129365565,1.0172512770423854,-2.3108141131294153e-16,-0.23781638546811773
788,78.80000000000001,-0.007281234687262215,9.036553930442858e-17,-0.004215321147603475,0.019906092118129874,-5.583902081338495e-16,1.0249009391461368,1.0222890446868176,-2.3188963279287755e-16,-0.24078246993561148
789,78.90000000000002,-0.0074951607913098265,9.071358359473152e-17,-0.004424809363345402,0.018332233757281116,-5.622660748421591e-16,1.0311047350060196,1.0272583432645888,-2.3272067516681715e-16,-0.24366126384742368
790,79.00000000000001,-0.007708213144609265,9.106459803540023e-17,-0.004639736897168431,0.016833339407311368,-5.661702490704945e-16,1.0372990693310191,1.0321388096388022,-2.335705523180542e-16,-0.24644426323826185
791,79.10000000000001,-0.007919304722875907,9.141734919537552e-17,-0.004858908273917005,0.015412064064094743,-5.700871771220848e-16,1.0434568375302378,1.0369105355382569,-2.3443524102947165e-16,-0.24912333812736098
792,79.2,-0.008127368009625333,9.177061262891905e-17,-0.00508113352315933,0.014070807820833742,-5.740014591168039e-16,1.049551436168515,1.0415541772226926,-2.353107066160324e-16,-0.25169077231858655
793,79.30000000000001,-0.008331361977146274,9.212318087179427e-17,-0.005305236252280286,0.01281170903521706,-5.778979476789919e-16,1.0555569287699818,1.046051073117801,-2.3619293174418947e-16,-0.25413930106766625
794,79.40000000000002,-0.008530279409779122,9.24738726908985e-17,-0.0055300620156865515,0.011636641657707999,-5.817618569552306e-16,1.0614482123247466,1.050383362722188,-2.3707795351540186e-16,-0.25646214475265244
795,79.50000000000001,-0.008723154131951887,9.28215416929579e-17,-0.005754486608413707,0.010547216752688021,-5.855788647279792e-16,1.067201176766203,1.0545340998097894,-2.379618985620324e-16,-0.25865303671490075
796,79.60000000000001,-0.008909067725578722,9.316508375770201e-17,-0.0059774239047766286,0.009544788107433448,-5.893352007986972e-16,1.0727928498236026,1.0584873534396033,-2.3884101241961253e-16,-0.260706243696397
797,79.7,-0.009087155385114166,9.35034452614089e-17,-0.0061978328962296715,0.008630461673737924,-5.930177401208416e-16,1.0782015206371363,1.0622282914456278,-2.3971169710957025e-16,-0.2626165777497549
798,79.80000000000001,-0.009256610652665798,9.383562865910572e-17,-0.006414723650004828,0.007805108437761342,-5.966140667306524e-16,1.0834068371699108,1.065743242722833,-2.405705356839889e-16,-0.2643793990745445
799,79.90000000000002,-0.009416688885588049,9.416069712162267e-17,-0.0066271619998159535,0.007069380181148965,-6.001125252969505e-16,1.0883898744985436,1.069019736503774,-2.414143140202843e-16,-0.26599060985691914
800,80.00000000000001,-0.00956670941992998,9.447777865603297e-17,-0.006834272878620301,0.006423727494529833,-6.035022652050316e-16,1.0931331732196783,1.0720465186833856,-2.422400423009661e-16,-0.2674466397784597
801,80.10000000000001,-0.009706056492201605,9.478606733646816e-17,-0.007035242298537068,0.005868419342668779,-6.067732507989144e-16,1.0976207492083976,1.0748135468841293,-2.43044964071573e-16,-0.268744424349274
802,80.2,-0.009834179060322254,9.508482391682425e-17,-0.007229318064678848,0.005403563462500314,-6.099162648667608e-16,1.10183807760829,1.077311967216046,-2.4382656364914723e-16,-0.2698813775681123
803,80.30000000000001,-0.009950589718069058,9.537337587420787e-17,-0.007415809371761635,0.0050291268988493535,-6.129229017283281e-16,1.1057720551100498,1.0795340765111365,-2.445825724107271e-16,-0.27085536060358506
804,80.4,-0.010054862925789691,9.56511156789326e-17,-0.007594085472686568,0.004744956040917795,-6.15785542376966e-16,1.1094109452589753,1.0814732742047053,-2.453109666429287e-16,-0.2716646482339608
805,80.50000000000001,-0.010146632786637402,9.591749880086021e-17,-0.007763573627825444,0.0045507956056043955,-6.184973247095616e-16,1.1127443117626685,1.0831240080563902,-2.4600996546966484e-16,-0.2723078947038574
806,80.60000000000001,-0.010225590586992956,9.617204138703948e-17,-0.007923756545700088,0.004446306110365953,-6.210521098751356e-16,1.1157629446338564,1.0844817176388195,-2.466780281098811e-16,-0.2727841004886598
807,80.70000000000002,-0.010291482297504484,9.641431680118337e-17,-0.008074169514462723,0.004431079478127302,-6.2344443696799e-16,1.1184587836043567,1.0855427790691474,-2.4731384397683815e-16,-0.27309258123769836
808,80.80000000000001,-0.010344106202404042,9.66439535442636e-17,-0.008214397403609592,0.00450465251105807,-6.256694905248005e-16,1.1208248426892662,1.0863044539077324,-2.479163320926971e-16,-0.27323293992730946
809,80.9,-0.010383310793636316,9.686063234632876e-17,-0.008344071690799483,0.004666518052732031,-6.277230607275875e-16,1.1228551391558328,1.0867648445715399,-2.484846348094807e-16,-0.2732050430201151
810,81.00000000000001,-0.010408993035888383,9.706408398289635e-17,-0.008462867642793711,0.004916133725886084,-6.296015110918771e-16,1.124544629528386,1.0869228580588925,-2.4901811551442477e-16,-0.273009001214141
811,81.10000000000001,-0.010421097080701776,9.725408642362406e-17,-0.008570501754723528,0.005252928184897918,-6.313017412906357e-16,1.1258891546850944,1.0867781792873505,-2.4951635078880443e-16,-0.2726451551835823
812,81.20000000000002,-0.01041961348331582,9.743046419687949e-17,-0.008666729529537376,0.005676304859592223,-6.328211706657363e-16,1.1268853955984075,1.0863312549196227,-2.4997913584123326e-16,-0.2721140665639124
813,81.30000000000001,-0.010404578954746726,9.759308676360576e-17,-0.0087513436601881,0.00618564319312222,-6.341577160063708e-16,1.1275308408446658,1.085583288190679,-2.5040648196201274e-16,-0.2714165143138603
814,81.4,-0.010376076663263446,9.774186827273551e-17,-0.008824172660842768,0.006780297395669208,-6.353097826066363e-16,1.1278237666510529,1.0845362449390834,-2.5079862134366195e-16,-0.2705534964878328
815,81.50000000000001,-0.01033423708288886,9.787676679506977e-17,-0.008885079979600698,0.007459592752378401,-6.362762525367019e-16,1.1277632299411735,1.0831928707664882,-2.5115600625441693e-16,-0.2695262373644533
816,81.60000000000001,-0.010279239370627578,9.799778592219906e-17,-0.008933963613013816,0.008222819543252432,-6.370564970778812e-16,1.127349074558923,1.0815567189771338,-2.514793225483721e-16,-0.2683361997887737
817,81.70000000000002,-0.010211313237534277,9.810497465088525e-17,-0.008970756231036135,0.009069224659244408,-6.376503755363079e-16,1.126581950565731,1.079632188659396,-2.517694885116955e-16,-0.2669851024863168
818,81.8,-0.010130741260316722,9.819843056370574e-17,-0.008995425808719352,0.009998001036277205,-6.380582648850255e-16,1.1254633461905699,1.0774245719415858,-2.5202767562199276e-16,-0.2654749419867968
819,81.9,-0.010037861558994802,9.827830046227501e-17,-0.009007976746890694,0.011008275079784004,-6.38281071410395e-16,1.123995631640451,1.074940109067276,-2.522553080233753e-16,-0.2638080186471904
820,82.00000000000001,-0.009933070741709571,9.834478407656247e-17,-0.00900845144724139,0.01209909231719135,-6.383202698012453e-16,1.122182113533421,1.072186049482898,-2.5245408101773385e-16,-0.26198696608489175
821,82.10000000000001,-0.009816826990204267,9.839813601373556e-17,-0.00899693228710007,0.013269401592844184,-6.38177929606528e-16,1.1200270981889389,1.0691707166156448,-2.526259663054227e-16,-0.2600147831244384
822,82.20000000000002,-0.009689653129698592,9.843866961494141e-17,-0.008973543915565377,0.014518038204838652,-6.378567604545123e-16,1.1175359614094795,1.0659035734617552,-2.527732276164183e-16,-0.2578948671348437
823,82.30000000000003,-0.00955213949675402,9.846675996558907e-17,-0.008938455766257179,0.015843706468998457,-6.373601513677403e-16,1.1147152217388496,1.062395285541365,-2.528984292678582e-16,-0.2556310474054656
824,82.4,-0.009404946391290754,9.848284692665395e-17,-0.008891884654267714,0.017244962272265546,-6.366922115870982e-16,1.1115726135357566,1.0586577772635872,-2.5300444369138113e-16,-0.2532276170007055
825,82.50000000000001,-0.009248805878260994,9.848743741758922e-17,-0.00883409729856096,0.018720196234935357,-6.358578049285941e-16,1.1081171556275922,1.0547042773604778,-2.530944527700708e-16,-0.25068936137820813
826,82.60000000000001,-0.009084522695548694,9.848110788859822e-17,-0.008765412589733063,0.020267618127160165,-6.34862586932094e-16,1.1043592109012574,1.050549348880739,-2.531719503704863e-16,-0.24802158198573998
827,82.70000000000002,-0.008912974032705735,9.846450627016708e-17,-0.008686203411175215,0.02188524317055324,-6.337130351246383e-16,1.1003105320491,1.0462088993762104,-2.532407429811291e-16,-0.2452301131015856
828,82.80000000000003,-0.008735107974842778,9.843835078300219e-17,-0.008596897824019447,0.023570880795323334,-6.324164519890781e-16,1.0959842889194202,1.0417001674461333,-2.5330492768786096e-16,-0.24232133037756562
829,82.9,-0.008551940460360924,9.840343065068994e-17,-0.008497979446978492,0.02532212631829002,-6.30980980837661e-16,1.0913950735994933,1.0370416827721793,-2.533688878894541e-16,-0.2393021498932322
830,83.00000000000001,-0.008364550680266262,9.83606024252405e-17,-0.008389986903845003,0.027136355866174272,-6.294155818572622e-16,1.086558880513872,1.0322531981729712,-2.534372584998378e-16,-0.23618001702347655
831,83.10000000000001,-0.00817407494656668,9.831078675597414e-17,-0.008273512273762395,0.029010724708000493,-6.277300083856233e-16,1.081493060411803,1.0273555939507286,-2.535148987276646e-16,-0.2329628850232841
832,83.20000000000002,-0.007981699169243222,9.825496354856332e-17,-0.008149198558596187,0.030942169001938233,-6.259347655132749e-16,1.076216249023274,1.0223707567387372,-2.5360685656402883e-16,-0.22965918388172354
833,83.30000000000003,-0.00778865019305213,9.819416546687694e-17,-0.008017736270208782,0.032927410828478144,-6.240410517943748e-16,1.0707482731841882,1.017321436965688,-2.5371832392399364e-16,-0.22627778061397705
834,83.4,-0.007596186342076965,9.812947173497288e-17,-0.007879859327467839,0.034962966292829745,-6.220606991336575e-16,1.0651100391143609,1.012231090676186,-2.5385459847001215e-16,-0.22282793266211834
835,83.50000000000001,-0.007405587586766394,9.806199922716924e-17,-0.007736340526212228,0.03704515644560181,-6.20006088279279e-16,1.0593234090124146,1.007123712541059,-2.5402102641483135e-16,-0.21931923639081535
836,83.60000000000001,-0.007218145773484627,9.799289581007326e-17,-0.0075879868937302085,0.03917012079118154,-6.178900824124438e-16,1.053411072983375,1.0020236672721707,-2.542229635626716e-16,-0.21576157274875965
837,83.70000000000002,-0.007035155334342876,9.792333298291617e-17,-0.007435635254207286,0.04133383321460887,-6.157259535218603e-16,1.0473964233984376,0.9969555262417703,-2.544657319464179e-16,-0.21216505201375002
838,83.80000000000001,-0.006857904826368348,9.785449903113262e-17,-0.007280148309500488,0.04353212023761263,-6.135273141716842e-16,1.0413034380783273,0.9919439149359446,-2.54754579547882e-16,-0.20853995918209597
839,83.9,-0.006687669542033759,9.778759373246798e-17,-0.007122411482347543,0.04576068158603133,-6.113080640222596e-16,1.035156577287086,0.9870133751013462,-2.5509464956029097e-16,-0.20489670106706506
840,84.00000000000001,-0.00652570530137414,9.772382384851925e-17,-0.006963330683415572,0.048015113089013774,-6.090823446501061e-16,1.0289806976121993,0.9821882433143229,-2.554909541714155e-16,-0.20124575562046465
841,84.10000000000001,-0.006373243395736593,9.766440011012623e-17,-0.006803831059387229,0.050290931917042474,-6.068645109901533e-16,1.0228009836327976,0.9774925454899697,-2.5594835531549826e-16,-0.19759762347125076
842,84.20000000000002,-0.006231486520985567,9.761053409085813e-17,-0.006644856667773269,0.052583604092906286,-6.04669102175605e-16,1.0166428960889389,0.9729499048228939,-2.5647154386278213e-16,-0.19396278125619326
843,84.30000000000001,-0.006101605427650739,9.756343824135875e-17,-0.006487370915927199,0.0548885740800343,-6.025108448810405e-16,1.0105321332764619,0.9685834590299485,-2.570650371858456e-16,-0.19035163604667782
844,84.4,-0.005984735937113253,9.75243241432318e-17,-0.006332357505575412,0.05720129607835168,-6.004046403547993e-16,1.0044946007612168,0.9644157816952131,-2.5773316347901693e-16,-0.18677448007133177
845,84.50000000000001,-0.005881975932188962,9.749440151723926e-17,-0.00618082154650585,0.05951726645822481,-5.983655615776913e-16,0.9985563833287148,0.9604688020705149,-2.5848005128788894e-16,-0.1832414449891809
846,84.60000000000002,-0.005794381929048805,9.747487851580964e-17,-0.006033790448185611,0.06183205656134792,-5.964088607233651e-16,0.9927437124017009,0.9567637178639797,-2.593096241121881e-16,-0.17976245515544625
847,84.7,-0.005722964873651792,9.746695850258723e-17,-0.005892314168715345,0.06414134491806442,-5.945499452293988e-16,0.9870829219724695,0.9533208963035957,-2.602255753120806e-16,-0.1763471796024497
848,84.80000000000001,-0.005668684875566144,9.747183689264641e-17,-0.005757464398369665,0.0664409477968889,-5.928043510287201e-16,0.9816003863914027,0.9501597600027749,-2.6123134211713786e-16,-0.17300498278701837
849,84.9,-0.005632444689185845,9.749069790422667e-17,-0.005630332281045791,0.06872684693367027,-5.911877147882224e-16,0.9763224341016262,0.9472986557649038,-2.6233008288858164e-16,-0.16974487449036166
850,85.00000000000001,-0.005615081869528045,9.752470580606307e-17,-0.0055120243316142455,0.07099521329898116,-5.897156903544202e-16,0.971275232581348,0.9447547063125838,-2.6352462366588963e-16,-0.1665754595603168
851,85.10000000000002,-0.0056173596586279115,9.757499753885891e-17,-0.005403656289812302,0.07324242585927718,-5.884038728363792e-16,0.9664846413142504,0.9425436468751139,-2.648174148801349e-16,-0.1635048884328911
852,85.2,-0.005639956789920871,9.764267268755668e-17,-0.005306344759792587,0.07546508446735889,-5.872676878890659e-16,0.9619760315056183,0.940679650472941,-2.6621048351281117e-16,-0.16054080954567312
853,85.30000000000001,-0.005683456522419999,9.772877917408713e-17,-0.005221196614498837,0.07766001626848569,-5.863222422882748e-16,0.9577740734272304,0.9391751474617482,-2.6770535543188696e-16,-0.15769032485672446
854,85.4,-0.005748335324514084,9.783430065718374e-17,-0.005149296288994327,0.07982427530980366,-5.85582171631118e-16,0.9539024946065946,0.938040646312001,-2.6930300767670815e-16,-0.1549599497144087
855,85.50000000000001,-0.005834951710000939,9.796013972863937e-17,-0.005091691237561323,0.08195513536689669,-5.850614477130576e-16,0.9503838144403902,0.9372845635876502,-2.7100379472330997e-16,-0.15235557829609778
856,85.60000000000002,-0.005943535778976408,9.81071022180376e-17,-0.005049375974662207,0.08405007632524292,-5.847731894113923e-16,0.9472390630401604,0.9369130715574177,-2.728073880178156e-16,-0.1498824557561089
857,85.7,-0.006074180027852689,9.8275880907053e-17,-0.005023275247471845,0.08610676475175134,-5.847294510455273e-16,0.9444874940211939,0.9369299717596509,-2.7471272860923125e-16,-0.14754515810055374
858,85.80000000000001,-0.006226831963140558,9.846704069990916e-17,-0.005014226985634541,0.08812302954372844,-5.84941026395899e-16,0.942146302331276,0.9373366021191327,-2.7671798894510646e-16,-0.1453475806379524
859,85.9,-0.006401288982905432,9.868100226727286e-17,-0.005022965731800823,0.09009683373802142,-5.854172286225452e-16,0.9402303589143542,0.9381317838962864,-2.788205328646098e-16,-0.14329293563381393
860,86.00000000000001,-0.006597195881625753,9.891803208141449e-17,-0.0050501072670109835,0.09202624369668738,-5.861657318692485e-16,0.938751973892305,0.9393118128985593,-2.8101691552606204e-16,-0.141383759518682
861,86.10000000000002,-0.006814045195576587,9.917823210312402e-17,-0.005096135104835812,0.09390939695685417,-5.871924071779413e-16,0.9377206989725756,0.940870497112499,-2.833028842123757e-16,-0.13962192966109602
862,86.2,-0.007051180446919305,9.94615333712217e-17,-0.005161389438740271,0.09574447004311529,-5.885011988401278e-16,0.9371431779810101,0.9427992403816269,-2.8567340007750006e-16,-0.13800869032812432
863,86.30000000000001,-0.007307802177866208,9.976769283839169e-17,-0.005246058994507388,0.09752964749291607,-5.900940363030792e-16,0.9370230518957203,0.9450871691554565,-2.8812267553242406e-16,-0.136544687037757
864,86.4,-0.007582976505463492,1.0009629355561132e-16,-0.005350176074122589,0.0992630932411984,-5.919707862280535e-16,0.937360921717034,0.947721296886568,-2.9064422658066885e-16,-0.1352300080924401
865,86.50000000000001,-0.00787564578670023,1.0044674833393879e-16,-0.005473614893034813,0.1009429253538887,-5.941292458028783e-16,0.9381543692090678,0.9506867185739835,-2.9323093615859583e-16,-0.13406423171167964
866,86.60000000000002,-0.008184640875534022,1.0081830569998715e-16,-0.005616093125061141,0.10256719489827734,-5.965651709874974e-16,0.9393980322830074,0.9539668264365907,-2.95875120901477e-16,-0.13304647689455848
867,86.7,-0.008508694388022047,1.0121006069183088e-16,-0.00577717639485225,0.10413386950558444,-5.992723546645346e-16,0.9410837288550791,0.9575435368950533,-2.985686243490101e-16,-0.1321754559731897
868,86.80000000000001,-0.008846454375019238,1.016209643159673e-16,-0.005956285312119031,0.10564082193733848,-6.022427142738972e-16,0.9432006206655079,0.9613975190188231,-3.0130287941458387e-16,-0.13144952678426214
869,86.90000000000002,-0.009196497834867865,1.0204983653098846e-16,-0.006152704537217196,0.10708582373804097,-6.05466416633497e-16,0.9457354069872321,0.9655084153472061,-3.040689900694277e-16,-0.13086674248858002
870,87.00000000000001,-0.009557343576921591,1.0249538015007807e-16,-0.0063655933123296995,0.10846654386852289,-6.089320225038866e-16,0.9486725374968964,0.9698550474261662,-3.068578064292632e-16,-0.13042489729087825
871,87.10000000000002,-0.009927464061577435,1.0295619228258305e-16,-0.006593996889142283,0.10978055208954651,-6.1262661271055e-16,0.9519944338393144,0.9744156003499926,-3.096599806683604e-16,-0.13012156662394656
872,87.2,-0.010305295981022353,1.0343077892710098e-16,-0.006836858329654869,0.11102532681551208,-6.165359564759768e-16,0.955681710507407,0.9791677828454549,-3.124660307313283e-16,-0.12995414072580821
873,87.30000000000001,-0.010689249492416971,1.0391756800092528e-16,-0.007093030243464017,0.112198267181101,-6.206446586671264e-16,0.9597133874186543,0.9840889617544717,-3.152663996163487e-16,-0.12991985092174538
874,87.40000000000002,-0.011077716156854272,1.0441491974557987e-16,-0.0073612861402929065,0.1132967091410843,-6.249362940774647e-16,0.9640670887764127,0.9891562719416435,-3.180514862440286e-16,-0.13001578829799046
875,87.50000000000001,-0.011469075759785823,1.0492113762267007e-16,-0.007640331206141628,0.11431794552354424,-6.29393539486246e-16,0.968719225213743,0.9943467044949988,-3.2081168600483093e-16,-0.13023891480623964
876,87.60000000000002,-0.011861702281135008,1.0543447831408221e-16,-0.007928812440021887,0.11525925003951965,-6.33998297318408e-16,0.973645158584559,0.9996371774741282,-3.2353742689333623e-16,-0.13058606716430735
877,87.7,-0.012253969338984587,1.0595316106451532e-16,-0.008225328201812885,0.11611790527732466,-6.387318135529348e-16,0.9788193508733748,1.0050045943182035,-3.262191986697846e-16,-0.1310539542220773
878,87.80000000000001,-0.01264425544630916,1.0647537639522896e-16,-0.008528437308862742,0.11689123464526215,-6.435747819376026e-16,0.9842155003639147,1.0104258953382481,-3.2884758749851674e-16,-0.1316391487486383
879,87.90000000000002,-0.013030949396239458,1.0699929456682343e-16,-0.00883666787165273,0.11757663805542753,-6.485074458598203e-16,0.9898066693133427,1.0158781075083751,-3.314133083950693e-16,-0.13233807486664065
880,88.00000000000001,-0.013412456031824593,1.0752307582401384e-16,-0.009148526073404327,0.11817163086771375,-6.535097174263012e-16,0.9955654078549508,1.0213383970995875,-3.3390724853897447e-16,-0.13314699260485213
881,88.10000000000001,-0.013787202568404424,1.0804487855257262e-16,-0.009462505075638145,0.11867388526328528,-6.585612700105446e-16,1.001463878689724,1.0267841286551476,-3.3632050464497267e-16,-0.1340619812404796
882,88.2,-0.014153645530421477,1.0856286998538026e-16,-0.009777094176403715,0.1190812728369484,-6.636416577973342e-16,1.0074739863784083,1.0321929324994514,-3.3864443269076487e-16,-0.13507892323159604
883,88.30000000000001,-0.014510278251674278,1.0907523566576327e-16,-0.010090788269001125,0.11939190684770727,-6.687304214570088e-16,1.013567513820127,1.0375427815316722,-3.4087069278715896e-16,-0.13619349056670163
884,88.40000000000002,-0.014855638781427101,1.0958019163587373e-16,-0.010402097558121916,0.11960418230953403,-6.738072243330647e-16,1.0197162669600968,1.042812076620952,-3.429913070938996e-16,-0.13740113525762024
885,88.50000000000001,-0.015188317950698454,1.1007599433534075e-16,-0.01070955740041221,0.11971681199492576,-6.788519635040437e-16,1.0258922271006061,1.0479797386311678,-3.449987041760653e-16,-0.13869708546082565
886,88.60000000000001,-0.01550696729353958,1.1056095230225347e-16,-0.011011738060040048,0.11972885649760567,-6.838449056703686e-16,1.0320677086010182,1.0530253040849513,-3.4688577040957547e-16,-0.1400763483368471
887,88.70000000000002,-0.01581030649358489,1.110334369977739e-16,-0.011307254117199416,0.11963974676564439,-6.887668113648681e-16,1.0382155184340263,1.0579290208223937,-3.4864589705318746e-16,-0.14153372027452504
888,88.80000000000001,-0.01609713003829166,1.1149189200524532e-16,-0.011594773245075731,0.11944929794992484,-6.935990507339838e-16,1.0443091131648774,1.0626719397688311,-3.50273010325928e-16,-0.14306380456202988
889,88.90000000000002,-0.01636631280881983,1.1193484169272673e-16,-0.011873024080429607,0.11915771396609215,-6.983237108940329e-16,1.0503227485234834,1.0672359990956006,-3.517616021161188e-16,-0.14466103603687933
890,89.0,-0.016616814404901557,1.1236089900821072e-16,-0.0121408029517442,0.1187655827741032,-7.029237002626521e-16,1.0562316168596693,1.0716040975849224,-3.5310674836545444e-16,-0.14631971175187267
891,89.10000000000001,-0.016847682090969058,1.1276876989310063e-16,-0.012396979290114686,0.11827386296621056,-7.0738281635578e-16,1.0620119683537617,1.075760154802928,-3.543041124306314e-16,-0.14803402630391216
892,89.20000000000002,-0.01705805234097246,1.131572580827868e-16,-0.012640499622673223,0.1176838627571382,-7.116858190587388e-16,1.0676412127891393,1.07968915662887,-3.553499473099749e-16,-0.14979811022281744
893,89.30000000000001,-0.017247151044369753,1.135252670928685e-16,-0.012870390126655994,0.1169972128422438,-7.1581847378202385e-16,1.073097999840614,1.0833771856664363,-3.562410841427107e-16,-0.15160606972149432
894,89.40000000000002,-0.017414292506702803,1.1387180059344888e-16,-0.013085757795509398,0.11621583480632748,-7.197675766352247e-16,1.0783622770475492,1.0868114369720614,-3.5697491303981373e-16,-0.15345202616058662
895,89.5,-0.017558877430103592,1.1419596170607278e-16,-0.013285790330072503,0.11534190682621705,-7.235209684655018e-16,1.0834153257948127,1.0899802202988873,-3.575493582922407e-16,-0.15533015375658518
896,89.60000000000001,-0.017680390090327004,1.1449695110056975e-16,-0.013469754913873666,0.11437782833228663,-7.270675289770004e-16,1.0882397766205645,1.0928729506290422,-3.5796285279794195e-16,-0.1572347143281358
897,89.70000000000002,-0.017778394938542625,1.1477406405847745e-16,-0.013636996060575697,0.11332618510835557,-7.303971623344803e-16,1.0928196059476945,1.0954801291373004,-3.5821430737268536e-16,-0.159160088192879
898,89.80000000000001,-0.017852532851150595,1.1502668600877255e-16,-0.013786932734424185,0.11218971605246456,-7.335007606363048e-16,1.097140116872431,1.0977933169072935,-3.583030753429455e-16,-0.16110080066037155
899,89.90000000000002,-0.01790251723339809,1.1525428905072092e-16,-0.013919054943572014,0.11097128252898193,-7.363701754593363e-16,1.1011879069467874,1.0998051037359127,-3.582289260205436e-16,-0.1630515438853665
900,90.0,-0.01792813015693507,1.154564276298538e-16,-0.014032919994596264,0.10967384094678966,-7.389981788393922e-16,1.1049508259903962,1.1015090742503153,-3.5799201538373893e-16,-0.1650071941280457
901,90.10000000000001,-0.017929218681732917,1.1563273370411368e-16,-0.014128148577869244,0.10830041892324982,-7.413784138462005e-16,1.1084179269037544,1.1028997733653638,-3.5759285898598625e-16,-0.16696282470034796
902,90.20000000000002,-0.017905691482405905,1.1578291281516647e-16,-0.014204420830967547,0.10685409515574984,-7.435053533033277e-16,1.1115794122751854,1.1039726728649741,-3.5703231044704174e-16,-0.16891371505459665
903,90.30000000000001,-0.01785751587050104,1.159067391720578e-16,-0.014261472503790038,0.10533798293109084,-7.453742456293782e-16,1.1144265793224777,1.1047241406304407,-3.563115375023e-16,-0.17085535659247705
904,90.40000000000002,-0.01778471527948459,1.1600405278212057e-16,-0.014299091326668267,0.10375521706102032,-7.469810805827475e-16,1.116951765425847,1.1051514137865508,-3.554320109798629e-16,-0.1727834558434367
905,90.5,-0.0176873672588982,1.160747562000581e-16,-0.014317113662993222,0.10210894393846487,-7.483225493635101e-16,1.1191482962222505,1.105252576808549,-3.5439549325713723e-16,-0.1746939356885874
906,90.60000000000001,-0.017565602008759573,1.1611881094391928e-16,-0.01431542151163043,0.10040231435907805,-7.493959997555511e-16,1.1210104379638366,1.1050265454385628,-3.53204025535987e-16,-0.176582935296893
907,90.70000000000002,-0.01741960147446419,1.1613623615805744e-16,-0.014293939911980089,0.09863847874022763,-7.501994147080782e-16,1.122533355608341,1.1044730571008736,-3.5185992872519814e-16,-0.17844680940251428
908,90.80000000000001,-0.017249599015480642,1.1612710675024653e-16,-0.014252634795816722,0.0968205843871338,-7.507313845859341e-16,1.1237130779111966,1.103592668377303,-3.5036580161763386e-16,-0.18028212749256994
909,90.90000000000002,-0.017055879656938954,1.1609155254099411e-16,-0.014191511324474802,0.09495177449567492,-7.509910893286086e-16,1.1245464706253157,1.1023867599976225,-3.487245245622253e-16,-0.18208567339914877
910,91.00000000000003,-0.016838780930408834,1.1602975790852134e-16,-0.01411061274665939,0.09303518863535681,-7.509782869244948e-16,1.125031218775856,1.1008575497014372,-3.4693926603264546e-16,-0.18385444570293202
911,91.10000000000001,-0.016598694307136865,1.159419625517213e-16,-0.014010019809995975,0.09107396451597703,-7.506933129667471e-16,1.1251658188491669,1.099008113219896,-3.4501349494683647e-16,-0.18558565926203452
912,91.20000000000002,-0.016336067221957486,1.1582846201450986e-16,-0.013889850756991557,0.08907124089942196,-7.501370793474383e-16,1.1249495815983355,1.0968424134874581,-3.4295099028959464e-16,-0.18727674808165715
913,91.30000000000001,-0.016051405677101064,1.1568961020774231e-16,-0.013750261931762311,0.08703016156555204,-7.493110931417218e-16,1.1243826459995288,1.094365338003711,-3.407558620516036e-16,-0.18892536964043247
914,91.40000000000002,-0.01574527740027422,1.155258218907518e-16,-0.013591449015957685,0.08495388027002772,-7.482174772897431e-16,1.1234660046685239,1.0915827440006711,-3.384325705779858e-16,-0.19052941069033855
915,91.50000000000001,-0.015418315508915752,1.1533757607882363e-16,-0.0134136488990015,0.0828455666342631,-7.468590010645832e-16,1.1222015407398118,1.0885015107119873,-3.3598594953305534e-16,-0.19208699445129127
916,91.60000000000001,-0.015071222601050736,1.1512542012265818e-16,-0.013217142167410934,0.08070841287639494,-7.452391196554926e-16,1.1205920757978238,1.0851295975721051,-3.334212312950622e-16,-0.19359648903184037
917,91.70000000000002,-0.014704775151993687,1.148899743751777e-16,-0.013002256169214053,0.07854564122195687,-7.433620211578708e-16,1.1186414279132908,1.0814761065901703,-3.307440742369065e-16,-0.19505651682702152
918,91.80000000000001,-0.014319828045719055,1.1463193731933419e-16,-0.012769368571690105,0.07636051172173633,-7.412326799428927e-16,1.1163544781703496,1.0775513464541926,-3.2796059011274454e-16,-0.19646596457692317
919,91.9,-0.013917319012047718,1.143520908659671e-16,-0.01251891128419678,0.074156330054869,-7.388569147089793e-16,1.1137372432815935,1.07336689515508,-3.250773706520904e-16,-0.19782399371852985
920,92.00000000000001,-0.013498272679992703,1.1405130609823971e-16,-0.01225137456466317,0.07193645471721545,-7.362414524481029e-16,1.1107969510128852,1.0689356571330628,-3.221015148663192e-16,-0.19913005063218095
921,92.10000000000001,-0.013063803900209567,1.1373054712614134e-16,-0.011967311072361451,0.06970430280667306,-7.333939768880542e-16,1.1075421142423085,1.0642719102263924,-3.1904064133210285e-16,-0.20038387637483351
922,92.20000000000002,-0.012615119944555114,1.1339087614398022e-16,-0.011667339577088088,0.0674633534459727,-7.30323190990082e-16,1.1039825986582172,1.059391337159994,-3.159029062622425e-16,-0.20158551550589954
923,92.30000000000001,-0.012153521169335579,1.13033456259311e-16,-0.011352147994420313,0.06521714776599155,-7.2703885983007195e-16,1.10012967849377,1.0543110360892436,-3.12697005446488e-16,-0.20273532364611668
924,92.4,-0.011680399742740735,1.126595516350549e-16,-0.011022495398432943,0.06296928435014329,-7.235518294093122e-16,1.0959960744567054,1.0490495049573825,-3.0943215771231337e-16,-0.20383397346143506
925,92.50000000000001,-0.011197236096631095,1.1227052735151375e-16,-0.010679212677554806,0.060723409152868196,-7.198740440239608e-16,1.0915959683015861,1.043626595259709,-3.061180851314139e-16,-0.2048824588254916
926,92.60000000000001,-0.01070559287438191,1.1186784550185378e-16,-0.010323201554522099,0.05848319918120981,-7.160185283950426e-16,1.0869449894322862,1.0380634323020372,-3.027649693605294e-16,-0.20588209697742219
927,92.70000000000002,-0.010207106308567247,1.114530589378703e-16,-0.009955431791358558,0.05625233967396805,-7.119993469771748e-16,1.0820601705654027,1.032382301167941,-2.993833930647357e-16,-0.20683452854789336
928,92.80000000000003,-0.009703475163703686,1.1102780271129068e-16,-0.009576936541412827,0.05403449510188491,-7.078315398162931e-16,1.076959871766983,1.026606500217532,-2.9598426727041155e-16,-0.2077417153684039
929,92.9,-0.009196447598416941,1.105937818029106e-16,-0.009188805980346177,0.0518332749825665,-7.035310229154526e-16,1.0716636748958392,1.0207601667485342,-2.9257873819957575e-16,-0.20860593600371385
930,93.00000000000001,-0.00868780650828131,1.1015275929401327e-16,-0.008792179525901493,0.0496521961623156,-6.991144887100545e-16,1.066192253319411,1.0148680820756502,-2.891780977003185e-16,-0.20942977895571865
931,93.10000000000001,-0.008179354072010713,1.0970654082260172e-16,-0.008388237116238137,0.04749464375543314,-6.945992686428044e-16,1.0605672243039594,1.0089554653080353,-2.8579367262210303e-16,-0.21021613348412035
932,93.20000000000002,-0.007672896310311187,1.0925696092627498e-16,-0.007978190132252767,0.045363833249796176,-6.900032124856696e-16,1.054810993308688,1.0030477661614592,-2.8243673089005397e-16,-0.21096817798168815
933,93.30000000000003,-0.0071702284602400915,1.0880586869369074e-16,-0.0075632725999808794,0.04326277631883105,-6.853445579479438e-16,1.0489466002114225,0.9971704670078138,-2.7911838370669334e-16,-0.2116893658356308
934,93.4,-0.006673121866038063,1.0835511518264095e-16,-0.0071447332849353595,0.04119425260914837,-6.806418134591896e-16,1.0429975771061186,0.9913489030184505,-2.7584950267347784e-16,-0.2123834087039512
935,93.50000000000001,-0.006183312904713046,1.0790654288073576e-16,-0.006723829194175573,0.03916078924152612,-6.759136603426011e-16,1.0369878257863026,0.9856081068898039,-2.7264065045768335e-16,-0.21305425713420048
936,93.60000000000001,-0.0057024942292586995,1.074619776256823e-16,-0.006301820849042357,0.03716464905850689,-6.711788767800602e-16,1.0309415205958432,0.979972681607948,-2.695020286310388e-16,-0.21370607844551318
937,93.70000000000002,-0.005232308359251879,1.0702322318296057e-16,-0.005879969504737962,0.03520782788702266,-6.664562872613866e-16,1.0248830393452282,0.9744667014557823,-2.6644344210986925e-16,-0.21434323177577713
938,93.80000000000003,-0.004774343411952204,1.0659205809450207e-16,-0.005459536297481574,0.03329206036999905,-6.617647346156889e-16,1.0188369218528632,0.9691136384253382,-2.634742771272888e-16,-0.21497024015930008
939,93.9,-0.00433013057419794,1.0617023571314648e-16,-0.005041783118139472,0.0314188333438223,-6.571230808523852e-16,1.0128278527315608,0.9639363087141831,-2.60603501195183e-16,-0.2155917594470199
940,94.00000000000001,-0.0039011427831796247,1.0575948478054958e-16,-0.004627974859011501,0.029589405349375937,-6.525502180811705e-16,1.0068806625621265,0.9589568322755917,-2.578396605509714e-16,-0.21621254381904229
941,94.10000000000001,-0.0034887940185451883,1.0536151041267918e-16,-0.004219382566475604,0.027804830675266175,-6.480650806948919e-16,1.0010203397304656,0.954196597539596,-2.5519088445730985e-16,-0.21683740758289907
942,94.20000000000002,-0.00309443860630593,1.0497799726565039e-16,-0.00381728695869855,0.02606598632367547,-6.436866812278261e-16,0.995272044007307,0.9496762233987106,-2.5266489926925177e-16,-0.2174711829200828
943,94.30000000000003,-0.0027193699878916224,1.0461061152347462e-16,-0.0034229817326858103,0.024373600422935383,-6.394341324516875e-16,0.9896611124111248,0.9454155112577736,-2.502690379431774e-16,-0.21811867325939444
944,94.4,-0.0023648185038715576,1.0426100145545569e-16,-0.0030377760848890965,0.022728280839295827,-6.353266555245983e-16,0.9842130479758806,0.9414333812453446,-2.4801024127828226e-16,-0.21878460203754274
945,94.50000000000001,-0.002031947869211459,1.0393079502485167e-16,-0.0026629959008696853,0.021130543017813332,-6.313835553807372e-16,0.978953482702865,0.9377477884280107,-2.458950428233377e-16,-0.21947355676862093
946,94.60000000000001,-0.0017218501640613691,1.036215988225166e-16,-0.0022999831296471075,0.01958083637036831,-6.276242055072431e-16,0.9739081071754052,0.9343756169160348,-2.439295696431567e-16,-0.22018992858916708
947,94.70000000000002,-0.001435539320561386,1.033349901703931e-16,-0.0019500929458660448,0.01807956879872647,-6.240679593311287e-16,0.9691025610268961,0.93133255196272,-2.4211950293970275e-16,-0.22093784776834965
948,94.80000000000003,-0.0011739432423809352,1.0307251086828991e-16,-0.001614688416484596,0.016627129172957354,-6.207340704224747e-16,0.9645622806380282,0.928632932407131,-2.404700605609429e-16,-0.2217211160556462
949,94.9,-0.0009378948404393532,1.02835654751118e-16,-0.001295132525989822,0.015223907769078858,-6.176415447969249e-16,0.9603123030324358,0.9262895879551926,-2.389859467034573e-16,-0.22254313715246044
950,95.00000000000001,-0.0007281223964525576,1.0262585526719488e-16,-0.0009927775706593638,0.013870314799372539,-6.148089790015744e-16,0.9563770278318536,0.9243136676993584,-2.376713166260505e-16,-0.2234068470018108
951,95.10000000000002,-0.0005452397669483718,1.0244447029404395e-16,-0.0007089521006941827,0.012566797243838097,-6.1225437374238e-16,0.952779942161743,0.9227144678050541,-2.3652972182341813e-16,-0.22431464594873682
952,95.20000000000002,-0.00038973700644810596,1.022927644861684e-16,-0.0004449457588080572,0.011313854214670101,-6.099948983866776e-16,0.9495433163589316,0.9214992673171152,-2.3556406553519137e-16,-0.2252683350902073
953,95.30000000000001,-0.0002619720136387782,1.0217189363549666e-16,-0.00020199252256990238,0.010112051063259426,-6.080466708965616e-16,0.9466878809874948,0.9206731814606326,-2.3477657453002386e-16,-0.2262690592689433
954,95.4,-0.0001621637851979255,1.0208288547604551e-16,1.8747007835272228e-05,0.008962032379313437,-6.064245034495403e-16,0.9442324977790085,0.9202390415663789,-2.3416874897441564e-16,-0.22731725914275105
955,95.50000000000001,-9.038779844731801e-05,1.0202662427930545e-16,0.00021620353708123378,0.007864533944642805,-6.051416723201975e-16,0.9421938384686607,0.9201973098303918,-2.3374134767372214e-16,-0.22841263456594108
956,95.60000000000002,-4.65739398142505e-05,1.0200383554421762e-16,0.0003894164268063049,0.006820393601874841,-6.042096896774485e-16,0.9405860859477818,0.9205460355657487,-2.3349437356979225e-16,-0.22955412115489499
957,95.70000000000002,-3.050725830178488e-05,1.020150740711191e-16,0.0005375496827297258,0.005830560893491199,-6.036381080926598e-16,0.9394206716229258,0.9212808575226263,-2.334270799211298e-16,-0.23073988139503776
958,95.80000000000001,-4.183166189823307e-05,1.0206071464919708e-16,0.0006599058416278124,0.004896105231598699,-6.034343547811837e-16,0.9387060613758302,0.9223950543880303,-2.335379881760074e-16,-0.2319673110152146
959,95.9,-8.005650224911665e-05,1.0214094652162415e-16,0.0007559371276068885,0.00401822228493698,-6.036036096340325e-16,0.9384476001558543,0.9238796429108564,-2.338249221140713e-16,-0.23323306065275767
960,96.00000000000001,-0.00014456582212816555,1.0225577182876582e-16,0.0008252533943371535,0.0031982382258176232,-6.041487316453809e-16,0.9386474221772881,0.9257235204310322,-2.342850567014208e-16,-0.23453307211012164
961,96.10000000000002,-0.00023462988431251986,1.0240500761233877e-16,0.0008676265490081226,0.0024376114719342383,-6.050702320645527e-16,0.9393044301630809,0.9279136461242881,-2.349149767764617e-16,-0.23586262781573658
962,96.2,-0.00034941847120789876,1.0258829180001779e-16,0.0008829913516179234,0.0017379315885685217,-6.063663002465832e-16,0.9404143433334856,0.9304352531919188,-2.3571074616929455e-16,-0.2372164114989927
963,96.30000000000001,-0.0004880153515762664,1.0280509255656733e-16,0.0008714426853414203,0.001100915083795641,-6.080328765251504e-16,0.9419698101572261,0.933272082681824,-2.3666798324471726e-16,-0.2385885776166243
964,96.4,-0.0006494332605008462,1.0305472029603501e-16,0.0008332295853080162,0.0005283979268000192,-6.100637660359491e-16,0.9439605785335093,0.9364066287325541,-2.377819377421488e-16,-0.2399728267593416
965,96.50000000000001,-0.0008326287340597585,1.0333634193443385e-16,0.0007687464800602262,2.2324737361586935e-05,-6.124507882336389e-16,0.9463737133000933,0.9398203848401165,-2.3904756745882985e-16,-0.24136248414412065
966,96.60000000000002,-0.0010365161798166172,1.0364899579960483e-16,0.0006785222300569609,-0.0004152652799786541,-6.151839471982802e-16,0.9491938489646993,0.9434940812509727,-2.404596046507495e-16,-0.24275057836447833
967,96.7,-0.0012599806430232115,1.0399160932296178e-16,0.000563207631703256,-0.0007822554649470808,-6.182516343488095e-16,0.9524034644685987,0.9474079047165386,-2.420126340651872e-16,-0.24412991781772206
968,96.80000000000001,-0.0015018888379670552,1.0436301331877472e-16,0.0004235620884793922,-0.001076471603363939,-6.216408129744754e-16,0.9559831666667598,0.951541693484823,-2.4370113459632276e-16,-0.24549316262894005
969,96.9,-0.0017610981436437844,1.04761957361563e-16,0.0002604401324256087,-0.0012957042437478621,-6.253372206124621e-16,0.9599119700165337,0.955875102396558,-2.4551952235713254e-16,-0.24683289040837228
970,97.00000000000001,-0.002036463401612954,1.0518712325388289e-16,7.477841379388157e-05,-0.0014377330386345145,-6.293255483327639e-16,0.9641675615922972,0.960387735122247,-2.4746218376909357e-16,-0.24814165476549585
971,97.10000000000002,-0.002326841490933022,1.0563713648120151e-16,-0.00013241632762328514,-0.0015003527223132185,-6.33589606247358e-16,0.9687265428058466,0.9650592427533778,-2.495234924791742e-16,-0.2494120361100638
972,97.2,-0.002631093781775541,1.0611057606463592e-16,-0.0003600779280968265,-0.0014814003637558762,-6.381124734958384e-16,0.9735646418885961,0.9698693899991752,-2.5169781584989564e-16,-0.25063668484958307
973,97.30000000000001,-0.0029480866795940433,1.0660597989851195e-16,-0.0006070898687414838,-0.0013787835719054821,-6.428766008523686e-16,0.9786568940446924,0.97479809202895,-2.5397949621853483e-16,-0.2518083576025306
974,97.40000000000002,-0.0032766905621380293,1.0712185181937546e-16,-0.0008722926647621431,-0.0011905093633250493,-6.478639243059984e-16,0.9839777889892174,0.9798254264680096,-2.5636285045407516e-16,-0.2529199474542635
975,97.50000000000001,-0.0036157774809338203,1.0765666411036188e-16,-0.0011544896361236417,-0.0009147134129110713,-6.53055931996928e-16,0.9895013881492118,0.9849316261662205,-2.5884214253162646e-16,-0.2539645095658328
976,97.60000000000002,-0.003964218047203889,1.0820885860722214e-16,-0.0014524512480194602,-0.0005496893841420888,-6.584337135449158e-16,0.9952014159746538,0.990097059101494,-2.6141155153142e-16,-0.25493528359294026
977,97.7,-0.004320877949996602,1.0877684743751648e-16,-0.0017649183138097047,-9.391797007539642e-05,-6.639780006256364e-16,1.0010513314703047,0.9953022021564557,-2.6406514281866653e-16,-0.25582571438067636
978,97.80000000000001,-0.004684614561467126,1.093590125537667e-16,-0.002090604429118911,0.00045390482723568196,-6.696691921540309e-16,1.0070243871415057,1.0005276155168004,-2.667968360064614e-16,-0.2566294722752583
979,97.90000000000002,-0.005054274069771498,1.0995370588032773e-16,-0.0024281980497161794,0.0010948407806824615,-6.754873818656277e-16,1.0130936830002366,1.0057539240805775,-2.6960037888572886e-16,-0.25734047414992595
980,98.00000000000001,-0.0054286895421253355,1.1055924950760805e-16,-0.0027763646349626466,0.0018296846212367385,-6.814123850257008e-16,1.019232223079864,1.0109618115318775,-2.724693245835659e-16,-0.2579529058988408
981,98.10000000000002,-0.005806680257470337,1.111739382727447e-16,-0.003133749251625251,0.002658942166959945,-6.874237848462183e-16,1.025412981064154,1.016132031619889,-2.753970254663218e-16,-0.2584612467383041
982,98.2,-0.006187052559402742,1.1179604222408856e-16,-0.0034989799702473644,0.0035828123019389377,-6.935009787357974e-16,1.0316089801925896,1.0212454397176645,-2.7837662629153537e-16,-0.2588602952048001
983,98.30000000000001,-0.006568602367777522,1.1242381159623947e-16,-0.0038706722913439177,0.004601173685921962,-6.996232472361862e-16,1.0377933906553638,1.0262830459767252,-2.8140107420026563e-16,-0.25914519629731264
984,98.40000000000002,-0.006950119357778101,1.1305548335177683e-16,-0.004247434718354527,0.005713576953437507,-7.057698384217987e-16,1.0439396453944356,1.0312260894582366,-2.8446313814579553e-16,-0.2593114688243381
985,98.50000000000001,-0.0073303926784856295,1.1368929024497583e-16,-0.0046278754593376764,0.0069192429369166406,-7.119200742862745e-16,1.0500215727993536,1.036056130675154,-2.8755544638868773e-16,-0.2593550317302586
986,98.60000000000002,-0.007708217952734429,1.1432347025002965e-16,-0.005010610103898404,0.008217067135894984,-7.180534636174144e-16,1.0560135424895563,1.0407551582248924,-2.9067052320515877e-16,-0.2592722280292638
987,98.7,-0.008082405191348594,1.1495627815028972e-16,-0.005394270001494907,0.009605630284987877,-7.241498311074638e-16,1.0618906184797343,1.0453057038363034,-2.938008437827651e-16,-0.25905984499003076
988,98.80000000000001,-0.008451787181376536,1.155859972790914e-16,-0.005777510976834568,0.011083214490835009,-7.301894479429951e-16,1.067628712766695,1.049690959370989,-2.9693888999857704e-16,-0.25871512939161534
989,98.90000000000002,-0.008815227879039648,1.1621095082584714e-16,-0.0061590219686239525,0.012647824060968302,-7.361531573086991e-16,1.0732047319082147,1.0538948892075146,-3.0007720425251687e-16,-0.258235796987859
990,99.00000000000001,-0.009171630356712788,1.168295133997153e-16,-0.006537533174611113,0.01429720987898639,-7.420224967786471e-16,1.078596709525267,1.0579023320008978,-3.032084507617806e-16,-0.2576200357313115
991,99.10000000000002,-0.009519943915126729,1.174401213440785e-16,-0.006911823326812878,0.016028896020526727,-7.477798076729169e-16,1.0837839187643805,1.0616990869516834,-3.0632546984785897e-16,-0.25686650276300815
992,99.2,-0.009859170066685912,1.1804127997678802e-16,-0.007280725797779093,0.01784020726485772,-7.534083113147346e-16,1.0887469604179807,1.0652719812617129,-3.0942131648361437e-16,-0.2559743156140404
993,99.30000000000001,-0.01018836720898389,1.1863157139279995e-16,-0.007643133338921543,0.01972829622998751,-7.588921864985928e-16,1.093467824365001,1.0686089171771638,-3.124893071720245e-16,-0.25494303843929655
994,99.40000000000002,-0.010506653923979831,1.1920965875684823e-16,-0.00799800136075274,0.02169016902224835,-7.642166094359818e-16,1.0979299239963833,1.0716988987035736,-3.1552304684469605e-16,-0.25377266437893564
995,99.50000000000001,-0.010813210944400867,1.1977428961605594e-16,-0.008344349768725251,0.023722708512728494,-7.693677828188255e-16,1.1021181050987894,1.0745320395401927,-3.1851645418634396e-16,-0.2524635953036112
996,99.60000000000001,-0.011107281915047668,1.203242960816927e-16,-0.008681263456689058,0.02582269459928178,-7.743329305480164e-16,1.1060186321195866,1.0770995549014353,-3.214637684755299e-16,-0.25101662024729243
997,99.70000000000002,-0.01138817313766856,1.208585951185625e-16,-0.009007891626400191,0.02798682105487982,-7.791002925303405e-16,1.1096191557411241,1.0793937406191623,-3.2435955982820704e-16,-0.2494328937823137
998,99.80000000000001,-0.01165525252312161,1.213761874650053e-16,-0.009323446143840043,0.030211708779371932,-7.836591025407617e-16,1.1129086662412138,1.081407943259614,-3.271987340853771e-16,-0.24771391546839525
999,99.90000000000002,-0.011907947986212431,1.2187615364600027e-16,-0.00962719916265578,0.032493915450003484,-7.879995405405385e-16,1.115877437256123,1.0831365249957186,-3.2997651743630937e-16,-0.24586151133644643
1000,100.00000000000001,-0.012145745511493227,1.2235765193000555e-16,-0.009918480245487454,0.0348299417024793,-7.92112700670757e-16,1.1185169643741235,1.0845748267263453,-3.326884554910357e-16,-0.24387781817247872
