step,time_fs,potential_energy_eV,kinetic_energy_eV,total_energy_eV,temperature_K,oh1_length_A,oh2_length_A,hoh_angle_deg,max_force_component_eV_per_A,adjacent_force_jump_eV_per_A,total_force_norm_eV_per_A,total_torque_norm_eV,in_training_domain,ood_mean_oh_length_A,ood_squared_oh_difference_A2,ood_cos_hoh_angle,ood_any_axis_outside,ood_nearest_training_distance,ood_distance_threshold,ood_consecutive_exceedances,ood_stop,ood_stop_reason
0,0.0,0.4748334498214851,0.11633395955243236,0.5911674093739174,300.0,0.9572,0.9572,104.52,4.024209828718881,0.0,3.3306690738754696e-16,2.220446049250313e-16,True,0.9572,0.0,-0.2507179360729566,False,0.0,0.18070573268503304,0,False,
1,0.10000000000000002,0.2029476257332803,0.13332742325138686,0.33627504898466715,343.8224498615869,0.9588650178197752,0.9619339476080704,104.44547457073367,2.3861609708735223,1.6380488578453587,2.2887833992611187e-16,1.1102230246251565e-16,True,0.9603994827139228,9.418330045485652e-06,-0.24945855479320572,False,0.006582369934215355,0.18070573268503304,0,False,
2,0.20000000000000004,0.2681956151099383,0.14805859009691485,0.41625420520685313,381.81092778033747,0.9607347886762307,0.9668612249617567,104.36473460062597,2.769401970525297,0.408994277500621,5.551115123125783e-16,2.220446049250313e-16,True,0.9637980068189937,3.753322156060967e-05,-0.2480936797454062,False,0.013582670436415098,0.18070573268503304,0,False,
3,0.30000000000000004,0.3373486781968581,0.16656300221503373,0.5039116804118918,429.5297852557735,0.9628450644982594,0.9720057291487152,104.27615639395705,3.189762215330097,0.5556159410156831,4.577566798522237e-16,4.440892098500626e-16,True,0.9674253968234873,8.391777683811123e-05,-0.24659573600144197,False,0.02106751603942705,0.18070573268503304,0,False,
4,0.4000000000000001,0.3434741271430505,0.18627099779556822,0.5297451249386187,480.35242291812864,0.9652520290528892,0.9774088800470867,104.17938357939033,2.7053039050081047,0.5070037811092556,4.440892098500626e-16,2.220446049250313e-16,True,0.9713304545499879,0.00014778902609512072,-0.24495853989553912,False,0.02913403208172726,0.18070573268503304,0,False,
5,0.5000000000000001,0.24362269956522087,0.2030779612248909,0.4467006607901118,523.6939291145571,0.9679120992537494,0.9830178209566665,104.07465029426584,2.341680770886424,0.5320844516221348,2.220446049250313e-16,1.1102230246251565e-16,True,0.9754649601052079,0.00022818282816597824,-0.24318588182670348,False,0.037687910321212596,0.18070573268503304,0,False,
6,0.6000000000000001,0.20772249621249173,0.21780761323963146,0.4255301094521232,561.6785006139097,0.9707729221431972,0.988779717758299,103.9609763706986,2.083001199433466,0.32291672254298964,3.3306690738754696e-16,1.1102230246251565e-16,True,0.9797763199507481,0.0003242446883240482,-0.24126098002951382,False,0.046632757257822115,0.18070573268503304,0,False,
7,0.7000000000000001,0.21092554696645305,0.23281283465095895,0.44373838161741197,600.3737057003434,0.973824494443755,0.9946770454102705,103.84016679953572,2.3825819210073886,0.29958072157392257,4.47545209131181e-16,3.851859888774472e-34,True,0.9842507699270127,0.0004348288818111267,-0.2392142057015642,False,0.05506944181240215,0.18070573268503304,0,False,
8,0.8000000000000002,0.21120272943575213,0.24752357101052894,0.45872630044628104,638.3094978357597,0.9770782035436544,1.0007115798749586,103.70977658939977,1.9324844206205793,0.6465035982928007,2.482534153247273e-16,1.1102230246251565e-16,True,0.9888948917093066,0.0005585364768170518,-0.23700392161338188,False,0.0513177278210572,0.18070573268503304,0,False,
9,0.9000000000000001,0.22557706443431624,0.2619049373726633,0.48748200180697954,675.3959163264478,0.9805144254714666,1.0068588882222176,103.57420420444039,2.1230582851886264,0.19057386456804704,4.965068306494546e-16,3.3306690738754696e-16,True,0.9936866568468421,0.0006940307176257056,-0.23470449148231784,False,0.04916754708925504,0.18070573268503304,0,False,
10,1.0000000000000002,0.129407119436046,0.2749005618484564,0.4043076812845024,708.9088076415653,0.9841511163526775,1.0131242669112799,103.43312938560483,1.7004152803680703,0.5548717839994532,2.220446049250313e-16,1.1555579666323415e-33,True,0.9986376916319787,0.000839443453291442,-0.2323103401339332,False,0.049033666159459775,0.18070573268503304,0,False,
11,1.1,0.18773993041396286,0.28553000324905564,0.4732699336630185,736.3198270244528,0.9879414216659917,1.0194601936765517,103.28789331032962,1.7776862687743151,0.09991557519512295,2.482534153247273e-16,1.089470499013156e-33,True,1.0037008076712717,0.0009934329890536587,-0.22984409780469292,False,0.05110953732694975,0.18070573268503304,0,False,
12,1.2000000000000002,0.15130715934302552,0.29494496369559375,0.4462521230386193,760.5989639577093,0.9918860425099201,1.0258553806167683,103.13802724461374,1.5196043679726934,0.311143241848855,5.551115123125783e-17,1.5527343616816186e-33,True,1.0088707115633442,0.00115391593141737,-0.2272976859268316,False,0.05529399098240403,0.18070573268503304,0,False,
13,1.3000000000000003,0.09872111868339939,0.3031577372307521,0.4018788559141515,781.77792210567,0.9959621922136537,1.0322889219684965,102.9848142616099,1.5935004893362004,0.14468140385021733,2.7755575615628914e-16,1.1102230246251565e-16,True,1.014125557091075,0.0013196312946813853,-0.22469279829868852,False,0.06124432637740096,0.18070573268503304,0,False,
14,1.4000000000000001,0.09950402727920027,0.30977005353483295,0.4092740808140332,798.8296488659045,1.0001639122392574,1.0387539304774038,102.82684784521564,1.2848121459997688,0.36808502131987575,1.1102230246251565e-16,5.551115123125783e-17,True,1.0194589213583307,0.0014891895076204757,-0.2220054119786199,False,0.06860545849683537,0.18070573268503304,0,False,
15,1.5000000000000002,0.19648201504420193,0.31424914684566535,0.5107311618898673,810.380257118382,1.0044616353825784,1.0452234490373264,102.66539770011045,1.335351846571387,0.17754912491992442,2.3263411494723067e-16,1.1102230246251565e-16,True,1.0248425422099525,0.001661525452424388,-0.21925701551278767,False,0.07017009565547402,0.18070573268503304,0,False,
16,1.6000000000000003,0.19303029268012617,0.31992818246741733,0.5129584751475436,825.0252558193652,1.0088497665570504,1.0516778376334484,102.49979654823147,1.6391416447217708,0.3780917976483411,1.5407439555097887e-33,5.551115123125783e-17,True,1.0302638020952495,0.001834243672124996,-0.21643614720409354,False,0.06562596716432512,0.18070573268503304,0,False,
17,1.7000000000000002,0.2570587648917577,0.32586142928259754,0.5829201941743553,840.3258099430458,1.0133665616011769,1.0581457921910364,102.32999134400315,1.5707037582439698,0.3330333261859112,2.7755575615628914e-17,2.220446049250313e-16,True,1.0357561768961068,0.0020051794922198137,-0.21354178932541348,False,0.057126909708300755,0.18070573268503304,0,False,
18,1.8000000000000003,0.09340029625190693,0.3273762361962025,0.4207765324481094,844.2321677755294,1.0179803271522598,1.0645906383229622,102.15419159498546,0.7548798938579764,0.8557738103727903,1.2412670766236366e-16,2.074290031504131e-33,True,1.041285482737611,0.0021725211074297007,-0.2105432776670881,False,0.04920838865188452,0.18070573268503304,0,False,
19,1.9000000000000004,0.22434057164440935,0.32636848445182476,0.5507090560962341,841.6333950312986,1.0226377463763787,1.07097661471053,101.97746828386418,1.0943526576975242,0.33947276383954783,2.220446049250313e-16,5.551115123125783e-17,True,1.0468071805434542,0.0023366461918264097,-0.2075270156319959,False,0.04301226489101705,0.18070573268503304,0,False,
20,2.0000000000000004,0.20710571805192668,0.32588630035037497,0.5329920184023016,840.3899470218655,1.0273518010564615,1.0772949174506632,101.7973493115576,1.0480280265250985,0.07932626080754879,1.1102230246251565e-16,2.220446049250313e-16,True,1.0523233592535624,0.0024943148751647767,-0.2044507660452834,False,0.03930074850565864,0.18070573268503304,0,False,
21,2.1,0.14768117403535497,0.3243209699582279,0.47200214399358287,836.3533001179795,1.032125368616195,1.0835502519549904,101.61464778944325,0.7831308893226275,0.3266480314837712,2.482534153247273e-16,3.851859888774472e-33,True,1.0578378102855928,0.0026445186264087124,-0.2013283450946993,False,0.03882112063066317,0.18070573268503304,0,False,
22,2.2,0.20501771593555795,0.32106862763314975,0.5260863435687078,827.9662160603473,1.0369257702159183,1.0897249626682417,101.42930666413572,0.8799609537620722,0.15762600262775306,2.482534153247273e-16,1.1102230246251565e-16,True,1.06332536644208,0.0027877547236174896,-0.19815872103224294,False,0.04166402642459662,0.18070573268503304,0,False,
23,2.3000000000000003,0.16328042330127301,0.3163200202363996,0.4796004435376726,815.7205895510649,1.041751322710886,1.0958018277217154,101.24078217050632,1.076993434306462,0.28131398789736506,2.220446049250313e-16,4.1171679718759974e-33,True,1.0687765752163008,0.002921457091925684,-0.19493252930993182,False,0.047185107104588585,0.18070573268503304,0,False,
24,2.4000000000000004,0.21962360729692976,0.30965713478450285,0.5292807420814326,798.5384559482959,1.0465829329068486,1.1017620071760508,101.05007412277516,1.2526389935428566,0.17564555923639458,1.1102230246251565e-16,1.1102230246251565e-16,True,1.0741724700414497,0.0030447302372061335,-0.1916668236338089,False,0.05452191560066068,0.18070573268503304,0,False,
25,2.5000000000000004,0.17731203109939297,0.30454088569374804,0.481852916793141,785.3447614060357,1.0514036205497568,1.1075874668828751,100.85724756856217,0.756263533942799,0.4963754596000576,1.5407439555097887e-33,5.551115123125783e-17,True,1.079495543716316,0.003156624588783456,-0.18836268160448993,False,0.05249631234802593,0.18070573268503304,0,False,
26,2.6000000000000005,0.2467879287279966,0.2991128890431405,0.5459008177711371,771.3471376558672,1.056249419857811,1.1133307394350342,100.66266590252293,1.381183688872666,0.6249201549298671,3.1401849173675503e-16,1.1102230246251565e-16,True,1.0847900796464227,0.0032582770446770945,-0.18502630264351078,False,0.04297442816607679,0.18070573268503304,0,False,
27,2.7,0.18186111306167985,0.2910320450960588,0.47289315815773864,750.50839724463,1.0610784245178875,1.1189254307696053,100.465446216898,1.339486844825287,0.1789029633816709,0.0,8.326672684688674e-17,True,1.0900019276437463,0.0033462761322862774,-0.18164251368908055,False,0.03469981057542553,0.18070573268503304,0,False,
28,2.8000000000000003,0.24178650071838637,0.28188281980352226,0.5236693205219086,726.9145335240036,1.0658842060176066,1.124378013980309,100.26682788855848,1.5204423955334925,0.2575632802108389,2.220446049250313e-16,1.5407439555097887e-33,True,1.0951311099989578,0.00342152556997751,-0.17823255257640397,False,0.028614244835984376,0.18070573268503304,0,False,
29,2.900000000000001,0.21383417976511043,0.2721984854104713,0.48603266517558175,701.9407397230125,1.0706423949277424,1.129670993050348,100.06756364787161,1.4384804012208503,0.12101216145723526,1.1102230246251565e-16,5.551115123125783e-17,True,1.100156693989045,0.0034843753963200684,-0.1748093499553152,False,0.026103157251086657,0.18070573268503304,0,False,
30,3.0000000000000004,0.27081297516212566,0.2608510120262008,0.5316639871883264,672.6780718968835,1.075362835175857,1.1348145129468918,99.86863719230782,1.8386419724466847,0.5067490484485189,4.002966042486721e-16,2.220446049250313e-16,True,1.1050886740613746,0.00353450198979095,-0.17138984121236017,False,0.02792977464601381,0.18070573268503304,0,False,
31,3.1,0.34974395987793083,0.24766047930146196,0.5974044391793928,638.6625545651783,1.0799941220722906,1.139767801812371,99.6704901284106,1.9553461926162392,0.22168533552216263,2.482534153247273e-16,7.102478697563895e-33,True,1.1098809619423307,0.003572892789669686,-0.16798167616720688,False,0.03316063903212955,0.18070573268503304,0,False,
32,3.2000000000000006,0.3107501880778557,0.23459497818059252,0.5453451662584482,604.9694665679954,1.0845382281139566,1.1445157175616507,99.47099279750327,1.9784274778447823,0.18417563763081451,2.220446049250313e-16,1.1102230246251565e-16,True,1.1145269728378038,0.003597299240448257,-0.16454825674476395,False,0.04030231174225303,0.18070573268503304,0,False,
33,3.3000000000000007,0.24444694619630813,0.22300319520942846,0.4674501414057366,575.0767774106055,1.088986664657473,1.1490578457631178,99.27133939805964,1.7566829991946995,0.5558008927236502,1.1102230246251565e-16,5.55523133395175e-33,True,1.1190222552102953,0.0036085467994271636,-0.16111015409418825,False,0.04834080810421016,0.18070573268503304,0,False,
34,3.4000000000000004,0.22844183773886573,0.21066651466481018,0.4391083524036759,543.2631592923516,1.0933574322484323,1.1534124569960755,99.0680296394618,2.1915014440419136,0.9875350031399486,5.551115123125783e-17,2.220446049250313e-16,True,1.123384944622254,0.0036066059974400417,-0.15760707755280723,False,0.056810766166801335,0.18070573268503304,0,False,
35,3.5,0.32442855708090657,0.19702014363780418,0.5214487007187107,508.07213404183864,1.097607638287859,1.157546863188558,98.86703828160364,2.133654426946501,0.33083683321004914,9.244463733058732e-33,7.267674702804802e-33,True,1.1275772507382085,0.0035927106816965385,-0.1541419967912768,False,0.06534289841988133,0.18070573268503304,0,False,
36,3.6000000000000005,0.2537220679248684,0.18526465601910402,0.4389867239439724,477.75728617473266,1.101752106854374,1.1614600516844205,98.6659744528848,1.9303126406798352,0.4130794787681735,2.220446049250313e-16,1.1102230246251565e-16,True,1.1316060792693974,0.003565038675827862,-0.15067376877778885,False,0.07382526486074288,0.18070573268503304,0,False,
37,3.7000000000000006,0.2316789293614212,0.17497354866485257,0.4066524780262738,451.2187567706513,1.105785317045211,1.165170312826897,98.4625715659599,1.8690014708876772,0.18418745849753848,3.1401849173675503e-16,1.6653345369377348e-16,True,1.135477814936054,0.003526577723990876,-0.14716330561074278,False,0.0822040991535814,0.18070573268503304,0,False,
38,3.8000000000000007,0.36633336680568507,0.1634766555998163,0.5298100224055013,421.57076805969916,1.1097246812697308,1.1686857633852976,98.25794248695878,2.2930902718634782,0.6642291905147535,1.1102230246251565e-16,7.267674702804802e-33,True,1.1392052223275142,0.003476409204238615,-0.14362980860914543,False,0.09044870725374955,0.18070573268503304,0,False,
39,3.9000000000000004,0.26655135382509354,0.151083252366279,0.41763460619137255,389.61087445369276,1.1135216228867353,1.1719658169370362,98.05441898775554,2.1458799473994756,0.2051267155198131,3.3306690738754696e-16,2.220446049250313e-16,True,1.1427437199118857,0.0034157238181892246,-0.14011358526045564,False,0.09843195623214063,0.18070573268503304,0,False,
40,4.000000000000001,0.3537772245478157,0.1378675735993293,0.491644798147145,355.53051094386143,1.1171796980786348,1.1750249964114732,97.85128565983766,2.8151363257008364,0.7765951162849292,9.155133597044475e-16,4.440892098500626e-16,True,1.146102347245054,0.003346078539215072,-0.13660233992922374,False,0.1061555375152785,0.18070573268503304,0,False,
41,4.1000000000000005,0.34432510462599053,0.12465414605819444,0.468979250684185,321.45595285617037,1.1206537119410087,1.1778044247831856,97.65032235699516,2.425508405512252,0.47725241837128385,1.1102230246251565e-16,8.297160126016524e-33,True,1.149229068362097,0.003266203978368986,-0.133126914640857,False,0.11350257606327813,0.18070573268503304,0,False,
42,4.2,0.3208860884306196,0.11316909065971226,0.43405517909033187,291.83849091470057,1.1239574309025153,1.1803342513226234,97.44970739031318,2.567506440679348,0.2485066651039265,3.3306690738754696e-16,1.1102230246251565e-16,True,1.1521458411125693,0.0031783458806811126,-0.12965587987720853,False,0.11231401303304459,0.18070573268503304,0,False,
43,4.300000000000001,0.33899798662490455,0.10192310756712573,0.4409210941920303,262.8375444949634,1.1271052600778768,1.1826189403294192,97.25178168508238,2.695910478086337,0.38566434601919575,1.1102230246251565e-16,2.840991479025558e-32,True,1.154862100203648,0.0030817686950704833,-0.1262298167294793,False,0.1058585223025076,0.18070573268503304,0,False,
44,4.4,0.38140474156224724,0.09046412250545649,0.47186886406770373,233.28731228653092,1.1300609555564163,1.1846264120920593,97.05431412578282,3.0879595098843544,0.4461795567778517,5.551115123125783e-16,1.6378332907158602e-32,True,1.1573436838242377,0.00297738904694315,-0.12281018287932094,False,0.09987222292598716,0.18070573268503304,0,False,
45,4.500000000000001,0.4161952246351638,0.07963799133626395,0.4958332159714277,205.36907273504428,1.132814088811569,1.186352964855693,96.86078402256247,2.993745268903257,0.1621073271459459,1.1102230246251565e-16,2.220446049250313e-16,True,1.159583526833631,0.002866411248068074,-0.1194573200441316,False,0.09441131055454562,0.18070573268503304,0,False,
46,4.6000000000000005,0.40616019535856296,0.07046290453181236,0.4766230998903753,181.7085177954104,1.1353705295120433,1.1877941890861181,96.6698920650343,2.8474458324768324,0.14629943642642473,4.965068306494546e-16,2.4067189958350926e-32,True,1.1615823592990808,0.0027482400831384843,-0.11614882712377497,False,0.08947712007136531,0.18070573268503304,0,False,
47,4.7,0.45490850088297063,0.062142672670225094,0.5170511735531957,160.25244797642353,1.137731499949444,1.188957799479501,96.48086607698534,3.1421319988243037,0.46155491802214743,5.551115123125783e-16,4.440892098500626e-16,True,1.1633446497144724,0.002624133763543138,-0.1128714041847984,False,0.0850705816171165,0.18070573268503304,0,False,
48,4.800000000000001,0.38886195512565525,0.05520664129405531,0.4440685964197105,142.36593039500224,1.1398515950742614,1.1898040060259134,96.29271946457101,2.8474830693357425,0.29464892948856125,4.965068306494546e-16,2.220446049250313e-16,True,1.1648278005500874,0.0024952433598827263,-0.10960800826817331,False,0.08127573664376479,0.18070573268503304,0,False,
49,4.900000000000001,0.4717386439446295,0.04976380684044194,0.5215024507850714,128.3300431754318,1.1417586456882212,1.1903595184436286,96.10503935127758,3.033309020209051,0.27695828791947097,3.3306690738754696e-16,2.220446049250313e-16,True,1.166059082065925,0.0023620448325873088,-0.10635152620072164,False,0.07806508090510074,0.18070573268503304,0,False,
50,5.000000000000001,0.49381665841087385,0.04532243227433322,0.539139090685207,116.87670336856232,1.14342441447273,1.1906078933705402,95.91786308098138,3.2217618936345502,0.18845287342549932,4.440892098500626e-16,1.3780832881767197e-32,True,1.167016153921635,0.0022262806809001073,-0.1031026498636969,False,0.07549927404504515,0.18070573268503304,0,False,
51,5.1000000000000005,0.45800350980021154,0.041902434392921885,0.49990594419313344,108.05727206603731,1.144849288128951,1.1905421377637218,95.73215378451728,3.1552270473443675,0.2911647138876283,6.684427777288335e-16,1.8033945638497227e-32,True,1.1676957129463363,0.0020878365077457764,-0.09987814871981084,False,0.07361202840167974,0.18070573268503304,0,False,
52,5.200000000000001,0.30692528820218323,0.03998934299601308,0.3469146311981963,103.1238251062614,1.1460515472874637,1.190195067948084,95.5500052322757,2.5406744905963152,0.6145525567480523,1.6653345369377348e-16,2.220446049250313e-16,True,1.168123307617774,0.001948650416314604,-0.09671445385812796,False,0.0723792484025241,0.18070573268503304,0,False,
53,5.300000000000001,0.40137040361475984,0.03899459557717747,0.44036499919193733,100.55858769150478,1.1470728242931838,1.1896043380316246,95.36918146214751,3.31047357960059,0.769799089004275,4.742874840267547e-16,2.220446049250313e-16,True,1.1683385811624043,0.0018089296608831762,-0.0935728019269155,False,0.07172905322047436,0.18070573268503304,0,False,
54,5.4,0.5275159003031082,0.03914983765670116,0.5666657379598095,100.95892327740148,1.147868415252708,1.1887285861346217,95.19277628291486,3.705020844916664,0.7011164408785939,5.551115123125783e-16,2.220446049250313e-16,True,1.1682985006936648,0.0016695535644991823,-0.09050702071575602,False,0.07174350662676576,0.18070573268503304,0,False,
55,5.500000000000001,0.41831105429344106,0.0409599519550353,0.4592710062484764,105.62681467892723,1.1483702289158408,1.1875067810861564,95.01876376203668,2.7630070876482673,1.1596481362648008,9.036560719766055e-16,2.220446049250313e-16,True,1.1679385050009987,0.0015316697157798293,-0.08748198129958623,False,0.0725211652022469,0.18070573268503304,0,False,
56,5.6000000000000005,0.5564212952985471,0.04330533828423549,0.5997266335827826,111.67505632278645,1.1486939021519498,1.1860416812035384,94.84780739253829,3.9970946042485473,1.23408751660028,4.440892098500626e-16,4.440892098500626e-16,True,1.167367791677744,0.0013948566000862796,-0.08450928416779982,False,0.07385612463431754,0.18070573268503304,0,False,
57,5.700000000000001,0.46955514867265813,0.04791127371649106,0.5174664223891492,123.55276284109587,1.148744327385616,1.1842486866074111,94.68328088273444,3.5787207210689522,0.4183738831795951,2.220446049250313e-16,2.0956383472378786e-32,True,1.1664965069965136,0.0012605595237502724,-0.08164768272413182,False,0.07587816653354879,0.18070573268503304,0,False,
58,5.800000000000002,0.5465431400461743,0.054637460326560416,0.6011806003727347,140.89813637419005,1.1485204615970042,1.1821306677034757,94.5215701164488,3.5822238109284728,0.10911819829033353,6.280369834735101e-16,4.440892098500626e-16,True,1.16532556465024,0.0011296459545194998,-0.07883439918108362,False,0.07856258249715488,0.18070573268503304,0,False,
59,5.9,0.39885000085785016,0.061628563546716565,0.46047856440456675,158.92667227304395,1.1480318304974386,1.179696795032068,94.36343289403791,3.016194584836919,0.623402488823892,1.6653345369377348e-16,2.220446049250313e-16,True,1.1638643127647532,0.0010026699789793527,-0.07608267713030485,False,0.08186775489945144,0.18070573268503304,0,False,
60,6.000000000000001,0.4626399199247653,0.06925363273148598,0.5318935526562513,178.5900686212085,1.1473372365980496,1.1770122444792985,94.20952906090767,3.623731808211298,0.6075372233743792,3.885780586188048e-16,3.596902980843065e-32,True,1.1621747405386742,0.0008806060927521834,-0.07340406296277976,False,0.08565815681121289,0.18070573268503304,0,False,
61,6.100000000000001,0.49543007187999233,0.07826776635685438,0.5736978382368467,201.83556029031743,1.146388013688944,1.1740334337348688,94.06132244892855,3.2357138416671845,0.3880179665441137,4.440892098500626e-16,4.440892098500626e-16,True,1.1602107237119064,0.0007642692495156236,-0.07082410508161605,False,0.08998704772202655,0.18070573268503304,0,False,
62,6.2,0.4226250290749686,0.08873248148190695,0.5113575105568755,228.82178640686956,1.1452170379386728,1.1707934201320445,93.91824891520338,3.2179864813431385,0.27284195725925775,4.440892098500626e-16,2.508149443626888e-32,True,1.1580052290353584,0.0006541513261014303,-0.06833305329954517,False,0.09478017174971523,0.18070573268503304,0,False,
63,6.300000000000001,0.4484365569758221,0.1009803126888521,0.5494168696646742,260.40628139199464,1.1437995705534028,1.167273074065225,93.7783107397286,3.3143253056209665,0.143796176063605,5.551115123125783e-17,1.232595164407831e-32,True,1.155536322309314,0.000551005367119524,-0.06589617890844844,False,0.10007329852547467,0.18070573268503304,0,False,
64,6.400000000000001,0.3908456090514685,0.11368409661420842,0.5045297056656769,293.16657935029804,1.1421439355841778,1.163477034277883,93.6427836204991,2.927191769375115,0.3871335362458517,4.440892098500626e-16,2.220446049250313e-16,True,1.1528104849310306,0.00045510109987536884,-0.06353574352664929,False,0.10583980360777481,0.18070573268503304,0,False,
65,6.500000000000001,0.5355558555103832,0.12718653786167064,0.6627423933720539,327.9864409781744,1.1402692308608,1.1594321154621412,93.51049841497736,3.30881670834785,0.3816249389727351,4.742874840267547e-16,4.440892098500626e-16,True,1.1498506731614706,0.0003672161462443193,-0.061231428652166124,False,0.11150453840055256,0.18070573268503304,0,False,
66,6.600000000000001,0.4168493136172119,0.14135273538524668,0.5582020490024586,364.5179857946936,1.1381586251847324,1.1551232566348724,93.38352992787867,3.2551157109498483,0.1774913372577469,5.551115123125783e-17,2.220446049250313e-16,True,1.1466409409098024,0.00028779872023907695,-0.05901942011682828,False,0.10676326598063812,0.18070573268503304,0,False,
67,6.700000000000001,0.4517573203659173,0.1569409309917641,0.6086982513576814,404.7165546386219,1.135827922482979,1.1505683744539463,93.26303321388089,2.7903822164223495,0.504627946516683,4.47545209131181e-16,1.5174568126792772e-32,True,1.1431981484684628,0.00021728092430839358,-0.05691989273829856,False,0.10181875943228166,0.18070573268503304,0,False,
68,6.800000000000001,0.30616173447603656,0.17304363898412553,0.4792053734601621,446.2419391118561,1.1332665700915756,1.1457600257868898,93.14394019095153,2.5179344226034397,0.37651117767109943,4.440892098500626e-16,1.1102230246251565e-16,True,1.1395132979392328,0.00015608643521077976,-0.054844575783892784,False,0.09675688862847237,0.18070573268503304,0,False,
69,6.900000000000001,0.30141668100819086,0.1859459785838525,0.4873626595920434,479.5142690042599,1.1305101464821068,1.140738260838936,93.02741690436801,2.454683897152705,0.5363152237584727,2.2887833992611187e-16,2.0029671421627253e-32,True,1.1356242036605213,0.00010461432329637648,-0.05281380969625045,False,0.09171886437458182,0.18070573268503304,0,False,
70,7.0,0.3438165728735123,0.19817956425241454,0.5419961371259269,511.0620278417341,1.1276061312524126,1.1355519581872586,92.91751692646815,2.442022261865087,0.2769387406494419,5.551115123125783e-17,2.220446049250313e-16,True,1.1315790447198357,6.313616567852454e-05,-0.05089827422078373,False,0.08683895542401317,0.18070573268503304,0,False,
71,7.1000000000000005,0.3050803209236417,0.21209846978392985,0.5171787907075716,546.9558603522023,1.12452973959526,1.1301804704642588,92.81214725402883,2.4569346307737643,0.04954955161904823,1.1102230246251565e-16,1.2705300141197633e-32,True,1.1273551050297592,3.1930759353858555e-05,-0.049061525163736755,False,0.08221972913262111,0.18070573268503304,0,False,
72,7.200000000000001,0.28390187253269594,0.22560651250182875,0.5095083850345247,581.7901669550239,1.12128031996477,1.1246270584323044,92.71175597657874,2.0625146426343353,0.394419988139429,2.7755575615628914e-16,1.1102230246251565e-16,True,1.1229536891985372,1.1200658370073868e-05,-0.04731140243871468,False,0.07801036485677139,0.18070573268503304,0,False,
73,7.300000000000002,0.2428695564368364,0.23810421048813749,0.48097376692497384,614.0190140631014,1.117880248926759,1.1189171597657106,92.61504304343164,2.1001562857725316,0.15937390971554394,1.1102230246251565e-16,1.1102230246251565e-16,True,1.118398704346235,1.0751840879349176e-06,-0.04562526692258565,False,0.07443964794677126,0.18070573268503304,0,False,
74,7.400000000000001,0.25314760533876235,0.24921725490250438,0.5023648602412667,642.6771405219318,1.1143362050023706,1.1130618644785624,92.52344906729763,1.9849444150031752,0.2283997682806136,5.551115123125783e-17,2.220446049250313e-16,True,1.1136990347404665,1.623943770619909e-06,-0.04402825760363771,False,0.07169742020187822,0.18070573268503304,0,False,
75,7.500000000000001,0.2861219150364094,0.26149837382984153,0.5476202888662509,674.3474773038635,1.1106688102925428,1.1070858232346203,92.43831134335161,2.155507935943973,0.425480190179397,4.965068306494546e-16,2.220446049250313e-16,True,1.1088773167635817,1.2837796257240005e-05,-0.04254371687273691,False,0.06997796396367564,0.18070573268503304,0,False,
76,7.600000000000001,0.20639533416567968,0.2738775130354862,0.48027284720116586,706.270587081792,1.1068379816967167,1.100953179707959,92.35776708392864,1.6715038511367442,0.4840040848072289,1.1102230246251565e-16,2.220446049250313e-16,True,1.1038955807023378,3.463089444688572e-05,-0.04113918554670409,False,0.06947228114357225,0.18070573268503304,0,False,
77,7.700000000000001,0.12139381510154124,0.28235090661783635,0.4037447217193776,728.1216276935348,1.1028891526990503,1.0947131136253776,92.28200144318028,1.1319400296155884,0.5395638215211558,1.232595164407831e-32,2.220446049250313e-16,True,1.098801133162214,6.684761493422278e-05,-0.0398179095484508,False,0.07032947934165443,0.18070573268503304,0,False,
78,7.800000000000001,0.20844507630351505,0.2902950935060779,0.49874016980959296,748.6079592483231,1.0988584499077292,1.0884053103018196,92.20971052138138,1.8342292786666534,0.702289249051065,2.220446049250313e-16,2.220446049250313e-16,True,1.0936318801047744,0.00010926812762063476,-0.03855716418423323,False,0.07259956895082996,0.18070573268503304,0,False,
79,7.900000000000001,0.2780709415975302,0.30032960732394615,0.5784005489214763,774.4847896849567,1.0947126411995742,1.0820029871546442,92.1451635409514,1.5961030621872792,0.29700495538666016,1.1102230246251565e-16,2.220446049250313e-16,True,1.088357814177109,0.0001615353059418074,-0.03743142033702903,False,0.07615906293939853,0.18070573268503304,0,False,
80,8.000000000000002,0.20552921013647407,0.30979919011711465,0.5153284002535887,798.9047857796495,1.0904407369987241,1.0754999418467963,92.08541229898997,1.3108105609788332,0.28529250120844596,1.5700924586837752e-16,7.703719777548943e-33,True,1.08297033942276,0.00022322735977186957,-0.03638927510194389,False,0.0795960755460157,0.18070573268503304,0,False,
81,8.100000000000001,0.1745267555128549,0.3167431254018922,0.4912698809147471,816.8116858236936,1.086069734502305,1.068925427492617,92.03064269347364,1.154594019685812,0.23475955910125812,1.1102230246251565e-16,1.11104626679035e-32,True,1.077497580997461,0.00029392726284243513,-0.03543398178330663,False,0.07006769026669568,0.18070573268503304,0,False,
82,8.200000000000001,0.16492811080645908,0.32230063258845965,0.48722874339491873,831.1432891008844,1.0816167306014426,1.062303811916677,91.98117034441835,1.3188196319255845,0.19514875383550678,5.551115123125783e-17,2.220446049250313e-16,True,1.07196027125906,0.00037298882812436784,-0.03457105553515139,False,0.06102658272444253,0.18070573268503304,0,False,
83,8.3,0.17092803576169735,0.32780101392907396,0.4987290496907713,845.3275772359459,1.0770815897700161,1.0556412304542588,91.93906433135628,1.186239439371004,0.19694956433897426,2.830524433501838e-16,1.5407439555097887e-33,True,1.0663614101121375,0.0004596890075887797,-0.0338365969884178,False,0.052837417602801286,0.18070573268503304,0,False,
84,8.4,0.16134808368476383,0.33160564318628466,0.4929537268710485,855.1388892686011,1.0724629916779644,1.0489386516039125,91.90250525608243,0.8698066961621513,0.48428136169724567,1.1102230246251565e-16,1.1102230246251565e-16,True,1.0607008216409386,0.0005533945759196446,-0.03319887928477238,False,0.04600461782021449,0.18070573268503304,0,False,
85,8.500000000000002,0.20905134237533884,0.3327658263401822,0.5418171687155211,858.1307494916033,1.067792986635881,1.0422344416846654,91.87058519690567,0.914725113452264,0.1616049245646813,2.618455766672135e-16,3.0814879110195774e-33,True,1.0550137141602733,0.0006532392200233124,-0.0326420711299609,False,0.041302204567058375,0.18070573268503304,0,False,
86,8.600000000000001,0.22200535291712042,0.33188929305993664,0.5538946459770571,855.8703606499844,1.0630774408057975,1.0355460164884973,91.84432788513823,0.8257086884261688,0.23878142548076156,1.6653345369377348e-16,1.1102230246251565e-16,True,1.0493117286471474,0.0007579793249392264,-0.03218403538822744,False,0.03956054838078246,0.18070573268503304,0,False,
87,8.700000000000001,0.1729246801790889,0.3290852401383183,0.5020099203174072,848.6393175416617,1.0583363959728858,1.0288986276526417,91.82461979319798,0.6380889571138832,0.2756572234417209,0.0,2.7755575615628914e-17,True,1.0436175118127637,0.000866582203676363,-0.0318402405882899,False,0.041181159724213,0.18070573268503304,0,False,
88,8.8,0.21453517769932717,0.32610546842117094,0.5406406461204981,840.9551338468627,1.0535812305780132,1.0223065774467865,91.81018985333057,1.039548588226289,0.4014596311124057,1.2412670766236366e-16,1.6653345369377348e-16,True,1.0379439040123999,0.0009781039284785468,-0.03158851731484616,False,0.04575674102052435,0.18070573268503304,0,False,
89,8.900000000000002,0.2294318534559332,0.3229444588682284,0.5523763123241616,832.8035771601383,1.0487954492728295,1.0157650439178822,91.80450936166035,0.7217322787235406,0.45986888617395494,1.1102230246251565e-16,1.1102230246251565e-16,True,1.0322802465953558,0.0010910076779121298,-0.03148942335361887,False,0.05256044707114131,0.18070573268503304,0,False,
90,9.000000000000002,0.25035780776985483,0.3181454047009751,0.5685032124708299,820.4278593928159,1.0439912908520967,1.0092909437716597,91.80462644860013,0.802013505631043,0.19417030023827964,1.5700924586837752e-16,5.551115123125783e-17,True,1.0266411173118781,0.0012041140875027935,-0.03149146589273535,False,0.060774485049519565,0.18070573268503304,0,False,
91,9.100000000000001,0.1916613621472132,0.3106901976664773,0.5023515598136905,801.2025006157746,1.0391818033338238,1.002905434475628,91.81202989394525,1.1223525765555713,0.5663375447941841,1.1102230246251565e-16,1.1102230246251565e-16,True,1.0210436189047258,0.0013159749375358737,-0.03162061603903856,False,0.06986855564150764,0.18070573268503304,0,False,
92,9.200000000000001,0.20337837764387978,0.3003348844700495,0.5037132621139293,774.4983982979284,1.034403946494392,0.9966394589833518,91.82419691635894,1.3662139257868933,0.24386134923132197,1.1102230246251565e-16,5.551115123125783e-17,True,1.0155217027388719,0.0014261565169715047,-0.031832863736425854,False,0.07942152025806547,0.18070573268503304,0,False,
93,9.3,0.2815420826455599,0.28690829214300856,0.5684503747885685,739.8741345523378,1.0296783251905035,0.9905190618628887,91.84228084720728,1.8165665897327594,0.6327043376876775,2.482534153247273e-16,2.220446049250313e-16,True,1.0100986935266962,0.0015334479043614749,-0.03214832632419581,False,0.07806570474871728,0.18070573268503304,0,False,
94,9.4,0.23205130931431417,0.27214553503661254,0.5041968443509267,701.8041922160012,1.025036734681844,0.9845891174033091,91.8643596163433,1.7668130734017524,0.1991208589702852,3.1401849173675503e-16,5.551115123125783e-17,True,1.0048129260425764,0.0016360097435108223,-0.03253347196146271,False,0.07541892053292411,0.18070573268503304,0,False,
95,9.500000000000002,0.24268111668556225,0.2574284915547655,0.5001096082403278,663.8521353828957,1.0204705918995318,0.9788458730280409,91.8921839390086,1.9640071611601515,0.3109736719706957,4.440892098500626e-16,3.3306690738754696e-16,True,0.9996582324637864,0.0017326172211306493,-0.033018837080956424,False,0.0741007602366608,0.18070573268503304,0,False,
96,9.600000000000001,0.27694746807356285,0.24131082451749244,0.5182582925910553,622.2881747837328,1.0159827713891836,0.9733122046835988,91.92894414048672,2.274406401963497,0.3103992408033456,4.440892098500626e-16,5.551115123125783e-16,True,0.9946474880363911,0.0018207772629757603,-0.033660066952433544,False,0.07401562532461743,0.18070573268503304,0,False,
97,9.700000000000001,0.2879519064141265,0.22508999662215712,0.5130419030362836,580.4581847505357,1.011592157987662,0.9680211391282169,91.97589991872951,2.180354815664066,0.16948750608568663,0.0,2.220446049250313e-16,True,0.9898066485579395,0.001898433684450134,-0.034479124093266755,False,0.07502428136120565,0.18070573268503304,0,False,
98,9.800000000000002,0.30485110349030187,0.21026860643275183,0.5151197099230537,542.2370404352546,1.0072928092475708,0.9629617049017137,92.0314480801573,2.2014283946075266,0.17096462816613767,4.440892098500626e-16,1.1102230246251565e-16,True,0.9851272570746423,0.001965246812523268,-0.03544802960188238,False,0.07699895294807999,0.18070573268503304,0,False,
99,9.9,0.4189413487212692,0.19408984029887383,0.613031189020143,500.51551854399776,1.0030702077944007,0.9581346280227467,92.09374822934203,2.783946625816076,0.6272729568639013,4.440892098500626e-16,4.440892098500626e-16,True,0.9806024179085737,0.002019206329414677,-0.03653466778820312,False,0.07624787304286074,0.18070573268503304,0,False,
100,10.000000000000002,0.3616457221444698,0.17550676839716003,0.5371524905416298,452.59381458100756,0.9989708878938589,0.9536048751325438,92.16871023417295,3.082614912296795,0.49653842829109784,2.465190328815662e-32,4.440892098500626e-16,True,0.9762878815132013,0.0020580751138598074,-0.037842096482783937,False,0.07057150936954934,0.18070573268503304,0,False,
101,10.100000000000001,0.32198747857724996,0.15683398001741153,0.4788214585946615,404.44075131834285,0.9950221306053182,0.9494016660988926,92.25417247271793,3.0607352568315753,0.3362905663294594,4.965068306494546e-16,3.3306690738754696e-16,True,0.9722118983521054,0.0020812267817820326,-0.03933258289758735,False,0.06605831902025615,0.18070573268503304,0,False,
102,10.200000000000001,0.3415433906080112,0.13917427997435122,0.4807176705823624,358.90022271172995,0.9912357250294714,0.9455204621842289,92.3471209381315,3.1733594807762358,0.1595878238036339,0.0,4.440892098500626e-16,True,0.9683780936068501,0.002089885257009601,-0.04095353184307474,False,0.0627460082893574,0.18070573268503304,0,False,
103,10.3,0.39236671611351404,0.12109345375164696,0.513460169865161,312.27370120691916,0.9876099193176782,0.9419744011501768,92.44919134316861,3.674350375137707,0.5672398136117147,2.220446049250313e-16,3.3306690738754696e-16,True,0.9647921602339276,0.002082600518416344,-0.04273343599710539,False,0.060698067482280856,0.18070573268503304,0,False,
104,10.400000000000002,0.30682076319821217,0.1028408545452942,0.40966161774350635,265.20421450696836,0.984197055739694,0.9388150482203256,92.5599072839645,3.661392954908247,0.5188818503690968,4.440892098500626e-16,2.5410600282395265e-32,True,0.9615060519800098,0.0020595266064880086,-0.04466394752310936,False,0.057499179727567795,0.18070573268503304,0,False,
105,10.500000000000002,0.454175986391141,0.08639547736846911,0.5405714637596101,222.79516067583907,0.9809988186167017,0.9360362439675289,92.6731844206755,3.7451408977738634,0.42967743228561783,2.220446049250313e-16,3.3306690738754696e-16,True,0.9585175312921153,0.002021633119082432,-0.04663894497838847,False,0.053088307981131094,0.18070573268503304,0,False,
106,10.600000000000001,0.32037877957148253,0.07295506825735469,0.39333384782883724,188.1352664467853,0.9780130402544085,0.9336508276148064,92.79380279691568,3.4228142949342675,0.5036364748673581,6.280369834735101e-16,3.3306690738754696e-16,True,0.9558319339346075,0.001968005910281268,-0.048741737041935886,False,0.04911005977184705,0.18070573268503304,0,False,
107,10.700000000000003,0.5401068734854331,0.05930077585958267,0.5994076493450158,152.92381370253835,0.9752184478093637,0.9316276304069945,92.92392528793137,4.671055788290152,1.862058438456001,9.930136612989092e-16,8.633667054283158e-32,True,0.953423039108179,0.001900159361806698,-0.05100997593807907,False,0.04543902543976912,0.18070573268503304,0,False,
108,10.8,0.47468685873089944,0.04643000888985511,0.5211168676207546,119.73290276154188,0.9727104453857562,0.9300896183055508,93.0561676472469,4.319559692610093,0.6793513419696451,8.881784197001252e-16,2.220446049250313e-16,True,0.9514000318456535,0.0018165349010007721,-0.05331489783475375,False,0.04217460314455976,0.18070573268503304,0,False,
109,10.9,0.5147852963630021,0.03674273106361268,0.5515280274266148,94.7515184860166,0.9704607673513654,0.929004082491811,93.19441847232366,4.744638652316998,0.6106654361534396,8.881784197001252e-16,4.440892098500626e-16,True,0.9497324249215882,0.001718656719544411,-0.05572424058777581,False,0.03911107992573797,0.18070573268503304,0,False,
110,11.000000000000002,0.6144506281711047,0.029817524298211894,0.6442681524693167,76.89291522336511,0.968527608327006,0.9284176682861988,93.3413839474281,4.845620088356073,0.12953443638250484,2.220446049250313e-16,4.440892098500626e-16,True,0.9484726383066024,0.0016088072900771533,-0.05828510033858696,False,0.03607215964812273,0.18070573268503304,0,False,
111,11.100000000000001,0.45358573523690116,0.026330333118656866,0.479916068355558,67.90020700736908,0.9669181005470913,0.928340855422861,93.49657450320056,4.35798208998404,0.48763799837203337,8.881784197001252e-16,3.0349136253585543e-32,True,0.9476294779849761,0.0014882038413749443,-0.06098886474143014,False,0.03294123139489569,0.18070573268503304,0,False,
112,11.200000000000001,0.45690511851005333,0.025510490753774206,0.48241560926382754,65.78601171640638,0.9655945155295987,0.9287205614814433,93.6564604025728,4.48082707164303,0.33938202062896416,4.930380657631324e-32,2.220446049250313e-16,True,0.9471575385055211,0.0013596884871454767,-0.06377396430448387,False,0.02969986313573269,0.18070573268503304,0,False,
113,11.300000000000002,0.5805237339682567,0.028498211755244723,0.6090219457235014,73.49069488793704,0.9645812278083077,0.9295680042087529,93.81899959451356,4.885701704133392,0.7231654609476283,2.220446049250313e-16,1.1102230246251565e-16,True,0.9470746160085303,0.0012259258268324234,-0.06660477318576569,False,0.026303719624872345,0.18070573268503304,0,False,
114,11.400000000000002,0.41441348999843686,0.03483543448997385,0.4492489244884107,89.83301511612348,0.9639019406348049,0.930932175736017,93.99154422274181,4.0565174431802,0.8291842609531921,2.465190328815662e-32,4.440892098500626e-16,True,0.947417058185411,0.001087005397481346,-0.06960925133130766,False,0.0225273048898972,0.18070573268503304,0,False,
115,11.500000000000002,0.4431650909902345,0.04298188324691789,0.48614697423715236,110.84093607476424,0.9635091334654866,0.9327218719350968,94.16759057741965,4.178875101709881,0.13950615362520402,2.465190328815662e-32,2.220446049250313e-16,True,0.9481155027002917,0.0009478554725406195,-0.07267405337732702,False,0.01852582092582704,0.18070573268503304,0,False,
116,11.600000000000003,0.5909126153124035,0.054639523428270706,0.6455521387406742,140.9034566651478,0.9634155363577532,0.9349510335975115,94.34809078245979,4.755971010160897,0.7883618904163523,2.220446049250313e-16,4.440892098500626e-16,True,0.9491832849776323,0.0008102279173878013,-0.07581568017369161,False,0.014356039106906868,0.18070573268503304,0,False,
117,11.700000000000001,0.37764984604411045,0.0688105275654899,0.44646037360960034,177.44739669367982,0.9636767680924004,0.9376772570239443,94.53038632250563,3.75604798337814,1.1845832949228776,6.661338147750939e-16,1.1102230246251565e-16,True,0.9506770125581724,0.0006759745757987715,-0.07898779117910945,False,0.01045143545978332,0.18070573268503304,0,False,
118,11.8,0.33234395756397117,0.08342353160534306,0.4157674891693142,215.1311584157254,0.9642244770057848,0.9407992736728766,94.71639778991384,3.3981023843348663,0.3579455990432736,9.860761315262648e-32,3.6067891276994453e-32,True,0.9525118753393307,0.0005487401511880938,-0.08222373832998629,False,0.00815771771428895,0.18070573268503304,0,False,
119,11.900000000000002,0.46238018169349837,0.09967355749362447,0.5620537391871229,257.0364437274252,0.9650346515521181,0.9442793116444614,94.90499853251498,3.611857482352144,0.3070729735032165,4.440892098500626e-16,1.1102230246251565e-16,True,0.9546569815982898,0.0004307841346823696,-0.08550384482289156,False,0.00968570439779339,0.18070573268503304,0,False,
120,12.000000000000002,0.5544074176612855,0.11982711202332488,0.6742345296846104,309.00808109084807,0.9661374366970685,0.9481387466446736,95.09510744650319,4.107618336384753,0.5786508926712037,9.155133597044475e-16,6.661338147750939e-16,True,0.957138091670871,0.00032395284360218135,-0.0888092434331485,False,0.014477231968724793,0.18070573268503304,0,False,
121,12.100000000000001,0.3514790979076865,0.1404739900860643,0.4919530879937508,362.25189263695233,0.9675870940909305,0.9524281585596243,95.28568336415434,2.9531396041202984,1.154478732264455,4.577566798522237e-16,1.1102230246251565e-16,True,0.9600076263252774,0.00022979332644229775,-0.09212178041226679,False,0.020939269868329627,0.18070573268503304,0,False,
122,12.200000000000003,0.23413647386656433,0.158107300230935,0.39224377409749933,407.72436743118453,0.9692847813789125,0.9570275642821441,95.47607666008035,2.3979179444451315,0.7508652890396692,1.1102230246251565e-16,3.142513397837818e-32,True,0.9631561728305282,0.0001502393709573119,-0.09543012540389557,False,0.02820308655827513,0.18070573268503304,0,False,
123,12.300000000000002,0.49123188027528397,0.18051506271514042,0.6717469429904244,465.5091172250041,0.9711944552430384,0.9618819298513916,95.66849430111296,3.66051137333421,1.3343027022814935,4.930380657631324e-32,6.661338147750939e-16,True,0.966538192547215,8.67231291700651e-05,-0.0987725754112185,False,0.03600866471199291,0.18070573268503304,0,False,
124,12.4,0.3611716000795683,0.20589446248643392,0.5670660625660022,530.9570737862733,0.9734496354629012,0.9671230003482608,95.86353939113675,2.641896330742178,1.0186150425920317,2.465190328815662e-32,2.465190328815662e-32,True,0.970286317905581,4.002631187380066e-05,-0.10215952924801598,False,0.04454082524593207,0.18070573268503304,0,False,
125,12.500000000000002,0.23369347309901678,0.22551755000894205,0.4592110231079588,581.5607520191901,0.9759611599432148,0.9726441763725446,96.05992375486282,1.8693621599399701,0.772534170802208,2.465190328815662e-32,5.551115123125783e-17,True,0.9743026681578797,1.1002380008094748e-05,-0.10556854336409296,False,0.05358267661130168,0.18070573268503304,0,False,
126,12.600000000000001,0.2536475446130376,0.24283529322129896,0.49648283783433655,626.2194482734469,0.9786603919486855,0.9783648610457204,96.25695957127105,1.9235706853225432,0.1698300072774026,8.005932084973442e-16,4.996003610813204e-16,True,0.9785126264972029,8.733851460735547e-08,-0.10898761952040545,False,0.06298358691899592,0.18070573268503304,0,False,
127,12.700000000000001,0.25622267255617104,0.2595498996000483,0.5157725721562194,669.3227857074727,0.9815516570226798,0.9842792377241398,96.45576701142255,1.734423964664256,0.27067106948132497,5.551115123125783e-17,1.1102230246251565e-16,True,0.9829154473734099,7.439696482977374e-06,-0.11243613142077266,False,0.06102407545300052,0.18070573268503304,0,False,
128,12.800000000000002,0.1920164043120014,0.2747359259780094,0.4667523302900108,708.4842475103352,0.9846189998716782,0.9903617532632403,96.65369548787784,1.6644023035428486,0.12804060845651022,2.220446049250313e-16,2.840991479025558e-32,True,0.9874903765674592,3.29792165162987e-05,-0.11586805214109265,False,0.05875547632747625,0.18070573268503304,0,False,
129,12.900000000000002,0.27142109391546243,0.2911630695898275,0.56258416350529,750.8462809398283,0.9878565777678161,0.9965979536743581,96.84968679464247,1.9753870634243644,0.31098475988151586,3.1401849173675503e-16,1.1102230246251565e-16,True,0.9922272657210871,7.641165273947304e-05,-0.11926502153958751,False,0.058000364497120496,0.18070573268503304,0,False,
130,13.000000000000002,0.3223154684306755,0.30651359343724216,0.6288290618679176,790.431945967836,0.9912935763434383,1.003006587706198,97.04561846432787,1.5674049559857235,0.5794067651993227,5.551115123125783e-17,1.1102230246251565e-16,True,0.9971500820248183,0.0001371946351841354,-0.12265956239860064,False,0.058991104525071995,0.18070573268503304,0,False,
131,13.100000000000003,0.24963950947478497,0.3207099240425903,0.5703494335173753,827.0411974537268,0.9948930831467102,1.0095405837463287,97.2358861534459,1.8077748551126438,0.37899642379377746,3.1401849173675503e-16,5.551115123125783e-17,True,1.0022168334465196,0.00021454927381582437,-0.1259546016624045,False,0.06172602047819589,0.18070573268503304,0,False,
132,13.200000000000003,0.1668763650754892,0.33386545392840467,0.5007418190038939,860.9664500706596,0.9986768693780941,1.0162120097496667,97.42456890247229,1.2429021185959097,0.5648727365167341,2.237726045655905e-16,1.6653345369377348e-16,True,1.0074444395638804,0.0003074811478507576,-0.12922082149081723,False,0.06617702799284622,0.18070573268503304,0,False,
133,13.3,0.22206558512037433,0.34453983746869715,0.5666054225890715,888.4933654649941,1.0025883783916418,1.0229651849243877,97.61142653225407,1.3488035926931665,0.12602159630984933,3.1401849173675503e-16,2.7755575615628914e-17,True,1.0127767816580149,0.00041521424447295486,-0.13245406634547735,False,0.07211962326087272,0.18070573268503304,0,False,
134,13.400000000000002,0.10126479224422358,0.35386386286937377,0.45512865511359735,912.53800067697,1.0066372976247318,1.0297968361596999,97.79743656553408,1.056474483627226,0.29232910906594056,1.559322466582485e-16,2.7755575615628914e-17,True,1.0182170668922157,0.0005363642251526726,-0.1356712458719542,False,0.07879667217879566,0.18070573268503304,0,False,
135,13.500000000000002,0.1730710107813025,0.3590552210308558,0.5321262318121582,925.9253851899391,1.0107966681387108,1.036680984101233,97.98033133466835,0.7031056215651036,0.516397521659528,1.1801220661588445e-16,3.122502256758253e-17,True,1.0237388261199718,0.0006699978128476797,-0.13883315060319193,False,0.06770656766701708,0.18070573268503304,0,False,
136,13.600000000000001,0.15546014310455014,0.36154303457206755,0.5170031776766177,932.3409156613071,1.0150271779688913,1.0435687068044608,98.16060363920448,0.5993724411630998,0.3563242283955788,6.206335383118183e-17,5.551115123125783e-17,True,1.029297942386676,0.0008146188682716444,-0.14194833365816298,False,0.05685475415808377,0.18070573268503304,0,False,
137,13.700000000000003,0.1765985783100672,0.36431069183427117,0.5409092701443383,939.4781022735007,1.0193195104723334,1.0504457508465894,98.34045789098506,0.7640607864598359,0.16468834529673604,1.415262216750919e-16,2.7755575615628914e-17,True,1.0348826306594614,0.000968842839835967,-0.14505489227477067,False,0.04642956517980582,0.18070573268503304,0,False,
138,13.800000000000002,0.0791438386030141,0.3666864788879716,0.44583031749098573,945.6047407791633,1.0236899499805128,1.0573157647144187,98.52030970819771,0.6078844988267506,0.20759383744400173,9.020562075079397e-17,5.551115123125783e-17,True,1.0405028573474657,0.001130695416518964,-0.14815997955336674,False,0.03682194890151653,0.18070573268503304,0,False,
139,13.900000000000002,0.1475691134712971,0.36696102364078187,0.514530137112079,946.3127320326197,1.0281209640185525,1.0641717944996902,98.69801229522486,0.6164902151985315,0.19288276819632993,1.0007415106216802e-16,4.163336342344337e-17,True,1.0461463792591212,0.0012996623783797325,-0.15122652733331532,False,0.02899371381708562,0.18070573268503304,0,False,
140,14.0,0.20602082227161644,0.3647261009729657,0.5707469232445821,940.5493521655169,1.0326014433353516,1.07099247155843,98.87272272510153,0.6204812533563555,0.2787838488046495,5.551115123125783e-17,1.232595164407831e-32,True,1.0517969574468908,0.0014738710480252009,-0.1542400225728221,False,0.024754228566610356,0.18070573268503304,0,False,
141,14.100000000000001,0.15245413811377118,0.3600372024027157,0.5124913405164868,928.4577017438615,1.0371115498823242,1.0777492724572526,99.04457565603283,0.7620255800887473,0.19322951999243027,1.5700924586837752e-16,8.326672684688674e-17,True,1.0574304111697883,0.0016514244960768609,-0.15720283121198428,False,0.02588848843595243,0.18070573268503304,0,False,
142,14.200000000000001,0.21136799011281182,0.35446942887154137,0.5658374189843531,914.0996237950105,1.0416325634052148,1.0844263275287986,99.2128785053371,0.7246133140242692,0.3243401105233383,1.1102230246251565e-16,5.551115123125783e-17,True,1.0630294454670066,0.0018313062478649297,-0.16010306456047377,False,0.031748556467200664,0.18070573268503304,0,False,
143,14.300000000000002,0.05527443849659042,0.3488014603478924,0.4040758988444828,899.4831647349343,1.046180030912954,1.0910291572396094,99.3753150213509,0.8092498972604713,0.3875147528769898,1.2412670766236366e-16,2.7755575615628914e-17,True,1.0686045940762816,0.002011444132264283,-0.1629008981148193,False,0.04028076504465493,0.18070573268503304,0,False,
144,14.400000000000002,0.12366003436243078,0.34196430720983034,0.4656243415722611,881.851632641383,1.0507343836269465,1.0975474599188808,99.53469403834472,0.9816630494682411,0.17241315220776987,2.482534153247273e-16,8.326672684688674e-17,True,1.0741409217729136,0.002191464111914463,-0.1656447963519987,False,0.05004070476630945,0.18070573268503304,0,False,
145,14.500000000000002,0.12515277608147435,0.33221663137480406,0.4573694074562784,856.714495026894,1.0552855690497804,1.1039624499282197,99.6906130514822,1.3178403330119175,0.4596241404814375,1.1102230246251565e-16,1.1102230246251565e-16,True,1.0796240094890002,0.002369438732053764,-0.16832788639194957,False,0.051330263720508036,0.18070573268503304,0,False,
146,14.600000000000003,0.25863147599946734,0.32037172845976114,0.5790032044592285,826.1690645422443,1.0597868330683498,1.1102397359295682,99.84360396616928,1.4266705202022916,0.11618530498901247,1.6653345369377348e-16,5.551115123125783e-17,True,1.085013284498959,0.0025454954071235394,-0.17095937751250115,False,0.042407155883306895,0.18070573268503304,0,False,
147,14.700000000000003,0.18744905085980967,0.308842515903732,0.4962915667635417,796.4377308876905,1.0642441212563196,1.1163679609951873,99.99386935904514,1.239254426541062,0.43074878615149403,2.220446049250313e-16,1.6653345369377348e-16,True,1.0903060411257535,0.002716894669123163,-0.17354280237161626,False,0.03499437076448881,0.18070573268503304,0,False,
148,14.800000000000002,0.28100106145824866,0.29655657574742317,0.5775576372056719,764.7549612039899,1.0686663866460524,1.1223626722607825,100.13888846092915,1.5765325166195838,0.40563328639169094,1.1102230246251565e-16,1.1102230246251565e-16,True,1.0955145294534174,0.002883291088818666,-0.1760348991484918,False,0.029989739035570378,0.18070573268503304,0,False,
149,14.900000000000002,0.2698367576842837,0.28342277825298223,0.553259535937266,730.8857517015279,1.0730371840656014,1.1281896606421697,100.27956424534034,1.5172820798577697,0.059250436761814074,1.1102230246251565e-16,1.6653345369377348e-16,True,1.1006134223538857,0.0030417956725288906,-0.17845128028966736,False,0.02847421137137051,0.18070573268503304,0,False,
150,15.000000000000002,0.21191280617486363,0.2711755187440814,0.48308832491894504,699.3027310014177,1.0773529350814317,1.13385497199458,100.41597708360057,1.5011894641639507,0.11449926600237548,1.1102230246251565e-16,2.840991479025558e-32,True,1.1056039535380058,0.0031924801753347807,-0.1807934098022768,False,0.03071949410899606,0.18070573268503304,0,False,
151,15.100000000000001,0.23481092118037417,0.25716159427628416,0.4919725154566583,663.1638653037851,1.081624204733073,1.1393615763983598,100.54917909593196,1.9083708845254386,0.5721619441571936,4.577566798522237e-16,2.7755575615628914e-16,True,1.1104928905657165,0.003333604086815451,-0.18307942247047426,False,0.03584548506659899,0.18070573268503304,0,False,
152,15.200000000000003,0.24115976766921166,0.2418881457704438,0.4830479134396555,623.776960831691,1.0857941403266915,1.1446658095045688,100.67848517477717,1.6619227840555193,0.49718834905095743,1.1102230246251565e-16,3.3306690738754696e-16,True,1.1152299749156303,0.0034658734317894197,-0.18529762674008618,False,0.042597186717776174,0.18070573268503304,0,False,
153,15.300000000000002,0.3056402518126047,0.2280300970897181,0.5336703489023228,588.0400649140039,1.0898911271326293,1.1497890449327255,100.80137853387396,1.6883991774009022,0.07299685412660262,2.482534153247273e-16,1.1102230246251565e-16,True,1.1198400860326774,0.0035877605567870854,-0.18740494831848778,False,0.05016273991015634,0.18070573268503304,0,False,
154,15.400000000000002,0.3547221998376512,0.21260776521502014,0.5673299650526713,548.2692225889465,1.0939220165888683,1.1547289764756437,100.91842058659171,2.213358223757413,0.6365804170102396,4.965068306494546e-16,2.220446049250313e-16,True,1.124325496532256,0.003697486370671929,-0.189411132826154,False,0.05809670915837133,0.18070573268503304,0,False,
155,15.500000000000004,0.2559303949115709,0.19610557151509006,0.45203596642666094,505.71365129209113,1.097835260925669,1.1594327130543371,101.03097657425921,2.1055583699494713,0.10779985380794166,4.577566798522237e-16,2.220446049250313e-16,True,1.1286339869900028,0.003794246108743596,-0.1913396775376868,False,0.06607084544022024,0.18070573268503304,0,False,
156,15.600000000000001,0.33739872288820094,0.1798749400969348,0.5172736629851358,463.85838010404217,1.1016344758462802,1.1639122195640974,101.13964058988883,2.100368782175075,0.36702858842498776,4.440892098500626e-16,1.6653345369377348e-16,True,1.132773347705189,0.0038785173625821255,-0.1932008363703808,False,0.07395590019019438,0.18070573268503304,0,False,
157,15.700000000000001,0.35228302240885445,0.16389101893086921,0.5161740413397237,422.63932104108244,1.105305964996708,1.168161990044477,101.24085228045365,2.0961937974063876,0.1077940463818956,4.440892098500626e-16,2.7755575615628914e-16,True,1.1367339775205925,0.003950879884805763,-0.19493372948551535,False,0.08162550688046263,0.18070573268503304,0,False,
158,15.800000000000002,0.25241248434232244,0.14945278692692032,0.40186527126924276,385.4062584181907,1.1088598208214488,1.172183395536377,101.33545080440572,2.025718782709636,0.12514410202017068,4.440892098500626e-16,5.551115123125783e-17,True,1.140521608178913,0.0040098751146770825,-0.19655284560055072,False,0.0802066751654043,0.18070573268503304,0,False,
159,15.900000000000002,0.37121016436443244,0.134608931558157,0.5058190959225894,347.12718128747605,1.1123059578832917,1.1759853968713547,101.42460915830883,2.341080127703289,0.41832144583236386,6.280369834735101e-16,4.440892098500626e-16,True,1.144145677377323,0.004055070949834445,-0.1980783592286113,False,0.07703999325260065,0.18070573268503304,0,False,
160,16.000000000000004,0.3924403086757944,0.11943404144760923,0.5118743501234037,307.9944374981399,1.1156040465226564,1.1795316922853045,101.50645062309191,2.340999588332132,0.3604476201093042,0.0,1.5407439555097887e-32,True,1.1475678694039804,0.004086743892754589,-0.19947825759586338,False,0.07465698150036731,0.18070573268503304,0,False,
161,16.1,0.5153977921394591,0.10271709750221886,0.6181148896416779,264.88507198774664,1.118747689519655,1.1828279177097862,101.58445700400061,3.139778972428653,0.7998416708901523,9.860761315262648e-32,1.1102230246251565e-16,True,1.1507878036147208,0.004106275644899279,-0.20081217804855578,False,0.07293979126032794,0.18070573268503304,0,False,
162,16.200000000000003,0.5359677959026509,0.0856809476695992,0.6216487435722501,220.95254386398406,1.121658771461536,1.1857868856173435,101.6565339535405,2.8350182231676837,0.387088999638443,4.440892098500626e-16,1.1102230246251565e-16,True,1.1537228285394399,0.0041124150251802705,-0.20204437355912852,False,0.07184562758217038,0.18070573268503304,0,False,
163,16.300000000000004,0.411620883091004,0.0713088876213704,0.48292977071237436,183.89012433441093,1.1243768247644828,1.1884386841352501,101.72187756238105,2.625352934071547,0.30660582500825684,4.965068306494546e-16,2.7755575615628914e-16,True,1.1564077544498663,0.004103921826039974,-0.2031611825918516,False,0.07128183905325401,0.18070573268503304,0,False,
164,16.400000000000002,0.5880397707070947,0.057795766461365104,0.6458355371684598,149.04272153304356,1.126905613500884,1.1908034388420603,101.77955220635168,2.953970401294824,0.6273004321759396,4.930380657631324e-32,2.220446049250313e-16,True,1.158854526171472,0.004082932083331511,-0.20414669933680513,False,0.07116601516318063,0.18070573268503304,0,False,
165,16.5,0.4575425115061319,0.04552146417164326,0.5030639756777752,117.38996337813073,1.1291970079685207,1.1928516758582424,101.83243055361696,2.6692356000566693,0.6655033988033865,4.440892098500626e-16,3.885780586188048e-16,True,1.1610243419133814,0.0040519167441507575,-0.20505007751366947,False,0.07131711994893913,0.18070573268503304,0,False,
166,16.6,0.7823921897749155,0.03407619048591256,0.8164683802608281,87.87508982848871,1.1312891702481889,1.194606299321331,101.87674238972303,3.508407079347843,1.7364046940314477,3.3306690738754696e-16,4.440892098500626e-16,True,1.16294773478476,0.0040090588340649545,-0.20580697021673586,False,0.0717201792768221,0.18070573268503304,0,False,
167,16.700000000000003,0.6103255077640077,0.024081703016040543,0.6344072107800482,62.1014786448151,1.1330841527327487,1.1959955618169162,101.92163050744064,2.953388265633517,0.9762939332563789,4.440892098500626e-16,9.62687598334037e-32,True,1.1645398572748324,0.003957845392955485,-0.20657358090229605,False,0.07205036440507186,0.18070573268503304,0,False,
168,16.8,0.4935284188901403,0.016369393153647126,0.5098978120437875,42.21310754819451,1.1346314305353238,1.1970699001440401,101.96282019960982,2.93125111651655,0.3280391332291551,2.220446049250313e-16,4.440892098500626e-16,True,1.1658506653396818,0.0038985624870785953,-0.2072769173950329,False,0.07234386539179516,0.18070573268503304,0,False,
169,16.900000000000002,0.4767905100410912,0.01039358088693374,0.48718409092802495,26.802786375329966,1.135944501010382,1.1978275513030971,101.998113075324,2.884481803277274,0.21378807311334158,8.881784197001252e-16,3.3306690738754696e-16,True,1.1668860261567395,0.003829511913530723,-0.20787947732280404,False,0.07258121742883648,0.18070573268503304,0,False,
170,17.000000000000004,0.583846169670306,0.006047437100972449,0.5898936067712784,15.595026054916067,1.1370410014724124,1.1982721579330298,102.02693368774972,2.9114417943702695,0.343848473073713,0.0,1.5407439555097887e-32,True,1.1676565797027212,0.003749254521504579,-0.20837147695064606,False,0.07273193251608517,0.18070573268503304,0,False,
171,17.100000000000005,0.47385874170067843,0.003437903767649792,0.47729664546832823,8.865606691828388,1.1378996118014333,1.1984038521558136,102.05093118190906,2.5299673914139222,0.5343151568352842,6.280369834735101e-16,2.220446049250313e-16,True,1.1681517319786234,0.0036607631008606202,-0.20878110041120562,False,0.0727228552614585,0.18070573268503304,0,False,
172,17.200000000000003,0.47132425372345543,0.002272359182649925,0.4735966129061054,5.8599205031590795,1.1385747230712737,1.1982607644272938,102.06924801888337,2.929425858995074,0.44974711663607536,0.0,7.187203109480997e-32,True,1.1684177437492838,0.003562423532752538,-0.20909373366938244,False,0.07259042075394967,0.18070573268503304,0,False,
173,17.3,0.5014449912681899,0.0024684289313487125,0.5039134201995386,6.365541775192938,1.1390312173777943,1.197802205473036,102.08252052684897,2.8110737380390245,0.3535711019375578,4.965068306494546e-16,1.6653345369377348e-16,True,1.1684167114254151,0.0034540290416910317,-0.20932025656059428,False,0.07227259890059425,0.18070573268503304,0,False,
174,17.400000000000002,0.47048518145628027,0.004180592062643683,0.474665773518924,10.78083840366355,1.139258968359189,1.1970365203207536,102.0884161299191,2.7986333681085567,0.2742656547694642,8.881784197001252e-16,7.771561172376096e-16,True,1.1681477443399713,0.0033382455106713022,-0.20942087365928935,False,0.07180862597374489,0.18070573268503304,0,False,
175,17.500000000000004,0.5293157842475569,0.007442160012960388,0.5367579442605173,19.191713343874014,1.1392634831567063,1.1959697275004404,102.08961638797734,2.9312458467597455,0.43301516998353873,2.220446049250313e-16,3.3306690738754696e-16,True,1.1676166053285735,0.0032155981475712457,-0.20944135754883852,False,0.07116599602317156,0.18070573268503304,0,False,
176,17.6,0.5615726569629103,0.013015198225590427,0.5745878551885006,33.563367762079146,1.139019843844266,1.1945925064190512,102.08861946653067,3.577734838529665,0.6464889917699193,4.965068306494546e-16,3.3306690738754696e-16,True,1.1668061751316585,0.003088320825650958,-0.20942434385673994,False,0.07030429227378904,0.18070573268503304,0,False,
177,17.700000000000003,0.4797361529855996,0.020188519877597875,0.4999246728631975,52.06180539698418,1.138467498663609,1.1928338746676703,102.08349370490083,2.551743129623005,1.2751204098675646,2.220446049250313e-16,1.6653345369377348e-16,True,1.1656506866656398,0.0029557028398149786,-0.20933686542172278,False,0.06923027501664003,0.18070573268503304,0,False,
178,17.800000000000004,0.6369556248953336,0.028611467250090426,0.6655670921454241,73.78275619647006,1.1377220395553413,1.1907959367889362,102.07141989014654,3.2648859072908563,1.12477697076674,2.220446049250313e-16,3.9462299860811545e-32,True,1.1642589881721388,0.0028168385675621925,-0.2091308019276238,False,0.06814808915863549,0.18070573268503304,0,False,
179,17.900000000000002,0.3707267867106552,0.03923700655926711,0.40996379326992227,101.18371293358094,1.1366990556966166,1.1884119376745856,102.05666660511882,2.8405116901781957,0.7636791940692302,4.440892098500626e-16,3.3306690738754696e-16,True,1.162555496685601,0.0026742221624673594,-0.2088789953755676,False,0.06698175433301218,0.18070573268503304,0,False,
180,18.000000000000004,0.37016485693918566,0.04967420787491723,0.4198390648141029,128.09898691498276,1.135438051320839,1.1857200497223548,102.03571227401251,2.1778318631848745,0.9303998119061332,2.220446049250313e-16,2.48437497869059e-32,True,1.160579050521597,0.0025282793632500277,-0.20852132662668202,False,0.06591886124526258,0.18070573268503304,0,False,
181,18.1,0.36844493239315546,0.0609893104184631,0.42943424281161857,157.27817737771113,1.134009449505687,1.1827844109360204,102.00563307683616,2.715160101247341,0.9252746245642889,4.440892098500626e-16,2.220446049250313e-16,True,1.1583969302208537,0.002378996862530515,-0.20800785711582076,False,0.06516003190718038,0.18070573268503304,0,False,
182,18.200000000000003,0.42040881242179684,0.07505779513112401,0.4954666075529208,193.55774208981953,1.132363800830737,1.1795560195007426,101.9703894255082,2.876668492236977,0.22607013095050288,6.280369834735101e-16,2.220446049250313e-16,True,1.1559599101657398,0.002227105502997621,-0.2074061544210415,False,0.06470672753296904,0.18070573268503304,0,False,
183,18.3,0.528464052228169,0.09154077695907191,0.6200048291872409,236.06377014395517,1.1304783335613362,1.1760183274656533,101.93005300106319,2.9566502556623786,0.15446490105720967,4.440892098500626e-16,1.1102230246251565e-16,True,1.1532483305134948,0.0020738910448052355,-0.20671740827656448,False,0.06467998340027693,0.18070573268503304,0,False,
184,18.400000000000002,0.40265930899519453,0.1090552697252967,0.5117145787204912,281.2298407400417,1.1283382200664716,1.172161720681984,101.88377751262323,2.586217330079058,0.47585647697031597,2.220446049250313e-16,1.1102230246251565e-16,True,1.1502499703742277,0.0019204992061978283,-0.20592712619354614,False,0.06523971646205658,0.18070573268503304,0,False,
185,18.500000000000004,0.43839676743219946,0.1259233798422238,0.5643201472744233,324.7290309554092,1.125979782661623,1.16802290384761,101.83030282452582,2.3150650595596605,0.29242679150956374,4.965068306494546e-16,2.220446049250313e-16,True,1.1470013432546164,0.0017676240390595954,-0.20501373057639252,False,0.0665516658130805,0.18070573268503304,0,False,
186,18.6,0.40855427540113,0.1436481451869388,0.5522024205880688,370.437348835004,1.1234315371845973,1.1636319522750116,101.77050415360328,2.48946801548144,0.17440295592177968,2.220446049250313e-16,9.249598120421005e-32,True,1.1435317447298043,0.001616073373441608,-0.20399210419168676,False,0.06869353749162997,0.18070573268503304,0,False,
187,18.700000000000003,0.5793189393318062,0.16443992834993892,0.7437588676817452,424.05483914391715,1.1206780206461855,1.1589688888070906,101.70321279127941,2.7747851386199214,0.41156374273526675,4.440892098500626e-16,2.220446049250313e-16,True,1.139823454726638,0.001466190584515816,-0.20284220376800885,False,0.07175969528614425,0.18070573268503304,0,False,
188,18.8,0.3006182002258524,0.18384101307336662,0.48445921329921904,474.086020403634,1.1176831273491092,1.1540064430609382,101.62967817749535,1.776996609413623,1.1259182368980298,4.930380657631324e-32,1.6653345369377348e-16,True,1.1358447852050237,0.0013193832643012041,-0.20158529641013734,False,0.0757866580449158,0.18070573268503304,0,False,
189,18.900000000000002,0.2643371431253829,0.19894118790813875,0.4632783310335217,513.0260897338618,1.114544583705609,1.148846156488328,101.5481735156004,1.5872543761141171,0.2816526239396623,2.482534153247273e-16,4.163336342344337e-16,True,1.1316953700969685,0.0011765978953681806,-0.20019177127431434,False,0.07950487831257556,0.18070573268503304,0,False,
190,19.000000000000004,0.2951114564879731,0.21532916150949477,0.5104406179974679,555.2871122187963,1.1112880444788988,1.1435118239578768,101.46087599240863,1.9985735895995655,0.4302692041874674,4.440892098500626e-16,3.0531133177191805e-16,True,1.1273999342183878,0.0010383719639097985,-0.19869875350997498,False,0.07231483406569579,0.18070573268503304,0,False,
191,19.1,0.3792515568120617,0.23300744511710567,0.6122590019291674,600.8755637998066,1.1078711996320034,1.1379594642027957,101.36696943937207,1.7538842332005522,0.2807210109047713,0.0,3.7771802363673483e-32,True,1.1229153319173997,0.0009053036648819939,-0.19709218903939338,False,0.06517991298598115,0.18070573268503304,0,False,
192,19.200000000000003,0.34829881576834576,0.2496064581212975,0.5979052738896433,643.6808110415905,1.1043208986198438,1.1322173747830435,101.2679121544905,1.640339020212038,0.16445772972525052,2.220446049250313e-16,5.551115123125783e-17,True,1.1182691367014437,0.0007782133823239555,-0.19539693152722473,False,0.05835516350182083,0.18070573268503304,0,False,
193,19.300000000000004,0.20886396449836453,0.2654418377320081,0.4743058022303726,684.5168137143272,1.1006383797264172,1.1262966638081429,101.1630296196729,1.582776029357737,0.44874070397467214,3.3306690738754696e-16,5.551115123125783e-17,True,1.11346752176728,0.0006583475420185249,-0.19360134474498006,False,0.05214443743228356,0.18070573268503304,0,False,
194,19.400000000000002,0.3243133235730541,0.2802150227766798,0.604528346349734,722.6136474372781,1.096828700317239,1.1202108238748332,101.05669890638849,1.3142201677337408,0.7627304172379198,2.465190328815662e-32,1.3877787807814457e-16,True,1.1085197620960363,0.0005467237020625899,-0.19178030297009926,False,0.047046899019441576,0.18070573268503304,0,False,
195,19.500000000000004,0.22217049409742984,0.29413317440922543,0.5163036685066553,758.5055358061408,1.0929191675056984,1.1139793865474676,100.94359333327549,1.3075612753265253,0.399536214721284,0.0,1.1102230246251565e-16,True,1.103449277026583,0.0004435328260872999,-0.18984250871991673,False,0.04361479347251334,0.18070573268503304,0,False,
196,19.600000000000005,0.3300437778137867,0.3084126739879122,0.6384564518016989,795.329261999998,1.0889099251868914,1.1076099123156482,100.82775187803206,1.3779808212322382,0.18376631085740047,1.1102230246251565e-16,5.551115123125783e-17,True,1.0982599187512698,0.00034968951861566835,-0.18785707485560388,False,0.042485899425262014,0.18070573268503304,0,False,
197,19.700000000000003,0.21042089867416536,0.3226019005602356,0.533022799234401,831.9201937285658,1.0847880001823336,1.1010924752617495,100.70739422175272,1.0716656330761627,0.448166330995338,1.1102230246251565e-16,3.0531133177191805e-16,True,1.0929402377220416,0.00026583590761529425,-0.185793423474586,False,0.04400815411731865,0.18070573268503304,0,False,
198,19.8,0.2611818861567746,0.33507630818114403,0.5962581943379186,864.0889800457361,1.0805780295136567,1.0944566661133086,100.58081569220673,1.0409912017496366,0.2790571411714869,2.2887833992611187e-16,3.710602812394734e-32,True,1.0875173478134827,0.00019261655386519218,-0.18362222471741368,False,0.048077722376525196,0.18070573268503304,0,False,
199,19.900000000000002,0.13324425687091224,0.3467083246826482,0.4799525815535604,894.0854227343258,1.076283793328391,1.0877103133927122,100.45075394980634,0.918893785162034,0.2170376098308776,1.1102230246251565e-16,1.3877787807814457e-17,True,1.0819970533605516,0.00013056536078033266,-0.18139034506619175,False,0.054266392149991224,0.18070573268503304,0,False,
200,20.000000000000004,0.12562348819406988,0.35678464465229687,0.48240813284636674,920.0700621510919,1.0719098792615718,1.0808646541258466,100.31605528545315,0.6831037775449003,0.23579000761713376,2.482534153247273e-16,6.938893903907228e-18,True,1.076387266693709,8.018799286985303e-05,-0.17907790999041193,False,0.05319289268189913,0.18070573268503304,0,False,
201,20.1,0.14461852293492194,0.3653149913288407,0.5099335142637627,942.0679724157188,1.0674793742166473,1.0739448670220422,100.17692419126992,0.6869607143141702,0.14533771319748834,1.232595164407831e-32,8.326672684688674e-17,True,1.0707121206193446,4.1802597216612946e-05,-0.17668834232879554,False,0.041591605980308796,0.18070573268503304,0,False,
202,20.200000000000003,0.1284527163755893,0.3717157238611279,0.5001684402367172,958.574070609864,1.0629903853520184,1.066952977776883,100.0347839476823,0.3271567168417281,0.3785662544227034,1.232595164407831e-32,4.163336342344337e-17,True,1.0649716815644505,1.570213872559367e-05,-0.17424601691562133,False,0.029952381172098298,0.18070573268503304,0,False,
203,20.300000000000004,0.1271739940134904,0.3764751622906213,0.5036491563041117,970.8476279987921,1.058474144429085,1.0599261592399325,99.88928285749304,0.3771130323156822,0.07248955533853602,7.850462293418876e-17,1.3877787807814457e-17,True,1.0592001518345087,2.108347010920345e-06,-0.1717448331416016,False,0.018547402408535776,0.18070573268503304,0,False,
204,20.400000000000002,0.1676062891250676,0.37897324393881526,0.5465795330638828,977.2896376866031,1.0539239336981128,1.0528631537821316,99.7397768050182,0.3981729280333467,0.5113847986980218,2.7755575615628914e-17,5.551115123125783e-17,True,1.053393543740122,1.1252540301490636e-06,-0.1691736499511398,False,0.008723597126131877,0.18070573268503304,0,False,
205,20.500000000000004,0.24069913170635404,0.379546126847654,0.620245258554008,978.7669782096355,1.0493825154384206,1.045811765130032,99.5856002166617,0.13602761613992312,0.3281885305447218,2.2215299868541707e-17,2.0816681711721685e-17,True,1.0475971402842263,1.275025776485731e-05,-0.1665209373478388,False,0.009965200455525592,0.18070573268503304,0,False,
206,20.6,0.11658604436554687,0.380752266301714,0.49733831066726086,981.8773497435376,1.044830101294169,1.0387584106165502,99.42859869115517,0.16562071588406949,0.07356568561800328,1.962615573354719e-17,1.3877787807814457e-17,True,1.0417942559553595,3.68654276846832e-05,-0.1638183808088975,False,0.02035479381295863,0.18070573268503304,0,False,
207,20.700000000000006,0.20249541542444405,0.3783073225404149,0.5808027379648589,975.5723711181075,1.0402632562309981,1.031703737274135,99.26922027243143,0.681395792211802,0.6577690066342062,1.1443916996305594e-16,2.0029671421627253e-32,True,1.0359834967525665,7.326536477289743e-05,-0.1610736514300354,False,0.03198669608105664,0.18070573268503304,0,False,
208,20.800000000000004,0.10496234736867338,0.3730046276242954,0.4779669749929688,961.897873310622,1.035738380403235,1.0247146996492962,99.10719999466987,0.5347284139128615,0.1466673782989405,5.551115123125783e-17,2.7755575615628914e-17,True,1.0302265400262656,0.00012152153736476028,-0.15828214799198884,False,0.0437997740390027,0.18070573268503304,0,False,
209,20.900000000000002,0.12349857567476752,0.36773704428754095,0.49123561996230847,948.3139206358736,1.0312410518043151,1.0177786919378364,98.94276555910365,0.7555311766677065,0.220802762754845,1.1102230246251565e-16,5.551115123125783e-17,True,1.024509871871076,0.00018123513317457645,-0.15544775619431947,False,0.05564592599898999,0.18070573268503304,0,False,
210,21.000000000000004,0.17645425685879812,0.359685084911576,0.5361393417703741,927.5496672563542,1.0267818603777783,1.010912895907389,98.77529875844051,1.1142421974215118,0.3747068941682751,2.3714374201337736e-16,1.6653345369377348e-16,True,1.0188473781425835,0.00025182403336247873,-0.15255977904209347,False,0.06745471238517674,0.18070573268503304,0,False,
211,21.1,0.2835232503713082,0.34849798054954545,0.6320212309208537,898.7005562872004,1.0223933205613898,1.004156564676505,98.60492531091465,1.456157563356972,0.34191536593546035,2.237726045655905e-16,1.1102230246251565e-16,True,1.0132749426189473,0.00033257926520488133,-0.14962033924924176,False,0.0791380035424128,0.18070573268503304,0,False,
212,21.200000000000003,0.18593369521307368,0.3356627854234299,0.5215964806365037,865.6013774004094,1.0180897321945326,0.9975386525109351,98.43093123999715,1.3664773028235566,0.25687299253442586,3.1401849173675503e-16,2.7755575615628914e-16,True,1.007814192352734,0.0004223468761615733,-0.14661706787662795,False,0.08376283819850605,0.18070573268503304,0,False,
213,21.3,0.21516616223244167,0.3239253853584548,0.5390915475908964,835.3331734035746,1.0138713689460797,0.99106699847772,98.25611577575336,1.115458323034182,0.30808172594793504,2.482534153247273e-16,5.551115123125783e-17,True,1.0024691837118997,0.0005200393124581962,-0.14359825698139494,False,0.07900411222336652,0.18070573268503304,0,False,
214,21.400000000000006,0.176205575682856,0.3124307162622786,0.4886362919451346,805.6909198249999,1.0097074242568362,0.9847153142800464,98.08034799313604,1.421204559051045,0.3264445344003981,1.1102230246251565e-16,5.551115123125783e-17,True,0.9972113692684413,0.0006246055610919563,-0.14056165323960257,False,0.07560686647065927,0.18070573268503304,0,False,
215,21.500000000000004,0.19753379006340355,0.29756620166208253,0.4950999917254861,767.3585670260826,1.0056231593499951,0.9785150262811382,97.90339435532992,1.8581875768907614,0.4369830178397165,4.577566798522237e-16,1.1102230246251565e-16,True,0.9920690928155667,0.000734850878478856,-0.13750322622760858,False,0.07367465563345163,0.18070573268503304,0,False,
216,21.6,0.1802616468034517,0.2811250261349418,0.46138667293839347,724.960348336387,1.0016526539273112,0.9725118118942955,97.72552534462136,1.9166400289715835,0.15503699108842062,1.1102230246251565e-16,2.220446049250313e-16,True,0.9870822329108034,0.0008491886743931876,-0.13442765641751755,False,0.07321012451535686,0.18070573268503304,0,False,
217,21.700000000000003,0.3111783264542777,0.26199356697383064,0.5731718934281083,675.6244728068814,0.9977937833636246,0.9667097463795202,97.54555258068334,2.6528304448648727,0.7406972729219821,4.577566798522237e-16,4.96874995738118e-32,True,0.9822517648715724,0.0009662173552291661,-0.13131439170146247,False,0.07410237577570765,0.18070573268503304,0,False,
218,21.8,0.29281160195765066,0.24111260384744876,0.5339242058050995,621.7770067529884,0.9940993411039668,0.9611863905280943,97.36403342107177,2.5947608206515254,0.17944913524899953,5.551115123125783e-16,1.1102230246251565e-16,True,0.9776428658160305,0.001083262315609834,-0.12817306432415979,False,0.0748284323369434,0.18070573268503304,0,False,
219,21.900000000000006,0.19795191084828367,0.22140682418573826,0.41935873503402193,570.9600834637171,0.9905520293792022,0.9559330506915421,97.18030930542885,2.568451375750225,0.17376589207962767,1.1102230246251565e-16,3.2756665814317204e-32,True,0.9732425400353721,0.0011984736853766617,-0.12499226863786841,False,0.0658146484131016,0.18070573268503304,0,False,
220,22.000000000000004,0.3330266120855333,0.20063151460428225,0.5336581266898155,517.385074941569,0.987157282042629,0.9509511603824511,96.99650626744801,3.5131464588928365,1.0911199668027662,1.1102230246251565e-16,6.162975822039155e-32,True,0.96905422121254,0.0013108832456716027,-0.12180882055672738,False,0.057282370631349236,0.18070573268503304,0,False,
221,22.100000000000005,0.47080540484313427,0.17588083730654702,0.6466862421496813,453.55845700569455,0.9839623883350915,0.9463043457810852,96.80752652789904,4.027981187492515,0.7883090359738554,9.155133597044475e-16,4.440892098500626e-16,True,0.9651333670580884,0.0014181281689993484,-0.11853440590780892,False,0.04924838378871295,0.18070573268503304,0,False,
222,22.200000000000003,0.38024780804976377,0.15033485006142763,0.5305826581111914,387.6809075522033,0.9810306380485269,0.9420803697918896,96.61867134952895,3.606785590326084,0.8134616613144718,4.965068306494546e-16,4.440892098500626e-16,True,0.9615555039202083,0.0015171233972640142,-0.11526086124918651,False,0.041904275269436124,0.18070573268503304,0,False,
223,22.300000000000004,0.4180063234947293,0.12616143943370284,0.5441677629284322,325.34293490674446,0.9783153638028569,0.9382408059085667,96.43494312311209,4.20850794896105,0.7692244146657119,9.155133597044475e-16,4.440892098500626e-16,True,0.9582780848557118,0.0016059701904228131,-0.11207498321283281,False,0.03531238506165219,0.18070573268503304,0,False,
224,22.400000000000002,0.42278895544541395,0.1037511129774115,0.5265400684228254,267.5515731861176,0.9758664828457637,0.9348454852587914,96.25451915053306,3.8207565427728074,0.5407197072905121,9.860761315262648e-32,4.440892098500626e-16,True,0.9553559840522776,0.001682722243030388,-0.10894527976872842,False,0.029535285281822758,0.18070573268503304,0,False,
225,22.5,0.533784061885013,0.08309515977103625,0.6168792216560492,214.2843588167859,0.9736526485334116,0.9318560052302729,96.07950761579302,4.68786180418617,1.1932107160895882,4.930380657631324e-32,2.220446049250313e-16,True,0.9527543268818423,0.0017469593914098095,-0.10590843005965067,False,0.024632267902365754,0.18070573268503304,0,False,
226,22.600000000000005,0.41437349464147033,0.06485866383753817,0.4792321584790085,167.2563989579655,0.9717352946747668,0.9293576161491544,95.90605496196083,4.1969041290056825,0.642760410333592,2.220446049250313e-16,2.220446049250313e-16,True,0.9505464554119606,0.0017958676372201565,-0.10289765543424625,False,0.020604945637450273,0.18070573268503304,0,False,
227,22.700000000000003,0.4152732252933923,0.050127091233993976,0.4654003165273862,129.26687467747044,0.9700692778705379,0.9273012064765418,95.73619793467181,4.380798608366595,0.37596863675888414,2.220446049250313e-16,2.220446049250313e-16,True,0.9486852421735399,0.0018291079307619456,-0.09994837926505319,False,0.017491666822577006,0.18070573268503304,0,False,
228,22.800000000000004,0.5338014980789535,0.03751434884407778,0.5713158469230313,96.74135305392882,0.9686724258943821,0.9257031155747457,95.56773904975206,4.712484459267542,0.33168585090094727,1.790180836524724e-15,4.440892098500626e-16,True,0.947187770734564,0.0018463616293452074,-0.09702251177766806,False,0.015239120671731988,0.18070573268503304,0,False,
229,22.900000000000002,0.4795778011680901,0.027798127781686992,0.5073759289497771,71.6853304623184,0.9675662476292322,0.9245993786085065,95.40266528275988,4.857549588479843,0.43843354269155554,4.440892098500626e-16,4.440892098500626e-16,True,0.9460828131188693,0.0018461518334441946,-0.09415462472798118,False,0.013762169306895966,0.18070573268503304,0,False,
230,23.000000000000004,0.5354767281261099,0.021318828305455128,0.5567955564315651,54.976625193901214,0.9667624682064442,0.9239986190775191,95.23721012745852,4.722688639003766,0.4976396204422189,0.0,1.6023737137301802e-31,True,0.9453805436419815,0.001828746792321455,-0.09127932744541056,False,0.012820930941040247,0.18070573268503304,0,False,
231,23.1,0.5960908918480833,0.01721765385045307,0.6133085456985363,44.400587541318,0.9662465890497892,0.9238937707345322,95.07639579400175,5.2718727168458654,0.6053024619602136,9.155133597044475e-16,1.9913184302439655e-31,True,0.9450701798921607,0.0017937612192451737,-0.08848394918916669,False,0.012302047260281954,0.18070573268503304,0,False,
232,23.200000000000006,0.5521270828963387,0.01701425371046388,0.5691413366068026,43.87606278318617,0.9660753398153377,0.9243448209754952,94.92393193251493,5.1609472886777725,0.296926353526785,9.930136612989092e-16,1.8488927466117464e-31,True,0.9452100803954164,0.0017414362026424378,-0.0858330801558945,False,0.01195489294606762,0.18070573268503304,0,False,
233,23.300000000000004,0.4915246469232317,0.020813191706264028,0.5123378386294958,53.672698289488046,0.9662530182407869,0.9253368384134386,94.77685068165566,4.423539345371924,0.7768396850846218,8.881784197001252e-16,1.232595164407831e-31,True,0.9457949283271128,0.0016741337716639037,-0.08327522168518801,False,0.011754366117140615,0.18070573268503304,0,False,
234,23.400000000000002,0.5091469501169984,0.027729100981973037,0.5368760510989714,71.50732534675407,0.9667021975799183,0.9267925168729062,94.63450279028815,4.47503805033502,0.40884402123183916,6.661338147750939e-16,1.1093356479670479e-31,True,0.9467473572264122,0.0015927826141356508,-0.08079915732452692,False,0.011980331265754166,0.18070573268503304,0,False,
235,23.500000000000004,0.30652615242570525,0.03742764203506165,0.3439537944607669,96.51775503659222,0.9674392686850363,0.9287135663608099,94.49344572502036,4.027155683773084,0.44788236656193625,5.551115123125783e-16,2.220446049250313e-16,True,0.9480764175229232,0.001499680020504598,-0.07834505417379721,False,0.012932324318125629,0.18070573268503304,0,False,
236,23.6,0.4828141753918366,0.049140437082278596,0.5319546124741151,126.72250803978882,0.9684461439528371,0.9310533687602374,94.35363702128707,4.375087239962861,0.7282661347645342,9.860761315262648e-32,4.440892098500626e-16,True,0.9497497563565372,0.001398219636604304,-0.07591220134162825,False,0.014872284758364912,0.18070573268503304,0,False,
237,23.700000000000006,0.5325685177935872,0.06430146656690688,0.5968699843604941,165.8195082870686,0.9697399577815431,0.9338550040691997,94.22297622794854,4.569828141892072,0.34705569203148734,9.930136612989092e-16,1.07631745548546e-31,True,0.9517974809253714,0.0012877299029370247,-0.07363812513188774,False,0.017708346128313842,0.18070573268503304,0,False,
238,23.800000000000004,0.5546396616440765,0.08361311551876184,0.6382527771628383,215.62005412807324,0.9713425548012594,0.9371366038252749,94.09972242073671,4.643009156459697,0.2349625896456522,8.881784197001252e-16,4.440892098500626e-16,True,0.9542395793132672,0.0011700470821714589,-0.07149261205833463,False,0.021490825823076157,0.18070573268503304,0,False,
239,23.900000000000006,0.4945604758371396,0.10508235577848538,0.5996428316156249,270.98455906452017,0.9732691039228855,0.9409042108997319,93.98257358358354,4.101452589516641,0.8590482397138688,2.220446049250313e-16,1.1102230246251565e-16,True,0.9570866574113086,0.0010474863004001763,-0.06945306306913648,False,0.0262409185072702,0.18070573268503304,0,False,
240,24.000000000000004,0.36903859179277754,0.1261216117579747,0.49516020355075224,325.24022798638856,0.9754874646111316,0.9451051422292538,93.87549452208275,3.46162148484438,0.6398311046722611,4.440892098500626e-16,1.1102230246251565e-16,True,0.9602963034201927,0.0009230855133163508,-0.06758857361975654,False,0.03181329187505196,0.18070573268503304,0,False,
241,24.1,0.4509816809365763,0.1478159713928479,0.5987976523294243,381.185266868424,0.9779449271835987,0.9496688726666377,93.77389151388357,3.547772646886116,0.27194460151739386,4.965068306494546e-16,2.220446049250313e-16,True,0.9638068999251181,0.0007995352590461519,-0.06581921631445363,False,0.03815393542615861,0.18070573268503304,0,False,
242,24.200000000000003,0.3348599426062816,0.16966895389937128,0.5045288965056529,437.5393596645368,0.98066020712513,0.9546067626470508,93.6807288356068,2.9293097699830932,0.6841685211880066,4.965068306494546e-16,1.6653345369377348e-16,True,0.9676334848860904,0.0006787819691723568,-0.06419666041165568,False,0.045187697713146825,0.18070573268503304,0,False,
243,24.3,0.23049520261153833,0.1883203051180918,0.41881550772963017,485.63714114763224,0.9835833910715853,0.9598552507461925,93.59659856100264,2.2173964740675682,0.711913295915525,0.0,2.220446049250313e-16,True,0.9717193209088889,0.0005630246433015334,-0.06273127025474157,False,0.052791600686548416,0.18070573268503304,0,False,
244,24.400000000000006,0.2737078099188991,0.20635879255113274,0.48006660247003186,532.1544801149633,0.9866699345629316,0.9653391605719865,93.5198297765881,2.4098531940609207,0.32821263544850643,1.1102230246251565e-16,3.3306690738754696e-16,True,0.976004547567459,0.00045500191905277883,-0.06139398522637171,False,0.060859747703958154,0.18070573268503304,0,False,
245,24.500000000000004,0.43067899239322904,0.2279134586535935,0.6585924510468225,587.7392797350931,0.9899426390602498,0.9710768807037099,93.44883183270561,2.764696781480383,0.48334441872557043,2.220446049250313e-16,2.220446049250313e-16,True,0.9805097598819799,0.0003559168383673558,-0.06015712804125852,False,0.06404031474069,0.18070573268503304,0,False,
246,24.600000000000005,0.224343757964369,0.24918723357042663,0.4735309915347956,642.5997220307365,0.9934341646028954,0.9771037252583565,93.38215712725071,2.067789429859117,0.8348597223961463,3.3306690738754696e-16,8.8883701343228e-32,True,0.9852689449306259,0.0002666832491856577,-0.05899550197500846,False,0.0597786843768528,0.18070573268503304,0,False,
247,24.700000000000003,0.24630831280008758,0.26676254317953385,0.5130708559796214,687.922626047906,0.9970893575875729,0.9833488911203497,93.32122564752449,1.7423129371558896,0.3254764927032274,3.1401849173675503e-16,1.6653345369377348e-16,True,0.9902191243539613,0.000188800418736884,-0.057933866149907365,False,0.05660286368982612,0.18070573268503304,0,False,
248,24.8,0.29062842859157967,0.28319881170956457,0.5738272403011442,730.3081906584429,1.0008853177400663,0.9897772964183885,93.2644049034937,1.6272123194708932,0.5682178037351004,0.0,5.551115123125783e-17,True,0.9953313070792273,0.0001233881376828478,-0.056943794408476224,False,0.05492988989920335,0.18070573268503304,0,False,
249,24.900000000000002,0.24217814866920584,0.2986285424255622,0.540806691094768,770.0981129872965,1.00482363794117,0.9963817004013598,93.2170571684629,1.3708525286793187,0.337894224261986,0.0,1.3877787807814457e-16,True,1.0006026691712648,7.126630942605587e-05,-0.05611874207550609,False,0.054989882660067456,0.18070573268503304,0,False,
250,25.000000000000004,0.21329081089365132,0.31222322417052734,0.5255140350641787,805.1558428125363,1.0088830509982976,1.0031327236812626,93.17584612189677,1.1738671923707058,0.19698533630861292,3.1401849173675503e-16,2.7755575615628914e-17,True,1.0060078873397802,3.306626425303841e-05,-0.05540059266417463,False,0.05697916053136398,0.18070573268503304,0,False,
251,25.100000000000005,0.19321564048431905,0.32404304217591634,0.5172586826602354,835.636584766639,1.0130516362806234,1.0100092102128748,93.1398269846395,1.0321730443024322,0.5814844747460245,2.482534153247273e-16,1.1102230246251565e-16,True,1.0115304232467492,9.256356377716374e-06,-0.05477289469902553,False,0.06084446985678672,0.18070573268503304,0,False,
252,25.200000000000003,0.16569927079886182,0.3347916369383528,0.5004909077372146,863.3548747753066,1.017312780174731,1.0169865504058688,93.11250338961976,0.9965587512543883,0.3255910229986192,2.482534153247273e-16,2.220446049250313e-16,True,1.0171496652903,1.0642586209188922e-07,-0.054296717676310495,False,0.06630403093312763,0.18070573268503304,0,False,
253,25.300000000000004,0.18245693821466746,0.34420651120499807,0.5266634494196656,887.6337894693481,1.0216679799492938,1.0240587524977094,93.09014838437724,0.8145271135019738,0.38649000089291596,1.5700924586837752e-16,1.855301406197367e-32,True,1.0228633662235016,5.715793378257509e-06,-0.05390712066644152,False,0.06785308655840279,0.18070573268503304,0,False,
254,25.400000000000002,0.13156669886535277,0.3497917647041537,0.48135846356950646,902.0369444568778,1.0260970929080668,1.0311988716271259,93.07392401499781,0.5022439808609702,0.46079395598159884,5.551115123125783e-17,1.1102230246251565e-16,True,1.0286479822675965,2.6028146098243657e-05,-0.05362436158448334,False,0.05924885604980237,0.18070573268503304,0,False,
255,25.500000000000007,0.08490583761885873,0.3514864273934587,0.4363922650123174,906.4071112486507,1.0305581092127998,1.0383586905627586,93.06303682026578,0.5776962207994758,0.2859470306539719,6.938893903907228e-17,2.2220925335807e-32,True,1.0344583998877792,6.084906939732612e-05,-0.0534346166242002,False,0.05169284403018514,0.18070573268503304,0,False,
256,25.600000000000005,0.16506430401963712,0.35232947763904476,0.5173937816586819,908.581154620413,1.0350310559967362,1.0455127849689922,93.0577325120649,0.5172158480073422,0.10897785410887845,5.551115123125783e-17,5.551115123125783e-17,True,1.0402719204828643,0.00010986664224783244,-0.05334217101371889,False,0.045760541140773,0.18070573268503304,0,False,
257,25.700000000000003,0.14803277342282728,0.3533205826891434,0.5013533561119707,911.1369991577562,1.0395270320072199,1.0526663221759818,93.05787319540411,0.5545456159698536,0.0740613551011437,0.0,1.232595164407831e-32,True,1.046096677091601,0.0001726409461389236,-0.053344622905277736,False,0.04214811642122701,0.18070573268503304,0,False,
258,25.800000000000004,0.11345823311079117,0.3536653904428489,0.46712362355364007,912.0261834209723,1.044044381512582,1.0598112927757337,93.06296671815986,0.47598784644210146,0.13471531548469728,6.206335383118183e-17,5.551115123125783e-17,True,1.0519278371441578,0.0002485954907801022,-0.053433394859570056,False,0.04149583333515381,0.18070573268503304,0,False,
259,25.900000000000002,0.1475306673113157,0.3532808560482367,0.5008115233595525,911.0345527842479,1.0485780651815233,1.06694212004543,93.07156794652549,0.5069015966604714,0.08474842004913888,0.0,5.551115123125783e-17,True,1.0577600926134767,0.0003372385110445789,-0.05358329955289715,False,0.043972844232230794,0.18070573268503304,0,False,
260,26.000000000000004,0.1603441063221176,0.3509019014103647,0.5112460077324823,904.8997457673859,1.0531259115030027,1.0740495332029572,93.08303725155572,1.047999420545425,0.5410978238849536,1.2412670766236366e-16,1.5407439555097887e-32,True,1.0635877223529802,0.00043779794504279464,-0.0537831880358283,False,0.0491163046301854,0.18070573268503304,0,False,
261,26.1,0.1809754392064351,0.3452136972835054,0.5261891364899405,890.2311034842298,1.0576596559943627,1.0811027483839155,93.09963659869047,1.5247510370189814,0.47675161647355635,2.482534153247273e-16,2.5410600282395265e-32,True,1.0693812021891391,0.0005495785807851074,-0.05407247971557073,False,0.056119110153756674,0.18070573268503304,0,False,
262,26.200000000000006,0.18310145172598857,0.3376916319796016,0.5207930837055902,870.8333317600234,1.0621535413771148,1.0880662785457842,93.1225192134145,1.580425728567384,0.055674691548402544,2.2887833992611187e-16,2.220446049250313e-16,True,1.0751099099614496,0.0006714699475725394,-0.054471268077844436,False,0.06427981982751378,0.18070573268503304,0,False,
263,26.300000000000004,0.1907826873873799,0.3308692814899459,0.5216519688773258,853.2399724798017,1.066604295741074,1.0949357390122771,93.15170168298366,1.3157067227931702,0.2647190057742137,1.2412670766236366e-16,4.940000921720834e-32,True,1.0807700173766754,0.000802670677829404,-0.05497983498533396,False,0.06622527940316926,0.18070573268503304,0,False,
264,26.400000000000006,0.2200842722471279,0.32427030497661685,0.5443545772237448,836.222646140914,1.071030878351155,1.1017233831714983,93.18575004041296,1.2868276116193609,0.15123935443251368,1.2412670766236366e-16,2.465190328815662e-32,True,1.0863771307613268,0.0009420298521467935,-0.05557318235173936,False,0.05959437427367616,0.18070573268503304,0,False,
265,26.500000000000004,0.31084382864142823,0.3154368142150369,0.6262806428564651,813.4429931602243,1.0754247974588211,1.10841786760872,93.22321272801453,1.8006034413138226,0.5137758296944617,2.237726045655905e-16,3.486305596842099e-32,True,1.0919213325337704,0.0010885426779161452,-0.0562260072266172,False,0.054468992437793844,0.18070573268503304,0,False,
266,26.6,0.2844694834444411,0.30465616219635283,0.589125645640794,785.6420344543742,1.0797597246831456,1.114982290270918,93.26547899335068,1.7680072162170777,0.12024921783123127,2.237726045655905e-16,2.220446049250313e-16,True,1.0973710074770318,0.0012406291265849342,-0.056962510384752016,False,0.05121447286445549,0.18070573268503304,0,False,
267,26.700000000000006,0.19153749752248395,0.2942018849370915,0.48573938245957543,758.6827253253415,1.0840304364682096,1.121408335927559,93.31138262248406,1.5463924321111513,0.2216147841059264,2.220446049250313e-16,1.8488927466117464e-32,True,1.1027193861978843,0.0013971073679932351,-0.057762360640425434,False,0.05009876051903722,0.18070573268503304,0,False,
268,26.800000000000004,0.18181014826820707,0.2823844424562224,0.4641945907244295,728.2081093327271,1.0882431610899503,1.1277107427394373,93.36012257138235,1.96012497751946,0.4833760657987789,2.237726045655905e-16,4.930380657631324e-32,True,1.1079769519146938,0.0015576900012589181,-0.058611591907715886,False,0.05115880621217725,0.18070573268503304,0,False,
269,26.900000000000006,0.30368822793078554,0.26776690465529895,0.5714551325860845,690.5126560261577,1.0923484206777951,1.1338536045440981,93.41206870584267,2.393299922621847,0.4331749451023872,2.2887833992611187e-16,3.3306690738754696e-16,True,1.1131010126109464,0.0017226802877756352,-0.05951664015186828,False,0.05411858383061102,0.18070573268503304,0,False,
270,27.000000000000004,0.25413122962738055,0.2531906849384773,0.5073219145658578,652.9237530792446,1.0963381373323433,1.1398052395117126,93.46842310561337,2.214069335245436,0.19288034971919088,4.965068306494546e-16,1.1102230246251565e-16,True,1.1180716884220279,0.0018893889718717342,-0.060498437468179546,False,0.05852292289216111,0.18070573268503304,0,False,
271,27.100000000000005,0.3169282996617514,0.23805603392041688,0.5549843335821683,613.8947771646774,1.1002290061351088,1.1455761288368127,93.52848923992966,2.620602024539749,0.4065326892943131,1.6653345369377348e-16,4.440892098500626e-16,True,1.1229025674859607,0.0020563615373233924,-0.06154483556967123,False,0.06396684329186801,0.18070573268503304,0,False,
272,27.200000000000003,0.2771909815186705,0.22261843541937476,0.49980941693804526,574.0845655280203,1.103989038906586,1.1511302513483639,93.59267320879103,2.5971923782010373,0.14102558173197027,1.1102230246251565e-16,4.96874995738118e-32,True,1.127559645127475,0.0022222939104808285,-0.06266289472138864,False,0.0700428652437932,0.18070573268503304,0,False,
273,27.3,0.33503145114009103,0.20768445199659202,0.542715903136683,535.5730677326103,1.107627521682069,1.1564829215702244,93.6621216120285,2.660801932601077,0.18948409858842807,4.47545209131181e-16,4.3140830754274083e-32,True,1.1320552216261466,0.00238685009823157,-0.06387256960357704,False,0.07649045749646038,0.18070573268503304,0,False,
274,27.400000000000006,0.26189264271970625,0.19283263943137938,0.45472528215108565,497.27347072151,1.111126704293007,1.1616191279292218,93.73596537361936,2.590638994056306,0.09347346653592337,8.899114524108741e-16,4.440892098500626e-16,True,1.1363729161111145,0.0025494848446589785,-0.06515870128853472,False,0.0831025376653588,0.18070573268503304,0,False,
275,27.500000000000004,0.2979412860893773,0.17860450393269026,0.47654579002206754,460.58220132752945,1.1144949467741463,1.166542842127735,93.81392672178124,2.1420335561263775,0.44860543792992846,5.551115123125783e-17,3.9462299860811545e-32,True,1.1405188944509406,0.0027089834107381287,-0.06651643119808413,False,0.0897593055366813,0.18070573268503304,0,False,
276,27.600000000000005,0.38034635825484653,0.16312337790843326,0.5434697361632798,420.6597416678987,1.1177322580671265,1.1712593855885078,93.89232650497276,3.4551325586518837,1.3130990025255063,6.280369834735101e-16,2.220446049250313e-16,True,1.1444958218278172,0.002865153380690219,-0.0678816724416367,False,0.09639152913590945,0.18070573268503304,0,False,
277,27.700000000000003,0.376925409270218,0.14753023436641144,0.5244556436366294,380.4484131735894,1.1207803956858802,1.1757096886542724,93.9777860845764,2.6134743720967344,0.8416581865551493,4.965068306494546e-16,8.628166150854817e-32,True,1.1482450421700763,0.0030172272260074627,-0.06936970697940133,False,0.1027865141820829,0.18070573268503304,0,False,
278,27.800000000000004,0.4762619376537194,0.13196945229408974,0.6082313899478091,340.32053787684504,1.1236674958009623,1.1799229313182895,94.06526345404228,3.442860758764009,0.8293863866672746,2.7755575615628914e-16,2.220446049250313e-16,True,1.1517952135596259,0.0031646740252441402,-0.0708927157013106,False,0.10217211361140331,0.18070573268503304,0,False,
279,27.900000000000002,0.36502122030138584,0.11620259929687234,0.48122381959825816,299.6612504481097,1.1263530089547298,1.1838456778832251,94.15752608822307,3.1825089384975627,0.2603518202664463,4.47545209131181e-16,4.440892098500626e-16,True,1.1550993434189776,0.0033054069805215506,-0.07249885826881305,False,0.09541300457135951,0.18070573268503304,0,False,
280,28.0,0.3110265524957285,0.10283303196292966,0.41385958445865817,265.18404176705315,1.1288388206042292,1.1874867522311152,94.25298383375913,2.7589645804681524,0.4275938270299853,5.721958498152797e-16,6.661338147750939e-16,True,1.1581627864176722,0.003439579884111892,-0.0741604246142104,False,0.08912570180089475,0.18070573268503304,0,False,
281,28.100000000000005,0.6058841341722757,0.08913437773470573,0.6950185119069814,229.85818950277977,1.131156568720676,1.1908905381622599,94.35176614706177,4.219341969846875,1.4603773893787224,5.551115123125783e-16,4.440892098500626e-16,True,1.161023553441468,0.003568147105248083,-0.07587964260583945,False,0.08324246096935738,0.18070573268503304,0,False,
282,28.200000000000003,0.4850142879107894,0.07533595685918856,0.560350244769978,194.27506073641607,1.133219095033663,1.1939450419019475,94.45710657917839,3.5848494288667268,0.6344925409801481,5.23691153334427e-16,4.440892098500626e-16,True,1.163582068467805,0.0036876406230497223,-0.07771275017144404,False,0.07795108803682953,0.18070573268503304,0,False,
283,28.300000000000004,0.42290621565271636,0.0641390901298735,0.48704530578258987,165.40077474359234,1.1350601781671914,1.1966921657724336,94.56703985629137,3.559581590634415,0.12049627052199519,4.47545209131181e-16,2.220446049250313e-16,True,1.1658761719698125,0.003798501896172734,-0.07962550105296065,False,0.07319938042711874,0.18070573268503304,0,False,
284,28.400000000000002,0.4616699652584173,0.05377933483587803,0.5154493000942953,138.68521722147534,1.136684760763621,1.1991454948821643,94.68253332612532,3.3612355191672565,0.4392250514793458,4.577566798522237e-16,2.789044477473679e-31,True,1.1679151278228925,0.0039013433066273527,-0.08163467895470561,False,0.06898249005048226,0.18070573268503304,0,False,
285,28.500000000000007,0.5135561242070364,0.04392814372677127,0.5574842679338077,113.28113621106296,1.1380850245163547,1.2012791678268866,94.7996592126215,3.7246100792635435,0.363374560096287,4.742874840267547e-16,4.930380657631324e-32,True,1.1696820961716208,0.003993499748752039,-0.08367191632902009,False,0.0653617485660015,0.18070573268503304,0,False,
286,28.600000000000005,0.5750562781620304,0.035762594277650155,0.6108188724396806,92.22395871825823,1.1392379565343325,1.2030772773387446,94.9202705491438,3.9423435118320507,0.26486623020071143,4.996003610813204e-16,4.440892098500626e-16,True,1.1711576169365385,0.004075458880768647,-0.08576941261841368,False,0.06238604442404614,0.18070573268503304,0,False,
287,28.700000000000006,0.3929874520731973,0.02952564938452074,0.42251310145771803,76.14023325118585,1.1401282753009019,1.204535996224084,95.0459657850422,3.2256273977418215,0.7167161140902292,4.742874840267547e-16,3.697785493223493e-32,True,1.172332135762493,0.0041483545145185145,-0.08795491608715256,False,0.06009050743488328,0.18070573268503304,0,False,
288,28.800000000000004,0.310869700171555,0.025041804127075778,0.3359115042986308,64.57737076108708,1.1407999600541685,1.2056922005178146,95.17373767154945,2.5449417034814283,0.6806856942603932,8.881784197001252e-16,4.96874995738118e-32,True,1.1732460802859914,0.0042110028723916625,-0.0901760930361431,False,0.05842066839629751,0.18070573268503304,0,False,
289,28.900000000000002,0.5807927668852012,0.021160027860165145,0.6019527947453663,54.567113355996966,1.1413051362582383,1.2065968203706894,95.30210271596455,3.818439982967618,1.2734982794861898,2.220446049250313e-16,2.220446049250313e-16,True,1.173950978314464,0.0042630040142400735,-0.09240712980050893,False,0.05729038182527365,0.18070573268503304,0,False,
290,29.000000000000004,0.5290559593168914,0.01816392050027383,0.5472198798171652,46.840803588621725,1.1415277010060148,1.2071295882635926,95.43189443408605,3.297661385417789,0.6364408028939952,1.1102230246251565e-16,5.082120056479053e-32,True,1.1743286446348038,0.0043036076117559585,-0.09466249110731484,False,0.05691920255926128,0.18070573268503304,0,False,
291,29.1,0.5300420693048449,0.017459451604570207,0.5475015209094151,45.02413140171972,1.1414978455446252,1.2073207212333326,95.560234257194,3.707936543192222,0.5375055894746077,8.95090418262362e-16,5.512333152706879e-32,True,1.1744092833889788,0.004332650963931024,-0.096892145560807,False,0.05723336540075359,0.18070573268503304,0,False,
292,29.200000000000006,0.436099095172348,0.019047443001311122,0.45514653817365913,49.11921611176571,1.141217270548103,1.2071775036108243,95.69245451946448,3.590864453647377,0.14198126448702442,8.881784197001252e-16,2.220446049250313e-16,True,1.1741973870794635,0.004350752345688521,-0.0991887065529612,False,0.05823181254093706,0.18070573268503304,0,False,
293,29.300000000000004,0.40641103790260624,0.02196531672553045,0.42837635462813667,56.64377833446963,1.1406894377545767,1.2066971515174993,95.82740002219286,3.2705210650359042,0.3203433886114726,3.3306690738754696e-16,1.6765106777903029e-31,True,1.1736932946360379,0.004357018276207934,-0.10153205806115709,False,0.059897635229330184,0.18070573268503304,0,False,
294,29.400000000000006,0.47508803566364965,0.026460554110833447,0.5015485897744831,68.23601864657806,1.1399288968896508,1.2058997827649522,95.96406193351989,3.5626038614826814,0.30519012751019403,4.965068306494546e-16,4.440892098500626e-16,True,1.1729143398273014,0.004352157783172044,-0.10390464123264943,False,0.06217517964521718,0.18070573268503304,0,False,
295,29.500000000000004,0.40167726354377586,0.032278017541702654,0.43395528108547854,83.23799258415536,1.1389077632013447,1.2047536333993212,96.10237588956672,2.9873873910537694,0.7719783999702328,4.47545209131181e-16,4.440892098500626e-16,True,1.171830698300333,0.0043356786221287694,-0.10630530355145061,False,0.06509632292493187,0.18070573268503304,0,False,
296,29.600000000000005,0.4101950674959225,0.03898652480651948,0.449181592302442,100.53777492791697,1.1377030684425822,1.2033238719693196,96.24305447378167,3.0975917696851636,0.3722167454483092,4.965068306494546e-16,3.697785493223493e-32,True,1.1705134702059508,0.004306089855494669,-0.10874637225593098,False,0.0685265541336643,0.18070573268503304,0,False,
297,29.700000000000003,0.4910475677901718,0.04746585070194178,0.5385134184921135,122.40411368586311,1.1362780136307262,1.2015938040781646,96.385629781026,3.328894951966485,0.23130318228132163,4.577566798522237e-16,1.355854680848614e-31,True,1.1689359088544453,0.004266152481773686,-0.111219684121121,False,0.0724891883400047,0.18070573268503304,0,False,
298,29.800000000000004,0.42943932674530017,0.05677248500991779,0.48621181175521794,146.4039010491948,1.1346454346319077,1.1995539564084845,96.53150626952312,2.7477953597361306,0.5810995922303546,5.551115123125783e-16,3.3306690738754696e-16,True,1.167099695520196,0.0042131161992203445,-0.113749550003236,False,0.07698397491421913,0.18070573268503304,0,False,
299,29.900000000000006,0.4039895673482866,0.0669697521855743,0.47095931953386094,172.70043702601902,1.132813185580482,1.1972314393930485,96.67792050324869,3.019779631138644,0.27198427140251313,4.440892098500626e-16,3.697785493223493e-32,True,1.1650223124867654,0.004149711424260252,-0.11628800028829447,False,0.0819426064664253,0.18070573268503304,0,False,
300,30.000000000000004,0.3727297730134851,0.07830320724278947,0.4510329802562746,201.92695463313385,1.1307762743721441,1.194615619015795,96.82646788567192,2.7490786432803103,0.2877337670101876,3.3306690738754696e-16,1.1102230246251565e-16,True,1.1626959466939697,0.004075461924530842,-0.11886265781168619,False,0.08738529209329823,0.18070573268503304,0,False,
301,30.100000000000005,0.3647503111873731,0.08944361574741817,0.45419392693479127,230.6556471339878,1.128549045368627,1.1917163467889862,96.97557002039277,2.4735726834566485,0.44452687634893584,4.965068306494546e-16,9.880001843441667e-32,True,1.1601326960788065,0.003990107968730499,-0.1214461269580766,False,0.09327120065582868,0.18070573268503304,0,False,
302,30.200000000000003,0.3660854559137877,0.10082929819323704,0.46691475410702477,260.0168478262601,1.1261754918056917,1.1885673959353906,97.12596865612967,2.477593975113905,0.3155489072329529,3.3306690738754696e-16,1.2705300141197633e-31,True,1.1573714438705411,0.0038927497009295475,-0.12405122712007911,False,0.09953778449889285,0.18070573268503304,0,False,
303,30.300000000000008,0.3334058089947952,0.1136612250749539,0.4470670340697491,293.10759862100144,1.1236260412852517,1.1851615659221582,97.27585276576833,2.636025270127033,0.2337547955587671,9.155133597044475e-16,3.3306690738754696e-16,True,1.154393803603705,0.0037866207923393244,-0.12664656466356433,False,0.10619337931800307,0.18070573268503304,0,False,
304,30.400000000000006,0.2591499340064152,0.12664047483329696,0.38579040883971216,326.57826309836736,1.1209075750839466,1.1814833560296736,97.4261191175777,2.256184350474459,0.3798409196525738,4.440892098500626e-16,1.3332555201484202e-31,True,1.15119546555681,0.0036694252371847046,-0.12924765095645802,False,0.11325518998301641,0.18070573268503304,0,False,
305,30.500000000000004,0.3112489494713532,0.13972695348905226,0.45097590296040546,360.325447599185,1.118052581796485,1.1775721624840991,97.5768628714379,2.41847984463359,0.3008445287110304,4.577566798522237e-16,2.220446049250313e-16,True,1.147812372140292,0.0035425804852294044,-0.13185610774401216,False,0.11149672563029613,0.18070573268503304,0,False,
306,30.600000000000005,0.291072807435135,0.1532306347644427,0.4443034421995777,395.14850698960555,1.1150337909188017,1.1734077980579978,97.7255936646088,2.101316890657624,0.31716295397596594,0.0,2.220446049250313e-16,True,1.1442207944883998,0.0034075247094868854,-0.13442883800314287,False,0.10404261083674546,0.18070573268503304,0,False,
307,30.700000000000003,0.378546263923801,0.1676185185081303,0.5461647824319313,432.25173239096284,1.1118751848106747,1.169024623447042,97.8735329227079,2.437356792536376,0.45325714804388717,4.577566798522237e-16,4.440892098500626e-16,True,1.1404499041288583,0.0032660583364519167,-0.13698697778306934,False,0.09636742249911523,0.18070573268503304,0,False,
308,30.800000000000004,0.2638763194521325,0.1826712647483588,0.44654758420049134,471.06949368304055,1.1085652312640162,1.1643892857915563,98.02199160417888,2.092043935263141,0.3453128572732349,4.577566798522237e-16,1.1102230246251565e-16,True,1.1364772585277862,0.003116325063893774,-0.13955318123251634,False,0.08845611404028349,0.18070573268503304,0,False,
309,30.900000000000002,0.4176441690978514,0.19883868258285234,0.6164828516807037,512.7617507763963,1.1051300441106102,1.1595381138555119,98.1714110701839,2.4654788643099566,0.5070111296219513,2.220446049250313e-16,2.220446049250313e-16,True,1.1323340789830612,0.0029602380533660573,-0.14213504637961302,False,0.08040361086801102,0.18070573268503304,0,False,
310,31.000000000000007,0.3030447153441853,0.2148707927184112,0.5179155080625966,554.1050787192567,1.1015203553088677,1.1544303231489306,98.32033148649698,1.9349539402473055,0.7264622633859175,4.930380657631324e-32,3.3306690738754696e-16,True,1.1279753392288991,0.0027994646968364854,-0.14470732649795495,False,0.07222595217320037,0.18070573268503304,0,False,
311,31.100000000000005,0.1748317598604805,0.22782865023321336,0.40266041009369385,587.520577249491,1.097798372578541,1.1491181432535034,98.46681271430278,1.6216973455294958,0.43703470450384985,2.2887833992611187e-16,2.7561665763534394e-32,True,1.1234582579160222,0.002633718862130731,-0.14723652127403825,False,0.06415506408336018,0.18070573268503304,0,False,
312,31.200000000000003,0.3694058933218748,0.24307493591123858,0.6124808292331134,626.8374346916731,1.0939913225826987,1.143639083903382,98.61461548006254,2.243394977719332,0.6694500499715548,4.577566798522237e-16,1.3174937510003192e-31,True,1.1188152032430403,0.002464900204155545,-0.14978755870962218,False,0.05637918096204474,0.18070573268503304,0,False,
313,31.300000000000004,0.3338654803151747,0.2615418867093612,0.5954073670245359,674.4596875639295,1.0900328881848487,1.1379275453553586,98.76302634944668,2.219092627144848,0.18167553168334138,1.1102230246251565e-16,1.1102230246251565e-16,True,1.1139802167701036,0.0022938981854806746,-0.15234808890189713,False,0.04911793920248626,0.18070573268503304,0,False,
314,31.400000000000002,0.17004602818896086,0.27764054868337273,0.4476865768723336,715.9746382351198,1.085938834606721,1.1319853793651407,98.91170261645536,1.6382697347583495,0.5808228923864984,5.551115123125783e-17,4.191276694475757e-32,True,1.1089621069859308,0.0021202842841891523,-0.154912173071583,False,0.04291097045083249,0.18070573268503304,0,False,
315,31.500000000000004,0.21585088285058696,0.28981306823794284,0.5056639510885298,747.3649208354911,1.081756003878439,1.125873661114516,99.06123803061111,1.3402199238638979,0.5190453647537747,2.220446049250313e-16,2.220446049250313e-16,True,1.1038148324964774,0.0019463676799999646,-0.15749002198346387,False,0.03857039023043712,0.18070573268503304,0,False,
316,31.600000000000005,0.16098795494902118,0.29983846961024996,0.46082642455927114,773.2182522553384,1.077513398895637,1.119620050611113,99.20933376856502,1.1771176421387266,0.16952737956309294,2.482534153247273e-16,1.6653345369377348e-16,True,1.098566724753375,0.0017729701186883985,-0.16004199499608654,False,0.03699858253239369,0.18070573268503304,0,False,
317,31.700000000000006,0.17711416021448856,0.3094724443882225,0.4865866046027111,798.0621795531894,1.0732255800303385,1.113243304341816,99.35735900432871,1.2091179558268064,0.10192170489444319,1.1102230246251565e-16,5.551115123125783e-17,True,1.0932344421860773,0.0016014182590694118,-0.16259168465114981,False,0.038666086692620984,0.18070573268503304,0,False,
318,31.800000000000004,0.1408659481527046,0.3181862343757104,0.459052182528415,820.5331502508571,1.0688874893449436,1.1067386695158918,99.50436006164918,0.9645438069651578,0.24457414886164852,0.0,1.1102230246251565e-16,True,1.0878130794304177,0.0014327118403335852,-0.1651226591835971,False,0.04333014989468393,0.18070573268503304,0,False,
319,31.900000000000006,0.18779824113526744,0.3253389828769438,0.5131372240122112,838.9785342008711,1.0645211550063152,1.1001318270060862,99.65058507974184,0.8873739575070311,0.09526637478517075,2.465190328815662e-32,1.242187489345295e-32,True,1.0823264910062007,0.0012681199602752801,-0.16763919403575667,False,0.05023458209042034,0.18070573268503304,0,False,
320,32.00000000000001,0.13561132150523214,0.33281004528621194,0.4684213667914441,858.2447805437566,1.060135613043999,1.0934314405227168,99.79655235833275,0.9502549628922038,0.19489388075544994,1.1102230246251565e-16,5.551115123125783e-17,True,1.0767835267833579,0.0011086121274925423,-0.17015020420552784,False,0.053920775424044734,0.18070573268503304,0,False,
321,32.1,0.12346206461237808,0.3403786460715236,0.4638407106839017,877.7625571614273,1.0557111204737588,1.0866310041587686,99.94228723285329,0.8417500204979854,0.16547875715401977,5.551115123125783e-17,1.855301406197367e-32,True,1.0711710623162638,0.0009560392070945323,-0.17265611474830125,False,0.042531825695107564,0.18070573268503304,0,False,
322,32.2,0.19538961832413348,0.344752813841586,0.5401424321657196,889.0425852466682,1.0512632239518964,1.079743413325163,100.08898674530639,0.4754743590203899,0.6530798311080066,1.2412670766236366e-16,1.7431527984210495e-32,True,1.0655033186385299,0.0008111211867371325,-0.17517748405856667,False,0.031232145716144237,0.18070573268503304,0,False,
323,32.300000000000004,0.10927949098938172,0.3485278942794999,0.4578073852688816,898.7776972959036,1.0468334478887142,1.0728130427096545,100.23443416831996,0.7095651715893476,0.4230457838373862,1.2412670766236366e-16,8.326672684688674e-17,True,1.0598232452991843,0.0006749393470602258,-0.17767619964041942,False,0.020435614717632465,0.18070573268503304,0,False,
324,32.400000000000006,0.2043142739864383,0.3522858917884952,0.5566001657749335,908.4687561839188,1.0423862181804713,1.06580762211245,100.37976144691605,0.5114661599995483,0.5121480209532313,5.551115123125783e-17,6.162975822039155e-33,True,1.0540969201464607,0.0005485621621449058,-0.18017170764814944,False,0.011653236369775145,0.18070573268503304,0,False,
325,32.50000000000001,0.18208002005275548,0.3535721120833278,0.5356521321360832,911.7856388030121,1.0379547211081792,1.0587606328362333,100.52307530738898,0.5219348219006041,0.13044033334006178,1.3877787807814457e-16,2.7755575615628914e-17,True,1.0483576769722063,0.0004328859628355803,-0.18263150687199503,False,0.01161272910368851,0.18070573268503304,0,False,
326,32.60000000000001,0.13935001662809166,0.3541375269099888,0.49348754353808044,913.2437207650712,1.0335407992637435,1.051683599870114,100.66412260735116,0.5313117678280459,0.07871336197118523,1.2412670766236366e-16,1.942890293094024e-16,True,1.0426121995669289,0.0003291612138425146,-0.18505128789234304,False,0.02037467464973711,0.18070573268503304,0,False,
327,32.7,0.1254740133651513,0.3549305374702561,0.4804045508354074,915.2887226630163,1.0291459373500549,1.0445835757209434,100.80274253258744,0.3998016583675709,0.13151010946047498,1.2412670766236366e-16,5.551115123125783e-17,True,1.0368647565354991,0.00023832067847033634,-0.18742833275212378,False,0.031239856973331176,0.18070573268503304,0,False,
328,32.800000000000004,0.16290441847232673,0.3546748537911961,0.5175792722635228,914.629370019875,1.024757876468256,1.0374549153366404,100.93926665619524,0.5023580261015581,0.28728032559214733,2.8609792490763984e-17,6.890416440883599e-33,True,1.031106395902448,0.00016121479602526596,-0.1897683666874511,False,0.04263962639514604,0.18070573268503304,0,False,
329,32.900000000000006,0.09832539429960807,0.35138158566138766,0.44970697996099573,906.1367472058354,1.0204014044941172,1.030328666780743,101.0744783146812,0.6823493045988717,0.30523136109328575,7.850462293418876e-17,1.1102230246251565e-16,True,1.0253650356374302,9.855053650746233e-05,-0.19208484294916597,False,0.05419984452259976,0.18070573268503304,0,False,
330,33.0,0.12529441651954243,0.3452593848908497,0.4705538014103921,890.3489218947439,1.0160985995827618,1.0232329521251258,101.20791702273839,0.7748720585146623,0.25275452935086157,4.3140830754274083e-32,1.1102230246251565e-16,True,1.0196657758539438,5.0898986198734844e-05,-0.1943698958982935,False,0.06576383810711292,0.18070573268503304,0,False,
331,33.10000000000001,0.1175986488560612,0.3372221715581082,0.4548208204141694,869.6226953560888,1.0118721129108796,1.0161952994333772,101.3403841504575,1.0143431011536062,0.2394710426389438,1.1102230246251565e-16,5.551115123125783e-17,True,1.0140337061721283,1.8689941708304235e-05,-0.19663726840981743,False,0.0772474482389144,0.18070573268503304,0,False,
332,33.2,0.17888134148526103,0.32814394267101415,0.5070252841562752,846.2119159361661,1.0077270187950447,1.0092279371703685,101.4705771813342,1.198796131404745,0.1844530302511389,1.1443916996305594e-16,2.48437497869059e-32,True,1.0084774779827066,2.252755969384771e-06,-0.19886469225820363,False,0.08531904457171048,0.18070573268503304,0,False,
333,33.300000000000004,0.17481244939139096,0.31766771996454046,0.4924801693559314,819.1960142679554,1.0036679189098852,1.0023421835498185,101.59763232311765,1.3856286193312872,0.20963601691429268,2.2887833992611187e-16,2.220446049250313e-16,True,1.0030050512298518,1.7575742449310176e-06,-0.20103744124449702,False,0.0815130383751889,0.18070573268503304,0,False,
334,33.400000000000006,0.2873250335358436,0.30401200754269825,0.5913370410785419,783.9808995902309,0.9997086009061118,0.9955600942844993,101.72164597581093,1.7989525328317437,0.46787410931843465,2.237726045655905e-16,2.220446049250313e-16,True,0.9976343475953056,1.721010718956259e-05,-0.20315722493562458,False,0.07915132479411308,0.18070573268503304,0,False,
335,33.50000000000001,0.16313791502327768,0.2889282323282775,0.4520661473515552,745.0831213169254,0.9958887327290404,0.9889310669184795,101.84297602537193,2.1161021338736843,0.4190017674158836,4.47545209131181e-16,6.972611193684198e-32,True,0.99240989982376,4.840911353144804e-05,-0.2052302163852603,False,0.07825132869961764,0.18070573268503304,0,False,
336,33.6,0.19095964749984606,0.27493447971908264,0.4658941272189287,708.9962744588818,0.99218657721466,0.9824412773266006,101.95699012833198,1.7961677780114074,0.3199343558622769,4.965068306494546e-16,1.1102230246251565e-16,True,0.9873139272706303,9.497086990821033e-05,-0.20717737224315885,False,0.07883139428575182,0.18070573268503304,0,False,
337,33.7,0.28071265817214863,0.25750200479166513,0.5382146629638138,664.0417100449697,0.9886006071247926,0.9760943554669178,102.06717152954313,2.826598511263718,1.0304307332523108,1.1102230246251565e-16,2.220446049250313e-16,True,0.9823474812958553,0.00015640633053009843,-0.20905829305438076,False,0.07164950217033741,0.18070573268503304,0,False,
338,33.800000000000004,0.2546950418453664,0.2377006860296352,0.49239572787500163,612.9784121785234,0.9851989620678504,0.9699741313089757,102.17076299711832,2.4639012541412146,0.36981533057805294,3.3306690738754696e-16,1.1102230246251565e-16,True,0.977586546688413,0.0002317954716363774,-0.2108260112619589,False,0.06364517900263146,0.18070573268503304,0,False,
339,33.900000000000006,0.32568712945181477,0.216648229861467,0.5423353593132818,558.688702838716,0.9819615160165582,0.9640695818425161,102.2703258209076,3.1025841093282156,0.6906103011316462,4.930380657631324e-32,2.220446049250313e-16,True,0.9730155489295371,0.000320121308488256,-0.21252433397411455,False,0.056485562169282535,0.18070573268503304,0,False,
340,34.00000000000001,0.316279617326491,0.19449921984055574,0.5107788371670468,501.5712194156699,0.9789371008866363,0.9584533108904986,102.36606070814176,3.2038530299213543,0.2443433733237046,2.220446049250313e-16,2.220446049250313e-16,True,0.9686952058885674,0.0004195856526058733,-0.2141567553705165,False,0.050366202809256314,0.18070573268503304,0,False,
341,34.1,0.2804502190891758,0.1740352808865028,0.45448549997567855,448.79916807455726,0.9761056769436367,0.9531106949359058,102.4553871685018,3.434343068190294,0.23049003826893966,4.965068306494546e-16,2.220446049250313e-16,True,0.9646081859397713,0.0005287691975358664,-0.21567936450091174,False,0.04545134689259489,0.18070573268503304,0,False,
342,34.20000000000001,0.3139005679484431,0.15385628718356048,0.4677568551320036,396.7619286117823,0.9734624920436924,0.9480433797800812,102.53590747592497,3.2044926413654466,0.5282323571766381,4.440892098500626e-16,2.220446049250313e-16,True,0.9607529359118868,0.000646131268270067,-0.21705141969529138,False,0.04192347641930457,0.18070573268503304,0,False,
343,34.300000000000004,0.39575905041480364,0.13296653622492602,0.5287255866397297,342.8918006482808,0.9710276301411567,0.9432824187735761,102.61290613965076,4.0328096423224,0.8283170009569534,3.3306690738754696e-16,1.232595164407831e-32,True,0.9571550244573663,0.000769796753831722,-0.2183630656301618,False,0.03974895978536115,0.18070573268503304,0,False,
344,34.400000000000006,0.5921127743341533,0.10898574237839648,0.7010985167125499,281.0505448220629,0.9688200204565133,0.9388637152583068,102.68100744421459,5.072536796522286,1.2060131480423637,1.047382306668854e-15,6.661338147750939e-16,True,0.9538418678574101,0.0008973802211280919,-0.21952281952226582,False,0.03896040559869367,0.18070573268503304,0,False,
345,34.50000000000001,0.4783205974164515,0.084589198250007,0.5629097956664585,218.13715936974236,0.9669272945051726,0.9349155970870084,102.74153477854807,5.1798709561351854,0.24243781489704264,4.440892098500626e-16,2.220446049250313e-16,True,0.9509214457960905,0.0010247487715920954,-0.2205533297001652,False,0.03923698786134527,0.18070573268503304,0,False,
346,34.6,0.6548685947450671,0.06087231082772091,0.715740905572788,156.97646085952766,0.9653413764735703,0.9314239522505703,102.79182385305229,6.1109631398259685,1.2035641161053574,9.930136612989092e-16,4.440892098500626e-16,True,0.9483826643620703,0.0011503916659229496,-0.2214093408839729,False,0.04025963945984582,0.18070573268503304,0,False,
347,34.7,0.39768687723289664,0.04185138806106861,0.4395382652939652,107.925634669572,0.9641599901932618,0.9285188705713308,102.83453360768713,4.921869961107331,1.5207367866467267,8.881784197001252e-16,4.440892098500626e-16,True,0.9463394303822963,0.0012702894079047993,-0.22213620438948903,False,0.04151122289517349,0.18070573268503304,0,False,
348,34.800000000000004,0.45365994341155036,0.028494432972382074,0.48215437638393244,73.48095022813902,0.9632380777217264,0.9260362014539613,102.86619667298943,4.582920820768619,0.6464995454957427,4.440892098500626e-16,1.4995167362173455e-31,True,0.9446371395878439,0.0013839795978421092,-0.2226749882102472,False,0.04291543202443915,0.18070573268503304,0,False,
349,34.900000000000006,0.5040138252706176,0.017207200616079513,0.521221025886697,44.373630921564555,0.9625868026990233,0.9240091954661049,102.89364773444804,5.431963662256225,0.8490428414876057,3.3306690738754696e-16,2.220446049250313e-16,True,0.9432979990825641,0.0014882317798173153,-0.22314204486489933,False,0.04415104074945285,0.18070573268503304,0,False,
350,35.00000000000001,0.4781917316109615,0.008764477375125925,0.48695620898608744,22.601682455007623,0.9622256792879889,0.9224611543817709,102.91000317395331,5.101844031081776,0.33011963117444854,2.220446049250313e-16,4.440892098500626e-16,True,0.9423434168348799,0.0015812174410172282,-0.2234202945280356,False,0.04517504340807585,0.18070573268503304,0,False,
351,35.10000000000001,0.44799147192019295,0.0035568458044406112,0.45154831772463355,9.172332356239076,0.9621471324508564,0.9213854519200017,102.91811298444195,5.029265501843283,0.17295122655925876,3.3306690738754696e-16,6.661338147750939e-16,True,0.9417662921854291,0.0016615145996994604,-0.22355825729163498,False,0.04586506790449343,0.18070573268503304,0,False,
352,35.2,0.5223027902610846,0.0013237433558086426,0.5236265336168933,3.4136464388423673,0.9623394031289625,0.9207621100608973,102.91675911379923,5.196746883069005,0.27335968452206005,9.485749680535094e-16,2.220446049250313e-16,True,0.9415507565949299,0.0017286712988677855,-0.22353522577806875,False,0.046216045079423826,0.18070573268503304,0,False,
353,35.300000000000004,0.47667242064272175,0.0016888891269470645,0.47836130976966884,4.355278029161913,0.9627865126410593,0.9205794529864795,102.90298413471606,4.296900257722441,0.9005086993373415,8.881784197001252e-16,9.860761315262648e-32,True,0.9416829828137694,0.00178143588468526,-0.22330088417212823,False,0.04627739769594173,0.18070573268503304,0,False,
354,35.400000000000006,0.48390996324037194,0.004844653030316605,0.48875461627068856,12.493307325621696,0.9634693736410394,0.9208367546085278,102.88644412051458,5.462685345513015,1.1657850877905744,4.440892098500626e-16,1.987499982952472e-31,True,0.9421530641247835,0.0018175402055712693,-0.22301948640308206,False,0.04592900952446341,0.18070573268503304,0,False,
355,35.50000000000001,0.47804707172568284,0.011703359081812578,0.4897504308074954,30.180419699041895,0.9644376412073404,0.9215924386046151,102.86036667751048,5.44546130083798,0.21675317250200887,6.661338147750939e-16,1.6023737137301802e-31,True,0.9430150399059778,0.0018357113860685776,-0.22257578917084336,False,0.045242870431339816,0.18070573268503304,0,False,
356,35.60000000000001,0.4738175081267264,0.02218271363538222,0.4960002217621086,57.204397720300264,0.965711990117942,0.9228641270205503,102.826719452896,5.262320751496688,0.22731338269745738,8.881784197001252e-16,4.440892098500626e-16,True,0.9442880585692461,0.001835939372012816,-0.2220032270292583,False,0.04424691706787426,0.18070573268503304,0,False,
357,35.7,0.6060056932121783,0.03527321520433679,0.6412789084165151,90.96195643999967,0.9672842167606248,0.9246519536058179,102.78755800721306,4.879328588855069,0.4659276159937158,9.860761315262648e-32,4.440892098500626e-16,True,0.9459680851832213,0.00181750986170071,-0.22133673506849288,False,0.043041287396362995,0.18070573268503304,0,False,
358,35.800000000000004,0.5457456802618484,0.051332834719332296,0.5970785149811807,132.37622509409118,0.9691080733443939,0.9269091174813743,102.74246850346445,5.816885249504942,0.9375566606498733,3.3306690738754696e-16,1.7256332301709633e-31,True,0.9480085954128841,0.0017807518759290842,-0.2205692249404866,False,0.04186030502755423,0.18070573268503304,0,False,
359,35.900000000000006,0.4068442053173513,0.06913974067975877,0.4759839459971101,178.29636577081456,0.9712165414585243,0.9296619474304737,102.68407959180342,4.539397072158637,1.2774881773463047,9.155133597044475e-16,4.440892098500626e-16,True,0.9504392444444989,0.0017267842848360908,-0.21957513038633328,False,0.041055669403002606,0.18070573268503304,0,False,
360,36.00000000000001,0.3629698439796103,0.08677369497771609,0.4497435389573264,223.77050169586988,0.9735406536336475,0.9328127050759852,102.61659524882512,4.3504566802850295,0.1889403918736079,4.965068306494546e-16,2.220446049250313e-16,True,0.9531766793548164,0.0016587657937155837,-0.21842589846371488,False,0.04090438838923304,0.18070573268503304,0,False,
361,36.10000000000001,0.5719023578939059,0.10851793905781526,0.6804202969517211,279.8441817212598,0.9760802862284507,0.9363459055496922,102.54063219432409,5.1096576559921205,0.8427426663170792,2.220446049250313e-16,2.220446049250313e-16,True,0.9562130958890714,0.0015788210079244929,-0.21713191497218662,False,0.04166607667346028,0.18070573268503304,0,False,
362,36.2,0.41569568793475886,0.13223913890550135,0.5479348268402602,341.01600103940524,0.9788933650947709,0.9403508437628623,102.45699151496888,4.042906649469699,1.0667510065224217,3.885780586188048e-16,1.8488927466117464e-31,True,0.9596221044288166,0.00148552595062063,-0.21570670651671148,False,0.04356292097510492,0.18070573268503304,0,False,
363,36.300000000000004,0.4746188160089301,0.15608868632507114,0.6307075023340012,402.5188008529558,0.9819094136521039,0.9447292436913476,102.36754680166113,4.556682008839281,0.513775359369582,5.551115123125783e-16,4.440892098500626e-16,True,0.9633193286717258,0.0013823650383107287,-0.21418209076176437,False,0.04672215592880801,0.18070573268503304,0,False,
364,36.400000000000006,0.30805683223020375,0.18045329341336805,0.48851012564357177,465.3498276194323,0.9851609894693036,0.9495039348551162,102.2692317040938,3.2453596776786178,1.311322331160663,4.577566798522237e-16,4.930380657631324e-32,True,0.9673324621622099,0.001271425543759146,-0.2125056742265437,False,0.05125546949898301,0.18070573268503304,0,False,
365,36.50000000000001,0.3086855539925829,0.20208051220171255,0.5107660661942954,521.121724849313,0.9886018019771498,0.954609969427224,102.16969362375501,3.3549280028599573,0.7031365392555378,4.577566798522237e-16,2.220446049250313e-16,True,0.9716058857021869,0.0011554446801021931,-0.21080776664053966,False,0.056930372159856524,0.18070573268503304,0,False,
366,36.6,0.2631477314669378,0.22206722697036807,0.4852149584373059,572.6631187266031,0.9922039922568765,0.9599905872973691,102.06241357768505,2.9229641246418416,0.43196387821811566,4.965068306494546e-16,6.162975822039155e-32,True,0.9760972897771227,0.0010377034590852172,-0.20897708537052445,False,0.06371417931425485,0.18070573268503304,0,False,
367,36.70000000000001,0.2617110455361069,0.240914084170125,0.5026251297062319,621.2650676474491,0.9959420343925443,0.9656249170301194,101.95003664613655,2.529691944324576,0.39327218031726563,4.965068306494546e-16,2.220446049250313e-16,True,0.9807834757113318,0.0009191276051670403,-0.20705864268384336,False,0.07139933266246767,0.18070573268503304,0,False,
368,36.800000000000004,0.22582250751174127,0.25877634613343237,0.48459885364517363,667.3279594256406,0.9998098304163171,0.9714905406542104,101.83460749702431,2.3307481413082565,0.19894380301631953,4.577566798522237e-16,2.220446049250313e-16,True,0.9856501855352637,0.0008019821726301697,-0.20508726486195397,False,0.07982258709482462,0.18070573268503304,0,False,
369,36.900000000000006,0.19268280905306834,0.27444351060232675,0.4671263196553951,707.730171804133,1.0037923125058748,0.9775689931418421,101.71651210097083,1.995029659692802,0.43754810553949075,2.2887833992611187e-16,5.546678239835239e-32,True,0.9906806528238584,0.0006876624784680502,-0.20306948967065835,False,0.0799851781220301,0.18070573268503304,0,False,
370,37.00000000000001,0.22026850241795404,0.289409621750378,0.509678124168332,746.3245200210162,1.0078605356466481,0.9838130462049518,101.59479896398251,2.0925527647077544,0.2122364210693778,2.2887833992611187e-16,2.220446049250313e-16,True,0.9958367909257999,0.0005782817484484961,-0.20098899917547636,False,0.08066503614623355,0.18070573268503304,0,False,
371,37.1,0.14404608196265767,0.3034468623275624,0.4474929442902201,782.5235128977034,1.0120357807629181,0.9902362750048724,101.46984906801381,1.7508065550012022,0.44838096917300607,2.220446049250313e-16,1.1102230246251565e-16,True,1.0011360278838952,0.000475218451295057,-0.19885223808431943,False,0.08277400498878369,0.18070573268503304,0,False,
372,37.2,0.09684643595086473,0.3147246709065343,0.411571106857399,811.6065303305164,1.0162841464983483,0.9967903463954743,101.3406750812191,1.1381939214850751,0.6343550343917155,2.7755575615628914e-16,1.6653345369377348e-16,True,1.0065372464469113,0.00038000824245081223,-0.19664224697150787,False,0.08632175392043855,0.18070573268503304,0,False,
373,37.300000000000004,0.10055026424127078,0.3231033097374399,0.4236535739787107,833.213219030378,1.0205992930036805,1.003464243270128,101.21272496331761,0.968587531147946,0.434733423011494,1.1102230246251565e-16,5.551115123125783e-17,True,1.0120317681369042,0.00029360992937131793,-0.19445220921766043,False,0.08010639245424002,0.18070573268503304,0,False,
374,37.400000000000006,0.18237000745213106,0.33145204038758685,0.513822047839718,854.742781031706,1.024944459861597,1.0102078491052602,101.08282623560298,1.2826548172495778,0.37915167777891673,2.2887833992611187e-16,2.220446049250313e-16,True,1.0175761544834288,0.00021716769658378503,-0.1922278264614222,False,0.06873034091207161,0.18070573268503304,0,False,
375,37.50000000000001,0.20175621392839305,0.34087697504321196,0.542633188971605,879.0476392826038,1.0293572362928938,1.0170610068969115,100.95159451277513,1.2994668601751713,0.32029293468936043,1.1102230246251565e-16,3.486305596842099e-32,True,1.0232091215949026,0.0001511972573586191,-0.1899796142533056,False,0.05719706065024479,0.18070573268503304,0,False,
376,37.6,0.13112188102131594,0.34708750071794015,0.4782093817392561,895.0632353268415,1.0338195953131855,1.023995055304055,100.8162697392319,0.8266642990896644,0.4728025610855069,7.850462293418876e-17,9.244463733058732e-33,True,1.0289073253086203,9.652158639100309e-05,-0.18766023782394212,False,0.0455445207552824,0.18070573268503304,0,False,
377,37.7,0.14066142339941856,0.3510498508169802,0.49171127421639876,905.2812751346954,1.0382993287886009,1.0309691966214414,100.67783812591472,0.6939232157435062,0.1327410833461582,7.850462293418876e-17,1.232595164407831e-32,True,1.0346342627050211,5.373083758802639e-05,-0.18528652916464208,False,0.03387737917838684,0.18070573268503304,0,False,
378,37.800000000000004,0.12640847529499988,0.3534779762503834,0.4798864515453833,911.5428829474395,1.0427993207808726,1.0379804504754186,100.53738514341325,0.3808046525227734,0.31311856322073284,6.206335383118183e-17,2.7755575615628914e-17,True,1.0403898856281457,2.322151102078551e-05,-0.1828770544275609,False,0.022298051421400747,0.18070573268503304,0,False,
379,37.900000000000006,0.1578693813227905,0.3535946079832205,0.511463989306011,911.8436508400285,1.0472987268873872,1.0450020131601607,100.39555521269467,0.24094032084952827,0.20884969925057553,1.3877787807814457e-17,2.7755575615628914e-17,True,1.046150370023774,5.274893944830674e-06,-0.18044284299684285,False,0.011337573726343662,0.18070573268503304,0,False,
380,38.00000000000001,0.20012437100613045,0.3520653706855992,0.5521897416917296,907.9000801831764,1.0517864193874242,1.0520165348300823,100.25281858644573,0.3254199121173888,0.1526705983479955,6.206335383118183e-17,8.326672684688674e-17,True,1.0519014771087534,5.295311694971125e-08,-0.17799195377648416,False,0.006539821271312149,0.18070573268503304,0,False,
381,38.10000000000001,0.1645773734771201,0.3491710219155899,0.51374839539271,900.4361837049393,1.0562514855960625,1.0590074818162256,100.10871333428177,0.3323592845307448,0.17275739961509817,7.850462293418876e-17,9.71445146547012e-17,True,1.057629483706144,7.595515165553254e-06,-0.17551644373541334,False,0.015429627878018383,0.18070573268503304,0,False,
382,38.2,0.13333160489123297,0.34601816446676004,0.479349769357993,892.3056495231068,1.060687225597992,1.0659627109644751,99.96381389295148,0.2857007667932515,0.09119047126514576,0.0,4.163336342344337e-17,True,1.0633249682812336,2.783074585197781e-05,-0.17302617128218437,False,0.026661056541964424,0.18070573268503304,0,False,
383,38.300000000000004,0.1234755966435701,0.3425458438658404,0.4660214405094105,883.3512892977387,1.0651027061150269,1.072886664917431,99.81833392530595,0.4232210879569803,0.1375203211637288,0.0,1.3877787807814457e-17,True,1.068994685516229,6.05900146375229e-05,-0.17052480851995555,False,0.03818227836831658,0.18070573268503304,0,False,
384,38.400000000000006,0.10224426864933078,0.33619185921817674,0.4384361278675075,866.9657437387915,1.069487276979165,1.0797636798418828,99.67129284652587,0.822638399920411,0.5707010470405167,2.0014830212433605e-16,1.3877787807814457e-16,True,1.0746254784105238,0.00010560445579687468,-0.16799548714329596,False,0.04973702532273287,0.18070573268503304,0,False,
385,38.5,0.149541602747697,0.3287612505079258,0.47830285325562283,847.8038186942771,1.0738052164141736,1.0865550657105874,99.5246307124616,0.6589063606801672,0.22594162664949347,1.5700924586837752e-16,1.3877787807814457e-17,True,1.0801801410623804,0.0001625586570812625,-0.16547158198453368,False,0.05674514321867267,0.18070573268503304,0,False,
386,38.60000000000001,0.17124599362761384,0.3196811625638457,0.49092715619145955,824.3882451703973,1.0780796610105885,1.0932772469236325,99.37791008508441,1.177265959053374,0.5183595983732069,2.482534153247273e-16,5.551115123125783e-17,True,1.0856784539671105,0.00023096661758435305,-0.16294558535796755,False,0.05019177967336933,0.18070573268503304,0,False,
387,38.7,0.1652540862184817,0.3087871018821101,0.4740411881005918,796.2948301684978,1.0822600960221633,1.0998762365430264,99.23099100226423,1.0435747402388456,0.18518739048987365,5.551115123125783e-17,1.1102230246251565e-16,True,1.0910681662825947,0.0003103284068507921,-0.160415101375526,False,0.04565147276242684,0.18070573268503304,0,False,
388,38.800000000000004,0.24251400957525426,0.2973780489335404,0.5398920585087947,766.8733620285067,1.0863646671324614,1.1063666550181,99.08434609059715,1.3368119199588555,0.31044195379031203,0.0,1.1102230246251565e-16,True,1.0963656610752808,0.0004000795193772318,-0.15788828779740235,False,0.043588828017816036,0.18070573268503304,0,False,
389,38.900000000000006,0.21894160286836284,0.284095746803103,0.5030373496714658,732.621191342824,1.0903667862539437,1.1127183751730598,98.93816017565915,1.4567875484159425,0.1976860428927114,2.482534153247273e-16,1.6653345369377348e-16,True,1.101542580713502,0.0004995935272091459,-0.15536835366699128,False,0.044214753051653136,0.18070573268503304,0,False,
390,39.00000000000001,0.11075258632292573,0.2723759175437216,0.3831285038666473,702.3982986351295,1.0942553224533385,1.118920107393174,98.79321205701562,1.1339702755585697,0.5297418711418003,1.1102230246251565e-16,8.326672684688674e-17,True,1.1065877149232564,0.0006083516161283407,-0.15286875786283038,False,0.04725054275836177,0.18070573268503304,0,False,
391,39.10000000000001,0.24030675052835782,0.2600122366609951,0.500318987189353,670.5150525126056,1.098068574057878,1.125002320363061,98.647258390021,1.6908214147491063,0.7745677262889403,2.220446049250313e-16,2.220446049250313e-16,True,1.1115354472104695,0.0007254266900319633,-0.1503508330904321,False,0.052180649462528025,0.18070573268503304,0,False,
392,39.20000000000001,0.31969667763128573,0.2453477878841853,0.565044465515471,632.6986259939144,1.1017572689235178,1.1309104437298563,98.5025989627283,1.6951802694481197,0.1880688031686989,2.482534153247273e-16,1.1102230246251565e-16,True,1.116333856326687,0.0008499076012889298,-0.14785427318882163,False,0.05835155008295021,0.18070573268503304,0,False,
393,39.300000000000004,0.28915698655937827,0.23045555070202753,0.5196125372614058,594.294782680787,1.1053178315140346,1.1366414022250786,98.35723221492026,1.8912442323565968,0.4026311178998758,3.1401849173675503e-16,1.3102666325726882e-31,True,1.1209796168695565,0.0009811660820897715,-0.14534455681641328,False,0.06529799790284682,0.18070573268503304,0,False,
394,39.400000000000006,0.24527403148978189,0.2163395574396424,0.4616135889294243,557.8927037434936,1.1087391786597056,1.1421850087771375,98.21387910214254,1.7030789033971327,0.28208290744436915,5.551115123125783e-17,2.5410600282395265e-32,True,1.1254620937184214,0.0011186235522441263,-0.14286868898293092,False,0.07264028808014152,0.18070573268503304,0,False,
395,39.50000000000001,0.3186708099459852,0.2033832477802567,0.5220540577262419,524.4811967959985,1.1120494469918303,1.1475626489223925,98.07263534339681,1.751181322782285,0.5016369423554121,4.440892098500626e-16,5.551115123125783e-17,True,1.1298060479571115,0.001261187511360885,-0.1404283772635796,False,0.08019383215319052,0.18070573268503304,0,False,
396,39.6,0.26505657579161257,0.18894106848173103,0.4539976442733436,487.23795495821895,1.1152283482694332,1.1527548661586364,97.92863153320774,2.1459501421681875,0.6144668836701959,4.965068306494546e-16,1.1102230246251565e-16,True,1.1339916072140348,0.0014082395448886914,-0.13793950082089668,False,0.08783940040473262,0.18070573268503304,0,False,
397,39.70000000000001,0.34679024457084695,0.1741098626508129,0.5209001072216599,448.9914982366106,1.118241936379157,1.1577238207515266,97.78409428320266,1.995079595598356,0.2175172928707274,2.482534153247273e-16,1.1102230246251565e-16,True,1.1379828785653419,0.0015588191935931675,-0.1354405285457592,False,0.09539871899134074,0.18070573268503304,0,False,
398,39.800000000000004,0.3174202854222147,0.1591865576134919,0.47660684303570655,410.5075376766806,1.121111104963131,1.1624863529054514,97.63984664148983,2.3430248674786944,0.38852404335754254,4.440892098500626e-16,2.220446049250313e-16,True,1.1417987289342912,0.0017119111422884878,-0.13294570411075496,False,0.10282519515824015,0.18070573268503304,0,False,
399,39.900000000000006,0.29205639872437894,0.14442816419277107,0.43648456291715,372.4488483373846,1.1237977322519612,1.1670069474037732,97.49621848869383,2.224038682755533,0.2643216846522527,4.965068306494546e-16,2.220446049250313e-16,True,1.1454023398278672,0.0018670362740355775,-0.13046075675045557,False,0.11000890002428729,0.18070573268503304,0,False,
400,40.00000000000001,0.48336125925148077,0.12799512111732436,0.6113563803688051,330.0716014732643,1.1263264963174047,1.1713111139870724,97.35467308995923,3.27079414315214,1.0467554603966067,5.551115123125783e-17,2.220446049250313e-16,True,1.1488188051522386,0.0020236158268861857,-0.12801104151162723,False,0.1142592326855672,0.18070573268503304,0,False,
401,40.1,0.36990408537959807,0.112020369412593,0.48192445479219104,288.87618845837903,1.1286032923444715,1.1753075297806395,97.21655991606143,2.436438994740613,0.8950936933600242,1.1102230246251565e-16,1.1102230246251565e-16,True,1.1519554110625554,0.0021812857944939696,-0.12561997433563285,False,0.11149360050405606,0.18070573268503304,0,False,
402,40.2,0.4440686856607602,0.0987628182882433,0.5428315039490035,254.6878452385101,1.1307046810526251,1.179052068951121,97.07869081883764,2.65078119773895,0.28667792861055585,4.577566798522237e-16,3.3306690738754696e-16,True,1.1548783750018732,0.0023374699166076288,-0.12323240469864663,False,0.10505166874771808,0.18070573268503304,0,False,
403,40.300000000000004,0.43697100121269616,0.085791947184522,0.5227629483972182,221.23878749056527,1.1326084725140335,1.1825308677053088,96.94220863606903,2.7729540804358295,0.12217288269687954,4.440892098500626e-16,1.3945222387368396e-31,True,1.1575696701096712,0.0024922455416338655,-0.12086815032275867,False,0.09903654447417475,0.18070573268503304,0,False,
404,40.400000000000006,0.32604651636204485,0.07463632141395254,0.4006828377759974,192.47085296786497,1.1343117978449642,1.185740620216941,96.80782787908998,2.355923404167238,0.41703067626859136,1.1102230246251565e-16,2.220446049250313e-16,True,1.1600262090309525,0.0026449237705683383,-0.11853962839639852,False,0.09346021960785339,0.18070573268503304,0,False,
405,40.50000000000001,0.5487931378110771,0.06344226116770223,0.6122353989787793,163.6038042849606,1.1358515549587977,1.188712907312749,96.67451335827123,3.1821226476968976,0.9685272392102477,4.965068306494546e-16,4.043212761047837e-31,True,1.1622822311357734,0.0027943225726885794,-0.11622893762901414,False,0.08825720232867246,0.18070573268503304,0,False,
406,40.60000000000001,0.43290283199465507,0.052373421163430606,0.48527625315808565,135.05967139326742,1.1371311409243106,1.1913566169719094,96.54151901390193,2.962142526190358,0.2784666710038879,4.440892098500626e-16,2.220446049250313e-16,True,1.16424387894811,0.002940402252588718,-0.11392316936473143,False,0.08358415070593943,0.18070573268503304,0,False,
407,40.7,0.4697367883745508,0.042966471117763284,0.5127032594923141,110.80119154303706,1.1381780077288883,1.1936980037691869,96.40916922664752,3.2320046330606322,0.26986210687027423,4.47545209131181e-16,9.860761315262648e-32,True,1.1659380057490376,0.0030824699603147674,-0.11162796663330567,False,0.07940391527330466,0.18070573268503304,0,False,
408,40.800000000000004,0.41468877048178165,0.03532937183536145,0.4500181423171431,91.10677218745822,1.138995790510521,1.1957341638958336,96.27953498627929,2.7464818612530517,0.4855227718075805,2.7755575615628914e-16,2.220446049250313e-16,True,1.1673649772031771,0.0032192430144111772,-0.10937927926504022,False,0.07574150903592412,0.18070573268503304,0,False,
409,40.9,0.36821996244500266,0.02905930027828284,0.3972792627232855,74.93762025314453,1.139626324174507,1.1975051954913254,96.15171600005861,3.1143712962425476,0.3678894349894959,5.551115123125783e-17,1.6536999458120637e-31,True,1.1685657598329162,0.003349963744908818,-0.10716153175040322,False,0.07252896204085739,0.18070573268503304,0,False,
410,41.00000000000001,0.39850069760467643,0.023947291121374725,0.42244798872605116,61.75485957885293,1.140041121456425,1.1989835233897828,96.02649559549805,2.805682812297938,0.3311323731721625,1.1102230246251565e-16,2.220446049250313e-16,True,1.1695123224231039,0.003474206745673496,-0.10498835418406782,False,0.06983153774382231,0.18070573268503304,0,False,
411,41.10000000000001,0.4638703653299855,0.02010749509228903,0.48397786042227453,51.852860083971784,1.1402683482822298,1.2001867467870946,95.90264015203752,3.1400577736398545,0.40351659819125585,6.661338147750939e-16,4.440892098500626e-16,True,1.1702275475346622,0.0035902144793877842,-0.10283837193318665,False,0.06761607456801123,0.18070573268503304,0,False,
412,41.2,0.5062562161206569,0.01732398642485004,0.5235802025455069,44.674796142502196,1.1402672912443903,1.2010810478678922,95.78006502764389,3.314072024688152,0.2266881270049359,4.930380657631324e-32,4.440892098500626e-16,True,1.1706741695561411,0.003698312994662516,-0.10071014132889536,False,0.06596227023477987,0.18070573268503304,0,False,
413,41.300000000000004,0.5570910677143291,0.015693218998165143,0.5727842867124943,40.469401347313685,1.140024666698352,1.2016637408854949,95.65994795831325,3.8006870767146324,0.4866150520264805,9.860761315262648e-32,2.220446049250313e-16,True,1.1708442037919236,0.0037993754666481028,-0.09862414188844124,False,0.06490548030684229,0.18070573268503304,0,False,
414,41.40000000000001,0.515055119524375,0.015505367778863985,0.530560487303239,39.98497387654624,1.139525698012131,1.2019043132162064,95.54392624598772,3.61506745004009,0.22108545673891555,4.965068306494546e-16,4.440892098500626e-16,True,1.1707150056141689,0.0038910916347780645,-0.09660885235905327,False,0.06451050807566956,0.18070573268503304,0,False,
415,41.50000000000001,0.6207282907463036,0.01741207123997836,0.638140361986282,44.90194773813396,1.138784734576055,1.2018259539641074,95.43226723544346,3.7735157914116755,0.4109109551672443,4.965068306494546e-16,1.232595164407831e-31,True,1.1703053442700813,0.003974195341932569,-0.09466896849802031,False,0.06475137771652203,0.18070573268503304,0,False,
416,41.60000000000001,0.3909819399379669,0.02117857692840313,0.41216051686637006,54.614947371900875,1.137767965013536,1.2013831902484655,95.32238220664277,2.6379312533547825,1.135584538056893,4.577566798522237e-16,1.1102230246251565e-16,True,1.1695755776310008,0.004046896881690792,-0.09275955347089243,False,0.06570178042394405,0.18070573268503304,0,False,
417,41.7,0.3694834711004227,0.02554970930707479,0.39503318040749746,65.88714784239608,1.1365651495674087,1.2006693016303498,95.21228433480792,3.19010725796811,0.5521760046133273,1.6653345369377348e-16,4.440892098500626e-16,True,1.1686172255988794,0.004109342311708671,-0.09084609780831567,False,0.06719481235570576,0.18070573268503304,0,False,
418,41.800000000000004,0.5084733242579877,0.03144557671875772,0.5399189009767454,81.09130860774584,1.135157615451281,1.199660960225473,95.10479096987672,3.5718659576298224,0.3817586996617126,7.108895957933346e-16,2.877522384674452e-31,True,1.167409287838377,0.004160681487058291,-0.08897758371530322,False,0.0692759678833443,0.18070573268503304,0,False,
419,41.900000000000006,0.4256177962189789,0.03873706975952455,0.46435486597850345,99.89448457326564,1.1335185419868403,1.1983220685707845,95.00010921546591,3.328494970204405,0.2937144037809256,4.965068306494546e-16,2.220446049250313e-16,True,1.1659203052788123,0.004199497057715959,-0.08715764166342353,False,0.07200024808778194,0.18070573268503304,0,False,
420,42.00000000000001,0.3975661614796735,0.04680351706646321,0.44436967854613674,120.69609917825053,1.1316744511662158,1.196683542478599,94.89872796462726,2.8244785280098093,0.5040164421945956,4.965068306494546e-16,4.440892098500626e-16,True,1.1641789968224074,0.0042261819532617905,-0.08539480304969242,False,0.07530352400547065,0.18070573268503304,0,False,
421,42.10000000000001,0.4836291105194034,0.056114642813117656,0.539743753332521,144.70746898585483,1.1296431326248733,1.1947668260121018,94.79798165665458,3.246205513677989,0.42172698566817957,7.550332863779066e-16,4.440892098500626e-16,True,1.1622049793184874,0.004241095440393787,-0.08364274008871479,False,0.0791391723444851,0.18070573268503304,0,False,
422,42.2,0.5274661134235618,0.06752038826094252,0.5949865016845043,174.1204078002108,1.127408627499646,1.192551832826945,94.69983187058352,3.917339207813889,0.6711336941359001,5.900916318210353e-16,2.0954117794933126e-31,True,1.1599802301632955,0.004243637200314623,-0.0819355840850932,False,0.08353071582508662,0.18070573268503304,0,False,
423,42.30000000000001,0.42936244907099863,0.07979590397718136,0.50915835304818,205.77629511840925,1.1249352830787245,1.1899959584857156,94.60649996480932,3.145142882272689,0.7721963255411999,2.7755575615628914e-16,2.220446049250313e-16,True,1.15746562078222,0.004232891484413859,-0.08031200417705554,False,0.08853875937338862,0.18070573268503304,0,False,
424,42.400000000000006,0.4842993184875305,0.09279339037891653,0.577092708866447,239.29398793589766,1.122273585844819,1.1871652311455074,94.51684221306452,3.7208878772000045,0.5757449949273155,4.577566798522237e-16,1.3945222387368396e-31,True,1.154719408495163,0.004210925629830364,-0.07875213824904893,False,0.09403982459706618,0.18070573268503304,0,False,
425,42.50000000000001,0.435885753602548,0.10690221522155292,0.542787968824101,275.6775810764994,1.119399622429058,1.184013714048176,94.43202866340917,3.341487893522882,0.3793999836771227,8.899114524108741e-16,4.440892098500626e-16,True,1.151706668238617,0.004174980835763749,-0.07727637421433071,False,0.10009146732048578,0.18070573268503304,0,False,
426,42.6,0.2547510300685023,0.11924073662536754,0.37399176669386985,307.4959463705653,1.1163498900255222,1.1805795997362742,94.3520563310302,2.528035243840884,0.8134526496819978,1.1102230246251565e-16,1.5591232609753819e-31,True,1.1484647448808984,0.004125455609527446,-0.0758846926690397,False,0.10068800111400629,0.18070573268503304,0,False,
427,42.7,0.4174436434628286,0.1325769127736104,0.550020556236439,341.88704644027155,1.1131824812604536,1.1769231471228379,94.27498571251581,3.189956204132263,0.6619209602913791,5.095246377785861e-16,1.232595164407831e-32,True,1.1450528141916458,0.004062872484580117,-0.07454336693703725,False,0.09445453704160331,0.18070573268503304,0,False,
428,42.80000000000001,0.48078492562884456,0.14882564423879266,0.6296105698676372,383.78899371610254,1.1098389152256467,1.1729839482314708,94.20136111986447,3.1188050114125883,0.08699491510222801,1.1102230246251565e-16,2.220446049250313e-16,True,1.1414114317285589,0.003987295193306612,-0.07326188933277168,False,0.08790716970038788,0.18070573268503304,0,False,
429,42.900000000000006,0.31782690523113344,0.16416891699444602,0.48199582222557946,423.35595975426463,1.1063148720879357,1.1687710683199053,94.13128090486717,2.673957426972561,0.5301266953688348,5.23691153334427e-16,4.440892098500626e-16,True,1.1375429702039206,0.0039007764477662975,-0.0720419912162685,False,0.08109128283032209,0.18070573268503304,0,False,
430,43.00000000000001,0.31772271952958453,0.17897800053180574,0.49670072006139027,461.5453678884006,1.1026640643465664,1.164326518770273,94.06458997488348,2.7558692233464326,0.13490234048990057,5.551115123125783e-17,5.512333152706879e-32,True,1.1334952915584195,0.0038022582855556874,-0.07088099084242405,False,0.07415989993572883,0.18070573268503304,0,False,
431,43.1,0.31042944690788266,0.1946818262662501,0.5051112731741327,502.0421217035235,1.0988778595528883,1.1596357724643898,94.0007466111406,2.580259506488998,0.17560971685743443,4.449557262054371e-16,4.930380657631324e-32,True,1.1292568160086391,0.0036915239813615952,-0.06976947281840898,False,0.06718694923934171,0.18070573268503304,0,False,
432,43.2,0.30344434082684846,0.21009803583703174,0.5135423766638803,541.7971759372791,1.0949593204743449,1.1547143085120393,93.93949074475772,2.8349450577235658,0.2948946222701566,1.1102230246251565e-16,2.220446049250313e-16,True,1.1248368144931922,0.003570658595385002,-0.06870292187952626,False,0.060329829068400155,0.18070573268503304,0,False,
433,43.30000000000001,0.23994398229218206,0.2251573559038063,0.46510133819598837,580.6318896993959,1.0909184593558114,1.1495684529078067,93.88382902258984,2.4477579247444625,0.38718713297910323,5.900916318210353e-16,2.00651955490151e-31,True,1.120243456131809,0.0034398217436490894,-0.06773370474267486,False,0.05379286842249916,0.18070573268503304,0,False,
434,43.400000000000006,0.2391788584583201,0.23861829582060587,0.477797154278926,615.3447284145587,1.086764021176725,1.1442146102751172,93.83167242016306,2.048107292773859,0.3996506319706037,2.482534153247273e-16,1.1102230246251565e-16,True,1.1154893157259211,0.0033005701877522856,-0.06682546293804323,False,0.0479360627595248,0.18070573268503304,0,False,
435,43.50000000000001,0.32834394428111635,0.25200151700806916,0.5803454612891855,649.8571474165907,1.0825281344315216,1.1386926157260102,93.78300151148947,2.33419908143916,0.33592793067340754,4.652682298944613e-16,4.440892098500626e-16,True,1.110610375078766,0.0031544489590789584,-0.06597787015478883,False,0.04327769594757281,0.18070573268503304,0,False,
436,43.6,0.2213322557175792,0.26538377464327495,0.48671603036085415,684.3670816267497,1.0781993603144702,1.1329672549188972,93.73736144003809,2.0758869745214485,0.35588909553311665,2.7755575615628914e-16,5.082120056479053e-32,True,1.1055833076166837,0.002999522279401623,-0.06518301544501767,False,0.040411746827969185,0.18070573268503304,0,False,
437,43.70000000000001,0.2076299553771761,0.27726442554934566,0.48489438092652176,715.0046984115098,1.0738035343657895,1.1270762909415517,93.69585913164347,2.0466175800755924,0.03354025028271501,4.742874840267547e-16,1.4842411249578936e-31,True,1.1004399126536706,0.00283798659318042,-0.0644601869397665,False,0.03992784138149904,0.18070573268503304,0,False,
438,43.80000000000001,0.28530315963746333,0.2900425265379366,0.5753456861753999,747.9566439253177,1.0693440198378497,1.1210223823471672,93.6585254074756,2.293491435362642,0.24687385528704953,4.002966042486721e-16,2.220446049250313e-16,True,1.0951832010925084,0.0026706531516444395,-0.06380993203122294,False,0.04207110033765534,0.18070573268503304,0,False,
439,43.900000000000006,0.14217900302788955,0.3004242292446472,0.44260323227253673,774.7287990552172,1.06480406048228,1.114792017624311,93.62646643147325,1.3766579537400059,0.916833481622636,2.2591401799415137e-16,1.1102230246251565e-16,True,1.0897980390532953,0.002498795859233525,-0.06325152767821104,False,0.04662460662681234,0.18070573268503304,0,False,
440,44.00000000000001,0.1287349781894105,0.30637758603545967,0.43511256422487016,790.0812124357554,1.0602480685849547,1.1084545169640594,93.59758509688872,1.1397932300740705,0.23686472366593536,1.3877787807814457e-16,4.96874995738118e-32,True,1.0843512927745071,0.0023238616653272867,-0.06274845463261583,False,0.053066038070846366,0.18070573268503304,0,False,
441,44.1,0.16658099642758173,0.312725314090084,0.4793063105176657,806.4506236009363,1.0556920022200813,1.1020339002181088,93.57191970109805,1.6497714487110586,0.5099782186369881,2.2887833992611187e-16,2.220446049250313e-16,True,1.078862951219095,0.0021475715100595814,-0.062301385425134824,False,0.06083104529985861,0.18070573268503304,0,False,
442,44.20000000000001,0.276582277260062,0.32118224927110617,0.5977645265311682,828.2592215723927,1.0511146988230904,1.0954978171256402,93.55140885017352,1.6597111742609867,0.10632754928427468,8.326672684688674e-17,6.162975822039155e-32,True,1.0733062579743653,0.0019698611902581324,-0.061944094981869605,False,0.05646587520992023,0.18070573268503304,0,False,
443,44.300000000000004,0.17738822726169357,0.32927653075722013,0.5066647580189136,849.1326144765493,1.0465102774509227,1.0888353114404945,93.53517643040988,1.5113255717726821,0.22596886492925528,1.1102230246251565e-16,1.8488927466117464e-32,True,1.0676727944457087,0.0017914085022184055,-0.0616613273903572,False,0.047704821405157596,0.18070573268503304,0,False,
444,44.400000000000006,0.2944408564843951,0.3344864738561074,0.6289273303405025,862.5679255042096,1.0418895158962747,1.0820704841471196,93.52413498790139,1.0928480126740427,0.4184775590986394,1.5700924586837752e-16,1.1102230246251565e-16,True,1.061980000021697,0.001614510209575409,-0.061468983421843724,False,0.04007055900008915,0.18070573268503304,0,False,
445,44.5,0.14697528200628174,0.33775433768527585,0.4847296196915576,870.9950361477589,1.037287823649474,1.075238097831201,93.51768558627325,1.0355596248332624,0.057288387840780386,1.232595164407831e-32,5.551115123125783e-17,True,1.0562629607403375,0.001440223310468257,-0.061356632597318043,False,0.03447646178146289,0.18070573268503304,0,False,
446,44.60000000000001,0.17269503649804574,0.34084151031469523,0.513536546812741,878.9561834549507,1.0327026629465765,1.0683424930648446,93.51572063633218,1.2560809607202876,0.22052133588702527,1.2412670766236366e-16,1.1102230246251565e-16,True,1.0505225780057106,0.00127019749085901,-0.06132240232981693,False,0.03206396854014645,0.18070573268503304,0,False,
447,44.70000000000001,0.14493764611442717,0.3414805071656484,0.48641815328007554,880.6040174668202,1.0281391432674802,1.0613833720660488,93.52055586511165,0.5809081371364115,1.0565019178882495,2.7755575615628914e-17,2.7755575615628914e-17,True,1.0447612576667646,0.001105178748411577,-0.0614066339513067,False,0.03352601118781077,0.18070573268503304,0,False,
448,44.800000000000004,0.16107719432615042,0.3392717370036836,0.500348931329834,874.9080792288479,1.0236332799112133,1.0544104794343818,93.52654352364634,0.7132190714246203,0.26529178258973884,6.206335383118183e-17,5.551115123125783e-17,True,1.0390218796727977,0.0009472360104889225,-0.061510940754434945,False,0.03851056116754109,0.18070573268503304,0,False,
449,44.900000000000006,0.12279385669606468,0.33557872273941397,0.45837257943547866,865.3845980068272,1.0191944306130745,1.0474309590160222,93.53656575328877,0.8613808231642175,0.19541350428324142,7.850462293418876e-17,8.326672684688674e-17,True,1.0333126948145483,0.0007973015362504761,-0.06168552948955051,False,0.045796050284610396,0.18070573268503304,0,False,
450,45.0,0.23806253791967147,0.3308596923857358,0.5689222303054073,853.2152442639472,1.0148372644294457,1.040465168630885,93.55087007495139,0.8935941515353548,0.14934846531495816,9.71445146547012e-17,5.551115123125783e-17,True,1.0276512165301654,0.0006567894737581524,-0.061934709635675336,False,0.0543973098354556,0.18070573268503304,0,False,
451,45.10000000000001,0.1900563412805163,0.32441586832554,0.5144722096060563,836.5980223839726,1.0105627125525707,1.0335145046208574,93.57121700674399,1.2046557386645844,0.3110615871292296,5.551115123125783e-17,5.551115123125783e-17,True,1.0220386085867141,0.0005267847591458673,-0.06228914491524715,False,0.06371387087037252,0.18070573268503304,0,False,
452,45.20000000000001,0.22461790297075512,0.31581694852241843,0.5404348514931736,814.4232769282075,1.0063999981133844,1.0266119055783534,93.59929103183993,1.2320102988894521,0.3280248244065529,2.220446049250313e-16,1.1102230246251565e-16,True,1.0165059518458688,0.00040852120337246656,-0.06277817011274588,False,0.05876445405816466,0.18070573268503304,0,False,
453,45.300000000000004,0.16434543958900294,0.3077188571808359,0.47206429676983885,793.540059234755,1.0023544393860344,1.0197727660232785,93.63331994643887,1.0297860527641516,0.20222424612530054,2.482534153247273e-16,6.551333162863441e-32,True,1.0110636027046565,0.0003033981028417265,-0.0633709041091007,False,0.053317003245075975,0.18070573268503304,0,False,
454,45.400000000000006,0.23992990975335005,0.2973092560194175,0.5372391657727675,766.6959600530536,0.9984064621155105,1.0129823553078916,93.6727901276303,1.6566208458863942,0.6306887563863243,2.220446049250313e-16,2.7755575615628914e-17,True,1.005694408711701,0.0002124566623557038,-0.06405838900859336,False,0.0496265255553577,0.18070573268503304,0,False,
455,45.500000000000014,0.2288572380146967,0.28473654482342076,0.5135937828381174,734.2736701790548,0.9946175447084528,1.0063070450081266,93.71911688147013,1.4188378371213017,0.2377830087650925,2.220446049250313e-16,3.3188640504066094e-32,True,1.0004622948582897,0.0001366444172560753,-0.06486526171992468,False,0.04798788090365189,0.18070573268503304,0,False,
456,45.60000000000001,0.2401755974078501,0.2714653463629287,0.5116409437707787,700.0501334451125,0.9909657938314151,0.9997333970247174,93.77082022275515,1.7418150379182147,0.4101519136003219,3.1401849173675503e-16,1.1102230246251565e-16,True,0.9953495954280662,7.687086575520426e-05,-0.06576572831457334,False,0.04846031578902792,0.18070573268503304,0,False,
457,45.70000000000001,0.2625213382617143,0.2558776006318278,0.5183989388935422,659.8527247321165,0.9874838379078315,0.9933025699601387,93.82793150613816,1.8992030162907654,0.20614233777776536,3.1401849173675503e-16,5.551115123125783e-17,True,0.9903932039339851,3.3857642696547245e-05,-0.06676031747573108,False,0.05081731006966855,0.18070573268503304,0,False,
458,45.800000000000004,0.16833992894573213,0.24133408785134713,0.40967401679707927,622.3481658661583,0.9841858495654812,0.987037101087785,93.89182274886664,1.5745526621002492,0.36138100185977085,2.482534153247273e-16,2.498001805406602e-16,True,0.9856114753266331,8.129635243439797e-06,-0.06787290051661359,False,0.05461998914763115,0.18070573268503304,0,False,
459,45.900000000000006,0.26236135766785085,0.22534690620643288,0.48770826387428373,581.1206987368149,0.9810376978235774,0.9809127207407868,93.96365667353174,2.206448489734064,0.9632895201364529,2.220446049250313e-16,1.1102230246251565e-16,True,0.9809752092821822,1.561927122284306e-08,-0.06912369419430282,False,0.05946066304454904,0.18070573268503304,0,False,
460,46.00000000000001,0.29342562391380334,0.20619861092097766,0.499624234834781,531.7414065014509,0.9781061270269902,0.9750051124292332,94.04120076106494,2.356531588895061,0.24743729827508054,8.005932084973442e-16,3.3306690738754696e-16,True,0.9765556197281117,9.616291535502154e-06,-0.07047379291756242,False,0.05690605046316729,0.18070573268503304,0,False,
461,46.10000000000001,0.43407710254532184,0.18502695333361155,0.6191040558789334,477.14430260637397,0.9754032411428655,0.9693368576704366,94.12689640771772,2.889562177579643,0.6414573018815433,4.440892098500626e-16,1.232595164407831e-31,True,0.9723700494066511,3.6801008434557634e-05,-0.07196566593384335,False,0.04845469334371258,0.18070573268503304,0,False,
462,46.2,0.28318761681875293,0.16555727564399428,0.4487448924627472,426.93623499347154,0.9729817467710357,0.9639749162081314,94.22134315415785,2.24022225129136,0.828111129367151,2.220446049250313e-16,5.551115123125783e-17,True,0.9684783314895835,8.112299678886698e-05,-0.07360969997094137,False,0.04051153092465744,0.18070573268503304,0,False,
463,46.300000000000004,0.411728293497968,0.14623833150945711,0.5579666250074251,377.11687646171794,0.9707638780716231,0.9588482603292753,94.32003818779827,3.2630296780474564,1.0228074267560965,9.930136612989092e-16,5.551115123125783e-16,True,0.9648060692004492,0.00014198194618175462,-0.07532747013712901,False,0.032971117463528196,0.18070573268503304,0,False,
464,46.40000000000001,0.49631573209671676,0.12362982278036212,0.6199455548770789,318.81444572848426,0.968843244537143,0.9540630121348452,94.4232899557084,3.8036453706655737,0.5406156926181174,6.280369834735101e-16,1.1102230246251565e-16,True,0.9614531283359942,0.00021845526986593247,-0.07712431017105834,False,0.026008212115577464,0.18070573268503304,0,False,
465,46.50000000000001,0.38650844528620665,0.10329599971516049,0.4898044450013671,266.37793498794576,0.9672568980141751,0.9496753057062591,94.5311739287891,3.3552804935275033,0.5221220328933223,2.220446049250313e-16,1.1102230246251565e-16,True,0.9584661018602171,0.00030911238808176736,-0.07900149454526344,False,0.019697228989370052,0.18070573268503304,0,False,
466,46.60000000000001,0.2768372847037288,0.08820404186604079,0.3650413265697696,227.45905547800098,0.9659527305645564,0.9456385610471474,94.64323081852764,2.6843446743251516,0.7264059806522738,4.440892098500626e-16,1.1102230246251565e-16,True,0.9557956458058519,0.00041266548318202666,-0.08095099114947131,False,0.01395850063940328,0.18070573268503304,0,False,
467,46.7,0.31171393245945744,0.07486292203989228,0.38657685449934975,193.05520673733574,0.9648571035393811,0.9418839231653243,94.7598046733512,3.366040421772717,0.6816957474475656,4.440892098500626e-16,3.3306690738754696e-16,True,0.9533705133523527,0.0005277670164989445,-0.08297874240660753,False,0.00872198055660587,0.18070573268503304,0,False,
468,46.800000000000004,0.51280954919287,0.06131959067510973,0.5741291398679798,158.12989838312683,0.964030300315377,0.9384832476077674,94.88212578140596,3.6632037024544384,0.42726635743037766,2.220446049250313e-16,2.220446049250313e-16,True,0.9512567739615722,0.0006526519020453828,-0.08510609515616337,False,0.004408595764382926,0.18070573268503304,0,False,
469,46.90000000000001,0.4874220525306032,0.048581740747809174,0.5360037932784124,125.2817516090298,0.9634729029637997,0.9354658344776418,95.00839306258418,4.144891443095559,0.5140275724758845,9.155133597044475e-16,4.440892098500626e-16,True,0.9494693687207207,0.000784395885188343,-0.08730167096279969,False,0.003317025175751342,0.18070573268503304,0,False,
470,47.00000000000001,0.42092482677900656,0.03777540602815113,0.45870023280715766,97.41456279873,0.9632203882989793,0.9328813378546996,95.13816458717083,4.2154127905872665,0.17196367362069953,1.1102230246251565e-15,5.17689969051289e-31,True,0.9480508630768394,0.0009204579818605451,-0.08955773776335284,False,0.0061162148670713505,0.18070573268503304,0,False,
471,47.10000000000001,0.39121145738954477,0.030311365209894938,0.4215228225994397,78.16642361313276,0.9632792643874413,0.9307389957008521,95.27315113120157,3.922881310796435,0.45333256486879714,4.440892098500626e-16,1.6765106777903029e-31,True,0.9470091300441467,0.0010588690861954185,-0.09190397957237155,False,0.00935650245860715,0.18070573268503304,0,False,
472,47.2,0.5431033221313493,0.025483669783994054,0.5685869919153433,65.71684626407412,0.9636151815022027,0.9290106689550127,95.41515076101368,4.618810759061654,0.699998996808683,9.155133597044475e-16,1.1024666305413758e-31,True,0.9463129252286078,0.0011974722886286297,-0.09437156713647644,False,0.012467354721636818,0.18070573268503304,0,False,
473,47.300000000000004,0.4613802080946289,0.023342920968010408,0.48472312906263926,60.19632029499422,0.9642704463205858,0.9277686659170424,95.56399803471047,4.3580067958880875,0.2973894514504001,8.881784197001252e-16,4.440892098500626e-16,True,0.946019556118814,0.0013323799726285012,-0.09695752658134961,False,0.015359473570418803,0.18070573268503304,0,False,
474,47.40000000000001,0.5861711717550363,0.024218501581637106,0.6103896733366734,62.45425241643655,0.9652168694765831,0.9269848449135638,95.71810666296933,4.749137786146586,0.3968121086247036,2.220446049250313e-16,4.440892098500626e-16,True,0.9461008571950735,0.0014616877021873132,-0.09963420312111829,False,0.018127341191037316,0.18070573268503304,0,False,
475,47.50000000000001,0.6248346616176363,0.028916985333016263,0.6537516469506526,74.57062093717325,0.9664820408195613,0.9266999241628777,95.87725923817274,5.314701843230292,0.5655640570837059,4.440892098500626e-16,4.930380657631324e-32,True,0.9465909824912195,0.0015826168056859852,-0.10239772999090777,False,0.02085880097506278,0.18070573268503304,0,False,
476,47.60000000000001,0.5895951255663193,0.037825530676637104,0.6274206562429564,97.54382337409118,0.9681123909787007,0.9269728259120188,96.04133262819146,5.276339206230487,0.19304069281755964,2.220446049250313e-16,2.220446049250313e-16,True,0.9475426084453598,0.001692463813875756,-0.10524587460497901,False,0.023684139116835548,0.18070573268503304,0,False,
477,47.7,0.5038134209652658,0.04979480508872401,0.5536082260539898,128.4099809212147,0.9700903891450658,0.9277980078599267,96.20833095979636,4.875705068514171,0.4236048152310703,9.930136612989092e-16,2.220446049250313e-16,True,0.9489441985024963,0.0017886455147675955,-0.10814390677664935,False,0.026767515045261675,0.18070573268503304,0,False,
478,47.80000000000001,0.5206609086032482,0.06489763987211865,0.5855585484753668,167.3569096808802,0.9723746926305623,0.9291329690653126,96.37690082265398,5.010812734746596,0.13510766623242443,3.944304526105059e-31,4.440892098500626e-16,True,0.9507538308479375,0.0018698466568934703,-0.11106827896430929,False,0.030266418516721686,0.18070573268503304,0,False,
479,47.900000000000006,0.5816141641188488,0.08351354873818966,0.6651277128570384,215.36329303882147,0.9749709691562642,0.9309927296002793,96.54759912543368,5.0642486283799695,0.2921422549123589,1.790180836524724e-15,4.440892098500626e-16,True,0.9529818493782718,0.0019340855544435949,-0.11402859581386235,False,0.03433370597904931,0.18070573268503304,0,False,
480,48.00000000000001,0.3003536603888144,0.10224865801674943,0.4026023184055638,263.6770683559482,0.9778805532510769,0.9333761071181685,96.7168213886883,3.6824256914292834,1.6110374632588842,9.860761315262648e-32,2.220446049250313e-16,True,0.9556283301846227,0.0019806457255969437,-0.1169623156647784,False,0.03901699472223443,0.18070573268503304,0,False,
481,48.1,0.380450065469932,0.11995963316099079,0.5004096986309228,309.3498243054066,0.9809930190221905,0.9361466497323611,96.88760079905494,3.6728802145769155,0.27893906470589314,4.965068306494546e-16,2.00651955490151e-31,True,0.9585698343772757,0.002011196838479757,-0.11992199650313952,False,0.04437530584816401,0.18070573268503304,0,False,
482,48.2,0.35468213185299724,0.13969648688556954,0.4943786187385668,360.2468808498026,0.9843177326741679,0.939300590211729,97.05725328747876,3.710279807731339,0.4114328338294706,4.440892098500626e-16,4.440892098500626e-16,True,0.9618091614429485,0.002026543115483522,-0.12286109244947559,False,0.050359984151101204,0.18070573268503304,0,False,
483,48.30000000000001,0.381469449845682,0.16249583326323117,0.5439652831089131,419.04144040586885,0.9878410215662017,0.9428460870151679,97.22921631893288,3.951551111182856,0.3446838071652474,8.881784197001252e-16,4.440892098500626e-16,True,0.9653435542906847,0.0020245441352518116,-0.12583911732945582,False,0.05702822624532358,0.18070573268503304,0,False,
484,48.400000000000006,0.35880218777969697,0.18655683937115702,0.5453590271508539,481.08954622250644,0.991589611658901,0.9468068634152517,97.40206348841087,3.579284526234226,0.3722665849486302,7.771561172376096e-16,2.2049332610827516e-31,True,0.9691982375370763,0.00200549454025408,-0.12883131120056202,False,0.06437630732251066,0.18070573268503304,0,False,
485,48.50000000000001,0.2795228032317335,0.20801510773291257,0.48753791096464605,536.4257570185058,0.9955280710174257,0.9511434290160676,97.57479086104976,2.751887882751141,1.0585304918379634,9.860761315262648e-32,1.7256332301709633e-31,True,0.9733357500167467,0.0019699964455887177,-0.13182026000187305,False,0.06975009664147927,0.18070573268503304,0,False,
486,48.6,0.30866001981490976,0.22995882129917705,0.5386188411140869,593.0138255000252,0.9995900089241623,0.9557735122260991,97.75014817827514,3.149108218703606,0.4100645039062678,4.440892098500626e-16,2.220446049250313e-16,True,0.9776817605751307,0.0019198853828913834,-0.13485349284944814,False,0.07336192747441793,0.18070573268503304,0,False,
487,48.70000000000001,0.2322443873711011,0.2500032412389346,0.4822476286100357,644.7040284731047,1.0038152022840416,0.96074037654094,97.92946124535497,2.495643385698348,0.9532636261438695,0.0,7.395570986446986e-32,True,0.9822777894124908,0.00185544061279857,-0.13795384358439688,False,0.07831933457187601,0.18070573268503304,0,False,
488,48.80000000000001,0.15957515516909804,0.26599969303980026,0.4255748482088983,685.9554013200574,1.008134958480109,0.9659451774635135,98.10417642597606,2.2484063895355004,0.34069580092130236,4.440892098500626e-16,1.1102230246251565e-16,True,0.9870400679718112,0.001779977622228276,-0.14097339674806658,False,0.07809030983035653,0.18070573268503304,0,False,
489,48.900000000000006,0.2570315162222414,0.28404597097936507,0.5410774872016064,732.4928303106814,1.0125458136836687,0.9713873074298836,98.27782097869789,2.372349458137999,0.21847219902850246,1.1102230246251565e-16,1.1102230246251565e-16,True,0.9919665605567762,0.001694022637042889,-0.14397314778355835,False,0.07877195056589384,0.18070573268503304,0,False,
490,49.00000000000001,0.1879301121439747,0.30052165493813937,0.4884517670821141,774.9800387461906,1.0170691029282386,0.9770805266676821,98.45100141938195,1.7222174671320394,0.6501319910059595,2.2887833992611187e-16,2.220446049250313e-16,True,0.9970748147979603,0.0015990862313463444,-0.14696356410838504,False,0.0808065269013259,0.18070573268503304,0,False,
491,49.1,0.2721818625658239,0.3137059321072212,0.5858877946730451,808.9794243593132,1.0216561203612742,0.9829562490132356,98.62285048348433,1.9203713563729206,0.27185429766949,2.220446049250313e-16,2.220446049250313e-16,True,1.002306184687255,0.0014976800423547342,-0.1499296635765322,False,0.08419995885963392,0.18070573268503304,0,False,
492,49.20000000000001,0.24423959321420807,0.32763839469368133,0.5718779879078895,844.9082175682661,1.0263050212924616,0.9890141543387061,98.79048573210041,1.7461088775041897,0.3303489816663938,3.1401849173675503e-16,1.6653345369377348e-16,True,1.0076595878155838,0.0013906087581626939,-0.15282173361444337,False,0.08861428074819182,0.18070573268503304,0,False,
493,49.30000000000001,0.2148460120750746,0.34200082993713826,0.5568468420122128,881.9458168179942,1.0310239412279156,0.9952581016268609,98.95755738279311,1.5978788690892518,0.14823000841493794,4.930380657631324e-32,1.1102230246251565e-16,True,1.0131410214273882,0.0012791952823683586,-0.15570277880039116,False,0.07709504917294868,0.18070573268503304,0,False,
494,49.400000000000006,0.22409181136782053,0.3533004091380167,0.5773922205058373,911.0849759535148,1.035805850916391,1.0016715319385958,99.12317618419647,1.4131926105679566,0.3702737586541037,2.7755575615628914e-17,1.1102230246251565e-16,True,1.0187386914274934,0.0011651517320778678,-0.15855746390263112,False,0.06536393690786149,0.18070573268503304,0,False,
495,49.50000000000001,0.13915464596758031,0.3608774577203189,0.5000321036878992,930.6245376037493,1.040616127393928,1.0082142938396454,99.28466086459602,1.2003686854967133,0.2827044139529937,2.7755575615628914e-17,5.551115123125783e-17,True,1.0244152106167868,0.0010498788176794345,-0.16133961586477985,False,0.0535093132507448,0.18070573268503304,0,False,
496,49.6,0.09468030623393409,0.36588885609317284,0.46056916232710693,943.547844930692,1.0454449042713712,1.014855761981235,99.44132040520768,0.7227379157297474,0.47763076976696583,1.1102230246251565e-16,5.551115123125783e-17,True,1.030150333126303,0.0009356956260461925,-0.1640374129766481,False,0.04157663228330648,0.18070573268503304,0,False,
497,49.70000000000001,0.11599968251586379,0.37006903800760976,0.48606872052347355,954.3276256512636,1.0502674007938904,1.0215656360659682,99.59513223427889,0.9246159590066472,0.25537940975506324,1.3877787807814457e-17,5.551115123125783e-17,True,1.0359165184299293,0.0008237912984969981,-0.16668497733152085,False,0.029613780510368677,0.18070573268503304,0,False,
498,49.800000000000004,0.12745408501959865,0.37374422626734816,0.5011983112869468,963.8051374815439,1.0551005667858515,1.0283503988533573,99.74477307899426,0.8885638613846584,0.13799848416131233,2.220446049250313e-16,5.551115123125783e-17,True,1.0417254828196043,0.0007155714844166402,-0.1692595938402935,False,0.017633973561806755,0.18070573268503304,0,False,
499,49.900000000000006,0.16306185058790157,0.37409449544869944,0.537156346036601,964.7084055797816,1.059932257328159,1.0351942369700717,99.88920319780424,0.4762082011108388,0.6844252160127319,6.206335383118183e-17,1.3877787807814457e-17,True,1.0475632471491154,0.0006119696512371449,-0.17174346347575598,False,0.005931768891057368,0.18070573268503304,0,False,
500,50.00000000000001,0.18785978359310485,0.3718429365686738,0.5597027201617786,958.9021245367705,1.064718008843132,1.0420495340057223,100.03080673308244,0.4860595609445773,0.2101169733889784,7.850462293418876e-17,6.890416440883599e-32,True,1.0533837714244272,0.0005138597514542789,-0.1741776629137497,False,0.007102468605167162,0.18070573268503304,0,False,
501,50.10000000000001,0.12608176829237294,0.3685202247278316,0.4946019930202045,950.3335727906797,1.0694585463115438,1.048916738741937,100.16765785228769,0.5542866027573964,0.25838755679143316,5.551115123125783e-17,2.7755575615628914e-17,True,1.0591876425267404,0.0004219658582267587,-0.17652915638695316,False,0.018787014013092063,0.18070573268503304,0,False,
502,50.20000000000001,0.11850866275384675,0.3643383015412537,0.48284696429510043,939.5493017076695,1.0741466541030584,1.0557736774489102,100.30035526218006,0.5835572135896422,0.2535698887653388,2.7755575615628914e-17,2.7755575615628914e-17,True,1.0649601657759842,0.0003375662711338776,-0.1788083156869246,False,0.030610389427369905,0.18070573268503304,0,False,
503,50.300000000000004,0.09762731558452997,0.3598454775668209,0.45747279315135086,927.963285057713,1.078777648648956,1.0626142855033334,100.43086688616891,0.5564847673126643,0.21524753197934382,7.850462293418876e-17,2.7755575615628914e-17,True,1.0706959670761447,0.0002612543081772641,-0.18104899730078844,False,0.0423857842510085,0.18070573268503304,0,False,
504,50.400000000000006,0.11592459554935064,0.3538874713386044,0.469812066887955,912.5988817885253,1.083356051834298,1.06943461776562,100.55726429409496,0.7254475866130263,0.1788810469143151,7.850462293418876e-17,1.6653345369377348e-16,True,1.076395334799959,0.00019380632652854745,-0.18321814889608698,False,0.05408190783007873,0.18070573268503304,0,False,
505,50.5,0.22080911686615146,0.34581937926296175,0.5666284961291133,891.7930256824939,1.0878658225945645,1.0762142507831693,100.67857716444934,0.9156105079876786,0.4541267849577129,5.551115123125783e-17,5.546678239835239e-32,True,1.082040036688867,0.00013575912567609925,-0.18529920445877918,False,0.05523353202519778,0.18070573268503304,0,False,
506,50.60000000000001,0.15963004891342525,0.3362847452186082,0.49591479413203343,867.2052765479268,1.092285949205504,1.0829293249995244,100.7970744019437,0.9419827627231468,0.30028220259603605,3.1401849173675503e-16,5.551115123125783e-17,True,1.087607637102514,8.754641653192135e-05,-0.18733115745913342,False,0.0496716029365649,0.18070573268503304,0,False,
507,50.70000000000001,0.1795630473230332,0.32471334943283053,0.5042763967558637,837.3651615111073,1.0966164974041979,1.0895739647561622,100.90972316765979,1.2203963920778378,0.4550344582411391,1.5700924586837752e-16,8.326672684688674e-17,True,1.0930952310801803,4.959726609865145e-05,-0.1892620799259254,False,0.04626680177345579,0.18070573268503304,0,False,
508,50.800000000000004,0.2574706858214314,0.3109962426787857,0.5684669285002171,801.991724192843,1.1008284542959272,1.0961137798471683,101.01788866862016,1.3872523915093915,0.5458730941015957,5.23691153334427e-16,5.551115123125783e-17,True,1.0984711170715478,2.22281551577805e-05,-0.19111546594751017,False,0.045386916912095544,0.18070573268503304,0,False,
509,50.900000000000006,0.1837137642024882,0.29733794052473683,0.481051704727225,766.769931158558,1.1049025283331775,1.1025250113505622,101.1246524737587,1.2119106714292438,0.4870022776721158,3.1401849173675503e-16,2.498001805406602e-16,True,1.1037137698418698,5.652587002623853e-06,-0.1929441663817073,False,0.04703132974525072,0.18070573268503304,0,False,
510,51.000000000000014,0.3669253502761315,0.2806507420011856,0.647576092277317,723.7372726268155,1.10885897671281,1.108823039074392,101.22695478762489,1.9511941553815035,0.7769087249953913,2.220446049250313e-16,2.220446049250313e-16,True,1.108841007893601,1.291513855064818e-09,-0.1946958198586859,False,0.05076669278557784,0.18070573268503304,0,False,
511,51.10000000000001,0.2519250069267722,0.26230784539123636,0.5142328523180086,676.4349285464132,1.11262340555697,1.1149293507607556,101.32531301944248,1.5747137049777415,0.6271797267852407,2.482534153247273e-16,3.8978081524384547e-32,True,1.1137763781588625,5.317383282863235e-06,-0.19637935628135264,False,0.05596988852759038,0.18070573268503304,0,False,
512,51.20000000000001,0.2971848610304234,0.24553022758923507,0.5427150886196584,633.1690983454574,1.1162356379171963,1.1208804039603797,101.4172548002136,1.6616750046886843,0.11051294562028091,9.860761315262648e-32,1.1102230246251565e-16,True,1.118558020938788,2.15738515959098e-05,-0.19795254309064036,False,0.062103861448511634,0.18070573268503304,0,False,
513,51.300000000000004,0.33070247691918386,0.22850809116412069,0.5592105680833046,589.2727077542585,1.1196875949676823,1.1266636868237434,101.50207786502455,1.729665114185856,0.3644035163210603,1.1102230246251565e-16,5.551115123125783e-17,True,1.123175640895713,4.866585758419853e-05,-0.19940347182982318,False,0.06876086892186753,0.18070573268503304,0,False,
514,51.400000000000006,0.39872501759539847,0.21005706688232037,0.6087820844777189,541.6915259064481,1.1229705150428337,1.1322668496630137,101.58214821404016,2.1423169968990807,0.48281192204421086,2.220446049250313e-16,1.1102230246251565e-16,True,1.1276186823529237,8.642183737035686e-05,-0.2007727027378496,False,0.07567962157924976,0.18070573268503304,0,False,
515,51.50000000000001,0.3553266120013231,0.1899011493507791,0.5452277613521022,489.713794874805,1.1260424774763536,1.137646087150521,101.65824393156943,2.243740122768514,0.4271832571287679,9.860761315262648e-32,1.6653345369377348e-16,True,1.1318442823134371,0.00013464375747043134,-0.20207360270882432,False,0.0784193700049851,0.18070573268503304,0,False,
516,51.60000000000001,0.3413835442864517,0.1714365516896771,0.5128200959761288,442.09761023154124,1.1288968053971213,1.1427897357229344,101.72627730064866,1.8966771772384525,0.34706294553006134,3.1401849173675503e-16,2.220446049250313e-16,True,1.1358432705600279,0.00019301351303789642,-0.20323637048166351,False,0.07373661750893469,0.18070573268503304,0,False,
517,51.70000000000001,0.2924051295040474,0.15497553113434986,0.44738066063839727,399.6482155268725,1.1315671376629326,1.1477285586895951,101.78758808060772,1.9524974274970188,0.09032290366818452,2.220446049250313e-16,3.885780586188048e-16,True,1.139647848176264,0.00026119152960104924,-0.2042839961187386,False,0.06993948433753445,0.18070573268503304,0,False,
518,51.800000000000004,0.2880421337192036,0.1389498902451463,0.42699202396434993,358.3215703644665,1.1340494600345223,1.1524528108783194,101.84217129156156,2.078624846701309,0.33677184643693225,4.440892098500626e-16,2.220446049250313e-16,True,1.143251135456421,0.0003386833222798864,-0.20521647008155677,False,0.06704118086756182,0.18070573268503304,0,False,
519,51.90000000000001,0.4979182876939403,0.12130111794716386,0.6192194056411042,312.8092220375928,1.1363340480932578,1.1569530639484973,101.89230290647838,2.768524198175268,0.711625383684737,4.440892098500626e-16,2.9582283945787943e-31,True,1.1466435560208774,0.00042514381483861824,-0.20607273100641912,False,0.06497566329155897,0.18070573268503304,0,False,
520,52.00000000000001,0.4367432062871346,0.1037493381819254,0.54049254446906,267.5469963742573,1.1383498740920506,1.1611568133453594,101.93780593922193,2.36077329386623,0.7177169460522157,4.440892098500626e-16,1.7946856491769592e-31,True,1.149753343718705,0.0005201564781041173,-0.20684979798598205,False,0.06368971404819126,0.18070573268503304,0,False,
521,52.10000000000001,0.5255250061134649,0.08855404915166257,0.6140790552651274,228.36164820406742,1.1401422961380558,1.1651007680862016,101.9754925834625,2.491999973749652,0.4435798142297258,4.965068306494546e-16,8.881784197001252e-16,True,1.1526215321121287,0.0006229253219863763,-0.20749328373969503,False,0.06313309325114666,0.18070573268503304,0,False,
522,52.2,0.4328928473032361,0.07488883211396943,0.5077816794172055,193.12202318760572,1.1417045862164972,1.168776777564836,102.00863005702739,2.341390231361518,0.26366324313922807,4.965068306494546e-16,4.996003610813204e-16,True,1.1552406818906664,0.0007329035444010775,-0.2080590198965288,False,0.06311813670723286,0.18070573268503304,0,False,
523,52.300000000000004,0.5507988773439959,0.06156455074103005,0.612363428085026,158.76159715843565,1.1430472803372471,1.172198464617727,102.03609218832887,2.8261123276182256,0.4847220962567076,4.440892098500626e-16,4.440892098500626e-16,True,1.157622872477487,0.0008497915449544992,-0.20852781161932882,False,0.06354812609200086,0.18070573268503304,0,False,
524,52.40000000000001,0.36155405137157726,0.050515807158495254,0.4120698585300725,130.26928857104917,1.1441286065128042,1.1753130265358454,102.0567559823103,1.997111906218921,0.9577174845429814,4.440892098500626e-16,1.1102230246251565e-16,True,1.1597208165243247,0.0009724680521734476,-0.20888052089193776,False,0.06429968597444939,0.18070573268503304,0,False,
525,52.50000000000001,0.5469480104711185,0.04041358422505496,0.5873615946961734,104.21785103989433,1.1450435636671168,1.1782088425378427,102.07174915664612,3.0866319964827564,1.2511364701082555,4.440892098500626e-16,2.220446049250313e-16,True,1.1616262031024798,0.0010999357225730216,-0.20913642163394522,False,0.0652926348326342,0.18070573268503304,0,False,
526,52.60000000000001,0.4564532514763182,0.03068377328990074,0.48713702476621895,79.12678311977696,1.145676335560864,1.1807757219581145,102.08309587386816,2.5306156085778237,1.0060151519324785,4.440892098500626e-16,4.440892098500626e-16,True,1.163226028759489,0.0012319669254635182,-0.20933007579750176,False,0.06631952563593023,0.18070573268503304,0,False,
527,52.7,0.37505885512080483,0.023249093438104218,0.39830794855890905,59.9543594859566,1.1460814075288532,1.1830634018430277,102.08616675844033,2.5265673850909125,0.11164869801115618,0.0,2.7755575615628914e-16,True,1.1645724046859405,0.0013676679034536337,-0.20938248510303864,False,0.06742295105583189,0.18070573268503304,0,False,
528,52.80000000000001,0.5244536515586428,0.016900868243484836,0.5413545198021276,43.5836663047668,1.1462649239623113,1.1850741849092896,102.08206564298179,2.910242597723718,0.40313211726512965,4.440892098500626e-16,1.1102230246251565e-16,True,1.1656695544358004,0.0015061587352506582,-0.20931249320925263,False,0.06852248907921361,0.18070573268503304,0,False,
529,52.90000000000001,0.5280514846957177,0.011985810193817394,0.5400372948895351,30.908799734651826,1.1461977640407552,1.1867685310805163,102.07113533956154,2.7359613639011133,0.20862843523774943,4.440892098500626e-16,2.7755575615628914e-16,True,1.1664831475606356,0.0016459871381945604,-0.2091259453978665,False,0.06953260301478956,0.18070573268503304,0,False,
530,53.00000000000001,0.5253672491225667,0.008685250116015723,0.5340524992385824,22.397372571423304,1.1458834769054311,1.1881640768757948,102.05299369164449,3.0840442027710924,0.5937162244665961,6.280369834735101e-16,2.220446049250313e-16,True,1.167023776890613,0.0017876491338539196,-0.20881630456120007,False,0.07043675595877945,0.18070573268503304,0,False,
531,53.10000000000001,0.5871329565111653,0.007024922334283276,0.5941578788454486,18.115748044620894,1.1453035777577645,1.1892289227791704,102.03017975161364,3.1167324257343014,0.23766536830819263,9.860761315262648e-32,1.1102230246251565e-16,True,1.1672662502684674,0.0019294359352495464,-0.2084268875382865,False,0.0711454760312669,0.18070573268503304,0,False,
532,53.2,0.4439776397146443,0.007277664519806094,0.4512553042344504,18.767515215175003,1.1444426802578536,1.189961673305676,102.00374491670675,2.7135486038223817,0.7482730607483665,6.661338147750939e-16,4.440892098500626e-16,True,1.1672021767817649,0.0020719787280877007,-0.20797562320291393,False,0.07162755678468365,0.18070573268503304,0,False,
533,53.30000000000001,0.5358250690395359,0.009188567181611575,0.5450136362211474,23.695317902775162,1.1433492430834173,1.1903981278729563,101.97013052045018,2.6511640705666575,0.3469801149267876,1.9721522630525295e-31,1.6653345369377348e-16,True,1.166873685478187,0.002213597559939309,-0.20740173393370162,False,0.0719964284009065,0.18070573268503304,0,False,
534,53.40000000000001,0.5716637632069643,0.012776374429035984,0.5844401376360003,32.94749309193142,1.1420360352961232,1.1905401633556494,101.9266690408399,3.166074592651927,1.1425042873129638,4.440892098500626e-16,1.1102230246251565e-16,True,1.1662880993258862,0.002352650438814938,-0.20665962235051488,False,0.07232761565153799,0.18070573268503304,0,False,
535,53.50000000000001,0.4465994422326327,0.01759360638978485,0.46419304862241756,45.37008743828232,1.140452536820254,1.1903453275459561,101.87968083216337,2.478548347333367,0.8516407996433086,4.965068306494546e-16,2.220446049250313e-16,True,1.165398932183105,0.002489290566398703,-0.20585715755277836,False,0.07249636158444875,0.18070573268503304,0,False,
536,53.60000000000001,0.5849076976159409,0.02435943679431575,0.6092671344102566,62.81769370190692,1.1386719129234528,1.1898821946653186,101.82728417966842,3.2058217474899426,0.775983638358337,4.965068306494546e-16,5.551115123125783e-17,True,1.1642770537943856,0.002622492956081275,-0.2049621640833366,False,0.07264206763015164,0.18070573268503304,0,False,
537,53.7,0.4914470041095128,0.033508258744498906,0.5249552628540117,86.41051729025834,1.1366200392683947,1.1890681365569598,101.76552744180613,3.1028483734048944,0.7886990176666431,9.860761315262648e-32,5.551115123125783e-16,True,1.1628440879126773,0.0027508029091907827,-0.20390706986136412,False,0.07283278237737396,0.18070573268503304,0,False,
538,53.80000000000001,0.5132342083247808,0.043668139846797197,0.556902348171578,112.61064270862985,1.1343075925803014,1.187927229233157,101.70193172878483,3.1060375135642064,0.07580401225265998,4.440892098500626e-16,2.220446049250313e-16,True,1.1611174109067293,0.002875065434784259,-0.2028203097652903,False,0.07301459713415832,0.18070573268503304,0,False,
539,53.900000000000006,0.4006822429645083,0.05442966964040732,0.45511191260491557,140.3622893516546,1.1317409996776568,1.186458859748658,101.63628610670953,2.5983143562577746,0.6796910509176546,4.965068306494546e-16,2.2049332610827516e-31,True,1.1590999297131575,0.0029940442107496685,-0.20169825757448812,False,0.07327734394560138,0.18070573268503304,0,False,
540,54.00000000000001,0.466105291886444,0.06588786996267881,0.5319931618491228,169.91049788771983,1.1289804764911802,1.1847128128195308,101.56667794617283,2.791219926694431,0.2875497246648946,4.440892098500626e-16,1.8814748618090151e-31,True,1.1568466446553556,0.00310609331261639,-0.2005081862367015,False,0.0737757764619315,0.18070573268503304,0,False,
541,54.1,0.40973457450573614,0.07845037470001531,0.48818494920575145,202.30646752290062,1.1260017026973088,1.1826707727668875,101.49404109877464,2.5282172772654112,0.3516194432643376,2.220446049250313e-16,2.220446049250313e-16,True,1.1543362377320983,0.0032113835025508164,-0.19926601877279196,False,0.07457114908571386,0.18070573268503304,0,False,
542,54.20000000000001,0.4633388950294902,0.09241462700472598,0.5557535220342162,238.31723950668297,1.1228353382009237,1.1803586016682752,101.41735470430079,2.829639208331787,0.30142193106637594,4.965068306494546e-16,1.1102230246251565e-16,True,1.1515969699345994,0.0033089258399343338,-0.19795425224145827,False,0.07578256515543817,0.18070573268503304,0,False,
543,54.30000000000001,0.39605231743474745,0.10728267598003256,0.50333499341478,276.65870669092027,1.1194538294379368,1.1777443671030787,101.33621323718243,2.3315812331158523,0.6429615542166243,9.860761315262648e-32,1.77767402686456e-31,True,1.1485990982705077,0.0033977867812913284,-0.19656589296960672,False,0.07750237135099039,0.18070573268503304,0,False,
544,54.400000000000006,0.3446488962827917,0.12235251985098887,0.4670014161337806,315.52055905698944,1.115903265929961,1.1748775143662158,101.24894581107687,2.5108142313196518,0.3198396668948824,2.220446049250313e-16,2.220446049250313e-16,True,1.1453903901480884,0.0034779619786210973,-0.1950722764483866,False,0.07984307793115346,0.18070573268503304,0,False,
545,54.50000000000001,0.36404218100511887,0.13817173541394195,0.5022139164190609,356.314878163329,1.1121658563429455,1.171741900477294,101.15691423906591,2.4175331035144034,0.34068582156591765,2.220446049250313e-16,1.1102230246251565e-16,True,1.1419538784101197,0.003549305034697837,-0.19349662948406388,False,0.0828371990908607,0.18070573268503304,0,False,
546,54.6,0.344329846196878,0.15444877027694112,0.49877861647381916,398.28981375123794,1.1082763509067344,1.1683465874514127,101.05964969525404,2.4113940181823064,0.12253753297372016,4.965068306494546e-16,5.082120056479053e-32,True,1.1383114691790737,0.0036084333185336112,-0.19183084772966488,False,0.08378959821655935,0.18070573268503304,0,False,
547,54.70000000000001,0.31209315050323383,0.17138460431821873,0.48347775482145255,441.9636492497482,1.104231794136669,1.1646904763781523,100.95587738254159,2.389054650550943,0.22108520387618347,6.661338147750939e-16,1.1102230246251565e-16,True,1.1344611352574105,0.003655252258376637,-0.1900530025537098,False,0.07614532220937685,0.18070573268503304,0,False,
548,54.80000000000001,0.411102669810696,0.18870519257637391,0.59980786238707,486.62968225883367,1.1000411922866273,1.1607795588308047,100.84767563027096,2.543291086167361,0.320739829550692,4.440892098500626e-16,1.1102230246251565e-16,True,1.130410375558716,0.00368914917045485,-0.1881986076220056,False,0.06822032681996583,0.18070573268503304,0,False,
549,54.900000000000006,0.42166615420178255,0.20698880892814164,0.6286549631299242,533.7791554361663,1.0957062785675482,1.1566005455017845,100.73668542125954,2.351120366605306,0.5118175328898604,0.0,1.1102230246251565e-16,True,1.1261534120346663,0.003708111745457967,-0.18629572597031366,False,0.060078165922502716,0.18070573268503304,0,False,
550,55.00000000000001,0.38678247648403097,0.22516801605672435,0.6119504925407553,580.659379917108,1.0912315810381101,1.152168444248524,100.61950640700958,2.1280304943453263,0.22308987225997967,9.860761315262648e-32,1.1102230246251565e-16,True,1.1217000126433172,0.003713301297924697,-0.18428598129527454,False,0.05182367280558623,0.18070573268503304,0,False,
551,55.10000000000001,0.2910550758545518,0.2416035749089458,0.5326586507634976,623.043114422802,1.086637417562676,1.1475070475332583,100.49622786001498,1.9053356402115915,0.2751585336525535,2.482534153247273e-16,1.1102230246251565e-16,True,1.1170722325479672,0.0037051118527555997,-0.18217079126897018,False,0.04369007902775958,0.18070573268503304,0,False,
552,55.20000000000001,0.1902847660048823,0.2567817957799993,0.44706656178488163,662.1844475196418,1.0819498264956735,1.1426425070400181,100.36852744565682,1.9158273936783397,0.11898803614262454,0.0,1.438761192337226e-31,True,1.112296166767846,0.0036836014716579222,-0.17997884253250304,False,0.03610066542540475,0.18070573268503304,0,False,
553,55.30000000000001,0.2642911221087779,0.2717916151671074,0.5360827372758854,700.891509786382,1.0771761103472042,1.13757555266141,100.23743621216953,1.705049716219422,0.4984869597123802,2.220446049250313e-16,2.7755575615628914e-16,True,1.107375831504307,0.0036480926318670738,-0.17772776128060283,False,0.02980146671868449,0.18070573268503304,0,False,
554,55.400000000000006,0.23747391677903518,0.2868751059900149,0.5243490227690502,739.788554675779,1.0723296707403354,1.1323237512834985,100.09983277316383,1.7841521972445826,0.3284462361819882,9.860761315262648e-32,5.551115123125783e-17,True,1.102326711011917,0.003599289700219518,-0.1753638526622826,False,0.02610700638919671,0.18070573268503304,0,False,
555,55.50000000000001,0.14581075104619678,0.30004874102532986,0.44585949207152664,773.7604965386643,1.0674020643091424,1.126882972394904,99.95819612279568,1.5272963005061437,0.4016248276218152,1.1102230246251565e-16,1.1102230246251565e-16,True,1.0971425183520231,0.003537978426706855,-0.17292960070936703,False,0.026486959340585498,0.18070573268503304,0,False,
556,55.60000000000001,0.18816783140167548,0.31292348635317535,0.5010913177548508,806.9616668006704,1.0624307278458716,1.12128455602129,99.81550645129502,1.888951401195418,0.37331889004111396,2.7755575615628914e-16,2.465190328815662e-32,True,1.091857641933581,0.0034637730909016593,-0.170476182373286,False,0.031045817008993327,0.18070573268503304,0,False,
557,55.70000000000001,0.25277757927425415,0.32579213557712644,0.5785697148513806,840.1471165355377,1.0573807328339413,1.1154971571579961,99.67240386412371,1.435893393458096,0.6659550691961322,2.220446049250313e-16,1.6653345369377348e-16,True,1.0864389449959688,0.003377518776213593,-0.16801460243858504,False,0.0385348909034248,0.18070573268503304,0,False,
558,55.800000000000004,0.145214598854293,0.3363418737630268,0.4815564726173198,867.3525986488123,1.0523059139070277,1.1095586391941854,99.52602900430229,1.4666574393937841,0.29070783049989324,2.220446049250313e-16,2.220446049250313e-16,True,1.0809322765506066,0.0032778745528067523,-0.16549565030088503,False,0.0477180703711076,0.18070573268503304,0,False,
559,55.900000000000006,0.13974922120568767,0.34486937035517085,0.4846185915608585,889.3431591651523,1.0472013399045663,1.1034762414119605,99.37918358490839,1.0899298364815342,0.4707316517544362,5.551115123125783e-17,1.1102230246251565e-16,True,1.0753387906582634,0.003166864539666921,-0.1629675150232269,False,0.05384999591613082,0.18070573268503304,0,False,
560,56.0,0.10537616143240114,0.35092243130974043,0.4562985927421416,904.95268791632,1.0421062449920182,1.0972806405301914,99.23017547748434,0.7601758661361566,0.5186568394149708,2.2887833992611187e-16,5.551115123125783e-17,True,1.0696934427611047,0.0030442139230027823,-0.16040105209685884,False,0.04430430308924011,0.18070573268503304,0,False,
561,56.10000000000001,0.16003243822728797,0.35599095980379425,0.5160233980310822,918.0233214103241,1.0370309352913687,1.0910034437813236,99.0768415732073,0.9385640679372529,0.4379360497035738,1.2412670766236366e-16,5.551115123125783e-17,True,1.0640171895363462,0.002913031672698258,-0.15775895077256025,False,0.03606183804655065,0.18070573268503304,0,False,
562,56.20000000000001,0.16132388650913576,0.36105315073618593,0.5223770372453217,931.07761171008,1.031981960060306,1.0846300463093599,98.92198960846673,0.9150080456440252,0.04514437471675137,1.1102230246251565e-16,4.930380657631324e-32,True,1.0583060031848328,0.0027718209856878446,-0.15508954506906344,False,0.030258847119161072,0.18070573268503304,0,False,
563,56.300000000000004,0.18241728693909387,0.36473410685418906,0.5471513937932829,940.5699975933545,1.026955871864425,1.0781626656834287,98.76533599989399,0.8939864632954939,0.6338771419762215,1.6653345369377348e-16,1.1102230246251565e-16,True,1.0525592687739267,0.0026221357332219582,-0.15238792922856054,False,0.028536068037082075,0.18070573268503304,0,False,
564,56.400000000000006,0.16141153231201355,0.36662641287857733,0.5280379451905909,945.4498435944753,1.021987041643198,1.0716359164456748,98.6039220129781,0.8798823573319062,0.07098799784264154,5.551115123125783e-17,4.4441850671614e-32,True,1.0468114790444365,0.0024650107691520174,-0.14960302548444102,False,0.031705997670075266,0.18070573268503304,0,False,
565,56.500000000000014,0.15828600442438234,0.36662916861556355,0.524915173039946,945.4569500412862,1.0170805836132208,1.0650528831834178,98.43839326218101,0.7394473366610088,0.4090896149170574,1.4946834900704541e-16,5.551115123125783e-17,True,1.0410667333983192,0.002301341526052723,-0.14674589606149868,False,0.03859679501362297,0.18070573268503304,0,False,
566,56.60000000000001,0.12275988697700324,0.3659721202543569,0.4887320072313601,943.7625651074255,1.0122499281882398,1.0584318219760958,98.27292974791445,0.6422200670905039,0.1808395719751429,6.206335383118183e-17,2.7755575615628914e-17,True,1.0353408750821678,0.0021327673138328103,-0.14388866857666543,False,0.047549756390385424,0.18070573268503304,0,False,
567,56.70000000000001,0.17693908551672655,0.3651706043562315,0.542109689872958,941.6956297915237,1.0074787013954933,1.051766825799331,98.10569392091072,0.8195271184895297,0.2553075540299281,8.355534721610419e-17,2.7755575615628914e-17,True,1.0296227635974122,0.0019614379632097918,-0.14099961748327253,False,0.05763344273724859,0.18070573268503304,0,False,
568,56.800000000000004,0.1994532756870353,0.3613967335796665,0.5608500092667018,931.9636371960235,1.0027921663773167,1.045070070147227,97.93716256646685,1.1726082468399714,0.5806875330683027,3.1031676915590914e-16,1.1102230246251565e-16,True,1.023931118262272,0.001787421147177801,-0.138086970575485,False,0.06831285420466866,0.18070573268503304,0,False,
569,56.900000000000006,0.17999473863157323,0.3543557621216826,0.5343505007532559,913.8065019491728,0.9982237275080708,1.038384277082227,97.76562168776728,1.3322728869171536,0.26632995133559867,1.942890293094024e-16,5.551115123125783e-17,True,1.0183040022951488,0.0016128697420982542,-0.13512108473232323,False,0.07692317121437135,0.18070573268503304,0,False,
570,57.000000000000014,0.15895543771730458,0.34683326363117534,0.5057887013484799,894.4076131308561,0.9937934545608506,1.0317375566923341,97.59130891082273,1.1934473112518522,0.14493651517314188,8.44865542934803e-17,9.71445146547012e-17,True,1.0127655056265923,0.001439754886564457,-0.13210603311260818,False,0.06968157259617473,0.18070573268503304,0,False,
571,57.10000000000001,0.17547365120277014,0.3379996605507606,0.5134733117535307,871.6276705043007,0.9894873857037193,1.0251157017432826,97.41428965695292,1.5510423918301646,0.41015583827705093,1.6653345369377348e-16,1.3877787807814457e-16,True,1.007301543723501,0.0012693769038150029,-0.12904291690707315,False,0.0637575535134627,0.18070573268503304,0,False,
572,57.20000000000001,0.14415223854233905,0.32685943643688053,0.4710116749792196,842.8994535071158,0.9853410102256828,1.018561843197857,97.23492559111462,1.539551439912667,0.28429378823935086,2.0014830212433605e-16,2.7755575615628914e-17,True,1.00195142671177,0.0011036237433650934,-0.1259379701855067,False,0.05948099007120482,0.18070573268503304,0,False,
573,57.300000000000004,0.2593631332176234,0.3134784838905257,0.5728416171081491,808.3928848374816,0.9813500998033782,1.0120745585049677,97.05600922430298,2.0148891043266737,0.553623926393082,1.1102230246251565e-16,1.3877787807814457e-16,True,0.996712329154173,0.0009439923625056833,-0.12283954392233949,False,0.057146307520121294,0.18070573268503304,0,False,
574,57.40000000000001,0.2252522734125808,0.2969266983355769,0.5221789717481577,765.7094269238305,0.9775637783908485,1.0056980990296116,96.87637901853792,2.252891799340902,0.23800269501422822,6.280369834735101e-16,1.6653345369377348e-16,True,0.9916309387102301,0.0007915399978047244,-0.11972755062431047,False,0.05682004509345689,0.18070573268503304,0,False,
575,57.50000000000001,0.1823829670706325,0.2812881214376556,0.4636710885082881,725.3809356782293,0.9740043225094327,0.9994570531967294,96.69752166281064,1.7933001936252322,0.4595916057156697,3.510833468576701e-16,1.6653345369377348e-16,True,0.986730687853081,0.0006478414994400607,-0.11662777725080889,False,0.05836779715618146,0.18070573268503304,0,False,
576,57.60000000000001,0.3109586531075429,0.2654098647458025,0.5763685178533454,684.4343623312695,0.9706243265603652,0.9933201484608305,96.5203628375988,2.3811492484191943,0.9257526023523538,4.742874840267547e-16,2.7755575615628914e-16,True,0.9819722375105979,0.0005151003317376387,-0.11355632061913432,False,0.061522804722721515,0.18070573268503304,0,False,
577,57.7,0.19160940974565466,0.2484612306878937,0.4400706404335484,640.7275183715658,0.9674866716209567,0.9873489142290107,96.3416171843783,2.0880749628645408,0.46604502620615795,9.860761315262648e-32,1.1102230246251565e-16,True,0.9774177929249837,0.00039450868142119677,-0.11045625247114108,False,0.06183788145851635,0.18070573268503304,0,False,
578,57.800000000000004,0.2889361153500669,0.23190667802502754,0.5208427933750944,598.0369246879435,0.9645586589994167,0.9815262948784842,96.16403218451032,2.264997445133415,0.20124744174578524,4.440892098500626e-16,1.1102230246251565e-16,True,0.9730424769389504,0.00028790066732462135,-0.10737524943402008,False,0.05233051852167807,0.18070573268503304,0,False,
579,57.90000000000001,0.4786103192879724,0.21056013291707018,0.6891704522050426,542.9888238838021,0.9618574700780775,0.9758735555925581,95.9881347284458,3.3566890045687465,1.0916915594353314,2.220446049250313e-16,1.1024666305413758e-31,True,0.9688655128353179,0.0001964506531492308,-0.10432250742252039,False,0.0432013927086473,0.18070573268503304,0,False,
580,58.00000000000001,0.3356146384898563,0.18703803256756116,0.5226526710574174,482.3304389031701,0.9594912509734673,0.9704987579589487,95.81543205507663,3.0903182185134206,0.26637078605532594,4.440892098500626e-16,3.3306690738754696e-16,True,0.964995004466208,0.00012116521003542102,-0.10132425485486067,False,0.034652568168491396,0.18070573268503304,0,False,
581,58.10000000000001,0.2734069358196082,0.1679045923220584,0.4413115281416666,432.98945458754764,0.9574354697331876,0.9653925726550235,95.64391164373544,2.528264406793377,0.5620538117200438,9.155133597044475e-16,2.220446049250313e-16,True,0.9614140211941056,6.331548690868996e-05,-0.0983456160549965,False,0.026627645968734615,0.18070573268503304,0,False,
582,58.2,0.2659213077606669,0.15135770810926336,0.41727901586993027,390.31863617015176,0.9556353927765054,0.9605129465642687,95.47199132679492,2.550086946791419,0.17577625593119328,4.440892098500626e-16,3.885780586188048e-16,True,0.958074169670387,2.379053095252336e-05,-0.0953591480598348,False,0.019019378036980276,0.18070573268503304,0,False,
583,58.30000000000001,0.5406139653339245,0.13030354941091526,0.6709175147448397,336.0245363750042,0.9540908500824274,0.9558712552172077,95.30167103008957,4.1187080490991566,1.5686211023077377,4.440892098500626e-16,1.1102230246251565e-16,True,0.9549810526498176,3.1698424439519973e-06,-0.09239962769515632,False,0.011853157375367908,0.18070573268503304,0,False,
584,58.40000000000001,0.5755307307336883,0.10681767615472501,0.6823484068884134,275.45957319517265,0.9529565008061969,0.9516319840781114,95.13573170579849,3.9068729480411,0.44382016093610366,4.440892098500626e-16,2.220446049250313e-16,True,0.9522942424421541,1.7543445629778205e-06,-0.08951544651946343,False,0.005422894939098774,0.18070573268503304,0,False,
585,58.50000000000001,0.3953695986356711,0.08849796103940413,0.4838675596750752,228.21700915161648,0.952206823039687,0.947784323690399,94.97762940422378,3.0014408697577664,0.9054320782833338,6.280369834735101e-16,1.1102230246251565e-16,True,0.949995573365043,1.9558500494453378e-05,-0.0867667813066125,False,0.00048287600997363057,0.18070573268503304,0,False,
586,58.60000000000001,0.5396739264154942,0.07333471080692701,0.6130086372224212,189.11428207824724,0.9517538472073548,0.9442521674035799,94.8246038125248,3.618366321621604,0.7390810395098351,6.280369834735101e-16,2.220446049250313e-16,True,0.9480030073054673,5.62751998783645e-05,-0.0841057471134494,False,0.005473424689832391,0.18070573268503304,0,False,
587,58.7,0.4085482758617871,0.059768561892674696,0.4683168377544618,154.13013222266366,0.9516495492551087,0.9411011633667249,94.67582703039712,3.6177065732932183,0.14840716341066607,2.220446049250313e-16,1.7256332301709633e-31,True,0.9463753563109167,0.00011126844485025458,-0.08151802211999348,False,0.010021636559489795,0.18070573268503304,0,False,
588,58.80000000000001,0.4892871561741374,0.04864164953590729,0.5379288057100448,125.43624335416236,0.9518807955994999,0.9383295237627542,94.52980775130095,3.892684950206445,0.2749783769132268,9.930136612989092e-16,1.1102230246251565e-16,True,0.9451051596811271,0.00018363696839337578,-0.07897772475287593,False,0.014025416774262908,0.18070573268503304,0,False,
589,58.90000000000001,0.5131277556849606,0.039003885142118534,0.5521316408270791,100.58254346068036,0.9524583873608033,0.9359656131948069,94.3867174905593,4.185880434613567,0.574122184797794,4.440892098500626e-16,2.220446049250313e-16,True,0.9442120002778052,0.00027201159969056094,-0.0764878857860598,False,0.017490505692215785,0.18070573268503304,0,False,
590,59.00000000000001,0.5275412821367619,0.03195398922541394,0.5594952713621758,82.4023939742516,0.9533977906731192,0.9340453652186701,94.25288896764033,4.478519103906871,0.636438721070447,8.881784197001252e-16,2.106259540232157e-31,True,0.9437215779458947,0.00037451637097001147,-0.07415877344731997,False,0.02033071781230754,0.18070573268503304,0,False,
591,59.10000000000001,0.5986375954570397,0.028748683286206122,0.6273862787432458,74.1366065338357,0.9547177043334057,0.9325948447712432,94.12423957682911,4.740379634153586,0.38804063193396665,2.220446049250313e-16,2.220446049250313e-16,True,0.9436562745523245,0.0004894209152071662,-0.07191941564328501,False,0.022651143262981625,0.18070573268503304,0,False,
592,59.20000000000001,0.4936287782912028,0.02886128023749296,0.5224900585286958,74.42696960164504,0.956418371469508,0.9316394602214582,93.99926819172084,4.290947908900346,0.7418309377531118,4.440892098500626e-16,1.1102230246251565e-16,True,0.9440289158454831,0.0006139944426387325,-0.0697437323875514,False,0.024565872594207953,0.18070573268503304,0,False,
593,59.30000000000001,0.5263140295730913,0.03159985403714471,0.557913883610236,81.4891562843328,0.9584556219971008,0.9311357608619181,93.88162669561049,4.402683723957535,0.2714610552251129,4.440892098500626e-16,9.860761315262648e-32,True,0.9447956914295095,0.0007463748124456661,-0.06769535511066908,False,0.026180090682368776,0.18070573268503304,0,False,
594,59.400000000000006,0.7176291371254598,0.03821377576795328,0.7558429128934131,98.54502309120696,0.960822628420321,0.9310974690478049,93.77408366853355,5.25859394736421,0.8559102234066742,3.944304526105059e-31,3.3306690738754696e-16,True,0.9459600487340629,0.0008835850997214868,-0.06582256277304807,False,0.02757779735075555,0.18070573268503304,0,False,
595,59.50000000000001,0.6106824635582191,0.04979605353306255,0.6604785170912817,128.413200387852,0.9635827439087783,0.9316139670222313,93.67802728784876,4.933662276298987,0.6029669987355557,2.220446049250313e-16,2.968482249915787e-31,True,0.9475983554655047,0.0010220026956218203,-0.06414960669676031,False,0.02887602986806924,0.18070573268503304,0,False,
596,59.60000000000001,0.4412152162802455,0.06326014809284444,0.5044753643730899,163.13417424169955,0.9667024401709057,0.9326457724217065,93.58724555671097,4.07188870986509,1.1906029672086649,1.2560739669470201e-15,3.242451635430396e-31,True,0.9496741062963061,0.0011598566181793403,-0.06256835020986182,False,0.030477761787869262,0.18070573268503304,0,False,
597,59.70000000000001,0.4302212635134359,0.07801110598040986,0.5082323694938458,201.17368895687716,0.9700996432486948,0.934106994049141,93.505564576749,4.116222120754579,0.37776751302691425,0.0,1.1102230246251565e-16,True,0.9521033186489178,0.0012954707964021412,-0.061145478283815585,False,0.03254995593041767,0.18070573268503304,0,False,
598,59.80000000000001,0.45309463850222154,0.09439276455008039,0.5474874030523019,243.4184263474769,0.9737786594441648,0.935998333643211,93.42884809722398,3.7380613524114557,0.6571297766908764,4.965068306494546e-16,5.551115123125783e-16,True,0.9548884965436879,0.001427353017626216,-0.05980897408037321,False,0.03535707396958786,0.18070573268503304,0,False,
599,59.900000000000006,0.46311639093656354,0.11363973419129529,0.5767561251278588,293.0521783024428,0.9776953623851118,0.9382834762807142,93.36038339934308,4.474968191552573,0.7369068391411178,2.220446049250313e-16,3.3306690738754696e-16,True,0.957989419332913,0.0015532967663060093,-0.058616136387765104,False,0.03893420902613106,0.18070573268503304,0,False,
600,60.00000000000001,0.5215851075296647,0.13609544902016504,0.6576805565498297,350.9605867721524,0.9818958010093766,0.9410388340487428,93.3006133180287,4.0345439204029825,0.47742233830113134,0.0,4.440892098500626e-16,True,0.9614673175290597,0.0016692917492223212,-0.057574713625341827,False,0.043397389887403666,0.18070573268503304,0,False,
601,60.1,0.41781776270335824,0.15754558190366144,0.5753633446070197,406.2758179377229,0.9863373408643628,0.9442150323242054,93.24531028216725,3.466086075741633,0.9298571477000066,1.9721522630525295e-31,1.1102230246251565e-16,True,0.9652761865942842,0.0017742888767522183,-0.0566110679997893,False,0.048821012680740246,0.18070573268503304,0,False,
602,60.20000000000001,0.38430463807676896,0.1785308196556148,0.5628354577323837,460.3921855900124,0.990973081763376,0.9477570360986203,93.19874832798159,3.311244309760215,0.15484176598141808,4.440892098500626e-16,1.1102230246251565e-16,True,0.9693650589309981,0.0018676266028982479,-0.05579969324471948,False,0.05505318245550114,0.18070573268503304,0,False,
603,60.30000000000001,0.4141098763047695,0.2001679362472044,0.6142778125519739,516.1896071034724,0.9957985382660479,0.951647797265293,93.15980161278875,3.226931464499365,0.20920935716105804,4.440892098500626e-16,2.220446049250313e-16,True,0.9737231677656705,0.0019492879309157389,-0.055120991051994576,False,0.06206059585648862,0.18070573268503304,0,False,
604,60.400000000000006,0.3462312203692174,0.2220192704112281,0.5682504907804455,572.5394491824962,1.000794952086008,0.9558768974115083,93.12657191629413,3.0171071198122794,0.20982434468708577,2.220446049250313e-16,2.220446049250313e-16,True,0.9783359247487582,0.002017631635741346,-0.054541895935791236,False,0.06702650239867747,0.18070573268503304,0,False,
605,60.50000000000001,0.21070849067145914,0.2415993204028088,0.45230781107426793,623.0321429760635,1.0059552131110372,0.9604218993171034,93.09821794642166,2.376904937214663,0.6731133884222986,1.1102230246251565e-16,2.220446049250313e-16,True,0.9831885562140703,0.0020732826650568395,-0.05404775576974129,False,0.0614839589348911,0.18070573268503304,0,False,
606,60.600000000000016,0.3039011845291911,0.260834131992746,0.5647353165219371,672.634541958971,1.011223849815782,0.9652167365241676,93.07482091869991,2.7562129954779624,0.3793080582632995,9.860761315262648e-32,4.440892098500626e-16,True,0.9882202931699748,0.002116654473427436,-0.05363999297739194,False,0.05687362590577369,0.18070573268503304,0,False,
607,60.70000000000001,0.26648007104185023,0.2808231951254174,0.5473032661672677,724.1819917567118,1.0166269847869194,0.9703021535328386,93.05808819879361,2.450809605198044,0.4206433686953377,4.965068306494546e-16,1.1102230246251565e-16,True,0.9934645691598789,0.0021459899907190633,-0.053348370078975076,False,0.053595503480495056,0.18070573268503304,0,False,
608,60.80000000000001,0.22587727692492132,0.29823306312209513,0.5241103400470164,769.078257809182,1.0221247236428357,0.9756448397495286,93.04601186717896,2.121696116100701,0.32911348909734306,2.220446049250313e-16,6.162975822039155e-32,True,0.9988847816961821,0.002160379606735303,-0.05313789729433045,False,0.052195866153468884,0.18070573268503304,0,False,
609,60.900000000000006,0.20150520477898803,0.3121074572948929,0.513612662073881,804.8573051987223,1.0276978312324738,0.9812100894730117,93.03776520764133,1.573150807835033,0.6431238099553056,2.482534153247273e-16,5.551115123125783e-17,True,1.0044539603527427,0.0021611101338944393,-0.052994168731738386,False,0.0530405747910206,0.18070573268503304,0,False,
610,61.00000000000001,0.2860956527953106,0.32435226556509117,0.6104479183604017,836.4340046869214,1.033304864161691,0.9869420895916052,93.03424075699148,1.6980235588987764,0.12487275106374351,9.860761315262648e-32,5.546678239835239e-32,True,1.010123476876648,0.0021495068658365798,-0.052932741800456,False,0.056152518637239524,0.18070573268503304,0,False,
611,61.10000000000001,0.2157430693175133,0.3356409041881302,0.5513839735056435,865.5449504497994,1.0389557167123582,0.9928540708965642,93.03572528272879,1.3252516086566106,0.39043892772812994,0.0,1.6653345369377348e-16,True,1.0159048938044613,0.0021253617469249174,-0.052958615321071774,False,0.06130618209892107,0.18070573268503304,0,False,
612,61.20000000000001,0.1519229857212816,0.3443614565179541,0.4962844422392357,888.0333597587601,1.0446197780213289,0.9989075869808984,93.04220149661485,1.1114189571697486,0.21383265148686204,2.482534153247273e-16,8.715763992105247e-32,True,1.0217636825011136,0.00208960440971681,-0.05307148762203958,False,0.0681078955440724,0.18070573268503304,0,False,
613,61.300000000000004,0.14694331743019062,0.35131571021721836,0.498259027647409,905.9668687513685,1.0502934060425615,1.005079388731531,93.05232467392962,0.9443911247363259,0.2631292904888025,1.1102230246251565e-16,1.1102230246251565e-16,True,1.0276863973870463,0.0020443073614021634,-0.053247920571380856,False,0.06150871467378674,0.18070573268503304,0,False,
614,61.400000000000006,0.14281978172031295,0.3573588558735721,0.500178637593885,921.5508281032292,1.0559540257115794,1.0113531484875533,93.06701175599086,0.9314081718201569,0.12049257965966464,1.1102230246251565e-16,5.551115123125783e-17,True,1.0336535870995665,0.0019892382491526464,-0.053503893097920224,False,0.05320768196305529,0.18070573268503304,0,False,
615,61.500000000000014,0.2148686572608658,0.36263361809611344,0.5775022753569792,935.1532935643072,1.0616068486432733,1.0177267177757205,93.08530232783991,0.7770063804800397,0.21941488435047374,2.220446049250313e-16,1.1102230246251565e-16,True,1.0396667832094968,0.0019254658849535524,-0.0538226638140965,False,0.04640376728662469,0.18070573268503304,0,False,
616,61.60000000000001,0.21586007597895596,0.36471372848128086,0.5805738044602369,940.5174461982505,1.067234721677743,1.024184783903704,93.10778493734482,1.056146820859051,0.5195601188520367,5.551115123125783e-17,1.3877787807814457e-16,True,1.0457097527907235,0.0018532971423486284,-0.05421448644721703,False,0.04191076485584176,0.18070573268503304,0,False,
617,61.70000000000001,0.09107232911219709,0.3641902417058777,0.4552625708180748,939.1674875685851,1.0728014673518298,1.030683529155838,93.13522424762922,0.9532016591286934,0.10294516173035761,1.2412670766236366e-16,9.62687598334037e-32,True,1.051742498253834,0.0017739207178813802,-0.05469268219964328,False,0.0405401626904663,0.18070573268503304,0,False,
618,61.800000000000004,0.11647107663081613,0.36369780272274604,0.4801688793535622,937.8975944478844,1.0783097553154672,1.0372118035101707,93.16678735459612,1.0416503897034708,0.10232859321410159,1.2412670766236366e-16,2.7755575615628914e-17,True,1.057760779412819,0.0016890416425904753,-0.055242729473736034,False,0.04259639320099828,0.18070573268503304,0,False,
619,61.900000000000006,0.2308813400295966,0.3619053493529874,0.5927866893825839,933.2752467430835,1.0837595283411565,1.0437766230551349,93.2033719967441,1.2509853475489103,0.3153790393603971,2.2247786310271853e-16,2.7755575615628914e-16,True,1.0637680756981456,0.0015986327151109791,-0.055880265577167805,False,0.047608627178881896,0.18070573268503304,0,False,
620,62.000000000000014,0.21155724386942398,0.3594396769723481,0.570996920841772,926.9168135131167,1.0891245629497557,1.0503481357065574,93.24504924270423,1.0558017437505103,0.19518360379840005,5.551115123125783e-17,5.551115123125783e-17,True,1.0697363493281564,0.0015036113097470511,-0.056606519307513974,False,0.05472073239886843,0.18070573268503304,0,False,
621,62.10000000000001,0.18994967960657938,0.35586145093421007,0.5458111305407894,917.6893461805225,1.0944244752056118,1.0569384879194894,93.29135591300061,1.275090756959025,0.35806338107723773,5.551115123125783e-17,1.1102230246251565e-16,True,1.0756814815625506,0.0014051992428153303,-0.05741340869250521,False,0.06322068181091191,0.18070573268503304,0,False,
622,62.20000000000001,0.11583572306619438,0.34929512810563895,0.46513085117183334,900.7562265983296,1.0996268027648153,1.0635104374312172,93.34191494835171,1.4144285965342922,0.2997736055033471,1.2412670766236366e-16,1.1102230246251565e-16,True,1.0815686200980164,0.001304391844909925,-0.058294352295217976,False,0.061792690109751844,0.18070573268503304,0,False,
623,62.300000000000004,0.18752086065836582,0.34055159554191666,0.5280724562002825,878.2085562602074,1.1047189127013302,1.0700410929777617,93.39741157188021,1.6821901476141168,0.3706455140492926,1.1102230246251565e-16,3.697785493223493e-32,True,1.087380002839546,0.0012025511807803113,-0.05926127644089321,False,0.055160717041510925,0.18070573268503304,0,False,
624,62.400000000000006,0.13876682526001205,0.33021737417152014,0.4689841994315322,851.558845178022,1.1096772332707947,1.0765047987786651,93.45888755683886,1.398183219761856,0.2840069278522608,1.3877787807814457e-16,1.1966334510035133e-31,True,1.0930910160247298,0.0011004104101346287,-0.06033231475417402,False,0.0503744431421931,0.18070573268503304,0,False,
625,62.500000000000014,0.1742559431811228,0.319587441437056,0.4938433846181788,824.1465587518736,1.1145065464239479,1.0828893468207421,93.52356547459078,1.6175588441448006,0.21937562438294456,2.0014830212433605e-16,1.1102230246251565e-16,True,1.098697946622345,0.0009996473107489537,-0.06145906233277947,False,0.04789059967179246,0.18070573268503304,0,False,
626,62.60000000000001,0.2197575979537656,0.3083655156093633,0.5281231135631289,795.2076507901751,1.119197446811084,1.0891963297312075,93.59298445966873,1.6582544403337554,0.16516692611785133,1.5700924586837752e-16,6.162975822039155e-32,True,1.1041968882711457,0.0009000670260404518,-0.0626683163971469,False,0.047905959919090614,0.18070573268503304,0,False,
627,62.70000000000001,0.338735993488653,0.2942181436671482,0.6329541371558012,758.724653056812,1.123739010712055,1.0954083491219324,93.66669410998911,2.05250576656108,0.5305663429008798,3.885780586188048e-16,1.232595164407831e-31,True,1.1095736799169937,0.0008026263861340509,-0.06395221158744445,False,0.050277374185411616,0.18070573268503304,0,False,
628,62.800000000000004,0.186070383014177,0.27890940724065577,0.46497979025483277,719.2467487061241,1.1280854894608194,1.1014782028775438,93.74518902640749,1.6364474772461448,0.43099957821719714,4.965068306494546e-16,1.1102230246251565e-16,True,1.1147818461691816,0.0007079476993245579,-0.06531934145076053,False,0.0545053835268029,0.18070573268503304,0,False,
629,62.90000000000001,0.314304139104283,0.26402959391572783,0.5783337330200109,680.8749438208407,1.1322625741993826,1.107420501147545,93.825830313445,2.0607320000560123,0.4422434913953259,1.9721522630525295e-31,1.1102230246251565e-16,True,1.1198415376734638,0.0006171285935128309,-0.06672372651547527,False,0.06008038842477609,0.18070573268503304,0,False,
630,63.00000000000001,0.24295429953480085,0.25014368442606244,0.4930979839608633,645.0662009316065,1.136249216008889,1.1132153290382725,93.91091830636488,1.5768104592610594,0.48392154079495286,1.3877787807814457e-16,2.220446049250313e-16,True,1.1247322725235809,0.0005305599489751408,-0.06820540853923801,False,0.06648472688656056,0.18070573268503304,0,False,
631,63.10000000000001,0.2307258698268111,0.2366467663576198,0.4673726361844309,610.2605823821249,1.1400763480103384,1.1188908964950943,93.99853242614365,2.0322278978869552,0.4554174386258958,2.618455766672135e-16,1.1102230246251565e-16,True,1.1294836222527165,0.0004488233559047582,-0.06973092211984229,False,0.07343187263120696,0.18070573268503304,0,False,
632,63.20000000000001,0.357151481604123,0.22061880224253166,0.5777702838466547,568.9279461250458,1.1437182183932535,1.1244144533280735,94.08990552771554,2.3737185549103716,0.38386983852214707,1.6653345369377348e-16,1.1102230246251565e-16,True,1.1340663358606635,0.0003726353456916617,-0.07132171233375136,False,0.08062983409612741,0.18070573268503304,0,False,
633,63.300000000000004,0.2997971946914143,0.20399511149985378,0.5037923061912681,526.0590603586703,1.1471369929108544,1.1297464913084638,94.18451785225116,2.1969884457721682,0.19680929773972333,4.47545209131181e-16,1.1102230246251565e-16,True,1.138441742109659,0.00030242954598274757,-0.0729687056707081,False,0.08785049290544739,0.18070573268503304,0,False,
634,63.40000000000001,0.3899314086163318,0.1867026245169748,0.5766340331333066,481.4654944315556,1.1503485058287988,1.1348962137406624,94.28162299554913,2.7488918068160624,0.5519033610438941,2.220446049250313e-16,2.220446049250313e-16,True,1.1426223597847307,0.00023877333077708174,-0.07465888657893993,False,0.09500241555307004,0.18070573268503304,0,False,
635,63.50000000000001,0.3957512903082837,0.1702028133988109,0.5659541037070946,438.91606729529275,1.1533055215701813,1.1398156557927315,94.38190731432245,2.313536692617539,0.43535511419852346,3.775166431889533e-16,2.220446049250313e-16,True,1.1465605886814565,0.00018197647869361774,-0.07640417804429792,False,0.101917962529809,0.18070573268503304,0,False,
636,63.60000000000001,0.3553438826071402,0.15586665191610558,0.5112105345232458,401.94622236473157,1.1560518903238262,1.1445458049887627,94.48517104445135,2.468967318155607,0.15543062553806797,4.577566798522237e-16,1.9760003686883335e-31,True,1.1502988476562943,0.0001323899997377628,-0.07820107684148078,False,0.10751293311238093,0.18070573268503304,0,False,
637,63.7,0.3824363191188278,0.14085689132604118,0.523293210444869,363.23931172278935,1.158582402420636,1.1490740275262956,94.59174056360686,2.8570977803234627,0.38813046216785585,2.220446049250313e-16,3.3530213555806057e-31,True,1.1538282149734658,9.04091931313211e-05,-0.08005523347536397,False,0.1008671000888582,0.18070573268503304,0,False,
638,63.80000000000001,0.4507307000650572,0.1256434173376031,0.5763741174026603,324.00706849741897,1.1608602427931067,1.1533646889458748,94.70192386712435,2.8721547794688136,0.036367215469707226,6.280369834735101e-16,3.8270045324065027e-31,True,1.1571124658694907,5.618332747675269e-05,-0.08197197349032824,False,0.09476152897650847,0.18070573268503304,0,False,
639,63.90000000000001,0.4260013275706154,0.11142681349455809,0.5374281410651734,287.34553673728624,1.1628845084875592,1.1574138807551417,94.81554577763949,2.505855571418669,0.3662992080501444,1.1102230246251565e-16,1.1102230246251565e-16,True,1.1601491946213505,2.992776778669506e-05,-0.083948213678543,False,0.08920884969996314,0.18070573268503304,0,False,
640,64.00000000000001,0.42244005671864004,0.09770423664846628,0.5201442933671063,251.9579932403928,1.1646662077404946,1.1612287299654476,94.92997455288646,2.527104142345651,0.17509389672050202,4.577566798522237e-16,2.220446049250313e-16,True,1.162947468852971,1.1816253453942026e-05,-0.08593815408910677,False,0.08420216983476346,0.18070573268503304,0,False,
641,64.10000000000001,0.5607114388748785,0.08466931625120035,0.6453807551260788,218.3437662835831,1.166194327758009,1.1647945961413688,95.04384407875806,3.0954244283030494,0.6036444625465451,4.440892098500626e-16,3.2047474274603605e-31,True,1.165494461949689,1.9592485986218727e-06,-0.08791802878076194,False,0.07976699490539561,0.18070573268503304,0,False,
642,64.2,0.48627222273184634,0.07234560855751432,0.5586178312893606,186.56360232862463,1.1674514920095755,1.1680917192150426,95.16092372110175,3.19440754174731,0.24140594851719754,1.1102230246251565e-16,2.220446049250313e-16,True,1.167771605612309,4.0989087462018796e-07,-0.08995335632611046,False,0.07593607948712576,0.18070573268503304,0,False,
643,64.30000000000001,0.5516890387508612,0.06106411070113476,0.6127531494519959,157.47107105113056,1.1684154774821045,1.1710950632007808,95.27993391121052,3.5122207135001218,0.31781317175281165,5.551115123125783e-16,4.440892098500626e-16,True,1.1697552703414427,7.180179623734117e-06,-0.09202185976480858,False,0.07274752083679963,0.18070573268503304,0,False,
644,64.4,0.442301657899704,0.05150371645841016,0.49380537435811417,132.8168919631687,1.1690784606471023,1.1737953704607564,95.40298291983379,2.9822899659689663,0.5299307475311554,6.280369834735101e-16,4.440892098500626e-16,True,1.1714369155539295,2.224923819014669e-05,-0.09416014391138776,False,0.07021318074363497,0.18070573268503304,0,False,
645,64.50000000000001,0.5184033244411175,0.04353019384908416,0.5619335182902017,112.25490995893986,1.1694597511511982,1.176208863426438,95.52684483777153,3.197874946975087,0.21558498100612056,2.220446049250313e-16,2.220446049250313e-16,True,1.172834307288818,4.555051650379374e-05,-0.0963121157664637,False,0.06828714340012056,0.18070573268503304,0,False,
646,64.60000000000001,0.3399265142528344,0.03818576090614285,0.3781122751589772,98.47277885078512,1.169556258568715,1.1783290150884778,95.65296870782689,2.7395587706459033,0.677532845333888,1.1102230246251565e-16,1.3945222387368396e-31,True,1.1739426368285963,7.696125695504136e-05,-0.09850292411468944,False,0.06696699500180053,0.18070573268503304,0,False,
647,64.70000000000002,0.686631546077622,0.033367072019892495,0.7199986180975145,86.04642741018482,1.169434162822548,1.18021917225502,95.78293594478484,3.6475805511072803,1.3404398891396512,8.005932084973442e-16,4.440892098500626e-16,True,1.174826667538784,0.00011631642845850913,-0.100759993405782,False,0.06614708370577255,0.18070573268503304,0,False,
648,64.80000000000001,0.5432626855510194,0.029410767270674088,0.5726734528216935,75.84397724574609,1.168963455737633,1.1817490530925827,95.91345135085615,3.331426596038222,0.4323878654340372,5.551115123125783e-16,2.999033472434691e-31,True,1.175356254415108,0.00016347149972289866,-0.10302606069202884,False,0.06599416812158639,0.18070573268503304,0,False,
649,64.9,0.546242598230739,0.027883624832689302,0.5741262230634283,71.90580877664186,1.168186792356412,1.182958054647427,96.04528336553763,3.631054189016196,0.2996275929779739,4.577566798522237e-16,2.220446049250313e-16,True,1.1755724235019196,0.00021819018966996162,-0.10531444477816734,False,0.06642626119189338,0.18070573268503304,0,False,
650,65.00000000000001,0.5338884805828032,0.028670676832183144,0.5625591574149864,73.93544484126608,1.167086696913121,1.1838254178411147,96.17939207227388,3.5054293058389394,0.321156927922718,4.47545209131181e-16,2.220446049250313e-16,True,1.1754560573771178,0.00028018477830525315,-0.10764177629612302,False,0.06745982148372144,0.18070573268503304,0,False,
651,65.10000000000001,0.5214101317800489,0.031188574042928276,0.5525987058229772,80.42855455858032,1.1656939586325972,1.184377598372295,96.3170907732211,2.969542810289555,0.5358864955493843,4.47545209131181e-16,4.440892098500626e-16,True,1.1750357785024461,0.00034907839392281815,-0.11003079508095474,False,0.06905152387670714,0.18070573268503304,0,False,
652,65.20000000000002,0.5966619576049261,0.03531739586823926,0.6319793534731654,91.0758887708662,1.16405881307186,1.184663916475069,96.4580215949643,3.654630536284261,0.8319580012172256,4.440892098500626e-16,4.440892098500626e-16,True,1.1743613647734645,0.0004245702862569297,-0.11247523172020393,False,0.07112058863840479,0.18070573268503304,0,False,
653,65.30000000000001,0.5240463917146544,0.04120637509988357,0.565252766814538,106.26228641683504,1.1620989497349288,1.184604053614633,96.60136384162199,3.0680965244616387,0.5865340118226223,8.881784197001252e-16,2.220446049250313e-16,True,1.1733515016747809,0.0005064797006362757,-0.11496079623553004,False,0.07377299577187627,0.18070573268503304,0,False,
654,65.4,0.4397618696084341,0.04843232241875767,0.4881941920271918,124.89643420998392,1.1598588027580463,1.1842366035015253,96.74541849812401,3.245622457694196,0.17752593323255716,4.965068306494546e-16,4.440892098500626e-16,True,1.1720477031297858,0.0005942771690887629,-0.11745798905180657,False,0.07693081226918101,0.18070573268503304,0,False,
655,65.5,0.3818977875400794,0.05626484062957912,0.43816262816965856,145.09479651353286,1.1573354167113559,1.1835559601701846,96.89138834685012,2.4044561059405702,0.8411663517536256,5.551115123125783e-16,4.440892098500626e-16,True,1.1704456884407701,0.0006875168992763265,-0.11998762436055337,False,0.08061343728469789,0.18070573268503304,0,False,
656,65.60000000000001,0.46053393588328395,0.06493656128203441,0.5254704971653184,167.45727953865563,1.1546035476764835,1.1826357099743312,97.03830277953655,2.9737177162072683,0.5692616102666981,4.440892098500626e-16,2.6550912403252875e-31,True,1.1686196288254074,0.000785802123092872,-0.12253284276998769,False,0.0847049128256357,0.18070573268503304,0,False,
657,65.70000000000002,0.33428292443126084,0.07553293904999894,0.40981586348125976,194.7830349983639,1.15161204136839,1.1814191084742642,97.18641630706061,2.7026746716437406,0.2873636739372909,4.577566798522237e-16,3.3306690738754696e-16,True,1.166515574921327,0.0008884612494540955,-0.1250980193257567,False,0.08929107030687308,0.18070573268503304,0,False,
658,65.80000000000001,0.4700480242492494,0.08760676746290845,0.5576547917121578,225.91881459194272,1.1483770385283523,1.1799235532932257,97.33479061167836,3.1200108823906785,0.43365684012070105,6.106226635438361e-16,4.440892098500626e-16,True,1.164150295910789,0.0009951825938103657,-0.12766687408086902,False,0.0943413333860551,0.18070573268503304,0,False,
659,65.9,0.41064275265195616,0.1012240396018143,0.5118667922537704,261.0348001338132,1.144894416895033,1.1781372131808627,97.48637087820205,2.953254422929258,0.16675645946142037,4.742874840267547e-16,4.440892098500626e-16,True,1.1615158150379479,0.0011050835049011738,-0.1302903505168401,False,0.09990670562215127,0.18070573268503304,0,False,
660,66.0,0.42362293207400825,0.11443532152498843,0.5380582535989967,295.103825139069,1.14118053471251,1.176073709777621,97.64097658926097,2.4485808217131897,0.6970888312462953,2.220446049250313e-16,1.987499982952472e-31,True,1.1586271222450655,0.0012175336661244937,-0.13296525033417647,False,0.10278126336449703,0.18070573268503304,0,False,
661,66.10000000000001,0.4827054733990501,0.12972691427922795,0.612432387678278,334.53751968467805,1.1372620381919099,1.173755298828332,97.79447484038555,3.1474829518464684,0.8913173601635056,2.220446049250313e-16,3.944304526105059e-31,True,1.1555086685101208,0.0013317580718778354,-0.1356200317828083,False,0.10625282057513581,0.18070573268503304,0,False,
662,66.20000000000002,0.4336605680464467,0.14694933238236543,0.5806099004288121,378.95039319830215,1.1330790712926837,1.1711365485752299,97.95091404148847,2.6747563659617803,0.5809740121747617,1.1102230246251565e-16,2.220446049250313e-16,True,1.1521078099339568,0.001448371577111517,-0.13832467585627053,False,0.11052889426429621,0.18070573268503304,0,False,
663,66.30000000000001,0.44687125009644024,0.16403859093488274,0.610909841031323,423.01987716909855,1.1286880836740731,1.1682500050939633,98.10909408738196,2.702075876191979,0.2160771393592773,0.0,1.1102230246251565e-16,True,1.1484690443840182,0.0015651456264335608,-0.1410583684666898,False,0.11013047765749158,0.18070573268503304,0,False,
664,66.4,0.41453063987562855,0.1814897016768142,0.5960203415524428,468.02249929870845,1.124069345285617,1.165083528643128,98.26742851051604,2.445127466611934,0.34003200350182405,4.965068306494546e-16,1.1102230246251565e-16,True,1.1445764369643725,0.0016821632364835372,-0.1437936523484005,False,0.10194290361615796,0.18070573268503304,0,False,
665,66.5,0.3537890070961449,0.19755189235228618,0.5513408994484311,509.4433984169045,1.119257263352366,1.1616626080750858,98.4252257370387,2.15791206790366,0.3436026033570201,4.965068306494546e-16,3.3306690738754696e-16,True,1.140459935713726,0.001798213261052694,-0.1465185634643523,False,0.09342656397153924,0.18070573268503304,0,False,
666,66.60000000000001,0.3716676877816695,0.21277126892293002,0.5844389567045996,548.6908631190348,1.1142851536771152,1.1580184882795037,98.5835935589767,2.118093324542245,0.20561111636571439,1.1102230246251565e-16,1.1102230246251565e-16,True,1.1361518209783095,0.00191260455544447,-0.1492522104726392,False,0.08465925738396424,0.18070573268503304,0,False,
667,66.70000000000002,0.2934990952614678,0.2281919998699839,0.5216910951314517,588.4575769996115,1.1091729162276707,1.1541564145381995,98.74344681931726,2.1102319026977803,0.09892848554480249,9.860761315262648e-32,1.1102230246251565e-16,True,1.1316646653829352,0.0020235151202533507,-0.15201034176311176,False,0.07570331312620432,0.18070573268503304,0,False,
668,66.80000000000001,0.33550941767276277,0.24403592736509833,0.5795453450378611,629.3156228086003,1.1039171963279462,1.1500758579934083,98.90393397525573,2.052898829492949,0.24984928329246636,1.1102230246251565e-16,1.1102230246251565e-16,True,1.1269965271606772,0.0021306220467466022,-0.15477822007014289,False,0.0666353971986054,0.18070573268503304,0,False,
669,66.9,0.29445956633251646,0.2605174820154259,0.5549770483479424,671.8179704818073,1.098515559044732,1.1457798752888135,99.06313922492383,2.1572082134777872,0.3657274013415115,1.1102230246251565e-16,1.1102230246251565e-16,True,1.1221477171667726,0.0022339155900205523,-0.1575227899038149,False,0.057594955165394805,0.18070573268503304,0,False,
670,67.00000000000001,0.25218092814585946,0.27567679834231734,0.5278577264881767,710.910552867587,1.0929793979905775,1.141261437974294,99.22387108160999,1.7387455626251314,0.6071823295707393,3.1401849173675503e-16,3.3306690738754696e-16,True,1.1171204179824357,0.0023311553849891986,-0.16029244336934503,False,0.04879566576421057,0.18070573268503304,0,False,
671,67.10000000000001,0.22872494355372774,0.2896528582300227,0.5183778017837504,746.9517740418897,1.087346541059233,1.1365611583491146,99.38421884156789,1.796634256171704,0.18070109500469478,2.482534153247273e-16,4.930380657631324e-32,True,1.1119538497041737,0.002422078554989549,-0.16305422134755876,False,0.04072774636041986,0.18070573268503304,0,False,
672,67.2,0.2420372623103606,0.30362170539476274,0.5456589677051233,782.9743951711333,1.0816077617775828,1.1316748303846014,99.54550391404092,1.7218457406455447,0.31021091499821074,2.482534153247273e-16,1.1102230246251565e-16,True,1.106641296081092,0.0025067113588999068,-0.1658308549686684,False,0.03415401443633394,0.18070573268503304,0,False,
673,67.30000000000001,0.20787260265062102,0.3156777800289691,0.5235503826795902,814.0643916276864,1.0757877889951322,1.126608523797922,99.70672025271895,1.4288993968816985,0.2929463437638462,5.551115123125783e-17,1.6653345369377348e-16,True,1.101198156396527,0.002582747085895492,-0.16860499209450833,False,0.030399816290706413,0.18070573268503304,0,False,
674,67.4,0.24656847912061852,0.3256069664038671,0.5721754455244856,839.66960547865,1.0699093905754018,1.1213938804521328,99.86871010643647,1.355474957389486,0.42025746059158003,2.220446049250313e-16,5.551115123125783e-17,True,1.0956516355137673,0.0026506526978672213,-0.17139109497366847,False,0.03078120138318452,0.18070573268503304,0,False,
675,67.50000000000001,0.15643916931117396,0.3344477036956213,0.4908868730067953,862.4679456858438,1.0639960516376192,1.1160346285410412,100.02898229011726,1.2558028491381252,0.13591730369707655,1.1102230246251565e-16,5.551115123125783e-17,True,1.0900153400893302,0.0027080134861333606,-0.1741463070259511,False,0.035354137889935786,0.18070573268503304,0,False,
676,67.60000000000001,0.20778545220054778,0.3430518446048673,0.5508372968054152,884.6561552396536,1.0580506496082178,1.1105428411832308,100.18873966773863,1.2390766173269772,0.04373512607230445,3.1401849173675503e-16,5.512333152706879e-32,True,1.0842967453957244,0.0027554301763478605,-0.17689131306329517,False,0.04291723117807271,0.18070573268503304,0,False,
677,67.7,0.25001566119727703,0.3512778623946038,0.6012935235918808,905.8692674419309,1.0520775303696868,1.1049202111159522,100.34804118277202,1.233082984709568,0.14511912698446836,2.482534153247273e-16,1.6653345369377348e-16,True,1.0784988707428194,0.0027923489084517293,-0.17962711696067468,False,0.05228792923732117,0.18070573268503304,0,False,
678,67.80000000000001,0.1493029493800493,0.35771408940973887,0.5070170387897881,922.4668981936829,1.046089163374426,1.099166732860241,100.50659511115079,0.9900019668335363,0.3844266545967161,1.5700924586837752e-16,6.162975822039155e-32,True,1.0726279481173333,0.002817228382521542,-0.1823487032213734,False,0.047839838882801945,0.18070573268503304,0,False,
679,67.90000000000002,0.18284562575241248,0.36225356071236614,0.5450991864647786,934.1732081656597,1.0401114090525796,1.0933052604629434,100.66284043782538,0.8647745782694278,0.19033796351889887,1.5700924586837752e-16,5.551115123125783e-17,True,1.0667083347577615,0.002829585827867864,-0.1850292962610678,False,0.03793550347371981,0.18070573268503304,0,False,
680,68.00000000000001,0.2439659625628252,0.36709543390178073,0.6110613964646059,946.6593468857099,1.0341508185792043,1.0873513442225062,100.81848683162784,1.015729694347875,0.15095511607844725,2.482534153247273e-16,5.551115123125783e-17,True,1.0607510814008552,0.002830295928723624,-0.18769824578029576,False,0.029776885766705348,0.18070573268503304,0,False,
681,68.10000000000001,0.2172571762905835,0.3691466955326239,0.5864038718232074,951.9491048516596,1.0281985869619066,1.0812875525444807,100.97250421184798,1.0837233890516826,0.6282653050759255,1.1102230246251565e-16,8.326672684688674e-17,True,1.0547430697531937,0.002818438266627742,-0.19033789835793358,False,0.025198546425489778,0.18070573268503304,0,False,
682,68.2,0.14271012494009994,0.36956975651317164,0.5122798814532716,953.0400871809176,1.0223178995481836,1.07517086266162,101.12453810244061,0.8168218166792067,0.3385864150346142,1.1102230246251565e-16,1.6653345369377348e-16,True,1.048744381104902,0.002793435709870275,-0.1929422077335493,False,0.02626083394446625,0.18070573268503304,0,False,
683,68.30000000000001,0.11174165602315367,0.37035301146799515,0.4820946674911488,955.0599314925105,1.0164745860008664,1.068972705572317,101.27467615933995,1.0691390106471172,0.4488341580310655,1.1102230246251565e-16,2.7755575615628914e-17,True,1.0427236457865918,0.0027560525585383325,-0.19551270873728807,False,0.03241153973268307,0.18070573268503304,0,False,
684,68.40000000000002,0.1938499084691132,0.36801555298456406,0.5618654614536773,949.032134040011,1.0106880597971037,1.0627217611799116,101.42115140016898,1.3900969988803669,0.47072089127892247,5.551115123125783e-17,8.326672684688674e-17,True,1.0367049104885075,0.0027075060795952173,-0.1980192053526278,False,0.04141714883437027,0.18070573268503304,0,False,
685,68.50000000000001,0.19229522043613323,0.36391246107030556,0.5562076815064387,938.4511516767075,1.0050048077065867,1.056431157437326,101.56511580402436,1.3975128379853679,0.06259958231512758,7.850462293418876e-17,2.7755575615628914e-17,True,1.0307179825719563,0.0026446694466283026,-0.20048147532552735,False,0.051761886103401565,0.18070573268503304,0,False,
686,68.60000000000001,0.14190071022685746,0.35865324090411965,0.5005539511309771,924.8887658013718,0.9994271439266436,1.0501073243606427,101.70652092196423,1.6146446648478996,0.4851970655628589,2.237726045655905e-16,1.1102230246251565e-16,True,1.0247672341436431,0.0025684806888227087,-0.20289874091714902,False,0.06273681288597152,0.18070573268503304,0,False,
687,68.7,0.22049040120554464,0.3520858000659119,0.5725762012714566,907.9527631152918,0.993960456421423,1.0437712174320979,101.84247598142223,1.5614526413968701,0.27339730103472626,6.938893903907228e-17,1.1102230246251565e-16,True,1.0188658369267605,0.002481111912462564,-0.2052216747382252,False,0.07396884734329212,0.18070573268503304,0,False,
688,68.80000000000001,0.21640526093428747,0.342815879633639,0.5592211405679265,884.0476528587424,0.988624458911319,1.0374274752048225,101.97594100812009,1.9731218128459727,0.5029565852822246,3.3766115072321297e-16,1.1102230246251565e-16,True,1.0130259670580708,0.002381734399343966,-0.20750093988786744,False,0.07455347750804381,0.18070573268503304,0,False,
689,68.9,0.18174444488422337,0.33235800655634257,0.5141024514405659,857.07907089644,0.9834697198179828,1.0311112855937519,102.1066737724555,1.921517120240696,0.2729162782611734,2.3551386880256624e-16,5.551115123125783e-17,True,1.0072905027058674,0.002269718789566919,-0.20973245299135462,False,0.06916285300840133,0.18070573268503304,0,False,
690,69.00000000000001,0.26147107199456976,0.3206723724663487,0.5821434444609185,826.944360099305,0.9784701617971897,1.0248085740010002,102.23243104532405,2.220178287790308,0.4811012681458062,1.1102230246251565e-16,1.6653345369377348e-16,True,1.001639367899095,0.0021472484455702556,-0.21187800784567065,False,0.06559790492006355,0.18070573268503304,0,False,
691,69.10000000000001,0.19138631493748837,0.3070416541589182,0.4984279690964066,791.7936998109295,0.9736733358854862,1.018562787026089,102.35377763712124,2.059806379231108,0.16037190855919992,2.3714374201337736e-16,5.551115123125783e-17,True,0.9961180614557876,0.0020150628237045587,-0.21394734418488284,False,0.06403967089462591,0.18070573268503304,0,False,
692,69.2,0.296732156722307,0.29127165210986494,0.588003808832172,751.1262916618612,0.9690706934907641,1.0123787733116247,102.47151563944412,2.7454793946476954,0.6856730154165875,4.965068306494546e-16,1.1102230246251565e-16,True,0.9907247334011944,0.0018755897777700333,-0.21595422567643996,False,0.06447261841975517,0.18070573268503304,0,False,
693,69.30000000000001,0.27017849906554303,0.27458326440345265,0.5447617634689956,708.0905664859531,0.9647228261804642,1.0062950704028484,102.58283028165684,2.4298593674864515,0.33352879350817277,6.753223014464259e-16,3.120681701175442e-31,True,0.9855089482916564,0.0017282514896855522,-0.21785078046804757,False,0.06672843846092151,0.18070573268503304,0,False,
694,69.4,0.34845920783912543,0.2558911190038903,0.6043503268430157,659.8875856758542,0.9605956761529881,1.0003004621750151,102.68783734380989,3.1130232618342384,0.936786837073802,4.002966042486721e-16,1.1102230246251565e-16,True,0.9804480691640016,0.0015764700330549494,-0.21963911449249557,False,0.060421109766499656,0.18070573268503304,0,False,
695,69.50000000000001,0.3535753879294461,0.2343778909710162,0.5879532789004622,604.409645831871,0.9567827451236903,0.9944595277063129,102.78708495440345,3.113563865364653,0.2238634206125849,2.7755575615628914e-16,3.453466821713263e-31,True,0.9756211364150016,0.0014195399457782082,-0.22132868350997087,False,0.051820650010436106,0.18070573268503304,0,False,
696,69.60000000000001,0.32629579314219004,0.21429604394713012,0.5405918370893201,552.6229265424745,0.953275816611245,0.988781858895228,102.87904194657804,3.0144927841290046,0.1797288044982519,4.47545209131181e-16,2.220446049250313e-16,True,0.9710288377532366,0.0012606790386719823,-0.22289354607442516,False,0.04417967825074425,0.18070573268503304,0,False,
697,69.7,0.3697130611842798,0.19487657238914513,0.564589633573425,502.5443296322597,0.9500570375730936,0.9832633438884983,102.96273443587513,3.0478426060987838,0.32773963161638137,7.108895957933346e-16,3.3306690738754696e-16,True,0.9666601907307959,0.0011026587791124912,-0.22431726990047893,False,0.03772377239101546,0.18070573268503304,0,False,
698,69.80000000000001,0.4034029374406032,0.17439394584064033,0.5777968832812435,449.72408704624206,0.9471491379496696,0.9779281074320186,103.04124758956252,3.387982687224767,0.38757840332870286,1.1102230246251565e-16,4.440892098500626e-16,True,0.9625386226908441,0.0009473449623953735,-0.22565245108706986,False,0.03272493130799143,0.18070573268503304,0,False,
699,69.9,0.40814314486881587,0.15299284067467328,0.5611359855434892,394.5352877094806,0.9445862594822534,0.9728134653010229,103.11397585325291,3.6929378146042446,0.35449871244447095,6.280369834735101e-16,2.220446049250313e-16,True,0.9586998623916381,0.0007967751483351732,-0.2268888774435439,False,0.02951302865943628,0.18070573268503304,0,False,
700,70.00000000000001,0.47640934834646964,0.13105407279527548,0.6074634211417451,337.9599730795942,0.9423995339318818,0.9679460462557833,103.17963141705799,4.069517231065154,0.4312239481651128,7.108895957933346e-16,2.220446049250313e-16,True,0.9551727900938325,0.0006526242919152503,-0.22800474952149927,False,0.02823475743381206,0.18070573268503304,0,False,
701,70.10000000000001,0.3327965097368797,0.11180063663656942,0.4445971463734491,288.3095453813215,0.9406251727125193,0.9633739273244986,103.24002519349914,3.409613798007819,0.8000312268048724,4.440892098500626e-16,2.220446049250313e-16,True,0.951999550018509,0.0005175058363960462,-0.22903092872472516,False,0.028601717024046472,0.18070573268503304,0,False,
702,70.20000000000002,0.4751853095351588,0.09548941478119996,0.5706747243163588,246.24644896960376,0.9391859711852485,0.9590425052047749,103.2894908541492,3.6462551956879365,0.37176684942916527,2.220446049250313e-16,2.220446049250313e-16,True,0.9491142381950117,0.0003942819432686033,-0.22987123363230935,False,0.030265163073831584,0.18070573268503304,0,False,
703,70.30000000000001,0.4864672904109393,0.07860250470941599,0.5650697951203553,202.69877775626486,0.9381040796246903,0.9549792263749005,103.32661634235949,4.309891183337107,0.8238833787003781,1.27675647831893e-15,4.440892098500626e-16,True,0.9465416529997954,0.00028477057784112917,-0.2305017955967059,False,0.03269294656339189,0.18070573268503304,0,False,
704,70.4,0.4590724247802672,0.06270616827036196,0.5217785930506291,161.7055806703629,0.9374590528093204,0.9512657487063989,103.35592194359204,4.517403518313596,0.5730784567460843,8.95090418262362e-16,2.220446049250313e-16,True,0.9443624007578597,0.00019062485159440437,-0.23099947149092254,False,0.035257777165440526,0.18070573268503304,0,False,
705,70.50000000000001,0.5716790320094525,0.049565254223090896,0.6212442862325434,127.81801912472055,0.9372296136245725,0.9479037224720279,103.37147352594711,4.527378348188357,0.21676147426681458,4.965068306494546e-16,2.220446049250313e-16,True,0.9425666680483002,0.00011393659968732682,-0.231263548264656,False,0.03688296536684122,0.18070573268503304,0,False,
706,70.60000000000001,0.35232562109621546,0.04006044676286445,0.3923860678590799,103.30718626870681,0.9374250735570342,0.9449151663070655,103.3751769729192,3.3753270765266765,1.3316131776666849,4.440892098500626e-16,2.220446049250313e-16,True,0.9411701199320499,5.610148940407172e-05,-0.23132643288018084,False,0.03802435966409898,0.18070573268503304,0,False,
707,70.70000000000002,0.452404989682198,0.0330132457679162,0.4854182354501142,85.13398639982749,0.9379608651928454,0.9422332831627245,103.37459589965917,4.195128271268547,0.9993631007468746,4.440892098500626e-16,2.220446049250313e-16,True,0.940097074177785,1.82535553093458e-05,-0.2313165663066591,False,0.03907717457917523,0.18070573268503304,0,False,
708,70.80000000000001,0.5789895512612181,0.02780703661094044,0.6067965878721585,71.70830439689706,0.9388987052473718,0.9399315937792896,103.36624230985912,4.681453524745133,0.4863252534765863,1.1801832636420706e-15,2.220446049250313e-16,True,0.9394151495133307,1.0668587193671877e-06,-0.2311747204478388,False,0.03993294387071381,0.18070573268503304,0,False,
709,70.9,0.389265458986496,0.025731038337710992,0.414996497324207,66.35475600599806,0.9402707531968093,0.9380587776506942,103.34966241319951,3.6395200987860945,1.0419334259590385,4.577566798522237e-16,2.220446049250313e-16,True,0.9391647654237518,4.892835816611574e-06,-0.23089317547087715,False,0.040491543854579815,0.18070573268503304,0,False,
710,71.00000000000001,0.5222008277854979,0.026309477543912746,0.5485103053294107,67.84642501243565,0.9419907931637449,0.9365443952401403,103.32910491691122,4.290188271838843,0.6506681730527482,4.577566798522237e-16,2.220446049250313e-16,True,0.9392675942019426,2.966325034224421e-05,-0.2305440596086359,False,0.0407448526924338,0.18070573268503304,0,False,
711,71.10000000000001,0.4504430938690208,0.029647290119461496,0.4800903839884823,76.45391827164438,0.9440685885997293,0.93541479794373,103.30025364213797,4.671073714266484,0.38088544242764133,9.155133597044475e-16,6.661338147750939e-16,True,0.9397416932717296,7.488809271786184e-05,-0.23005404534208812,False,0.040771850812389314,0.18070573268503304,0,False,
712,71.20000000000002,0.5663365574256455,0.0363615652269313,0.6026981226525768,93.76857462814098,0.9465199900748416,0.934699644897026,103.26198287081439,5.141999536922327,0.47092582265584326,8.95090418262362e-16,4.440892098500626e-16,True,0.9406098174859339,0.00013972056012271126,-0.2294039589813813,False,0.04063346759715596,0.18070573268503304,0,False,
713,71.30000000000001,0.6294892011533209,0.04716792943471971,0.6766571305880406,121.63583948192064,0.9493708962864594,0.9344428615801068,103.21362129431624,5.506400554899862,0.4145025906933828,1.5100665727558131e-15,2.220446049250313e-16,True,0.9419068789332832,0.00022284622019406842,-0.22858231883222124,False,0.04042749887852708,0.18070573268503304,0,False,
714,71.4,0.4448595212711913,0.06073793804151753,0.5055974593127088,156.62994264579106,0.952638555911862,0.9346887573308189,103.15570376828032,4.68169195410875,0.8316574859497408,1.1102230246251565e-16,1.9721522630525295e-31,True,0.9436636566213404,0.0003221952691000156,-0.22759811340133146,False,0.03919821470232886,0.18070573268503304,0,False,
715,71.5,0.5628534388246647,0.07589501501867885,0.6387484538433434,195.7167502352721,0.9562394047532994,0.9353559668358041,103.08920305423642,4.595918381839679,0.2503991019852635,1.2560739669470201e-15,8.881784197001252e-16,True,0.9457976857945518,0.00043611797925387837,-0.2264677651883101,False,0.037487755508816244,0.18070573268503304,0,False,
716,71.60000000000001,0.4244569512740506,0.09284845566930051,0.5173054069433511,239.43598935301395,0.9601724449412741,0.9364618530884083,103.01683578830358,4.4449584114316725,0.49718793820994467,1.1102230246251565e-16,4.440892098500626e-16,True,0.9483171490148412,0.0005621921660131826,-0.22523735346788318,False,0.03598211087713311,0.18070573268503304,0,False,
717,71.70000000000002,0.44622152308017005,0.11118073251822783,0.5574022555983978,286.7109473776263,0.9643902859597012,0.9379531904178394,102.93516197884362,4.4918035872636715,0.11136854083778802,8.95090418262362e-16,2.220446049250313e-16,True,0.9511717381887703,0.000698920020689529,-0.22384827737486324,False,0.0351611250256721,0.18070573268503304,0,False,
718,71.80000000000001,0.36612516222564506,0.129692801882893,0.49581796410853807,334.4495512278331,0.968890697774824,0.9398430537313034,102.8451028088568,3.609119075750639,0.8826845115130326,9.930136612989092e-16,2.220446049250313e-16,True,0.9543668757530637,0.0008437656244790754,-0.2223160591706134,False,0.03540730915154148,0.18070573268503304,0,False,
719,71.9,0.40634550097820654,0.1483269381043308,0.5546724390825374,382.50293897409813,0.9736086084579545,0.9420737768517934,102.75053750616742,4.113834582229397,0.5047155064787581,8.95090418262362e-16,4.440892098500626e-16,True,0.9578411926548739,0.0009944456044289306,-0.22070658494424647,False,0.036995814187569316,0.18070573268503304,0,False,
720,72.00000000000001,0.29975343613019256,0.16793948354031113,0.4676929196705037,433.079431456865,0.9785495191968313,0.9446669678483052,102.64837339337953,3.726759233438722,0.38707534879067484,9.155133597044475e-16,4.440892098500626e-16,True,0.9616082435225682,0.0011480272858855102,-0.21896710566177063,False,0.04013995472852566,0.18070573268503304,0,False,
721,72.10000000000001,0.39140944566721814,0.1883487738280654,0.5797582194952835,485.7105557638366,0.983678215152835,0.9475919893391204,102.53987123895352,3.6195762591163545,0.34336301531641944,1.1102230246251565e-16,2.220446049250313e-16,True,0.9656351022459777,0.0013022156934784155,-0.21711895063508552,False,0.0447808661511488,0.18070573268503304,0,False,
722,72.20000000000002,0.370189064232035,0.21018643508156912,0.5803754993136041,542.0251383780251,0.9890110199795115,0.9508725011045527,102.42857184186238,3.5255974981035063,0.1992637419242409,0.0,4.440892098500626e-16,True,0.9699417605420321,0.0014545466219755873,-0.21522234026286696,False,0.05072916899744545,0.18070573268503304,0,False,
723,72.30000000000001,0.35041936726213674,0.23197795348905229,0.582397320751189,598.2207286200858,0.9945284830461012,0.9544915896513019,102.31395216517305,3.452908529890885,0.1843373515863993,2.9582283945787943e-31,2.220446049250313e-16,True,0.9745100363487016,0.0016029528327065256,-0.21326830151639464,False,0.05782462067668583,0.18070573268503304,0,False,
724,72.4,0.2980467889274845,0.2532411021522016,0.5512878910796861,653.0537681167751,1.0002136257979566,0.9584280014943516,102.19485450995352,3.629215920492059,0.48297749017453595,5.551115123125783e-16,1.5784919944324618e-31,True,0.9793208136461541,0.0017460383984420245,-0.2112370180427843,False,0.0659132955837688,0.18070573268503304,0,False,
725,72.50000000000001,0.2811138535525086,0.2732236577920148,0.5543375113445235,704.5844365046426,1.0060398669794872,0.962651761805498,102.06672559706702,3.091168797664179,0.53804712282788,8.881784197001252e-16,2.220446049250313e-16,True,0.9843458143924926,0.0018825276705891456,-0.2090506820374247,False,0.0748926662660917,0.18070573268503304,0,False,
726,72.60000000000001,0.20611645348293606,0.29183822030113526,0.4979546737840713,752.5873479005985,1.011984322108789,0.9671420109717328,101.93330464343703,2.791936117699812,0.299232679964367,4.47545209131181e-16,4.440892098500626e-16,True,0.989563166540261,0.0020108328681125716,-0.20677293400810873,False,0.07430168427061835,0.18070573268503304,0,False,
727,72.70000000000002,0.264039724151112,0.30719623020946496,0.571235954360577,792.1923178528361,1.01803149965712,0.971883302231247,101.79633045686407,2.358396397847024,0.5816355203410928,2.220446049250313e-16,1.1102230246251565e-16,True,0.9949574009441835,0.002129656125657357,-0.20443335926363473,False,0.07436499995420995,0.18070573268503304,0,False,
728,72.80000000000001,0.2162940847042334,0.31900665568118736,0.5353007403854207,822.6488385037972,1.0241247310653847,0.97681256102948,101.65436395789604,2.1635835258132703,0.19481287203375386,2.482534153247273e-16,1.1102230246251565e-16,True,1.0004686460474324,0.0022384414335063596,-0.2020072809360073,False,0.07620257885378738,0.18070573268503304,0,False,
729,72.9,0.2225235020636802,0.3310877989187178,0.553611300982398,853.8034814404164,1.0302479597083156,0.9819126785072017,101.50787756743986,2.1376425989185734,0.31119787142859745,2.237726045655905e-16,2.220446049250313e-16,True,1.0060803191077587,0.0023362994087907612,-0.1995026618791836,False,0.0797874301353638,0.18070573268503304,0,False,
730,73.00000000000001,0.23963411935057533,0.34457090354266096,0.5842050228932363,888.5734781184703,1.0364147048952328,0.9872106130317446,101.3597690745863,2.400374733135407,0.3059648097284291,4.47545209131181e-16,1.1102230246251565e-16,True,1.0118126589634886,0.0024210426561105834,-0.19696898243408165,False,0.08211447266105856,0.18070573268503304,0,False,
731,73.10000000000001,0.133948859468483,0.35473895577982495,0.48868781524830796,914.7946751179103,1.042626965360097,0.9926995873131271,101.20682210584137,1.376561379325449,1.0238133538099579,4.460365043975677e-16,1.1102230246251565e-16,True,1.017663276336612,0.0024927430786450514,-0.19435115041615375,False,0.07017898865718483,0.18070573268503304,0,False,
732,73.2,0.15646099838888294,0.36195447807996334,0.5184154764688462,933.4019390533039,1.0488296350368138,0.9983125889786872,101.0531540325883,1.4978762153030392,0.1317208575120079,5.551115123125783e-17,8.628166150854817e-32,True,1.0235711120077506,0.002551971942438881,-0.19171958131676076,False,0.05820723198073364,0.18070573268503304,0,False,
733,73.30000000000001,0.1650564113188948,0.3682704751957574,0.5333268865146522,949.6895230230064,1.0550336946751815,1.0040634887416657,100.89887627443072,1.3191854884962015,0.40031952642368596,1.5700924586837752e-16,1.3945222387368396e-31,True,1.0295485917084237,0.002597961892905005,-0.18907618408100643,False,0.04623980045850952,0.18070573268503304,0,False,
734,73.40000000000002,0.2138933095171789,0.3724862303674816,0.5863795398846605,960.5610394433448,1.061215921722213,1.0099066667497718,100.74156475979984,1.0842020134688763,0.4135752948271887,1.4752290795525882e-16,2.220446049250313e-16,True,1.0355612942359924,0.002632639645826983,-0.18637939497324602,False,0.03446678996491499,0.18070573268503304,0,False,
735,73.50000000000001,0.15630837512320617,0.3750225822592052,0.5313309573824114,967.101739772333,1.067362560376808,1.0158518453982432,100.58448075261879,0.8830508604652646,0.25704733674617297,1.1102230246251565e-16,1.1102230246251565e-16,True,1.0416072028875256,0.002653353757602934,-0.18368510406868405,False,0.02335664989359767,0.18070573268503304,0,False,
736,73.60000000000001,0.13582617346628156,0.3742711774537198,0.5100973509200013,965.1640300742115,1.0734541000013298,1.0218713051114858,100.42705219349571,0.8617884666376153,0.41307828362296234,2.0206364052201326e-16,1.6653345369377348e-16,True,1.0476627025564078,0.0026607847286477127,-0.1809835182310027,False,0.014691871744423981,0.18070573268503304,0,False,
737,73.7,0.17121720564081566,0.3721638130353528,0.5433810186761685,959.7295952114905,1.0794607577912463,1.0279289122389037,100.2700048919332,0.7590542256832591,0.170307161543909,6.206335383118183e-17,6.069827250717109e-32,True,1.053694835015075,0.00265553110603049,-0.17828711364129754,False,0.014132273288209703,0.18070573268503304,0,False,
738,73.80000000000001,0.15503454097960367,0.37091211762272985,0.5259466586023336,956.5017447606715,1.0853937436992678,1.034030351490019,100.11240485841732,0.7073826206826666,0.07276352569745625,1.5700924586837752e-16,5.551115123125783e-17,True,1.0597120475946435,0.002638198059241108,-0.1755798724541494,False,0.02223184424717978,0.18070573268503304,0,False,
739,73.90000000000002,0.16818098382369429,0.3682920220108719,0.5364730058345661,949.7450875766348,1.0912585908314425,1.0401757231422502,99.95401376375507,1.0125363595954078,0.3051537389127412,1.2412670766236366e-16,1.1102230246251565e-16,True,1.0657171569868464,0.0026094593713515313,-0.17285770405605244,False,0.03313611260770688,0.18070573268503304,0,False,
740,74.00000000000001,0.1504269381414589,0.3634184344612713,0.5138453726027302,937.1771644138269,1.0970256288980567,1.0463361873483972,99.79391454452319,1.0256759958822363,0.3222494096941296,6.834017936133213e-17,2.7755575615628914e-17,True,1.071680908123227,0.0025694194846163456,-0.17010483681674043,False,0.04477402677166598,0.18070573268503304,0,False,
741,74.10000000000001,0.19763029585337843,0.35724428194376556,0.554874577797144,921.2553668374544,1.1026922678362852,1.0524958278034586,99.63378031443472,1.16268609207509,0.26632435589749215,9.309503074677274e-17,3.469446951953614e-17,True,1.077594047819872,0.0025196825919691496,-0.16735003898272108,False,0.05443250716640372,0.18070573268503304,0,False,
742,74.2,0.29943372172739935,0.3476563920965156,0.6470901138239149,896.5302825607639,1.1082432212160134,1.0586514562582034,99.47511095187738,1.6637987567182428,0.529682960471779,1.5700924586837752e-16,5.551115123125783e-17,True,1.0834473387371084,0.0024593431516306643,-0.16461915194210971,False,0.04613078842818471,0.18070573268503304,0,False,
743,74.30000000000001,0.14494805089894713,0.33727291421466027,0.4822209651136074,869.753549639947,1.1136299471509767,1.0647454640389822,99.31620897241007,1.2963511836792554,0.3825362977825284,0.0,2.7755575615628914e-17,True,1.0891877055949795,0.002389692689126881,-0.16188299605278966,False,0.040024385677678125,0.18070573268503304,0,False,
744,74.4,0.15638814748645768,0.328226750691641,0.48461489817809866,846.425459825531,1.1188903713765188,1.0708017100665437,99.15616903731237,1.3378000556392913,0.3744200191603239,2.220446049250313e-16,5.551115123125783e-17,True,1.0948460407215312,0.0023125193465854993,-0.15912598705762376,False,0.03698917501770349,0.18070573268503304,0,False,
745,74.50000000000001,0.25470212186815777,0.31744656357107254,0.5721486854392304,818.6256999908893,1.124017322784196,1.076814961173382,98.99803589855706,1.6099846038878831,0.27218454824859184,1.1102230246251565e-16,2.7755575615628914e-17,True,1.100416141978789,0.002228062941638061,-0.15640060695544064,False,0.03759554874155966,0.18070573268503304,0,False,
746,74.60000000000001,0.2605698599691856,0.3032118643906202,0.5637817243598058,781.9175042880602,1.128984205926817,1.0827620167237748,98.84098370788685,1.8920195530958304,0.7404087429074833,2.482534153247273e-16,6.972611193684198e-32,True,1.105873111325296,0.0021364907747218223,-0.15369267748176393,False,0.04153013515649948,0.18070573268503304,0,False,
747,74.7,0.28690488677645976,0.2877668496683415,0.5746717364448013,742.0881678285265,1.1337605205375676,1.0885912357015504,98.68731243609348,1.9075437849382286,0.5697369899677994,3.3306690738754696e-16,5.551115123125783e-17,True,1.111175878119559,0.0020402642925972563,-0.15104192468719405,False,0.04774931897351082,0.18070573268503304,0,False,
748,74.80000000000001,0.3092140110208942,0.27239196203925464,0.5816059730601488,702.4396739023209,1.1383494956290552,1.094310262178921,98.53225405824978,2.0641647672927883,0.47803577438467426,2.2887833992611187e-16,2.220446049250313e-16,True,1.1163298789039882,0.0019394540828754257,-0.14836614378879015,False,0.055363641797477464,0.18070573268503304,0,False,
749,74.9,0.21036202599875597,0.25678925194906604,0.467151277947822,662.203675359291,1.1427325193521432,1.0999003789661779,98.378542572681,1.8395479580873808,0.2246168092054075,2.2887833992611187e-16,8.8883701343228e-32,True,1.1213164491591605,0.0018345922500430378,-0.14571253311197427,False,0.06367983080221476,0.18070573268503304,0,False,
750,75.00000000000001,0.29082912491401236,0.24061081025115502,0.5314399351651674,620.4829901178865,1.1469305751735208,1.1053684362692358,98.22765790054036,2.148487260493407,0.3610661699003632,2.2887833992611187e-16,1.1102230246251565e-16,True,1.1261495057213784,0.001727411390299086,-0.14310670326545713,False,0.0723155517248896,0.18070573268503304,0,False,
751,75.10000000000001,0.26274091599386296,0.2252615178215969,0.4880024338154598,580.9005006489191,1.1509133702573593,1.1106759384047733,98.07887410638983,1.8562755300866647,0.5121282278524075,2.220446049250313e-16,5.551115123125783e-17,True,1.1307946543310663,0.0016190509220915018,-0.14053618440806467,False,0.08100579570601732,0.18070573268503304,0,False,
752,75.2,0.1641567927079195,0.21330994887877486,0.37746674158669435,550.0800016592787,1.1547117354112162,1.1158601448557486,97.93066181452242,1.617568397398515,0.2773010562371644,2.482534153247273e-16,2.3386848914630727e-31,True,1.1352859401334823,0.0015094460886897,-0.13797459709173943,False,0.08968284783463706,0.18070573268503304,0,False,
753,75.30000000000001,0.2680607900878713,0.2000414922295397,0.468102282317411,515.8635354607178,1.1583493825997093,1.1209500798253307,97.78313647114861,2.1440813214759387,0.8769422971767198,3.554447978966673e-16,1.1102230246251565e-16,True,1.13964973121252,0.001398707848009646,-0.1354239655918025,False,0.09830606467045001,0.18070573268503304,0,False,
754,75.4,0.34638283848350426,0.18374238548233257,0.5301252239658368,473.83168128009646,1.1617710736539566,1.1258788543306422,97.63838963552135,2.4616517617546743,0.3175704402787356,2.220446049250313e-16,3.3306690738754696e-16,True,1.1438249639922993,0.001288251407952906,-0.13292050024633603,False,0.10670196347322781,0.18070573268503304,0,False,
755,75.50000000000001,0.3570709624683096,0.1668324079900575,0.5239033704583671,430.22452420232077,1.1649464195905648,1.1306250086789296,97.49489153085061,2.50559311255631,0.3265559480742488,8.08254562088053e-16,4.440892098500626e-16,True,1.1477857141347472,0.0011779592469653123,-0.13043779486776297,False,0.11480537980192268,0.18070573268503304,0,False,
756,75.60000000000001,0.388343917006304,0.15082249949766155,0.5391664165039656,388.9384494723185,1.1678695926614937,1.1351689822963027,97.35384313696048,2.463679767473214,0.3414411454246864,4.440892098500626e-16,3.3306690738754696e-16,True,1.1515192874788982,0.0010693299182560376,-0.12799667526094727,False,0.1148040639840402,0.18070573268503304,0,False,
757,75.70000000000002,0.3688149411424245,0.13548964859358467,0.5043045897360092,349.3983591244964,1.1705476199109561,1.1395189267912498,97.21274807843017,2.4671826182412167,0.6067448714689123,5.23691153334427e-16,4.440892098500626e-16,True,1.155033273351103,0.0009627797967169123,-0.12555397195515772,False,0.10773454874912901,0.18070573268503304,0,False,
758,75.80000000000001,0.5165226049862861,0.11976244784345248,0.6362850528297386,308.841326223771,1.1729751693954766,1.1436592867971371,97.07569707494314,2.68400630420425,0.22206135665319815,4.965068306494546e-16,2.220446049250313e-16,True,1.158317228096307,0.000859420972519625,-0.12318055210570839,False,0.10116119367819382,0.18070573268503304,0,False,
759,75.9,0.3861623491008016,0.10515543222283846,0.49131778132364007,271.1730073335404,1.1751318673727185,1.1475652767760605,96.94136993089293,2.6636263356248353,0.3441982612264112,1.1102230246251565e-16,4.440892098500626e-16,True,1.1613485720743895,0.0007599169171237534,-0.12085361946172583,False,0.09510715907144512,0.18070573268503304,0,False,
760,76.00000000000001,0.4222523904810854,0.0922147810447839,0.5144671715258693,237.80188020649854,1.1770231628688783,1.1512408688817808,96.80690315410499,2.6581512865193004,0.0707296207211976,1.1102230246251565e-16,1.1102230246251565e-16,True,1.1641320158753294,0.0006647266832371252,-0.11852360267968023,False,0.08953513360572138,0.18070573268503304,0,False,
761,76.10000000000001,0.40585554477076924,0.07976714233020143,0.4856226871009707,205.70212508132656,1.1786487630926887,1.154688321903893,96.67287223306873,2.842721743797336,0.35944000359354744,4.440892098500626e-16,3.55534805372912e-31,True,1.1666685424982908,0.0005741027419617375,-0.11620048867275859,False,0.08444577678418919,0.18070573268503304,0,False,
762,76.20000000000002,0.42423311028049904,0.06870797157806496,0.492941081858564,177.18292708956895,1.1799895615583103,1.1578763021873282,96.5397152573519,2.6191926495071303,0.3750896802478696,2.220446049250313e-16,1.1102230246251565e-16,True,1.1689329318728192,0.0004889962400083266,-0.11389189277584698,False,0.07987734493202331,0.18070573268503304,0,False,
763,76.30000000000001,0.541354677511341,0.05773958501599026,0.5990942625273313,148.89784179476854,1.1810690836568456,1.1608336436126447,96.40647577100562,3.394896389715672,1.1775299486568733,6.280369834735101e-16,2.220446049250313e-16,True,1.170951363634745,0.00040947303378244764,-0.1115812506480211,False,0.07577589228375951,0.18070573268503304,0,False,
764,76.4,0.4741090351253262,0.04749448056354665,0.5216035156888729,122.47794387710312,1.1818102621951534,1.1634778796076948,96.27641848842454,2.9121270837839113,0.48302054923859394,1.9721522630525295e-31,5.9164567891575885e-31,True,1.172644070901424,0.0003360762513329559,-0.1093252123087159,False,0.07228407880795405,0.18070573268503304,0,False,
765,76.50000000000001,0.45847030562492763,0.03992420880491869,0.49839451442984634,102.95585818238557,1.1822575825175752,1.1658473007586527,96.14848463144592,2.8803642888569008,0.21249530896042623,9.930136612989092e-16,3.3306690738754696e-16,True,1.174052441638114,0.00026929734740722294,-0.10710545831940585,False,0.06931928996917525,0.18070573268503304,0,False,
766,76.60000000000001,0.5131238111466847,0.03337384155649186,0.5464976527031765,86.06388457391948,1.1824158888480223,1.1679489674061458,96.02128137448358,3.482531296011858,0.7831507644952063,5.23691153334427e-16,5.082120056479053e-31,True,1.175182428127084,0.00020929181600542446,-0.10489785137016021,False,0.06685520855469214,0.18070573268503304,0,False,
767,76.70000000000002,0.6978916117186631,0.02822907421204909,0.7261206859307122,72.79664765298241,1.1822476412331746,1.169738387840249,95.89785283857753,3.3725017639935473,0.3206842469433779,0.0,2.6550912403252875e-31,True,1.175993014536712,0.0001564814204484215,-0.10275526019080328,False,0.06496715255603,0.18070573268503304,0,False,
768,76.80000000000001,0.4297276251199431,0.02545762626905338,0.4551852513889965,65.64968569881648,1.1817404904177604,1.1712023231252133,95.77520680637919,2.791479748184459,0.7693988277031858,9.155133597044475e-16,4.440892098500626e-16,True,1.176471406771487,0.00011105296988570916,-0.10062578010858601,False,0.06364937206303142,0.18070573268503304,0,False,
769,76.9,0.5600393157655927,0.024223377573295665,0.5842626933388884,62.4668265392739,1.1809690522496457,1.1724144191950476,95.65527812877781,3.469340580865514,0.7273724715894239,9.860761315262648e-32,3.4512664603419266e-31,True,1.1766917357223468,7.318174669882495e-05,-0.0985430350115158,False,0.06280368516294159,0.18070573268503304,0,False,
770,77.0,0.41496864171486525,0.025072145082654786,0.44004078679752,64.65561349183157,1.1798608114709914,1.1732995493705483,95.53743608154814,2.958287342850478,0.5499258009115358,4.965068306494546e-16,3.5893712983539184e-31,True,1.1765801804207698,4.3050160350711865e-05,-0.09649610685211392,False,0.06253869594217955,0.18070573268503304,0,False,
771,77.10000000000001,0.499572088552919,0.02739675677255547,0.5269688453254745,70.65028185568015,1.17845531188253,1.1738962108198017,95.42006237972527,2.825952289684093,0.33548784493446826,5.23691153334427e-16,4.440892098500626e-16,True,1.1761757613511659,2.0785402500171117e-05,-0.09445690812572576,False,0.06279892837334794,0.18070573268503304,0,False,
772,77.20000000000002,0.4877940637449584,0.0312365949491742,0.5190306586941326,80.55239003988949,1.1767839258303767,1.1742329970604113,95.30478576827589,3.3906293302169157,0.5646770405328225,4.440892098500626e-16,1.77767402686456e-31,True,1.1755084614453941,6.507237589437355e-06,-0.09245375743298632,False,0.06355603759229556,0.18070573268503304,0,False,
773,77.30000000000001,0.4834995104134753,0.036929527113997024,0.5204290375274723,95.23322490545681,1.174792943434342,1.1742531847457007,95.1915809712754,3.2221706124631377,0.3078124913567497,5.23691153334427e-16,2.220446049250313e-16,True,1.1745230640900215,2.913394419637887e-07,-0.09048624419433028,False,0.06490643006636107,0.18070573268503304,0,False,
774,77.4,0.2855113387123325,0.042540250847001124,0.3280515895593336,109.70206209089271,1.1725120188411926,1.173983818949492,95.08127465219928,2.1892669261384072,1.0329036863247305,2.9504581591051765e-16,1.1102230246251565e-16,True,1.1732479188953424,2.1661955587901037e-06,-0.08856876700703971,False,0.06682063804390975,0.18070573268503304,0,False,
775,77.50000000000001,0.506947911932257,0.049643089607861374,0.5565910015401183,128.01873966686475,1.1700413448356162,1.1735227288305579,94.97324315971612,3.1369714953752337,1.0794786878799394,5.551115123125783e-16,6.661338147750939e-16,True,1.1717820368330871,1.2120034520236154e-05,-0.08669051535734838,False,0.069148119450728,0.18070573268503304,0,False,
776,77.60000000000001,0.4600126528062256,0.05993882337310988,0.5199514761793355,154.56919957949626,1.1672738846352442,1.1727606861921294,94.86622194810788,3.0450507626704635,0.1270966886615854,3.3306690738754696e-16,2.220446049250313e-16,True,1.1700172854136868,3.0104991324637746e-05,-0.08482952469499251,False,0.07207185126038057,0.18070573268503304,0,False,
777,77.70000000000002,0.4064908250390221,0.07145793369410634,0.4779487587331285,184.27448176531766,1.1642225028345163,1.1717062812798682,94.76009733397939,2.812604218142486,0.2324465445279773,4.965068306494546e-16,2.220446049250313e-16,True,1.1679643920571923,5.600693981911315e-05,-0.08298383268158135,False,0.07558677008117552,0.18070573268503304,0,False,
778,77.80000000000001,0.43753127703435246,0.08372410735616591,0.5212553843905183,215.90627795600213,1.1609029662973696,1.170373048816248,94.65391927516441,3.0993091168776354,0.32535641030622775,3.3306690738754696e-16,4.440892098500626e-16,True,1.165638007556809,8.96824629143679e-05,-0.08113692626255306,False,0.07967912975298941,0.18070573268503304,0,False,
779,77.9,0.45944206698623025,0.09665539458208723,0.5560974615683175,249.2532574854656,1.1573223528331298,1.1687669034678996,94.55076791365771,3.2386273450738496,0.1393182281962142,4.742874840267547e-16,2.220446049250313e-16,True,1.1630446281505147,0.0001309777392318096,-0.07934240061062758,False,0.08433709593751398,0.18070573268503304,0,False,
780,78.00000000000001,0.48128587433827485,0.11101494718195462,0.5923008215202294,286.28342302383226,1.1534844760351624,1.166887756984251,94.4518836716329,3.088065137151603,0.1570623551491842,1.6653345369377348e-16,2.220446049250313e-16,True,1.1601861165097067,0.00017964794020020446,-0.07762186859308308,False,0.08955430055323109,0.18070573268503304,0,False,
781,78.10000000000001,0.46700509386694355,0.12628414790574535,0.5932892417726889,325.6593733891479,1.1493875051730784,1.1647336022512127,94.35567580295482,2.8361720372925836,0.26807114102300744,6.684427777288335e-16,1.0164240112958106e-31,True,1.1570605537121454,0.0002355026955315215,-0.07594768207054646,False,0.09533713710292128,0.18070573268503304,0,False,
782,78.20000000000002,0.3826395561889504,0.1413599380952731,0.5239994942842235,364.53656001855944,1.1450587327453248,1.16232366200799,94.26159736922858,2.800880566986926,0.17754085078744053,4.742874840267547e-16,2.220446049250313e-16,True,1.1536911973766575,0.00029807778244483337,-0.07431034435719254,False,0.10164448223040748,0.18070573268503304,0,False,
783,78.30000000000001,0.4697688688696997,0.15707385593376905,0.6268427248034687,405.05933917681614,1.1405142931975782,1.15967383040947,94.17075147586596,3.0033335531733547,0.2024529861864286,4.47545209131181e-16,2.220446049250313e-16,True,1.1500940618035242,0.0003670878661738661,-0.0727290754734275,False,0.10844048227377406,0.18070573268503304,0,False,
784,78.40000000000002,0.34601771649122515,0.17365237995728627,0.5196700964485115,447.81174979010365,1.1357473010840715,1.156771562666026,94.08386477262312,2.839994102504746,0.16333945066860878,1.1102230246251565e-16,2.220446049250313e-16,True,1.1462594318750488,0.0004420195750664468,-0.07121654936642864,False,0.10199295843410802,0.18070573268503304,0,False,
785,78.50000000000001,0.31023290858197106,0.18928611179855262,0.49951902038052365,488.12774668751894,1.130772169337965,1.1536291906789697,94.0005708574042,2.626667214438962,0.3666777477549905,5.551115123125783e-17,2.220446049250313e-16,True,1.1422006800084674,0.0005224434245831418,-0.06976641281172674,False,0.09494432882731177,0.18070573268503304,0,False,
786,78.60000000000001,0.4056199701627481,0.20438223458295496,0.610002204745703,527.0573666604344,1.1256245400504603,1.1502768702620054,93.92172372345165,2.617708866587582,0.052977145396238545,1.6653345369377348e-16,2.968482249915787e-31,True,1.137950705156233,0.00060773738485906,-0.06839355826059894,False,0.08775286678714025,0.18070573268503304,0,False,
787,78.7,0.3277831458277072,0.2208826261014904,0.5486657719291976,569.6082905231228,1.1203041747082392,1.146710199428737,93.8468684974365,2.728184568616885,0.11767111742592795,4.440892098500626e-16,1.0164240112958106e-31,True,1.133507187068488,0.0006972781415395409,-0.0670900893114217,False,0.08049603780230108,0.18070573268503304,0,False,
788,78.80000000000001,0.2814372030438027,0.23588234766494318,0.5173195507087459,608.289312697114,1.1147990158922145,1.1429187673242325,93.77606664712268,2.0839334234730953,0.6442511451437896,3.554447978966673e-16,2.220446049250313e-16,True,1.1288588916082234,0.0007907204205984754,-0.06585709718287013,False,0.07327254314412245,0.18070573268503304,0,False,
789,78.90000000000002,0.33368295297544637,0.25032777470919554,0.5840107276846419,645.5409297653229,1.1091744950221278,1.1389586200491304,93.70862133727809,2.5807227581221595,0.49678933464906416,4.965068306494546e-16,2.220446049250313e-16,True,1.1240665575356292,0.0008870941036241071,-0.0646824646048444,False,0.06635663342394095,0.18070573268503304,0,False,
790,79.00000000000001,0.3396061512376185,0.2674954781992368,0.6071016294368553,689.8127061823467,1.103393779311315,1.1347905205957187,93.64554336689741,2.6617201751850046,0.09722481765780433,1.1102230246251565e-16,2.4279309002868434e-31,True,1.119092149953517,0.0009857553632797746,-0.06358381279642181,False,0.05993099707103647,0.18070573268503304,0,False,
791,79.10000000000001,0.29389949190414155,0.28323821657698645,0.577137708481128,730.4098072480617,1.0974530573674688,1.1304041940648635,93.5866949226756,2.080798028201529,0.5809221469834758,2.482534153247273e-16,1.1102230246251565e-16,True,1.113928625716166,0.001085777409650391,-0.0625587586598729,False,0.05436076603015232,0.18070573268503304,0,False,
792,79.2,0.21945366733827232,0.29555331276663677,0.5150069801049091,762.1677640055633,1.0914022094630715,1.1258480084684177,93.53121412020096,1.776224516589121,0.30457351161240775,2.220446049250313e-16,2.220446049250313e-16,True,1.1086251089657446,0.001186513069116707,-0.06159230347750016,False,0.050207479282461866,0.18070573268503304,0,False,
793,79.30000000000001,0.1575198180760955,0.30644039191216116,0.46396020998825666,790.2431751428011,1.0852688489456157,1.1211486538310378,93.47879134130315,1.6583858755680994,0.1178386410210217,4.449557262054371e-16,1.1102230246251565e-16,True,1.1032087513883266,0.0012873603986159584,-0.06067906486143424,False,0.04803565419449528,0.18070573268503304,0,False,
794,79.40000000000002,0.18385221207106484,0.3163845640902366,0.5002367761613014,815.8870341234459,1.0790566230521894,1.1163155413708477,93.42919828600255,1.981767410180903,0.3233815346128037,4.440892098500626e-16,2.220446049250313e-16,True,1.0976860822115184,0.00138822699427643,-0.059815075085088217,False,0.04826441923026715,0.18070573268503304,0,False,
795,79.50000000000001,0.23579522426297506,0.3255427550434664,0.5613379793064415,839.5040183345839,1.0727855792715926,1.111349324689133,93.3857971913549,1.8905015057601053,0.11780190353376918,2.2887833992611187e-16,8.628166150854817e-32,True,1.0920674519803628,0.0014871624606288747,-0.05905892230411517,False,0.05094623689040384,0.18070573268503304,0,False,
796,79.60000000000001,0.30904331685313524,0.33458092473264717,0.6436242415857825,862.8114937887495,1.0664619970605504,1.1062508843074308,93.34791022075808,1.76521672356058,0.17644759877806115,2.482534153247273e-16,1.355854680848614e-31,True,1.0863564406839905,0.0015831555483449573,-0.05839881127685261,False,0.055845371982388585,0.18070573268503304,0,False,
797,79.7,0.17161095438666685,0.3427211342582556,0.5143320886449225,883.8033251256851,1.060094842517726,1.1010200394672838,93.31443491080455,1.6458208675503831,0.1767242594501206,2.2887833992611187e-16,2.465190328815662e-32,True,1.080557440992505,0.0016748717453601012,-0.05781554409353777,False,0.06254949851708196,0.18070573268503304,0,False,
798,79.80000000000001,0.16343184407751976,0.3482208819623989,0.5116527260399186,897.9859792499897,1.0536963466691458,1.0956755802787514,93.28608244789105,1.167712932099878,0.4781079354505051,1.1443916996305594e-16,1.1102230246251565e-16,True,1.0746859634739487,0.0017622560544498444,-0.057321520940113925,False,0.06182714564564966,0.18070573268503304,0,False,
799,79.90000000000002,0.1534786074180674,0.3515659880773138,0.5050445954953813,906.6122809621924,1.0472991435309036,1.0902526056678408,93.2616852033129,1.1138677524605787,0.07519012574124587,2.237726045655905e-16,6.972611193684198e-32,True,1.068775874599372,0.001844999909549296,-0.05689640364332528,False,0.05327517445809924,0.18070573268503304,0,False,
800,80.00000000000001,0.14005154209738713,0.3531068771967526,0.4931584192941397,910.5858991353389,1.0409109477352942,1.0847553445471263,93.24122112889837,0.8229904856112698,0.2908772668493089,1.2412670766236366e-16,1.1102230246251565e-16,True,1.0628331461412104,0.0019223311317933692,-0.05653981312173972,False,0.04608792018849813,0.18070573268503304,0,False,
801,80.10000000000001,0.15778789299110385,0.3523379642858182,0.5101258572769221,908.6030398381243,1.034561388292024,1.0792064845635012,93.22418273765062,0.8069628888054443,0.1898988994058528,1.1102230246251565e-16,5.551115123125783e-17,True,1.0568839364277625,0.0019931846210894744,-0.05624291029857405,False,0.04106990593775121,0.18070573268503304,0,False,
802,80.2,0.16752669195319148,0.3515898484605382,0.5191165404137297,906.6738117051917,1.0282685314961213,1.0736148317564838,93.21142745664108,0.9877678977101839,0.1808050089047396,5.551115123125783e-17,2.220446049250313e-16,True,1.0509416816263024,0.0020562869473029484,-0.05602063964059085,False,0.03905776029490669,0.18070573268503304,0,False,
803,80.30000000000001,0.1417925147600192,0.34894245254651096,0.49073496730653016,899.8467529747596,1.0220192703135824,1.0679660954535974,93.20340980175727,0.95492150424184,0.4903412811915617,2.482534153247273e-16,5.551115123125783e-17,True,1.0449926828835898,0.0021111107404471166,-0.05588092436812249,False,0.040484458973861936,0.18070573268503304,0,False,
804,80.4,0.13310256314867552,0.3451514178957615,0.478253981044437,890.0704984777891,1.015860291512018,1.0623080944303807,93.20012100665807,0.7612425130909795,0.2798531422909573,5.551115123125783e-17,5.814139762243842e-32,True,1.0390841929711994,0.002157398395943032,-0.055823613664588656,False,0.04498735415974691,0.18070573268503304,0,False,
805,80.50000000000001,0.25312579391451606,0.34088067676773603,0.5940064706822521,879.0571852256929,1.0097687384774277,1.0566117110071496,93.20138247549009,1.220037546204796,0.49562745988751256,2.220446049250313e-16,5.551115123125783e-17,True,1.0331902247422886,0.002194264075420282,-0.05584559610363241,False,0.05174956828865701,0.18070573268503304,0,False,
806,80.60000000000001,0.15511384398487027,0.3362675554831624,0.49138139946803266,867.1609479558839,1.003791541542149,1.0508992968331465,93.20959725770942,0.9525021835386205,0.28771696257853685,1.2412670766236366e-16,1.1102230246251565e-16,True,1.0273454191876477,0.002219140608556506,-0.055988746777626684,False,0.059908287791317,0.18070573268503304,0,False,
807,80.70000000000002,0.22374918928303944,0.33180608502934444,0.5555552743123839,855.6557852218489,0.9979004409048693,1.0451450247705059,93.2243209791782,1.22268370699262,0.2903631233663607,1.1102230246251565e-16,1.6023737137301802e-31,True,1.0215227328376875,0.0022320507046371674,-0.0562453192490917,False,0.0652055485377464,0.18070573268503304,0,False,
808,80.80000000000001,0.17552242869096046,0.3242429157000869,0.49976534439104736,836.1520151489783,0.9921236029992676,1.0393757902364058,93.24650607963126,1.4892807950019589,0.6706175215845431,5.721958498152797e-17,8.326672684688674e-17,True,1.0157496966178368,0.0022327691986935554,-0.05663190512036451,False,0.0579245621181114,0.18070573268503304,0,False,
809,80.9,0.25218579923903317,0.3119265504129782,0.5641123496520113,804.3907856649316,0.9864934105746731,1.0336212078971747,93.27240042633628,2.128022448048189,0.63874165304623,1.1102230246251565e-16,1.6653345369377348e-16,True,1.010057309235924,0.0022210292804707896,-0.05708311561968922,False,0.05224502298873211,0.18070573268503304,0,False,
810,81.00000000000001,0.1736661982802139,0.29851188524626693,0.47217808352648083,769.797279473822,0.9810742956068179,1.02793463769963,93.30217955507916,1.8782565904929875,0.6673071219397819,3.510833468576701e-16,2.220446049250313e-16,True,1.004504466653224,0.0021958916610553664,-0.05760200425228846,False,0.04864110296464939,0.18070573268503304,0,False,
811,81.10000000000001,0.25093250497465114,0.2863260686179573,0.5372585735926084,738.3727066099951,0.9758363786669872,1.022281931260662,93.33933969648803,1.9693889606363018,0.4532081808654772,1.1102230246251565e-16,2.465190328815662e-32,True,0.9990591549638246,0.0021571893557317994,-0.05824948204676838,False,0.047341737846666725,0.18070573268503304,0,False,
812,81.20000000000002,0.2720324565811366,0.2714961164127699,0.5435285729939066,700.1294827167085,0.9707922438178354,1.0166855388376683,93.3814968397951,2.4350500683104825,0.4656611076741808,4.002966042486721e-16,1.9721522630525295e-31,True,0.9937388913277518,0.0021061945277774255,-0.05898399785325639,False,0.04841950719298645,0.18070573268503304,0,False,
813,81.30000000000001,0.32121621711698145,0.25407714400859394,0.5752933611255754,655.2097383758693,0.9659882645766175,1.0111825462016366,93.42927544377073,2.765084102797516,0.3300340344870336,2.482534153247273e-16,2.091783358105259e-31,True,0.988585405389127,0.0020425230916015437,-0.05981641933090962,False,0.05153289999325381,0.18070573268503304,0,False,
814,81.4,0.2400385171508097,0.23744915575058603,0.4774876729013957,612.3297702513934,0.961453946789695,1.0057899215688704,93.48570515747056,2.435529661528376,0.32955444126914024,3.1401849173675503e-16,5.551115123125783e-17,True,0.9836219341792827,0.0019656786596196764,-0.06079951092222425,False,0.05610615729122181,0.18070573268503304,0,False,
815,81.50000000000001,0.34980573515295,0.21905561499168855,0.5688613501446386,564.8968259168354,0.9571589585606888,1.0004937367243383,93.54867016992313,3.2385109345367304,0.8317188294773304,0.0,9.860761315262648e-32,True,0.9788263476425135,0.0018779029984927137,-0.06189638771578608,False,0.06169266269581859,0.18070573268503304,0,False,
816,81.60000000000001,0.2986473609688296,0.1992057568530511,0.4978531178218807,513.7083555466913,0.9531861398553931,0.9953648442862133,93.61700977425899,2.998148323844844,0.24036261069188658,2.220446049250313e-16,3.55534805372912e-31,True,0.9742754920708032,0.001779043107462489,-0.06308680750567063,False,0.05724454430207715,0.18070573268503304,0,False,
817,81.70000000000002,0.5825350537577789,0.17589517008402025,0.7584302238417991,453.59541812400005,0.9495109829730239,0.9903865301562912,93.69096229692349,4.591088763492479,1.5929404396476352,2.220446049250313e-16,1.1102230246251565e-16,True,0.9699487565646576,0.001670810357531507,-0.06437489856081681,False,0.04914309205997871,0.18070573268503304,0,False,
818,81.8,0.3903231735298085,0.152500357023552,0.5428235305533605,393.265279399742,0.9462919997347737,0.9856805339359618,93.77257027695319,3.5816461147850953,1.0094426487073838,2.220446049250313e-16,2.465190328815662e-31,True,0.9659862668353678,0.0015514566265181602,-0.06579620636630652,False,0.04177561253835667,0.18070573268503304,0,False,
819,81.9,0.3398437805898741,0.13377272430167098,0.47361650489154505,344.97078449748506,0.9434285715960149,0.981177880609974,93.860798596226,3.6653774345599133,0.161554349986349,8.95090418262362e-16,5.551115123125783e-16,True,0.9623032261029945,0.0014250103310313753,-0.06733266563308281,False,0.0350355151905351,0.18070573268503304,0,False,
820,82.00000000000001,0.42504297215853093,0.11604918787675753,0.5410921600352885,299.26563573498976,0.9409302447950181,0.976887974535549,93.95488925306678,3.863275114222068,0.3389064025310745,4.965068306494546e-16,2.220446049250313e-16,True,0.9589091096652835,0.001292958328093061,-0.06897103904147142,False,0.028988546810943136,0.18070573268503304,0,False,
821,82.10000000000001,0.40529735211269025,0.09853500226840176,0.503832354381092,254.1003572322959,0.9388124719871974,0.9728333269965638,94.05846804969381,4.373710146381388,0.5104350321593198,4.440892098500626e-16,2.220446049250313e-16,True,0.9558228994918806,0.001157418575568328,-0.0707744114325669,False,0.023656721859758038,0.18070573268503304,0,False,
822,82.20000000000002,0.5169109474856015,0.08204891818557226,0.5989598656711738,211.5863291370024,0.937126799514197,0.9690631842259606,94.17167065088978,4.251551854627523,0.4364867658531948,1.1957467920563633e-15,3.3306690738754696e-16,True,0.9530949918700788,0.00101993266845777,-0.07274507560948455,False,0.019144385180183972,0.18070573268503304,0,False,
823,82.30000000000003,0.5143015972775289,0.06709164514746048,0.5813932424249894,173.01477248495584,0.935867696069185,0.9655717223796659,94.28913949338312,4.475673634839907,0.5678019008381558,2.220446049250313e-16,3.3306690738754696e-16,True,0.9507197092244255,0.0008823291790537456,-0.07478970744401572,False,0.01561859170740321,0.18070573268503304,0,False,
824,82.4,0.4630290481315512,0.054878020394696636,0.5179070685262479,141.51848851142077,0.935060027225244,0.9623999156349643,94.40888205874045,4.225832334972601,0.6545641086070306,4.440892098500626e-16,2.220446049250313e-16,True,0.9487299714301041,0.000747469498255961,-0.07687359148794042,False,0.013190861623313715,0.18070573268503304,0,False,
825,82.50000000000001,0.5999970307537777,0.04527710367438641,0.6452741344281642,116.75981076010679,0.9346724831800471,0.9595285581367453,94.53582198257419,4.631916868878229,0.7997088610136465,1.3322676295501878e-15,2.220446049250313e-16,True,0.9471005206583962,0.000617824462252998,-0.07908236457480844,False,0.011726847329866898,0.18070573268503304,0,False,
826,82.60000000000001,0.26693951940840277,0.039056174597393606,0.3059956940057964,100.71738660229501,0.9347506878040645,0.957004180283919,94.6660733674547,3.2909093736866084,1.3410074951916209,6.661338147750939e-16,2.220446049250313e-16,True,0.9458774340439917,0.0004952179275509421,-0.08134835396686431,False,0.011068072723664491,0.18070573268503304,0,False,
827,82.70000000000002,0.3928292548198743,0.03586705066838692,0.4286963054882612,92.49332904951483,0.9351566348698646,0.9547260998619261,94.80173300798417,3.9513011719623288,0.6603917982757204,1.9721522630525295e-31,1.1102230246251565e-16,True,0.9449413673658953,0.00038296396007552375,-0.08370798390990355,False,0.011069726998935213,0.18070573268503304,0,False,
828,82.80000000000003,0.5259141336828468,0.03446633153428888,0.5603804652171357,88.88117880683338,0.9359549311548956,0.9527506482339306,94.94455087004484,4.333011918602944,0.5948878592325406,4.440892098500626e-16,1.1102230246251565e-16,True,0.944352789694413,0.0002820961121989895,-0.08619161485555904,False,0.011411910880736108,0.18070573268503304,0,False,
829,82.9,0.5744395880447355,0.03543332668126298,0.6098729147259985,91.3748491435804,0.9371854726730251,0.9511283669649284,95.0932444410483,4.621413265181799,0.6326890956409286,6.280369834735101e-16,1.1102230246251565e-16,True,0.9441569198189768,0.00019440430123519013,-0.08877685628738649,False,0.011879125947286712,0.18070573268503304,0,False,
830,83.00000000000001,0.4094028798623607,0.039105126369745405,0.44850800623210607,100.84362258499549,0.9388805689588717,0.9498988581684108,95.24488479589395,3.808242532943144,0.8131707322386545,2.220446049250313e-16,1.1102230246251565e-16,True,0.9443897135636412,0.00012140269710504505,-0.0914127156694307,False,0.012382400794471931,0.18070573268503304,0,False,
831,83.10000000000001,0.4497889294916736,0.04567772310645939,0.495466652598133,117.79292121284375,0.9409586062519334,0.9490019510565749,95.39894663373043,4.22340968323674,0.47503190434361287,4.965068306494546e-16,3.55534805372912e-31,True,0.9449802786542542,6.469539564635386e-05,-0.09409001018496979,False,0.013152726581653647,0.18070573268503304,0,False,
832,83.20000000000002,0.395605548274665,0.05499085134155913,0.4505963996162241,141.80945500296784,0.9434579409478614,0.9484898016730777,95.55828083936676,3.5157100017200444,0.7076996815166958,2.220446049250313e-16,1.1102230246251565e-16,True,0.9459738713104695,2.5319622357974617e-05,-0.09685821234586048,False,0.01435538263539212,0.18070573268503304,0,False,
833,83.30000000000003,0.4660426446202147,0.0661958413552132,0.5322384859754279,170.70468918075042,0.9463081078215316,0.9483058837386361,95.72203548639986,3.8562638281378576,0.7105089625474141,4.965068306494546e-16,1.1102230246251565e-16,True,0.9473069957800839,3.991108614962214e-06,-0.09970243259172791,False,0.016284153263953213,0.18070573268503304,0,False,
834,83.4,0.4947174700179434,0.08037592772793244,0.5750933977458759,207.27205032088645,0.949546135135422,0.9485003953840322,95.88752902470361,3.819856349668822,0.13326700667423053,0.0,3.5893712983539184e-31,True,0.949023265259727,1.0935716276367457e-06,-0.10257602775676647,False,0.01898807433008803,0.18070573268503304,0,False,
835,83.50000000000001,0.5283197249994263,0.09902019484446666,0.6273399198438929,255.35156344395986,0.9531687441871695,0.9490837428268037,96.05413424617193,4.288036747842358,0.5046163678569631,6.661338147750939e-16,2.220446049250313e-16,True,0.9511262435069866,1.6687236114189735e-05,-0.10546806147868605,False,0.022542506350687642,0.18070573268503304,0,False,
836,83.60000000000001,0.2751397213924973,0.11762390357528181,0.3927636249677791,303.3264853044086,0.9572183160094568,0.9501126708510003,96.22593455165395,2.7445618457772305,1.719579621334943,2.220446049250313e-16,1.1102230246251565e-16,True,0.9536654934302286,5.0490193117897365e-05,-0.10844934041620483,False,0.02709264475971511,0.18070573268503304,0,False,
837,83.70000000000002,0.4082301081334738,0.1358082925532244,0.5440384006866983,350.2200726487303,0.9615274080344226,0.9514285914460147,96.39760626790321,3.684449880794518,0.9398880350172876,4.965068306494546e-16,1.9721522630525295e-31,True,0.9564779997402186,0.00010198609648630347,-0.11142741396958641,False,0.032431882184500334,0.18070573268503304,0,False,
838,83.80000000000001,0.44463383860615,0.15745472155132792,0.6020885601574779,406.0415088348184,0.9661788524764972,0.9531300931581506,96.57011373809576,3.318400989944418,0.5028113333828879,2.220446049250313e-16,3.3306690738754696e-16,True,0.9596544728173239,0.00017027011974813703,-0.11441897806499002,False,0.038579674673028634,0.18070573268503304,0,False,
839,83.9,0.44078412055798877,0.1793973987549781,0.6201815193129668,462.62690476237765,0.9711225298372419,0.9551788391470423,96.74276399319389,3.604926392082622,0.3816331977704088,4.577566798522237e-16,2.220446049250313e-16,True,0.963150684492142,0.00025420127282475835,-0.11741197977679305,False,0.04545503521391951,0.18070573268503304,0,False,
840,84.00000000000001,0.30884019274580166,0.200584357749306,0.5094245504951076,517.2634676607087,0.9763581259543666,0.9575887546062444,96.91265555912507,2.6886354629445246,1.0540541560941192,4.440892098500626e-16,2.220446049250313e-16,True,0.9669734402803054,0.00035228930080370973,-0.12035611731080187,False,0.05299075363461596,0.18070573268503304,0,False,
841,84.10000000000001,0.3495413769672542,0.22115235708132322,0.5706937340485774,570.3038681021992,0.9818108656779629,0.960281234976973,97.08281960558209,2.9229564889630453,0.23432102601852067,0.0,1.1102230246251565e-16,True,0.971046050327468,0.0004635249981210068,-0.12330391604144034,False,0.061118820185740684,0.18070573268503304,0,False,
842,84.20000000000002,0.21277856640289028,0.23972906061229896,0.4525076270151892,618.2091494210297,0.9874868353641186,0.9632807718034173,97.25319227800316,2.107095192298206,0.8245767662517687,9.860761315262648e-32,2.220446049250313e-16,True,0.975383803583768,0.0005859335131047122,-0.12625423925139964,False,0.06982995898646539,0.18070573268503304,0,False,
843,84.30000000000001,0.358805030754358,0.25732711625376964,0.6161321470081276,663.5907105124987,0.9933043866471257,0.9665015547174811,97.42252283120114,2.7105354515115634,0.6601263130191377,5.551115123125783e-16,2.220446049250313e-16,True,0.9799029706823035,0.0007183917994487825,-0.1291854101319835,False,0.07512701510244134,0.18070573268503304,0,False,
844,84.4,0.3696764309444108,0.2778857756245011,0.647562206568912,716.6070252235928,0.9993036382646411,0.9700030191691488,97.58975856869314,2.6167764708613284,0.23034760953027833,2.220446049250313e-16,1.1024666305413758e-31,True,0.9846533287168949,0.0008585262793791285,-0.13207921164198336,False,0.07284760716579046,0.18070573268503304,0,False,
845,84.50000000000001,0.22729459563110965,0.2966251078021034,0.523919703433213,764.9316904796301,1.0054757732717616,0.9737797889579283,97.75670311889955,2.168395885562928,0.5281896357009659,3.3306690738754696e-16,1.1102230246251565e-16,True,0.989627781114845,0.0010046354216227704,-0.1349668522332355,False,0.07179387846333733,0.18070573268503304,0,False,
846,84.60000000000002,0.20068744468532618,0.31197105594810354,0.5126585006334297,804.505555768081,1.011769022651682,0.9777838014433061,97.92192389145156,1.8676746649397056,0.3035544363896756,4.002966042486721e-16,2.220446049250313e-16,True,0.9947764120474941,0.0011549952605822342,-0.13782354855869336,False,0.07219627794744377,0.18070573268503304,0,False,
847,84.7,0.25181368006184823,0.3253787795812995,0.5771924596431477,839.0811612527882,1.018160813075716,0.9819839289165843,98.08544132717793,1.7320775820660614,0.24173416494871103,2.220446049250313e-16,1.4427156510797781e-31,True,1.00007237099615,0.00130876694746324,-0.14064966557257294,False,0.07417317842144996,0.18070573268503304,0,False,
848,84.80000000000001,0.16695911618831127,0.3362887861206165,0.5032479023089278,867.2156971560379,1.0246266793192866,0.986366185708006,98.24724256456017,1.3708639643691023,0.4036845844231711,2.482534153247273e-16,5.551115123125783e-17,True,1.0054964325136464,0.0014638653713788428,-0.14344499353843201,False,0.07771820922840604,0.18070573268503304,0,False,
849,84.9,0.11210109634966225,0.3445264766605966,0.45662757301025886,888.4589108444725,1.031134388046823,0.9908937770438206,98.40784222865257,1.236314693251015,0.2227085071575087,2.482534153247273e-16,5.082120056479053e-32,True,1.0110140825453218,0.0016193067738949456,-0.14621843157943387,False,0.0827187854675531,0.18070573268503304,0,False,
850,85.00000000000001,0.20965772600770038,0.35331958185135853,0.562977307859059,911.134418214611,1.0376618980568557,0.9955522069685335,98.566771959788,1.5557517912582783,0.3194370980072634,2.7755575615628914e-16,2.220446049250313e-16,True,1.0166070525126947,0.0017732260835539397,-0.14896190023346254,False,0.07365405378712919,0.18070573268503304,0,False,
851,85.10000000000002,0.2794959837636716,0.3625644636495738,0.6420604474132454,934.9749592753196,1.044227607779585,1.000375421945789,98.72454898747982,1.8042486704577507,0.3602042832233968,2.7755575615628914e-17,6.162975822039155e-32,True,1.0223015148626868,0.0019230142024017512,-0.15168433709284773,False,0.0620621886551592,0.18070573268503304,0,False,
852,85.2,0.18479037835662515,0.36712408615307185,0.551914464509697,946.733234815085,1.0508134879968571,1.0053587414261396,98.87725892707752,1.0232526746791417,0.780995995778609,2.465190328815662e-32,1.4427156510797781e-31,True,1.0280861147114984,0.002066133985808161,-0.15431824633440816,False,0.050494840000908044,0.18070573268503304,0,False,
853,85.30000000000001,0.042382398679243094,0.3680833711772701,0.4104657698565132,949.2070224207562,1.0573693846865202,1.0104222830970755,99.02523151406214,0.6764775956092866,0.34677507906985516,4.163336342344337e-17,5.551115123125783e-17,True,1.0338958338917978,0.0022040303476496418,-0.15686940113094622,False,0.039210388487596684,0.18070573268503304,0,False,
854,85.4,0.14188667913022845,0.36848050825756007,0.5103671873877885,950.2311526450292,1.0638930170438463,1.0155528467199724,99.17079275447254,0.8184280017608896,0.15198906122677996,1.1102230246251565e-16,7.892459972162309e-32,True,1.0397229318819092,0.002336772066941143,-0.15937796179150165,False,0.028554240650140016,0.18070573268503304,0,False,
855,85.50000000000001,0.12257075629101322,0.3684302937344705,0.4910010500254837,950.1016603025969,1.0703698963428958,1.0207538226106128,99.31285446337982,0.7236105822622034,0.09481741949868616,1.1443916996305594e-16,5.551115123125783e-17,True,1.0455618594767544,0.002461754772607348,-0.1618252207883249,False,0.01963305480192198,0.18070573268503304,0,False,
856,85.60000000000002,0.13400092837586364,0.367787854695524,0.5017887830713876,948.4449496359485,1.0767982394833422,1.026023819255496,99.45228949361557,0.6053610473357498,0.1339065191453349,1.1443916996305594e-16,9.62687598334037e-32,True,1.0514110293694192,0.0025780417494739145,-0.1642262633635146,False,0.015731603183963383,0.18070573268503304,0,False,
857,85.7,0.19534520896644025,0.36634037514524403,0.5616855841116843,944.7122144419034,1.0831688533172579,1.0313486526590232,99.5889961435868,0.7827416183683753,0.1773805710326255,2.2887833992611187e-16,3.697785493223493e-32,True,1.0572587529881405,0.002685333196259705,-0.16657937962728586,False,0.020027411987792225,0.18070573268503304,0,False,
858,85.80000000000001,0.12861862798920898,0.36284325981917137,0.49146188780838035,935.693914008753,1.0894801529085727,1.0367312318342206,99.72155593821228,0.926399204153155,0.37456488762120865,6.206335383118183e-17,2.7755575615628914e-17,True,1.0631056923713966,0.0027824486745082313,-0.16886021105635052,False,0.029074061941756768,0.18070573268503304,0,False,
859,85.9,0.20070477783268337,0.3565297216509307,0.557234499483614,919.4126711304125,1.0957006443849306,1.042134901491952,99.8503310411135,1.106333190181089,0.1799339860279341,1.962615573354719e-16,5.551115123125783e-17,True,1.0689177729384414,0.0028692888116766822,-0.17107505744564305,False,0.03966341544740996,0.18070573268503304,0,False,
860,86.00000000000001,0.2001568899194328,0.34775803919634124,0.5479149291157741,896.7924083412756,1.1018119516995681,1.0475439358993088,99.97562579630016,1.3973930524329936,0.2910598622519045,3.554447978966673e-16,5.551115123125783e-17,True,1.0746779437994385,0.0029450175388971937,-0.17322921479498965,False,0.05074482266781674,0.18070573268503304,0,False,
861,86.10000000000002,0.15564479261146946,0.33824948960891144,0.4938942822203809,872.2719253524431,1.1077852487548319,1.052933767568561,100.09697182187493,1.2111471035867556,0.23645802455237885,2.237726045655905e-16,1.1102230246251565e-16,True,1.0803595081616963,0.003008684988327821,-0.17531469320141768,False,0.04826197239597026,0.18070573268503304,0,False,
862,86.2,0.18147433788309408,0.3298392443341774,0.5113135822172714,850.5837305026577,1.1136399677628361,1.0583122806636498,100.21364418964315,1.235774703365967,0.2197392789726318,1.3877787807814457e-16,1.1102230246251565e-16,True,1.0859761242132429,0.0030611529597454707,-0.1773191077340558,False,0.03971466406810507,0.18070573268503304,0,False,
863,86.30000000000001,0.19607413764627823,0.32035031517572954,0.5164244528220078,826.1138443362598,1.1193716501830528,1.0636828749290754,100.32772882927071,1.4322245229732702,0.23669480426161543,5.551115123125783e-17,2.7755575615628914e-17,True,1.0915272625560641,0.0031012396892880077,-0.17927835454016497,False,0.03310877284306227,0.18070573268503304,0,False,
864,86.4,0.2955126601314031,0.3075504728148987,0.6030631329463019,793.1058325482784,1.1249622308277192,1.0690186165537015,100.43751983209967,1.8529811397139209,0.4207566167406507,6.753223014464259e-16,2.220446049250313e-16,True,1.0969904236907104,0.0031296879780400803,-0.1811631929705167,False,0.029600253268410575,0.18070573268503304,0,False,
865,86.50000000000001,0.2353285934667042,0.29336442904952703,0.5286930225162312,756.5231085871517,1.130369155503222,1.0742854906869725,100.5433262742298,1.7699937140254418,0.10494845538058617,1.1102230246251565e-16,5.551115123125783e-17,True,1.1023273230950972,0.003145377459221421,-0.18297899704971424,False,0.030067508529967143,0.18070573268503304,0,False,
866,86.60000000000002,0.25910570436912783,0.27958423592780696,0.5386899402969347,720.9869852365769,1.1356010306070048,1.0794879201340941,100.64486178516049,1.8239508984190835,0.18064655937098112,1.2412670766236366e-16,5.551115123125783e-17,True,1.1075444753705495,0.003148681166945078,-0.18472091862590828,False,0.03409781999587844,0.18070573268503304,0,False,
867,86.7,0.18470445045513406,0.26526498152753714,0.4499694319826712,684.0607399973712,1.1406516077460245,1.0846168337233297,100.74311963125608,1.920040242098178,0.393187329039191,2.482534153247273e-16,1.1102230246251565e-16,True,1.112634220734677,0.0031398958997744656,-0.18640605702134655,False,0.04044319690003329,0.18070573268503304,0,False,
868,86.80000000000001,0.30515660499394226,0.24982846527978597,0.5549850702737282,644.2533192567563,1.1455098690426053,1.0896497385659953,100.83988076129693,2.0781315252473678,0.6720601454253372,2.482534153247273e-16,2.7755575615628914e-16,True,1.1175798038043003,0.0031203541768638913,-0.18806499076186792,False,0.04801336912488435,0.18070573268503304,0,False,
869,86.90000000000002,0.16486240522186058,0.23531807270850116,0.4001804779303617,606.8341702126334,1.1501650249911233,1.0945880046743832,100.92914649429095,1.7580812162061887,0.362503776910007,3.3306690738754696e-16,5.551115123125783e-17,True,1.1223765148327534,0.0030888051872873367,-0.18959494314808578,False,0.05611214919413953,0.18070573268503304,0,False,
870,87.00000000000001,0.34876346612081954,0.21969492123784515,0.5684583873586647,566.5454577916969,1.1546463110607166,1.099440830956344,101.01444578093287,2.3701171258777234,0.6120359096715347,5.978733960281817e-16,1.6653345369377348e-16,True,1.1270435710085303,0.0030476450335542847,-0.19105648347673906,False,0.06444706456615164,0.18070573268503304,0,False,
871,87.10000000000002,0.23769516224871445,0.20309882675487478,0.44079398900358924,523.7477367818904,1.1588939609107827,1.1041533818915594,101.09393026941274,2.159199903897111,0.26205874614159363,2.220446049250313e-16,1.1102230246251565e-16,True,1.131523671401171,0.0029965309913597997,-0.1924180104573501,False,0.07272058390067669,0.18070573268503304,0,False,
872,87.2,0.30332777813885936,0.1876534360529152,0.49098121419177454,483.9174307524676,1.1629271959333822,1.108749220902422,101.16972577616653,2.256491596549159,0.1712289497539501,3.1401849173675503e-16,1.6653345369377348e-16,True,1.1358382084179022,0.0029352529784553616,-0.19371600225354887,False,0.08087178419294044,0.18070573268503304,0,False,
873,87.30000000000001,0.3209891716516873,0.17208007045266138,0.49306924210434866,443.7571052718375,1.1667369317234157,1.1132091987731374,101.24122596517849,2.269627224916392,0.07969766569802772,8.005932084973442e-16,1.1102230246251565e-16,True,1.1399730652482765,0.0028652181947963146,-0.1949401263942919,False,0.08157937996853945,0.18070573268503304,0,False,
874,87.40000000000002,0.2585166173480945,0.15683867283645775,0.41535529018455225,404.45285307882006,1.1703224395856333,1.1175298700507175,101.3077826309599,2.3090055452271923,0.17272184589014983,3.1401849173675503e-16,1.1102230246251565e-16,True,1.1439261548181754,0.0027870553980989246,-0.19607934180911005,False,0.07859474614890744,0.18070573268503304,0,False,
875,87.50000000000001,0.275448812227439,0.14278656039905085,0.41823537262648985,368.21550890657034,1.1736811233736537,1.1217073842725387,101.3678238547599,2.1117689896485827,0.25720360008284837,4.440892098500626e-16,4.6513118097950736e-31,True,1.147694253823096,0.0027012695561507497,-0.19710680887259882,False,0.07649487894435153,0.18070573268503304,0,False,
876,87.60000000000002,0.3425033590633876,0.12825597693701554,0.4707593360004031,330.74429194308436,1.1768307936003373,1.1257502622592972,101.42376666269075,2.6124480275212436,0.5006790378726609,3.1401849173675503e-16,2.7755575615628914e-16,True,1.1512905279298171,0.0026092206820829767,-0.19806394623340634,False,0.07518768528967183,0.18070573268503304,0,False,
877,87.7,0.35003963494728363,0.11356873858723787,0.4636083735345215,292.8690960683371,1.1797238691472274,1.129614458090662,101.47255914277436,2.4259856850590067,0.2733044607368609,2.220446049250313e-16,5.551115123125783e-17,True,1.1546691636189448,0.00251095307643584,-0.19889859298938975,False,0.07466307978939242,0.18070573268503304,0,False,
878,87.80000000000001,0.43214518807274904,0.09881993804499808,0.5309651261177472,254.83514467792023,1.1823770019897348,1.1333156343798645,101.51659080256744,2.925243043282286,0.6745750327353879,6.280369834735101e-16,3.3306690738754696e-16,True,1.1578463181847996,0.002407017791750835,-0.19965167709989404,False,0.07477236655779523,0.18070573268503304,0,False,
879,87.90000000000002,0.4562732212410484,0.0837415344633106,0.540014755704359,215.95121867807092,1.1847395284347502,1.136792570982068,101.55686616471823,2.834101345680944,0.6918431296298471,2.220446049250313e-16,2.220446049250313e-16,True,1.1607660497084091,0.0022989107289693046,-0.2003404131032266,False,0.07535635812038113,0.18070573268503304,0,False,
880,88.00000000000001,0.8871241301309423,0.06656098809660242,0.9536851182275446,171.64632327313592,1.1868247957308597,1.1400578622030288,101.58839858270596,4.188329267532997,2.6837713500090774,7.108895957933346e-16,2.2049332610827516e-31,True,1.1634413289669443,0.002187146071596554,-0.2008795697589096,False,0.07639004622175885,0.18070573268503304,0,False,
881,88.10000000000001,0.5865138509776743,0.05150392904788691,0.6380177800255612,132.81744018522932,1.188489401511189,1.1429416451799466,101.6209775994182,2.8273033407324464,2.413218676963582,4.965068306494546e-16,4.930380657631324e-31,True,1.1657155233455678,0.002074598106810244,-0.2014365577630611,False,0.07743793886772202,0.18070573268503304,0,False,
882,88.2,0.40336594077848087,0.0414414198909735,0.44480736066945437,106.8684158531429,1.189875903543819,1.1456068386980767,101.64675005309891,2.79398902428332,0.173840601646289,4.965068306494546e-16,1.1102230246251565e-16,True,1.167741371120948,0.0019597501023165495,-0.2018771310554448,False,0.07864331897011931,0.18070573268503304,0,False,
883,88.30000000000001,0.5380945801415021,0.03270293314127941,0.5707975132827815,84.33375757284358,1.1909877401626003,1.1480677513638222,101.66541446739231,2.875372304347196,0.20394529508013126,6.280369834735101e-16,1.6653345369377348e-16,True,1.1695277457632112,0.0018421254384872392,-0.20219616879423347,False,0.0774707141506671,0.18070573268503304,0,False,
884,88.40000000000002,0.5608936736866578,0.024590822820675002,0.5854844965073328,63.414387979096794,1.19181629872011,1.1503099837722035,101.67763497387783,3.1248786279614946,0.6086802912631186,4.440892098500626e-16,1.1102230246251565e-16,True,1.1710631412461567,0.0017227741805547851,-0.20240504681151586,False,0.07540681452580514,0.18070573268503304,0,False,
885,88.50000000000001,0.3974838354297,0.017934970566917157,0.4154188059966172,46.25039146587398,1.1923355906338018,1.1522869081638532,101.68498469632557,2.93786578581426,0.5674746925678871,6.661338147750939e-16,5.551115123125783e-17,True,1.1723112493988275,0.0016038969675787713,-0.20253066691358237,False,0.07379745260289818,0.18070573268503304,0,False,
886,88.60000000000001,0.538334014896495,0.01267988340601134,0.5510138983025064,32.69866371297139,1.1925657213576528,1.1540355999409093,101.68554458050806,3.4008781430137156,0.8875923419657448,4.965068306494546e-16,2.220446049250313e-16,True,1.1733006606492813,0.0014845702563890133,-0.20254023621430456,False,0.07255296435196494,0.18070573268503304,0,False,
887,88.70000000000002,0.5426325083645112,0.008798091875075234,0.5514306002395863,22.68836694527676,1.1924582488846185,1.1554942025495916,101.68205820836901,3.4668848899740325,0.08804715686888276,4.440892098500626e-16,1.1102230246251565e-16,True,1.1739762257171051,0.0013663407214580174,-0.20248064831975132,False,0.07175472966204835,0.18070573268503304,0,False,
888,88.80000000000001,0.5586152910777473,0.0069754408829937236,0.565590731960741,17.98814613504972,1.1920062420334923,1.156658169838725,101.67488383058867,3.3130288367874923,0.3155214049625339,8.005932084973442e-16,4.440892098500626e-16,True,1.1743322059361088,0.0012494862078864747,-0.20235802392046023,False,0.07139365179508589,0.18070573268503304,0,False,
889,88.90000000000002,0.6006028234401256,0.00726697257628745,0.6078697960164131,18.739943016412635,1.191226805791515,1.1575328319142761,101.66221156678894,3.6078622857669616,0.2948334489794693,1.9721522630525295e-31,2.220446049250313e-16,True,1.1743798188528956,0.0011352838756400524,-0.20214142195338508,False,0.07142047760171476,0.18070573268503304,0,False,
890,89.0,0.6042889590684382,0.009843370023229813,0.6141323290916679,25.38391212961341,1.1900915958218847,1.158099151299796,101.64253534713409,3.4655944892142,0.14226779655276145,4.440892098500626e-16,4.930380657631324e-31,True,1.1740953735608404,0.001023516506498924,-0.2018050845609069,False,0.07185282873386499,0.18070573268503304,0,False,
891,89.10000000000001,0.4695193483965383,0.013952453646963238,0.48347180204350154,35.980345809534974,1.1886149170141602,1.1583631811097295,101.61594322676774,2.6311290944790544,0.8344653947351457,2.220446049250313e-16,2.7755575615628914e-16,True,1.1734890490619447,0.0009151675252314248,-0.20135049173042058,False,0.07268540238604734,0.18070573268503304,0,False,
892,89.20000000000002,0.5394632865615534,0.0193229999591233,0.5587862865206767,49.82981762194979,1.186880092035119,1.1584091207310228,101.5826785065458,3.1396881079713173,0.9433079091831296,2.220446049250313e-16,3.3306690738754696e-16,True,1.1726446063830709,0.0008105962069986727,-0.2007817696206651,False,0.07381669663234075,0.18070573268503304,0,False,
893,89.30000000000001,0.4757532671797985,0.026265880197848195,0.5020191473776466,67.73399693150652,1.1848335505488994,1.1581765455368007,101.54601789633425,2.789350448747089,0.3503376592242282,6.661338147750939e-16,2.220446049250313e-16,True,1.17150504804285,0.0007105959162150416,-0.20015491008447162,False,0.07538305415526791,0.18070573268503304,0,False,
894,89.40000000000002,0.6481068345979017,0.03555430847209848,0.6836611430700003,91.68683489039316,1.1825095424432772,1.1576966234562047,101.50696616268465,3.6066462493278593,0.8172958005807702,4.440892098500626e-16,3.3306690738754696e-16,True,1.170103082949741,0.0006156809486590338,-0.19948707461432202,False,0.0773690619289923,0.18070573268503304,0,False,
895,89.5,0.48289766358807606,0.047058020766927514,0.5299556843550036,121.35240891302645,1.17982751843654,1.1568924271294827,101.46400423497522,2.93187607505337,0.6968693322132551,6.280369834735101e-16,3.3306690738754696e-16,True,1.1683599727830114,0.0005260184132630598,-0.19875226269309063,False,0.0799120137221994,0.18070573268503304,0,False,
896,89.60000000000001,0.5097020549274568,0.06047174856312693,0.5701738034905838,155.94349782929544,1.1768557000074746,1.1558302265165108,101.4163766302401,3.495775881444197,0.5638998063908267,6.280369834735101e-16,6.661338147750939e-16,True,1.1663429632619926,0.00044207053551922323,-0.19793751940584708,False,0.08143810470217132,0.18070573268503304,0,False,
897,89.70000000000002,0.44641321125167366,0.07608491087111355,0.5224981221227872,196.20645037055147,1.1735404033137293,1.1544537825310812,101.36095519376241,2.9901915815149542,0.5055842999292426,6.280369834735101e-16,2.220446049250313e-16,True,1.1639970929224053,0.00036429909290061483,-0.1969892785250229,False,0.08075290666839424,0.18070573268503304,0,False,
898,89.80000000000001,0.4153502086959965,0.09133567240737663,0.5066858811033731,235.5348500784359,1.1699312753097726,1.152812215707873,101.29890065567793,2.713560126068383,0.3194431992624609,6.280369834735101e-16,3.3306690738754696e-16,True,1.161371745508823,0.0002930622016533958,-0.19592732897841456,False,0.08032792848778125,0.18070573268503304,0,False,
899,89.90000000000002,0.46780935288348824,0.10748819333445514,0.5752975462179434,277.18869128496294,1.16605386662446,1.1509254928607937,101.23279250036852,2.812322483033766,0.09876235696538282,4.965068306494546e-16,2.220446049250313e-16,True,1.158489679742627,0.00022886769273318592,-0.1947957564068795,False,0.08024041792974013,0.18070573268503304,0,False,
900,90.0,0.382180117750224,0.12498990276430354,0.5071700205145275,322.3217964346083,1.1618987793111712,1.1487846072323609,101.1620775265268,2.667100106465165,0.1452223765686007,0.0,5.551115123125783e-17,True,1.1553416932717662,0.0001719815093126498,-0.19358504195005438,False,0.08061495762113739,0.18070573268503304,0,False,
901,90.10000000000001,0.3819101761871774,0.1427977450545592,0.5247079212417366,368.244351702478,1.1574809106036819,1.1464011526672753,101.086416978393,2.414999909198732,0.5274309281171448,2.220446049250313e-16,3.885780586188048e-16,True,1.1519410316354786,0.00012276103592936475,-0.19228932758780806,False,0.08158189320734813,0.18070573268503304,0,False,
902,90.20000000000002,0.3871398041865163,0.1606681276560293,0.5478079318425456,414.328184841715,1.152828164647046,1.1437976513962447,101.0029156242867,2.377162611332838,0.5881650823373208,4.577566798522237e-16,3.3306690738754696e-16,True,1.1483129080216452,8.155016957289762e-05,-0.19085894743103565,False,0.0833089767261833,0.18070573268503304,0,False,
903,90.30000000000001,0.3266035730040492,0.17802828587931413,0.5046318588833634,459.0962601915284,1.1479399036574303,1.1409735379841954,100.91660514473477,2.0651211755312584,0.3735948538803737,3.1401849173675503e-16,5.551115123125783e-17,True,1.1444567208208127,4.853025069322458e-05,-0.18938002086727976,False,0.08577117085293502,0.18070573268503304,0,False,
904,90.40000000000002,0.3845894138698833,0.19562341486334925,0.5802128287332325,504.4702740694922,1.1428485015692535,1.1379555167618107,100.82630667852179,2.1380482267521117,0.14537392670224336,0.0,5.551115123125783e-17,True,1.1404020091655322,2.3941300325866288e-05,-0.1878323003755934,False,0.08904098767624001,0.18070573268503304,0,False,
905,90.5,0.38792468904847655,0.21494055802692197,0.6028652470753986,554.2849882885153,1.1375479439556957,1.134735473973785,100.73063815268054,2.2006840783866064,0.10526881735922133,4.440892098500626e-16,5.551115123125783e-17,True,1.1361417089647403,7.909987399149106e-06,-0.18619202788170813,False,0.08401440192471954,0.18070573268503304,0,False,
906,90.60000000000001,0.33741562306443507,0.23441149446114692,0.571827117525582,604.4963019302106,1.1320329290972369,1.131305192415192,100.62860884345295,1.9681632394332162,0.27164364073077485,1.1102230246251565e-16,5.551115123125783e-17,True,1.1316690607562143,5.296006783936382e-07,-0.18444212547839164,False,0.07606798380792622,0.18070573268503304,0,False,
907,90.70000000000002,0.32775259427756764,0.25252832286734694,0.5802809171449146,651.2156652422657,1.1263248317279755,1.127682801567024,100.52241365798983,1.761423310092744,0.20673992934047214,1.1102230246251565e-16,2.7755575615628914e-16,True,1.1270038166474996,1.8440820837658933e-06,-0.18262015311944146,False,0.06809549838290437,0.18070573268503304,0,False,
908,90.80000000000001,0.3709671416016451,0.2705176161819954,0.6414847577836404,697.606143269124,1.1204440560809863,1.1238853434969571,100.41244783566772,1.733737990559052,0.31466313364836207,0.0,2.220446049250313e-16,True,1.1221646997889718,1.1842459079319182e-05,-0.18073282751388176,False,0.06030429447235692,0.18070573268503304,0,False,
909,90.90000000000002,0.17054591671217056,0.2872365630612047,0.4577824797733753,740.720673910559,1.1143960626874294,1.1199142974985008,100.29587722074193,1.3501180463744835,0.38361994418456846,4.440892098500626e-16,1.942890293094024e-16,True,1.1171551800929649,3.0450915430122522e-05,-0.17873141815051113,False,0.05297391936015676,0.18070573268503304,0,False,
910,91.00000000000003,0.2612047298381629,0.30303961605455615,0.5642443458927191,781.473313262344,1.1082174203736348,1.1158024435996066,100.17482350115887,1.4811182913239038,0.2007586022622918,2.220446049250313e-16,1.6653345369377348e-16,True,1.1120099319866208,5.753257733852776e-05,-0.17665225509065524,False,0.04660617060301968,0.18070573268503304,0,False,
911,91.10000000000001,0.2360125354191629,0.3179729929650406,0.5539855283842035,819.983246994344,1.1018953064744414,1.1115327959009318,100.04954885908137,1.1600929519496597,0.38351030916703355,1.1102230246251565e-16,2.032848022591621e-31,True,1.1067140511876867,9.288120244571314e-05,-0.17449976524544644,False,0.04185472426640986,0.18070573268503304,0,False,
912,91.20000000000002,0.20816270490196276,0.33205424511799714,0.5402169500199598,856.2957361603559,1.0954677849181156,1.1071397135730137,99.92051477384433,1.2939344124787286,0.13384146052906898,3.1401849173675503e-16,2.7755575615628914e-17,True,1.1013037492455646,0.00013623391852503086,-0.17228180798913362,False,0.03957653364757004,0.18070573268503304,0,False,
913,91.30000000000001,0.26783606368453516,0.3461263194143162,0.6139623830988514,892.5845576286307,1.088923013558944,1.1026080418476387,99.7867389178293,1.1286771709287668,0.23191649817650561,1.9721522630525295e-31,8.326672684688674e-17,True,1.0957655277032914,0.00018727999926237328,-0.16998142239812017,False,0.040404520148104354,0.18070573268503304,0,False,
914,91.40000000000002,0.0891181504194698,0.3584330455919166,0.4475511960113864,924.3209299440258,1.082284155729656,1.097955536316382,99.6484157081658,1.0182341106668857,0.13558605478252972,9.860761315262648e-32,8.628166150854817e-32,True,1.090119846023019,0.0002455921694940095,-0.16760186705572702,False,0.04435865529145527,0.18070573268503304,0,False,
915,91.50000000000001,0.0985308309947237,0.36965390935348774,0.46818474034821145,953.2570990680051,1.0755643238570929,1.0931947553284913,99.50608518608574,0.9822360210989821,0.0874029153435133,1.1102230246251565e-16,1.3877787807814457e-16,True,1.084379539592792,0.00031083211386767596,-0.16515235490370908,False,0.05085626169503392,0.18070573268503304,0,False,
916,91.60000000000001,0.24155431534980698,0.37898454467992926,0.6205388600297362,977.31877984206,1.0687702317860188,1.0883307081757625,99.36046016944614,0.7648950019074771,0.3679688960623509,5.551115123125783e-17,5.551115123125783e-17,True,1.0785504699808905,0.00038261223659371977,-0.16264508973012465,False,0.05868976555297991,0.18070573268503304,0,False,
917,91.70000000000002,0.12426334891580715,0.3862924235120266,0.5105557724278338,996.1642112024625,1.06193762695144,1.0833846938923286,99.21051775264615,0.7362327877885632,0.16294874178528623,0.0,5.551115123125783e-17,True,1.0726611604218843,0.00045997668036695685,-0.1600623930223091,False,0.048315624520388054,0.18070573268503304,0,False,
918,91.80000000000001,0.2481251406609688,0.39334027344308314,0.6414654141040519,1014.3390845365384,1.0550706448607863,1.0783621344097958,99.05783068934366,0.7211973521940884,0.19915066660389052,0.0,1.3877787807814457e-17,True,1.0667163896352911,0.0005424934854116189,-0.15743129452391116,False,0.03894867411056018,0.18070573268503304,0,False,
919,91.9,0.13135785960008128,0.3996312713099719,0.5309891309100532,1030.5622008761486,1.0481737504837196,1.0732619638811667,98.90035729714963,0.7192158119448867,0.2954744334538148,4.930380657631324e-32,2.7755575615628914e-17,True,1.0607178571824432,0.0006294184514758303,-0.15471654722571127,False,0.031678360826430635,0.18070573268503304,0,False,
920,92.00000000000001,0.1202898079575685,0.4041067048238507,0.5243965127814192,1042.1033713076297,1.041258629113301,1.0680887696750756,98.74118521652423,0.5909295692317859,0.1326967138042319,2.7755575615628914e-17,5.551115123125783e-17,True,1.0546736993941883,0.0007198564425645813,-0.15197132794235266,False,0.028294851968118796,0.18070573268503304,0,False,
921,92.10000000000001,0.1181127700334319,0.4034553504435278,0.5215681204769598,1040.423669913053,1.034338518838223,1.062856377411293,98.58036502117014,0.7560985271386071,0.8290145601681451,6.938893903907228e-17,4.163336342344337e-17,True,1.048597448124758,0.0008132682575936151,-0.1491964927728194,False,0.030255776255324156,0.18070573268503304,0,False,
922,92.20000000000002,0.170057541332588,0.39930103358999985,0.5693585749225878,1029.7105895635727,1.0274915644641573,1.0576350209594094,98.41635972340619,0.5853037299994073,0.3648096595500783,1.491862189340054e-16,5.551115123125783e-17,True,1.0425632927117834,0.0009086279694811545,-0.14636549055989426,False,0.03675747467159649,0.18070573268503304,0,False,
923,92.30000000000001,0.14761986160129892,0.3961766591151512,0.5437965207164501,1021.6535067817205,1.020706224752227,1.0524015119390444,98.25056349953418,0.5389113844840966,0.13288422467959904,9.437916079723832e-17,8.326672684688674e-17,True,1.0365538683456357,0.0010045912298548355,-0.14350235512863882,False,0.04585520714042116,0.18070573268503304,0,False,
924,92.4,0.19634699033373892,0.3926015413122775,0.5889485316460163,1012.4340549123914,1.0139773626319581,1.0471498879496464,98.08370921159506,0.772989753354438,0.2816099590462071,5.594315114139762e-17,1.3877787807814457e-17,True,1.0305636252908021,0.0011004164359526658,-0.14061973490297547,False,0.05627633652138156,0.18070573268503304,0,False,
925,92.50000000000001,0.18077791471494087,0.3862152605119044,0.5669931752268453,995.9652245942037,1.007324324160563,1.0418918668268513,97.91416056084853,1.1311058756168353,0.41739114186318693,1.5515838457795457e-16,2.7755575615628914e-17,True,1.0246080954937071,0.0011949150059856666,-0.1376893446765956,False,0.06739203046880798,0.18070573268503304,0,False,
926,92.60000000000001,0.22114766191837987,0.3764403912425429,0.5975880531609228,970.757961022239,1.000788643875895,1.0366534319953036,97.74248171946765,1.3846403935664315,0.25353451794959625,1.5700924586837752e-16,8.326672684688674e-17,True,1.0187210379355993,0.0012862830268500665,-0.13472090892928376,False,0.07753027686426395,0.18070573268503304,0,False,
927,92.70000000000002,0.10704564358485547,0.3654189756154428,0.47246461920029825,942.3361252930097,0.9943952638497032,1.0314507597293538,97.56929461460521,1.3579168850420527,0.0974707509037851,1.6653345369377348e-16,2.7755575615628914e-17,True,1.0129230117895285,0.0013731097748868044,-0.13172516889779234,False,0.06956208072042136,0.18070573268503304,0,False,
928,92.80000000000003,0.2620606229115957,0.35118459493239723,0.6132452178439929,905.6287509257768,0.9881406177427176,1.026287152658915,97.3953824616883,1.9907555080930608,0.6328386230510081,4.965068306494546e-16,5.551115123125783e-17,True,1.0072138852008163,0.001455158126112672,-0.12871567614392113,False,0.06298902817782012,0.18070573268503304,0,False,
929,92.9,0.09240953482156411,0.33635835610375264,0.42876789092531675,867.3951030236034,0.9820855815946782,1.0212009585708395,97.22349450014741,1.521591171575224,0.46916433651783684,1.1102230246251565e-16,5.551115123125783e-17,True,1.0016432700827589,0.0015300127159872093,-0.12574004598236688,False,0.05824180253523259,0.18070573268503304,0,False,
930,93.00000000000001,0.23226251114913343,0.3221161271277403,0.5543786382768737,830.6674896143994,0.9761852176456737,1.0161683219052353,97.05137193276664,2.063638531705554,0.6629638947750085,1.6653345369377348e-16,5.551115123125783e-17,True,0.9961767697754544,0.0015986486262309762,-0.12275922047963293,False,0.055583147200951324,0.18070573268503304,0,False,
931,93.10000000000001,0.20900220911631728,0.3063086393671385,0.5153108484834558,789.9034139616389,0.9704969615124361,1.0112189733806205,96.87661711423391,1.994471919300193,0.31870709251988505,1.1102230246251565e-16,2.7755575615628914e-17,True,0.9908579674465283,0.0016582822505925479,-0.11973167628531733,False,0.05513328713615624,0.18070573268503304,0,False,
932,93.20000000000002,0.23370806141195555,0.2894641465792231,0.5231722079911787,746.4651277052767,0.965010993455764,1.0063460165497544,96.70187932035535,2.3507692830423625,0.4097687202263329,2.2887833992611187e-16,1.1102230246251565e-16,True,0.9856785050027592,0.0017085841341807195,-0.11670331335953252,False,0.056834545297798925,0.18070573268503304,0,False,
933,93.30000000000003,0.24151948454452676,0.26947484867212235,0.5109943332166491,694.9170724753037,0.9597645009094579,1.0015792367181409,96.52603817409155,2.7991014661593443,0.44833218311698175,9.860761315262648e-32,4.437342591868191e-31,True,0.9806718688137994,0.0017484721307499565,-0.11365473264953514,False,0.06030888476176524,0.18070573268503304,0,False,
934,93.4,0.29570444510067706,0.24723266000111008,0.5429371051017872,637.559301563223,0.9547994618325403,0.9969476352546843,96.35205114519275,3.0636163529721494,0.2645148868128051,3.1401849173675503e-16,1.6653345369377348e-16,True,0.9758735485436123,0.0017764685228231303,-0.1106372432939285,False,0.05962759412414546,0.18070573268503304,0,False,
935,93.50000000000001,0.25778896964186604,0.22532496046664752,0.48311393010851356,581.0641054431546,0.950142884454322,0.9924659509407114,96.17970217805608,3.0001923871743834,0.13560428184075324,4.965068306494546e-16,2.220446049250313e-16,True,0.9713044176975167,0.001791241956811337,-0.10764715721424022,False,0.04996789490257618,0.18070573268503304,0,False,
936,93.60000000000001,0.25408835616543834,0.205080302976583,0.4591686591420213,528.85753334344,0.9457872154388094,0.9881288968233962,96.01003848146064,2.9214705552618905,0.3255885917341086,3.1401849173675503e-16,1.6653345369377348e-16,True,0.9669580561311029,0.0017928179824738665,-0.10470270642693923,False,0.04078777385406185,0.18070573268503304,0,False,
937,93.70000000000002,0.3069417262383387,0.18275619054449727,0.489697916782836,471.2884988552152,0.9417275856682682,0.9839426169828862,95.8403289214555,3.8435645004855417,0.9220939452236512,7.108895957933346e-16,2.220446049250313e-16,True,0.9628351013255771,0.0017821088688941887,-0.10175654122672818,False,0.03208732607846341,0.18070573268503304,0,False,
938,93.80000000000003,0.47866095236344897,0.15717071817075537,0.6358316705342043,405.3091258359111,0.9380534840743255,0.9799729547701718,95.67372040313012,4.44849711360825,0.7538357957247457,1.1102230246251565e-16,2.220446049250313e-16,True,0.9590132194222487,0.0017572420234199108,-0.09886334166045103,False,0.024083008918761296,0.18070573268503304,0,False,
939,93.9,0.5849028825862731,0.13004769471226493,0.7149505772985381,335.3647427095053,0.9348295096687869,0.9762574684709262,95.50732554690552,5.254857121233293,0.8063600076250435,1.2994827337208943e-15,2.220446049250313e-16,True,0.9555434890698565,0.0017162757705117546,-0.09597301803084109,False,0.01693176326934503,0.18070573268503304,0,False,
940,94.00000000000001,0.5154840454522845,0.1048060150879425,0.6202900605402271,270.27193647794434,0.9321361990987655,0.9728643562796631,95.34194340978873,4.773027762470392,0.5992280981799505,6.280369834735101e-16,4.409866522165503e-31,True,0.9525002776892143,0.001658782787351893,-0.09309948349391382,False,0.011046741268552674,0.18070573268503304,0,False,
941,94.10000000000001,0.3653652775857067,0.08506722965018489,0.45043250723589157,219.3698984650598,0.9299217703550812,0.969758875224367,95.18033798577224,4.055278282476544,0.7232757154733584,4.440892098500626e-16,3.5893712983539184e-31,True,0.9498403227897241,0.0015869949243664761,-0.09029082032014446,False,0.007425907099249325,0.18070573268503304,0,False,
942,94.20000000000002,0.43803423193904745,0.0686706329080363,0.5067048648470838,177.08663877400144,0.928111664400204,0.9668931931753677,95.02426098740972,4.317611128158382,0.3769864445173088,8.881784197001252e-16,4.409866522165503e-31,True,0.9475024287877858,0.0015040069741388516,-0.087577557737153,False,0.007836515237569917,0.18070573268503304,0,False,
943,94.30000000000003,0.5653318224452019,0.053256493670653327,0.6185883161158552,137.33692348015626,0.9267337076222826,0.9642926435472605,94.87258118362253,4.998385738611034,0.6807746104526524,1.7763568394002505e-15,7.771561172376096e-16,True,0.9455131755847715,0.0014106736678165988,-0.08494011370564118,False,0.010942165745912825,0.18070573268503304,0,False,
944,94.4,0.4142587669862865,0.041080755592939215,0.4553395225792257,105.9383410080456,0.9258558616683001,0.9620066993180646,94.72601168556564,4.2219076670933875,0.7764780715176469,2.220446049250313e-16,2.220446049250313e-16,True,0.9439312804931823,0.0013068830627796272,-0.0823909631363127,False,0.014446600919363442,0.18070573268503304,0,False,
945,94.50000000000001,0.5082177807970242,0.031904969871452936,0.5401227506684771,82.27598371326779,0.9254026668678785,0.959989877719757,94.58208938018531,4.886908712023389,0.6650010449300012,8.881784197001252e-16,2.220446049250313e-16,True,0.9426962722938177,0.0011962751545122974,-0.07988732804893997,False,0.017763206968686492,0.18070573268503304,0,False,
946,94.60000000000001,0.5370349874677173,0.02551916665950274,0.56255415412722,65.80838499183321,0.925438839387648,0.9582969874243485,94.44284932271492,4.623450921800783,0.27843527570306636,8.005932084973442e-16,3.3306690738754696e-16,True,0.9418679134059983,0.0010796578924017254,-0.07746466423265015,False,0.020592969501019326,0.18070573268503304,0,False,
947,94.70000000000002,0.6067153311563048,0.022017620187032627,0.6287329513433375,56.77865759510015,0.9259414813206799,0.9569156151525701,94.30531863928745,5.133878975408858,0.5629074543104755,9.155133597044475e-16,1.1102230246251565e-16,True,0.9414285482366249,0.000959396966635844,-0.07507129297267107,False,0.02297149831263932,0.18070573268503304,0,False,
948,94.80000000000003,0.4671463333592245,0.02169786146769766,0.48884419482692215,55.954069347871666,0.9269547889913053,0.9558962798564976,94.17538367292121,4.747845914814562,0.3860330605942961,8.881784197001252e-16,1.1102230246251565e-16,True,0.9414255344239015,0.0008376098935000074,-0.07280970822127801,False,0.024780442319412104,0.18070573268503304,0,False,
949,94.9,0.6613563479795321,0.025252599288074228,0.6866089472676064,65.12096567131648,0.9284429477683576,0.9552231544070873,94.05042485500498,5.450396065907996,0.7025501510934342,2.220446049250313e-16,1.1102230246251565e-16,True,0.9418330510877224,0.0007171794676130627,-0.07063438253084443,False,0.026163328387064512,0.18070573268503304,0,False,
950,95.00000000000001,0.5413489989546598,0.03326180015225489,0.5746107991069147,85.77495414122032,0.9304729812662819,0.9549506627094417,93.93359816085425,5.075550476307879,0.3748455896001168,1.9721522630525295e-31,4.440892098500626e-16,True,0.9427118219878619,0.0005991568888328131,-0.06860031953177635,False,0.02710620759772057,0.18070573268503304,0,False,
951,95.10000000000002,0.515604193799386,0.044605333671132175,0.5602095274705182,115.02746191071137,0.9330119115571877,0.9550736413167129,93.82091529431796,4.5210363122769195,0.5545141640309597,4.440892098500626e-16,1.1102230246251565e-16,True,0.9440427764369502,0.00048671991998232696,-0.06663813417246334,False,0.02788004351309629,0.18070573268503304,0,False,
952,95.20000000000002,0.4537193048351559,0.05823105200482325,0.5119503568399791,150.1652283534066,0.9360025996656479,0.9555514828233552,93.71324724431791,4.350916140114851,0.2192972582206827,9.930136612989092e-16,5.551115123125783e-16,True,0.9457770412445015,0.00038215883271369683,-0.06476303263041565,False,0.028739040794722445,0.18070573268503304,0,False,
953,95.30000000000001,0.43160270528153055,0.07460469637454477,0.5062074016560754,192.38929886398307,0.939426508477628,0.9563734576335718,93.61161583386553,4.222878578204682,0.2247218304225549,6.280369834735101e-16,4.440892098500626e-16,True,0.9478999830555999,0.00028719908569414625,-0.06299285273354265,False,0.02991418269737427,0.18070573268503304,0,False,
954,95.4,0.3942447862694798,0.09250158622556923,0.48674637249504904,238.54148843926757,0.9432736332688864,0.9575411288168533,93.51369903234664,3.729899822187314,0.6555451349089907,4.440892098500626e-16,1.1102230246251565e-16,True,0.9504073810428698,0.00020356142921125567,-0.061287185049383075,False,0.0317056736448099,0.18070573268503304,0,False,
955,95.50000000000001,0.3728449941324111,0.11070789655577838,0.4835528906881895,285.4916061871384,0.9474900015936829,0.9590174882522221,93.42261542290476,3.481068706043902,0.3482421783262373,6.280369834735101e-16,2.220446049250313e-16,True,0.9532537449229526,0.00013288294866279921,-0.059700387773376024,False,0.034256285839454975,0.18070573268503304,0,False,
956,95.60000000000002,0.5092405960605363,0.13229676752727237,0.6415373635878087,341.16461273110576,0.9520481194994993,0.960789140384972,93.3400084082016,4.037800759098716,0.6861722673748987,2.220446049250313e-16,2.220446049250313e-16,True,0.9564186299422357,7.640544612026966e-05,-0.05826113344688604,False,0.03764867631083697,0.18070573268503304,0,False,
957,95.70000000000002,0.32096469038651954,0.15463132894938025,0.4755960193358998,398.760592893824,0.9570046836762065,0.962919776850392,93.26536939357631,2.8731069821687227,1.1646937769299934,6.280369834735101e-16,2.220446049250313e-16,True,0.9599622302632993,3.4988327259295676e-05,-0.056960600613629224,False,0.04200984773123158,0.18070573268503304,0,False,
958,95.80000000000001,0.36115106285089826,0.17443900232455054,0.5355900651754488,449.8402779265754,0.9622439976684615,0.9653105352374092,93.1970940122009,2.7210186231160174,0.15208835905270535,4.440892098500626e-16,5.551115123125783e-17,True,0.9637772664529354,9.403652661767685e-06,-0.055770864949237615,False,0.04729682416814524,0.18070573268503304,0,False,
959,95.9,0.33842275764189056,0.1955451622142934,0.533967919856184,504.26847749343585,0.9677503676071464,0.9679576822294367,93.13528311384592,2.726634143850098,0.2924947025980833,4.577566798522237e-16,2.220446049250313e-16,True,0.9678540249182915,4.297935261536513e-08,-0.05469370807112378,False,0.05344133022272854,0.18070573268503304,0,False,
960,96.00000000000001,0.21112266653736178,0.2146986671600441,0.4258213336974059,553.6612043105389,0.973526721787237,0.9708742084007401,93.07806360980938,1.855335953163094,0.8712981906870039,4.965068306494546e-16,1.1102230246251565e-16,True,0.9722004650939886,7.035827265545027e-06,-0.05369650704942518,False,0.06042329160945349,0.18070573268503304,0,False,
961,96.10000000000002,0.22715231105319522,0.23070465732638,0.45785696837957524,594.9371745291626,0.9794848416122571,0.9739816779385794,93.02549097820274,1.813986899697928,0.3457390695194653,2.220446049250313e-16,1.1102230246251565e-16,True,0.9767332597754182,3.0284810419286475e-05,-0.052780242825816524,False,0.0680548298063039,0.18070573268503304,0,False,
962,96.2,0.2548148046419757,0.2479720332574736,0.5027868378994493,639.4659845108544,0.9856155356559396,0.9772784375495817,92.9810902598282,1.994745100375858,0.2277793024896877,2.220446049250313e-16,1.1102230246251565e-16,True,0.9814469866027606,6.950720483503757e-05,-0.05200636847644565,False,0.06934108440107382,0.18070573268503304,0,False,
963,96.30000000000001,0.3741625729285808,0.26785355933615523,0.642016132264736,690.7361196162985,0.9919333740225613,0.980788527545175,92.94546877115421,2.2832410324608787,0.7686400280722347,4.440892098500626e-16,1.1102230246251565e-16,True,0.9863609507838682,0.00012420760300451068,-0.05138548753385075,False,0.06499344301399465,0.18070573268503304,0,False,
964,96.4,0.26550552977315367,0.2871362664810102,0.5526417962541639,740.4620308266811,0.998452167628701,0.9845368302224196,92.91282474484777,1.8316172978801393,0.6550038000617437,1.1102230246251565e-16,1.1102230246251565e-16,True,0.9914944989255603,0.0001936366151306566,-0.05081648617933899,False,0.06171805046758464,0.18070573268503304,0,False,
965,96.50000000000001,0.2891371491349266,0.3039332889367167,0.5930704380716433,783.7779014125249,1.0051227613994203,0.9884785176623591,92.88528130028386,1.7463580014500313,0.3762622817669783,2.220446049250313e-16,8.326672684688674e-17,True,0.9968006395308897,0.00027703084957870073,-0.050336377622543074,False,0.059894265303391474,0.18070573268503304,0,False,
966,96.60000000000002,0.33228771296610005,0.3189886583669946,0.6512763713330947,822.6024273416687,1.0119249915018746,0.992607068434297,92.86546636030556,1.5004506611438502,0.39001711325582256,2.220446049250313e-16,1.3877787807814457e-16,True,1.002266029968086,0.0003731821516448563,-0.04999097708449332,False,0.05979538263910598,0.18070573268503304,0,False,
967,96.7,0.13406610960758614,0.3320072064215784,0.4660733160291645,856.1744335847371,1.0188256914146812,0.9968983543266308,92.85476964165618,1.3090793069306492,0.19137135421320095,2.482534153247273e-16,5.551115123125783e-17,True,1.0078620228706558,0.0004808081117729902,-0.049804516682698245,False,0.0615635333279822,0.18070573268503304,0,False,
968,96.80000000000001,0.22771910587039423,0.3439017319630535,0.5716208378334477,886.8478300389709,1.0258107949016853,1.0013313447145513,92.85161737817857,1.2977766788343896,0.15387750907399378,2.482534153247273e-16,1.1102230246251565e-16,True,1.0135710698081182,0.0005992434814643716,-0.04974956750816397,False,0.06519071107807055,0.18070573268503304,0,False,
969,96.9,0.15986896152473618,0.353620695253336,0.5134896567780722,911.9109242403732,1.0328648355855443,1.0059049587433833,92.85598942223436,0.972272512749849,0.3367328189538356,1.5700924586837752e-16,5.551115123125783e-17,True,1.0193848971644637,0.00072683495934448,-0.049825779438450846,False,0.0704951270496856,0.18070573268503304,0,False,
970,97.00000000000001,0.13726196779807553,0.36098942509446635,0.4982513928925419,930.913277128936,1.0399557700279103,1.0105844055952864,92.8664206168041,0.8896040542115411,0.21993835397057332,1.1102230246251565e-16,1.6653345369377348e-16,True,1.0252700878115983,0.0008626770486340038,-0.05000761117121454,False,0.06729387353276241,0.18070573268503304,0,False,
971,97.10000000000002,0.17147085498846293,0.368490411506509,0.539961266494972,950.2566909718954,1.0470696040683858,1.0153623396958475,92.88411981331708,0.9884572345980744,0.3946939802666123,2.220446049250313e-16,8.326672684688674e-17,True,1.0312159718821166,0.0010053506139900326,-0.05031613153851101,False,0.058852095459044844,0.18070573268503304,0,False,
972,97.2,0.2364914040634063,0.3751679750606779,0.6116593791240842,967.4766762105803,1.0542214318662728,1.0202460218817084,92.90565653940382,0.9495610430908317,0.6827305342749987,0.0,1.6653345369377348e-16,True,1.0372337268739906,0.0011543284836192374,-0.05069153863509699,False,0.051652539266586556,0.18070573268503304,0,False,
973,97.30000000000001,0.25632624804521553,0.37888300811504916,0.6352092561602647,977.0569391071515,1.061373938933862,1.025216747001474,92.93567617002003,0.6356388190337462,0.4814990884304858,5.551115123125783e-17,6.162975822039155e-32,True,1.043295342967668,0.0013073425284355423,-0.051214799446542884,False,0.046314918698890165,0.18070573268503304,0,False,
974,97.40000000000002,0.15926586749685923,0.3788562991637419,0.5381221666606011,976.9880625261171,1.0685032510397925,1.0302550371378139,92.96921256759354,0.9374747613081236,0.4509937704727672,5.551115123125783e-17,2.7755575615628914e-17,True,1.0493791440888032,0.0014629258666915116,-0.05179934305801222,False,0.04371699944522367,0.18070573268503304,0,False,
975,97.50000000000001,0.11440245552388806,0.37669989293447487,0.4911023484583629,971.427159490847,1.0755741692769758,1.0353204497217643,93.00667309430915,0.8577877235672307,0.07968703774089292,1.3877787807814457e-16,5.551115123125783e-17,True,1.0554473094993702,0.0016203619380296174,-0.052452263740095866,False,0.04435615078344234,0.18070573268503304,0,False,
976,97.60000000000002,0.1891184307371434,0.37395602204478323,0.5630744527819267,964.3513127641095,1.0825919903857133,1.0404075956335992,93.04772818700752,1.1780837943590372,0.32029607079180655,2.7755575615628914e-17,1.1102230246251565e-16,True,1.0614997930096561,0.0017795231606021922,-0.0531678103809943,False,0.0480902857225431,0.18070573268503304,0,False,
977,97.7,0.2502829313115773,0.3701710634293666,0.620453994740944,954.590727041819,1.089534733443566,1.0455159750562657,93.09373978052125,1.0231440554101419,0.22314440258815316,2.7755575615628914e-17,5.512333152706879e-32,True,1.067525354249916,0.0019376510899595297,-0.05396971110590249,False,0.05422950401772638,0.18070573268503304,0,False,
978,97.80000000000001,0.2963243493875709,0.3631917649436866,0.6595161143312576,936.5926329877752,1.0963989216730916,1.0506389281219286,93.14238220822344,1.731329600219404,0.7081855448092622,2.0014830212433605e-16,1.1102230246251565e-16,True,1.07351892489751,0.002093977009802459,-0.054817424761799044,False,0.06206125186397644,0.18070573268503304,0,False,
979,97.90000000000002,0.11227496962101258,0.35589105666149096,0.46816602628250353,917.7656929172659,1.1031259541015626,1.0557351900092997,93.1964099634296,1.0860880724466329,0.6452415277727712,2.2473876566261383e-16,5.551115123125783e-17,True,1.0794305720554311,0.002245884521248509,-0.05575894462373895,False,0.06429062906573045,0.18070573268503304,0,False,
980,98.00000000000001,0.20517429631314021,0.3490068591862498,0.5541811554993901,900.0128437018009,1.109769023078595,1.0608336886802532,93.25336339879803,1.68202568519282,0.7296277306263789,3.1401849173675503e-16,4.930380657631324e-32,True,1.085301355879424,0.00239466695267754,-0.05675139543597507,False,0.05636045619822692,0.18070573268503304,0,False,
981,98.10000000000002,0.1973225253811024,0.33883245354072006,0.5361549789218225,873.7752626429078,1.1162875560514054,1.0658963042904237,93.31663067996011,1.6546465212343797,0.2548168608049677,2.482534153247273e-16,2.032848022591621e-31,True,1.0910919301709145,0.0025392782540386407,-0.057853803348223945,False,0.04996108507926135,0.18070573268503304,0,False,
982,98.2,0.173964402534587,0.3284815979112936,0.5024460004458806,847.0826554216401,1.122661873382353,1.070896956558346,93.38402756787187,1.5594529299215245,0.28654160210332025,7.850462293418876e-17,1.1102230246251565e-16,True,1.0967794149703494,0.002679606613796371,-0.05902809043078697,False,0.04567081344132902,0.18070573268503304,0,False,
983,98.30000000000001,0.19548269751467573,0.31826798565777836,0.5137506831724541,820.7439690411289,1.1289048267994872,1.0758624520671365,93.45525079302719,1.7427899407030787,0.23276579875485326,3.510833468576701e-16,2.220446049250313e-16,True,1.1023836394333117,0.00281349351724712,-0.06026895675676586,False,0.04397239290665882,0.18070573268503304,0,False,
984,98.40000000000002,0.1758939947295679,0.3072441088248289,0.4831381035543968,792.3157863968833,1.1349955043967694,1.0807721973093318,93.53050077229928,1.5875011208960212,0.15528881980705744,2.7755575615628914e-16,1.1102230246251565e-16,True,1.1078838508530506,0.002940167031498562,-0.06157987684131502,False,0.04502681184782593,0.18070573268503304,0,False,
985,98.50000000000001,0.1831492639156962,0.29591919472856826,0.47906845864426445,763.1112940719493,1.1409430984520217,1.0856200348615872,93.60903734025197,1.8938636125262036,0.30636249163018237,3.554447978966673e-16,3.3306690738754696e-16,True,1.1132815666568043,0.0030606413650312576,-0.06294793884381722,False,0.04853074068842607,0.18070573268503304,0,False,
986,98.60000000000002,0.25557706553600423,0.2824383176497132,0.5380153831857175,728.3470417485876,1.1467247522021757,1.090403260764232,93.69195373657807,2.079368064563336,0.3797978324663561,3.1401849173675503e-16,1.1102230246251565e-16,True,1.1185640064832039,0.0031721103977943696,-0.06439216654550538,False,0.05386832956968779,0.18070573268503304,0,False,
987,98.7,0.2613500670775992,0.267518995501769,0.5288690625793682,689.8733521947992,1.1523097855570248,1.095082264954588,93.77877359219552,2.161678198146396,0.08231013358305983,2.482534153247273e-16,2.220446049250313e-16,True,1.1236960252558064,0.003274989114302335,-0.06590423964748932,False,0.06039171517113667,0.18070573268503304,0,False,
988,98.80000000000001,0.3563151233177543,0.2518266473062241,0.6081417706239785,649.4061964582004,1.1576932057199596,1.0996592505559288,93.86983371820095,2.263789214596645,0.27505973852092747,2.9504581591051765e-16,3.944304526105059e-31,True,1.128676228137944,0.0033679399519807324,-0.06748999955138017,False,0.06762581125421638,0.18070573268503304,0,False,
989,98.90000000000002,0.38963137117875346,0.23492722404687835,0.6245585952256318,605.8262564535045,1.162849260006069,1.104115742952789,93.96380110107816,2.4040674439743164,0.24558137520346301,1.1102230246251565e-16,1.1102230246251565e-16,True,1.133482501479429,0.00344962602544792,-0.06912620890094194,False,0.07522299357448786,0.18070573268503304,0,False,
990,99.00000000000001,0.34871623174901856,0.21800405230633588,0.5667202840553545,562.1850742768199,1.1677664437418473,1.1084344732558227,94.06140275952897,2.5914283025913285,0.2346997719294044,4.577566798522237e-16,2.220446049250313e-16,True,1.138100458498835,0.0035202827217545034,-0.07082550324606643,False,0.0829363743169718,0.18070573268503304,0,False,
991,99.10000000000002,0.3329545464227347,0.2012888997739343,0.534243446196669,519.0803284312151,1.1724367954039632,1.112607504209168,94.16410980523423,2.4210105022438477,0.1948883064397029,6.753223014464259e-16,3.2047474274603605e-31,True,1.1425221498065654,0.003579544084871557,-0.07261346294907627,False,0.09060548029171585,0.18070573268503304,0,False,
992,99.2,0.31169159822786074,0.18493728959574038,0.49662888782360115,476.91307931211975,1.1768606507606987,1.1166238654704552,94.27017854281233,2.3843427540215667,0.07545378359666088,5.23691153334427e-16,1.1102230246251565e-16,True,1.146742258115577,0.0036284703021028904,-0.0744596991672107,False,0.09813621818079518,0.18070573268503304,0,False,
993,99.30000000000001,0.47109478130117577,0.1687418255976875,0.6398366068988632,435.1484972579342,1.1810415187886896,1.1204765124057454,94.37972739468749,3.1186857920716253,0.7343430380500586,3.3306690738754696e-16,4.440892098500626e-16,True,1.1507590155972176,0.003668119998166066,-0.07636624242738793,False,0.10254183259243077,0.18070573268503304,0,False,
994,99.40000000000002,0.3864435391107328,0.15231513890117554,0.5387586780119084,392.78764211371896,1.1849370956217498,1.1241464320914631,94.49701729010876,2.8450183955937174,0.3617038045123143,8.881784197001252e-16,6.661338147750939e-16,True,1.1545417638566065,0.003695504772452519,-0.07840719799109457,False,0.0949556430407022,0.18070573268503304,0,False,
995,99.50000000000001,0.40357513000714196,0.1368306945733951,0.5404058245805371,352.8566252704347,1.1885437520807245,1.1276244755814722,94.61865633507506,2.606485176598021,0.274514277446686,4.742874840267547e-16,2.220446049250313e-16,True,1.1580841138310984,0.003711158249192357,-0.08052348570120645,False,0.08790078850095627,0.18070573268503304,0,False,
996,99.60000000000001,0.4326905716641286,0.12228046109465117,0.5549710327587798,315.33473518419703,1.1918823740602242,1.1309248400617882,94.74348796328893,2.7410116503311728,0.14125438010940616,8.920730087951354e-16,3.3306690738754696e-16,True,1.1614036070610063,0.0037158209511704886,-0.08269494084888178,False,0.08136604493483209,0.18070573268503304,0,False,
997,99.70000000000002,0.41439781905331385,0.10886994828343284,0.5232677673367467,280.75193701551405,1.1949409025445548,1.1340319078815366,94.87062087041019,2.721638345522801,0.25458196616678275,3.3306690738754696e-16,4.440892098500626e-16,True,1.1644864052130457,0.0037099056308595715,-0.08490602338312071,False,0.07540224956865596,0.18070573268503304,0,False,
998,99.80000000000001,0.47278803818373416,0.09573924145173388,0.568527279635468,246.89069766060095,1.1977270189518248,1.1369553275719622,95.0023995011264,3.0014050612771195,0.48753543006132566,4.996003610813204e-16,2.220446049250313e-16,True,1.1673411732618935,0.0036931984731692663,-0.08719746250329632,False,0.07002007137111356,0.18070573268503304,0,False,
999,99.90000000000002,0.43588239380003524,0.08316925694559126,0.5190516507456265,214.47543932717187,1.2002096627367924,1.1396681905298554,95.13471138063099,2.7683812831350867,0.2657200294409796,5.23691153334427e-16,3.3306690738754696e-16,True,1.169938926633324,0.003665269856983333,-0.08949770996318199,False,0.06530667549738114,0.18070573268503304,0,False,
1000,100.00000000000001,0.41319680006550297,0.07232958915420565,0.4855263892197086,186.52229176882688,1.202409028940128,1.1421780637903853,95.2700238472589,2.8600325038375645,0.20110550256273285,5.900916318210353e-16,4.440892098500626e-16,True,1.1722935463652566,0.0036277691628695046,-0.09184962902943485,False,0.061264420997217045,0.18070573268503304,0,False,
