step,time_fs,O_x_A,O_y_A,O_z_A,H1_x_A,H1_y_A,H1_z_A,H2_x_A,H2_y_A,H2_z_A
0,0.0,0.0,0.0,0.0,0.0,0.0,0.9572,0.9266272064859951,0.0,-0.2399872084090341
1,0.10000000000000002,-0.0003037502684180844,1.0424320947619041e-19,-5.58659591368246e-05,0.00040746856784580713,-8.339456758095233e-19,0.9588088880944704,0.9310408694106304,4.1697283790476164e-19,-0.2407093906699429
2,0.20000000000000004,-0.0006218907822043282,2.084967548973886e-19,-0.00012351481168004327,0.0008567271418513044,-1.6680761091905464e-18,0.9606101360311519,0.9356411446462143,8.339663810157656e-19,-0.24143691440837142
3,0.30000000000000004,-0.0009567327567743908,3.1277538874529886e-19,-0.00020541308360139398,0.0013600146467897503,-2.5026381333506567e-18,0.9626368641924461,0.9404524769340799,1.2509933107997394e-18,-0.24216375124777112
4,0.4000000000000001,-0.0013108112629552611,4.1709920066313316e-19,-0.00030436962774336605,0.0019189714632372786,-3.3380015173613227e-18,0.964942255900811,0.9455134625981757,1.6681045330327655e-18,-0.2428985023314064
5,0.5000000000000001,-0.0016812046730607627,5.21477356036908e-19,-0.0004186505410679801,0.002535755634105061,-4.174266912831765e-18,0.9674842625279898,0.9507755714513931,2.0852552260989893e-18,-0.24362663958132277
6,0.6000000000000001,-0.0020657200813375028,6.25915997673904e-19,-0.0005465660116167908,0.0032223600667742112,-5.011405364949803e-18,0.9702119531757191,0.9561920047340212,2.502318936402813e-18,-0.2443240528348949
7,0.7000000000000001,-0.0024624100706046636,7.3042177545066025e-19,-0.0006870434587999963,0.003966506288553704,-5.8495421074591185e-18,0.9731162298018119,0.9617441314668899,2.9193153506891592e-18,-0.2449986680745948
8,0.8000000000000002,-0.00287293208710273,8.350169885282543e-19,-0.0008418895671387339,0.004789144356595467,-6.6888910108442325e-18,0.9762062711827119,0.9674373086190391,3.3361044066269947e-18,-0.24563098833713026
9,0.9000000000000001,-0.0032933872549702685,9.39695710746096e-19,-0.0010083899290346805,0.005657219004599674,-7.529512367157069e-18,0.9794651819765147,0.9732427084062658,3.752840456430231e-18,-0.24624720142262632
10,1.0000000000000002,-0.0037243317447433837,1.04447766534093e-18,-0.001187693840241713,0.006574118185173467,-8.371702118994258e-18,0.9829095380160735,0.9791657704279539,4.16950639501228e-18,-0.24684564151436644
11,1.1,-0.0041624192854801375,1.149352211038602e-18,-0.0013772524632686724,0.007532195984971723,-9.215210340722027e-18,0.9864949501100687,0.9851610285053852,4.5860211952961194e-18,-0.24742237463037717
12,1.2000000000000002,-0.004607377335902162,1.2543334240165586e-18,-0.0015775317970555202,0.008536690498858258,-1.0060159914239237e-17,0.9902214169857843,0.9912189187620364,5.0022843217570216e-18,-0.2479700031516723
13,1.3000000000000003,-0.0050573294812790584,1.3594146134560838e-18,-0.001786975424443922,0.00957887726021006,-1.090644212099675e-17,0.9940676674684068,0.997318383165253,5.418293252679817e-18,-0.2484919593936331
14,1.4000000000000001,-0.005512824257312965,1.4646086898930484e-18,-0.0020060289915286534,0.010671743554932616,-1.1754066526363668e-17,0.9980269260206887,1.0034551408008543,5.833852637100877e-18,-0.24897439451358497
15,1.5000000000000002,-0.005971641849901734,1.5699016984509797e-18,-0.002232830888360879,0.011806670490109906,-1.2602773754999539e-17,1.0020714599347866,1.0096025776194744,6.248924591811381e-18,-0.2494191233211167
16,1.6000000000000003,-0.006433156975042302,1.6753053692836382e-18,-0.0024676859052296597,0.012990728470166805,-1.3452541240026401e-17,1.0061950744643728,1.015743698694104,6.663300368653587e-18,-0.24981511343117555
17,1.7000000000000002,-0.006899043973404982,1.78085209241631e-18,-0.0027124261103772846,0.0142241110991613,-1.4303978922288326e-17,1.0104339603961197,1.0219048855956696,7.077075813219043e-18,-0.25016947699967146
18,1.8000000000000003,-0.0073684585301756495,1.8865447969272106e-18,-0.0029666387747419197,0.015524523974633664,-1.5156654213446424e-17,1.0147562399211516,1.0280550317417985,7.489771846769668e-18,-0.25045688706322544
19,1.9000000000000004,-0.007836239721484863,1.9923161709994537e-18,-0.003225403901001919,0.01685033981572838,-1.6009894749311274e-17,1.019114330778479,1.034153850106811,7.90178447987634e-18,-0.2507078516754796
20,2.0000000000000004,-0.008303489703993059,2.0982047809579666e-18,-0.0034907687510256505,0.018223553376560873,-1.6863878151768903e-17,1.0235185004960232,1.0401968393933483,8.31267920879758e-18,-0.25090014417523643
21,2.1,-0.00876997760693021,2.2042115303689585e-18,-0.0037624539543861827,0.019637467784181097,-1.7718709110489496e-17,1.02797190797579,1.0461870320880013,8.722546381779196e-18,-0.2510413576385697
22,2.2,-0.009234767830552073,2.3103124793165035e-18,-0.004038861993209325,0.021093578180755197,-1.857381862385629e-17,1.032443286606608,1.0521080831871874,9.131196972119994e-18,-0.25112558129604284
23,2.3000000000000003,-0.009697266680106155,2.4165210502203967e-18,-0.004320402407276141,0.022597549323220893,-1.942915986341592e-17,1.0369302221923886,1.0579449047967215,9.538371110400046e-18,-0.2511439007264117
24,2.4000000000000004,-0.010155777632448898,2.5228171488091546e-18,-0.004605760993472274,0.024141313821404685,-2.0284384922573258e-17,1.0414150537945066,1.0636786370510491,9.944039826779637e-18,-0.25109951405417263
25,2.5000000000000004,-0.010609241507603485,2.6291895274771747e-18,-0.004894171478279215,0.02572487306400453,-2.1139131581605363e-17,1.0458814493958606,1.069292467231662,1.0348019423799754e-17,-0.2509882515737546
26,2.6000000000000005,-0.011060370620826671,2.735661888621479e-18,-0.005186785286966669,0.02734376413467742,-2.199418026597365e-17,1.050364236399642,1.074833908187237,1.0750714121911936e-17,-0.25082666523905334
27,2.7,-0.011506009761932647,2.8422192394740683e-18,-0.005482532951330293,0.029007724554679485,-2.284855173926428e-17,1.0548221686835748,1.0802431428253247,1.1151382650272997e-17,-0.25059048355259567
28,2.8000000000000003,-0.01194568728238564,2.94883938300338e-18,-0.005780335559439341,0.03070527710297606,-2.370212388671132e-17,1.0592501972774284,1.0855241623501706,1.155025520593046e-17,-0.25029178206000424
29,2.900000000000001,-0.012377883401587565,3.055488900562998e-18,-0.00607863982178598,0.032429620774371455,-2.4554317449106027e-17,1.0636257237227091,1.090659645773132,1.1947282951227197e-17,-0.24993261615083667
30,3.0000000000000004,-0.012802491126696848,3.162167006762803e-18,-0.006377364072846825,0.03417121200856871,-2.5405377037174598e-17,1.0679590350551067,1.095657438461577,1.2342722962620056e-17,-0.24952456905791437
31,3.1,-0.013216838501037425,3.2688102370236975e-18,-0.0066738495339351825,0.035925944741635366,-2.6253982770220777e-17,1.0722016254704148,1.1004792371194576,1.2736262670723297e-17,-0.24906133517565046
32,3.2000000000000006,-0.013621452546477699,3.3754527187287878e-18,-0.006969415050357716,0.03771335475572156,-2.7100005324550924e-17,1.0763532080863545,1.1051138708682673,1.3127231081206053e-17,-0.24852169487765752
33,3.3000000000000007,-0.014015453945063526,3.482065586116815e-18,-0.007262949912213168,0.03952169482616544,-2.7943207533547135e-17,1.080406912455617,1.1095591303771632,1.3515849185500398e-17,-0.24791640693062497
34,3.4000000000000004,-0.01440219457092233,3.588711080008984e-18,-0.007556930091954534,0.041382940691381404,-2.878382300344747e-17,1.0843764439454233,1.1138362409336884,1.3901362702048312e-17,-0.2472198780080482
35,3.5,-0.014775718886612044,3.695257401077839e-18,-0.00784633363888429,0.04324075658770758,-2.9620901907266937e-17,1.088226937726397,1.1179070118694254,1.4284913725928252e-17,-0.24647695180159196
36,3.6000000000000005,-0.015137539202719041,3.801758951847427e-18,-0.008133155734075645,0.04511703882170162,-3.0454646884515205e-17,1.0919700625073543,1.121773550307451,1.4665841418492914e-17,-0.24566762945857462
37,3.7000000000000006,-0.015490146681880118,3.908223700632534e-18,-0.008417914796136648,0.04703186339642326,-3.12846843104182e-17,1.0955984644521723,1.1254553200373902,1.5043645681686247e-17,-0.24477632879038275
38,3.8000000000000007,-0.015833229023714028,4.0146618365261195e-18,-0.008700916595693808,0.04897440479359088,-3.2111523086707536e-17,1.0991297739063377,1.1289581897384375,1.5418673695713768e-17,-0.24381582694383866
39,3.9000000000000004,-0.016162780454449063,4.1209718619676414e-18,-0.008978681724410046,0.05092167687686602,-3.293373050033674e-17,1.1025203422161745,1.1322415658102516,1.5791103719226565e-17,-0.24279770051723593
40,4.000000000000001,-0.016480038033866155,4.227157922318579e-18,-0.009251528791559906,0.0528792233786612,-3.375127937931887e-17,1.1057730317699455,1.1353195391627164,1.6160842784961593e-17,-0.24171975492484563
41,4.1000000000000005,-0.016780318341855987,4.333137957125705e-18,-0.009516659353679237,0.05482932973588188,-3.4562720970688054e-17,1.1088467880056054,1.1381354890034414,1.6527744605420416e-17,-0.2405853525659151
42,4.2,-0.01706649954945846,4.438941908998846e-18,-0.009775328220838361,0.05678782347294183,-3.5368268393034406e-17,1.1117530242749358,1.1407192702072861,1.6891547049377072e-17,-0.2393859904169134
43,4.300000000000001,-0.01733719686971356,4.544555469226691e-18,-0.010027079694102808,0.05873158192520469,-3.616847506206961e-17,1.1145082946662896,1.1430720260672864,1.7253030640749866e-17,-0.23814545543053128
44,4.4,-0.017591962380590364,4.64995408601675e-18,-0.010271282339502773,0.06068052172838334,-3.696181190908659e-17,1.1170756835518731,1.14516673051859,1.761105599746667e-17,-0.23683685411397778
45,4.500000000000001,-0.017828105302473134,4.7550567847547195e-18,-0.010505572145618905,0.06259969252248113,-3.7748078398744316e-17,1.1194497938520889,1.146995625803066,1.7966707815192647e-17,-0.23549231103318957
46,4.6000000000000005,-0.0180461938141484,4.859893435484298e-18,-0.01073092673476675,0.06450066364534351,-3.852725276926646e-17,1.1216348514517784,1.1485561607300971,1.8319490234106698e-17,-0.23410053522833899
47,4.7,-0.018247110205123495,4.964467747802247e-18,-0.01094764565613683,0.06638951910778279,-3.929919751960632e-17,1.1236313982873696,1.1498562550089382,1.8669206874354e-17,-0.2326573141839699
48,4.800000000000001,-0.018429077308521533,5.0687163593483735e-18,-0.011154027821563668,0.0682737923527954,-4.0062009725673306e-17,1.1253952545176715,1.1508601679616093,1.9014960500733592e-17,-0.23114546777075606
49,4.900000000000001,-0.018593872066654693,5.1726833258524446e-18,-0.011351492544228334,0.07015669223526519,-4.08165573726848e-17,1.1269525715528352,1.1515928944039138,1.9356919844871016e-17,-0.2295686200262451
50,5.000000000000001,-0.018740373817060767,5.276307903937827e-18,-0.011538526401141419,0.0720358580082589,-4.156162418622076e-17,1.128276839062889,1.1520390079015022,1.9694832752666433e-17,-0.2279242817061872
51,5.1000000000000005,-0.018867446055068852,5.37957185520935e-18,-0.011714682775564565,0.07390093355471615,-4.229716811373544e-17,1.1293698540901054,1.1521908259422387,2.0028946651816496e-17,-0.22622133856435997
52,5.200000000000001,-0.018975490033056857,5.482449085496858e-18,-0.011879509795695391,0.07573041739888686,-4.3024000028186156e-17,1.1302522427344064,1.1520762186891693,2.0360486582568527e-17,-0.22448758882069172
53,5.300000000000001,-0.019068211939413243,5.585045551167237e-18,-0.012036030654169527,0.07754587552874707,-4.3743447910373983e-17,1.1309608120075396,1.151732444864662,2.0689098783745623e-17,-0.22271185530143633
54,5.4,-0.01914096933889991,5.687219912486026e-18,-0.012180549976760324,0.07931530316880539,-4.445389901062382e-17,1.131457618824304,1.151117824401575,2.101541385330325e-17,-0.22091484798910327
55,5.500000000000001,-0.019191382831289235,5.7888789918358985e-18,-0.012310812954037947,0.08105520339475951,-4.5152152025825686e-17,1.1316755526160436,1.1501780883271455,2.133770940549218e-17,-0.21906524470399308
56,5.6000000000000005,-0.0192251334285803,5.89021424492333e-18,-0.012431901624456674,0.08276143108170816,-4.584303107435713e-17,1.1317256144110155,1.1490075509239863,2.1657770769158292e-17,-0.21719338423901532
57,5.700000000000001,-0.01923477870656685,5.990977184115831e-18,-0.012537574643869842,0.08439766444941627,-4.652273074709877e-17,1.1315226713336544,1.1475244076381301,2.197573653680148e-17,-0.2153131964815041
58,5.800000000000002,-0.01922284175690451,6.09122345675039e-18,-0.012629495413833697,0.08599746358338355,-4.719062749209901e-17,1.1310609950822148,1.1457351449549091,2.2290099920612485e-17,-0.2133925515806085
59,5.9,-0.01918930145347343,6.190947275392602e-18,-0.012707676256343699,0.08755280346468643,-4.7847082108689836e-17,1.1303510304044035,1.1436474525789695,2.2601313578219998e-17,-0.21144169870902987
60,6.000000000000001,-0.01913757135451568,6.290230996466814e-18,-0.012774397420193252,0.0890581923489254,-4.8494691359563905e-17,1.1294499287089075,1.141321002332404,2.291066710918856e-17,-0.2094815971123146
61,6.100000000000001,-0.01906398757908552,6.388942321263577e-18,-0.012826582755001077,0.09049721536634887,-4.9131306220243293e-17,1.1283139961128401,1.1387140558793585,2.3218111337306598e-17,-0.20751737763966946
62,6.2,-0.018970890151101694,6.487147164512838e-18,-0.012866007493953242,0.09187573770464087,-4.9758245212821824e-17,1.1269739326195864,1.1358578889475017,2.352391858450481e-17,-0.2055515637510827
63,6.300000000000001,-0.01885838597913739,6.5848263410436285e-18,-0.012892420819052978,0.09321113128404943,-5.037395569624527e-17,1.1254036219126016,1.132736826472005,2.3826840717219377e-17,-0.20356202011922603
64,6.400000000000001,-0.01872589407165987,6.6819655785492726e-18,-0.012905586805601483,0.09449107303982819,-5.0978868493633054e-17,1.1236130834984948,1.1293539700061739,2.412753508896109e-17,-0.2015625108531454
65,6.500000000000001,-0.01857574911884503,6.778612735417056e-18,-0.012906863235740083,0.09572660219567887,-5.157361640654875e-17,1.1216189810410007,1.1257353365843663,2.4425874891831054e-17,-0.1995481488661003
66,6.600000000000001,-0.01840564965127088,6.874681738517396e-18,-0.01289440059220765,0.0968970380955729,-5.2157546064201364e-17,1.119408715309517,1.121865077885148,2.4722572909800366e-17,-0.19753569050949304
67,6.700000000000001,-0.018215919524091576,6.970171006624615e-18,-0.01286833554718866,0.09799187086614261,-5.273148427260595e-17,1.1169992756996423,1.1177588440186044,2.5018481046135687e-17,-0.1955399559147561
68,6.800000000000001,-0.018009361410344978,7.065157827557316e-18,-0.012830611030541002,0.0990576815378143,-5.3294024421987935e-17,1.1143731976671132,1.1134145380474962,2.5310965976965386e-17,-0.1935126423086613
69,6.900000000000001,-0.017787618363727345,7.159680056731044e-18,-0.012782250907168747,0.10008450920757762,-5.384702512877636e-17,1.1115661616593313,1.1088681994622214,2.560128547666166e-17,-0.19147317933047547
70,7.0,-0.017551071829829318,7.253742495166842e-18,-0.012723487127160071,0.10103669126039579,-5.439345880329601e-17,1.1086295035422766,1.1041615451913134,2.5892335753628965e-17,-0.18946922132885619
71,7.1000000000000005,-0.017299798167304304,7.347329523693e-18,-0.012654139229288947,0.10193253415863228,-5.493162067456294e-17,1.105536714857034,1.0992774807387737,2.6182659944748638e-17,-0.18747712412976444
72,7.200000000000001,-0.017033707443976632,7.44042064901408e-18,-0.012573922222138758,0.10276786477465356,-5.546145063698657e-17,1.10228801507514,1.0942187518266022,2.6472523214503216e-17,-0.18550163059528693
73,7.300000000000002,-0.01675517829250215,7.53308576415444e-18,-0.012484488960477302,0.10355560697546204,-5.598384486994956e-17,1.0989027369373006,1.0890101883019443,2.676171239852866e-17,-0.18353583931590148
74,7.400000000000001,-0.016463983707038662,7.625298087199641e-18,-0.012385423073321909,0.10428301533203747,-5.649931850857112e-17,1.095389526996476,1.083660932551688,2.7051167715127795e-17,-0.18159500549471883
75,7.500000000000001,-0.016160818496993377,7.717065027631393e-18,-0.012277033664451013,0.10493925554678814,-5.700915421824729e-17,1.0917700569178497,1.0781928469048794,2.7342054226226575e-17,-0.17969589469439165
76,7.600000000000001,-0.015844654043196366,7.808330039437569e-18,-0.012158298612997076,0.10553950780407444,-5.751072408264948e-17,1.088003599917895,1.0725744249092017,2.763264151514718e-17,-0.17781400325813898
77,7.700000000000001,-0.015518409234031343,7.899184233250508e-18,-0.01203125117860051,0.1060845411457054,-5.800653683351901e-17,1.084133520012379,1.06685122618877,2.792399220350516e-17,-0.17596042325630412
78,7.800000000000001,-0.01518533802255439,7.989734217870266e-18,-0.011898197378560888,0.10658801103237883,-5.849836919550987e-17,1.0801920664703404,1.0610612421032672,2.8216190918541726e-17,-0.17413080279644205
79,7.900000000000001,-0.014841205105809576,8.079792417501888e-18,-0.011755514305542626,0.10701090034089378,-5.898500030311533e-17,1.0761543308564328,1.0551762669465377,2.851099400223372e-17,-0.17235773631469628
80,8.000000000000002,-0.014487446554005726,8.169393293796044e-18,-0.011604055641510387,0.10737918398803106,-5.946518681043122e-17,1.0720054336426372,1.049193119142347,2.880661113253709e-17,-0.1706127946225791
81,8.100000000000001,-0.014125782883547305,8.258590762155033e-18,-0.01144501463687582,0.10769307524770175,-5.994049052385284e-17,1.0677711981794002,1.0431388934941204,2.9103748369298085e-17,-0.16890286177159258
82,8.200000000000001,-0.013757539097329295,8.347406935571319e-18,-0.011279010610279742,0.10795113351187383,-6.041194159262057e-17,1.063468285701118,1.0370360610873868,2.940308488381424e-17,-0.16723476915592
83,8.3,-0.013381894166372416,8.4357816701353e-18,-0.011105053164643035,0.10813613398405067,-6.08798685897524e-17,1.0590996561578017,1.0308888153271354,2.970590385466873e-17,-0.16562719633159342
84,8.4,-0.013000035836428352,8.523750344575043e-18,-0.010923941852688714,0.10826445096066828,-6.134379316550245e-17,1.0546612460889824,1.0246996338457806,3.001116540010144e-17,-0.16406338931828718
85,8.500000000000002,-0.012614884668057401,8.611404328508474e-18,-0.01073758498859712,0.10834603384303725,-6.180549532132348e-17,1.0501819777029988,1.018504922448762,3.0319199300813944e-17,-0.16254198151623356
86,8.600000000000001,-0.012226914851612735,8.698716461102349e-18,-0.010545711682409763,0.10837294023682656,-6.226551774228216e-17,1.045668906708593,1.0123201498909862,3.063097933926486e-17,-0.16107432820604548
87,8.700000000000001,-0.011837209712514419,8.785707263944119e-18,-0.010348858766391338,0.10833950865202234,-6.272529209283994e-17,1.04114221746964,1.006168172229328,3.0947611460790975e-17,-0.15967209313711134
88,8.8,-0.011447431659598759,8.87243210292627e-18,-0.010148157720774086,0.10825777579647475,-6.318529085166283e-17,1.0366106840064784,1.0000633385485684,3.126868937529456e-17,-0.15832609144858306
89,8.900000000000002,-0.01105531124406556,8.958744650966092e-18,-0.009941187458855295,0.10809872401169995,-6.364512277466184e-17,1.0320637119047054,0.9939986457618,3.159614434562735e-17,-0.15706415627184855
90,9.000000000000002,-0.010663621801909332,9.044742668639474e-18,-0.009729864638702701,0.10788833015255057,-6.410498547939585e-17,1.027508415633875,0.9879921354691066,3.192862233116008e-17,-0.1558629808339759
91,9.100000000000001,-0.010272853969279436,9.13041003861515e-18,-0.009514104321563454,0.10761579570880277,-6.456605410103406e-17,1.0229591818496657,0.9820623935693567,3.22675542817276e-17,-0.1547382999405512
92,9.200000000000001,-0.009886423163798685,9.215916478271448e-18,-0.009296888018227655,0.10730466755014503,-6.503031921017878e-17,1.0184471330203038,0.9762400827826904,3.2612237009662457e-17,-0.1536739134495518
93,9.3,-0.009505316688171509,9.301279463116573e-18,-0.00907865977832935,0.10694727386358574,-6.549947458924878e-17,1.0139933061756328,0.9705485454141315,3.296408692570113e-17,-0.15268381042445725
94,9.4,-0.009133350198917301,9.386614794307754e-18,-0.008861679142391662,0.10656106927407248,-6.597539168232375e-17,1.0096249966418451,0.965030889029857,3.332313747519859e-17,-0.15175942271047824
95,9.500000000000002,-0.008769341844479856,9.471846282232413e-18,-0.008644745270214171,0.10613205779106838,-6.645791180814848e-17,1.0053364662389406,0.9596823512443644,3.369043926024449e-17,-0.15091407189186712
96,9.600000000000001,-0.0084129129997786,9.55686792298666e-18,-0.00842643235486897,0.10563535453375118,-6.694800869575189e-17,1.0011348507935323,0.9545218073921822,3.4068648506354215e-17,-0.15017752423674444
97,9.700000000000001,-0.008065414611340966,9.641676634586467e-18,-0.008206990907274458,0.10506269047375709,-6.744740407569147e-17,0.9970396086602099,0.949578968757123,3.445953586140914e-17,-0.1495652619844386
98,9.800000000000002,-0.0077271249977000234,9.72630470643106e-18,-0.007986931000217731,0.10442748566746028,-6.795539026864481e-17,0.9930426124541248,0.9448448327611961,3.486188114797352e-17,-0.14906106186267948
99,9.9,-0.007399051985009207,9.810733172903672e-18,-0.007766241145574777,0.10374371920151639,-6.847057649505914e-17,0.9891274975135071,0.9403214165584491,3.5274594609215474e-17,-0.14864874154947516
100,10.000000000000002,-0.007081981394657693,9.89490582273843e-18,-0.0075444120758189825,0.10296810525344789,-6.899786852973464e-17,0.9853462230337027,0.9360644785471586,3.5703474206485496e-17,-0.14838834334647916
101,10.100000000000001,-0.006778907706022625,9.97895391269117e-18,-0.007323677803992208,0.10211958386939071,-6.953896748956445e-17,0.9817213964605463,0.9321026071291597,3.614813774632293e-17,-0.14826701639133527
102,10.200000000000001,-0.006491256055063421,1.0063018664898888e-17,-0.0071060664010517555,0.10122286915257518,-7.009422020785433e-17,0.9782598198592019,0.9284337079931019,3.6606690580912724e-17,-0.1482593731586855
103,10.3,-0.006218901825064332,1.0147022793232908e-17,-0.006890643354690716,0.1002652028405251,-7.066403851716356e-17,0.9749619363069603,0.9250685614819819,3.708077123008861e-17,-0.1483806893274065
104,10.400000000000002,-0.005965265874969954,1.0231133156832679e-17,-0.006680080653652458,0.09925292625172125,-7.125259610159235e-17,0.9718764974614165,0.9220551222319366,3.7571904985716634e-17,-0.14863730668613961
105,10.500000000000002,-0.005733192806173599,1.0315533618225686e-17,-0.0064771013162376965,0.09823242924598112,-7.185880663036049e-17,0.9689970559830077,0.9193921499641917,3.8076087246602676e-17,-0.14897955808401933
106,10.600000000000001,-0.005520842435482103,1.0400056006428645e-17,-0.006279380889985013,0.0971664880742421,-7.248386412001257e-17,0.9663278466486849,0.9170876609963541,3.859718124314207e-17,-0.14944857206280837
107,10.700000000000003,-0.005325177477256249,1.0484590803452726e-17,-0.0060850739883263,0.09603774783237523,-7.312675866249968e-17,0.9638513045027471,0.9151108023625707,3.9135915339412195e-17,-0.15005607368635257
108,10.8,-0.005157427466362422,1.0569580930301963e-17,-0.005901446278244251,0.09490496281828939,-7.379382750920327e-17,0.9616486188931029,0.9135810552097018,3.969159673407277e-17,-0.15076793146321904
109,10.9,-0.005013495431715494,1.0654835092069176e-17,-0.005725510056287568,0.093736750866723,-7.448395789806077e-17,0.9596979668823038,0.912464774480399,4.026614890238258e-17,-0.15160974335627408
110,11.000000000000002,-0.00489477587700517,1.0740476175245216e-17,-0.005558901696397654,0.09251455719552566,-7.52030093685833e-17,0.9580578011071575,0.911802648552578,4.0863480926544117e-17,-0.15261398943616628
111,11.100000000000001,-0.004802049986881576,1.0826530153783707e-17,-0.005402041974615063,0.09124111488579226,-7.595182292515019e-17,0.9567342912167032,0.9116043433265104,4.1484021551726324e-17,-0.15378016078460044
112,11.200000000000001,-0.0047339003293079655,1.091300704071507e-17,-0.005254729902248719,0.08994060292507766,-7.672658712289105e-17,0.9556872594261269,0.9118231822996058,4.212380040600162e-17,-0.15507126971405302
113,11.300000000000002,-0.004692033218706924,1.1000067678310562e-17,-0.005119012193920983,0.08862834530692905,-7.752922387133836e-17,0.9549373673963687,0.9124709241414587,4.2782186506543473e-17,-0.1564754923822467
114,11.400000000000002,-0.0046753145722651795,1.1087515349488558e-17,-0.0049925223161377584,0.08724758741365685,-7.836410168022886e-17,0.9545162745429789,0.9135863232803445,4.346667066129192e-17,-0.158062049880696
115,11.500000000000002,-0.0046816968913135,1.1175477352517207e-17,-0.0048761574176962846,0.08584520046376358,-7.922560708398148e-17,0.9543708030292348,0.9150900105501327,4.4169618923522935e-17,-0.15976352480560785
116,11.600000000000003,-0.004711392058030056,1.1263960652759626e-17,-0.004769993436819828,0.08441283543299481,-8.011547316240078e-17,0.9545143063250523,0.9169936979740544,4.489265381863184e-17,-0.1615920653336103
117,11.700000000000001,-0.0047691544545292435,1.1353220281683834e-17,-0.004677593005571347,0.08297071461163023,-8.103843843277656e-17,0.9549966375212607,0.9193526249279492,4.563646599837583e-17,-0.1635409783746049
118,11.8,-0.00484784020222071,1.1443043161253898e-17,-0.00459524653803608,0.08150116239704458,-8.198904870240351e-17,0.9557550498680156,0.9220710792033641,4.639898324970926e-17,-0.16560639581470968
119,11.900000000000002,-0.004945709285804107,1.1533412691606872e-17,-0.004522379929463655,0.08001082362603958,-8.296506369052433e-17,0.9567654366020457,0.9251147983992211,4.7178228765294714e-17,-0.16777332309492052
120,12.000000000000002,-0.005064545477703478,1.1624481922209526e-17,-0.004460845047975537,0.07850754982958687,-8.396932916200786e-17,0.9580552594788689,0.9285042430629337,4.797461910522041e-17,-0.1700398290758394
121,12.100000000000001,-0.005207838453774593,1.1716474788589517e-17,-0.004413520106714139,0.07699927520706416,-8.500707272355375e-17,0.9596750521286822,0.9322868672133946,4.8789827566159244e-17,-0.1724107643201379
122,12.200000000000003,-0.005368718964044463,1.1809126178860092e-17,-0.004376300371011382,0.07548747707444281,-8.606892425458737e-17,0.9615301459140064,0.9363521646355076,4.961869188971533e-17,-0.17485661063672042
123,12.300000000000002,-0.005542658757536055,1.1902287349613162e-17,-0.004346743600044941,0.07395342850641483,-8.715223777487901e-17,0.963588709828821,0.9406469897472578,5.046092695457365e-17,-0.177384300324047
124,12.4,-0.005737074610300654,1.1996403313159508e-17,-0.004330626613471956,0.07239399384100752,-8.827058548809484e-17,0.9659784627624404,0.9452921974566937,5.13230417184081e-17,-0.1800298624522905
125,12.500000000000002,-0.005946261308070885,1.2091249906459841e-17,-0.00432454396276525,0.07081612118181731,-8.941507871251504e-17,0.9686131325367016,0.9501902863635286,5.2199705420595706e-17,-0.18276107620339355
126,12.600000000000001,-0.006165759430404155,1.2186640291040346e-17,-0.004325740993313913,0.06922297714490676,-9.057888045252803e-17,0.9714266359788014,0.9552673098242587,5.30870465702298e-17,-0.18555558034812425
127,12.700000000000001,-0.006394544781738877,1.2282578318869296e-17,-0.004333994090910632,0.06760498216090026,-9.176294779294595e-17,0.9744242627918775,0.9605165913519201,5.3985961113590354e-17,-0.18842221379964288
128,12.800000000000002,-0.006632566235079647,1.2379123144923318e-17,-0.0043497949052795325,0.06598232655564214,-9.296505191013292e-17,0.9775879079319706,0.9659171291317804,5.4893281317844063e-17,-0.19133506803786288
129,12.900000000000002,-0.006879555602096838,1.2476315574515214e-17,-0.004373412426549573,0.06436300963036938,-9.418443993682635e-17,0.9809108689553464,0.9714566671710493,5.580760665283197e-17,-0.19428317120131866
130,13.000000000000002,-0.007135519104079678,1.2574226034233849e-17,-0.004405436831426156,0.06273184588694669,-9.542488271914894e-17,0.9844229131914557,0.9771504897123127,5.673159015218147e-17,-0.19728692332074094
131,13.100000000000003,-0.007400935171159015,1.2672950037256686e-17,-0.004446773183470313,0.06113376332866838,-9.668096510224568e-17,0.9880829452606197,0.9829612624067043,5.765830067361074e-17,-0.20029086382606126
132,13.200000000000003,-0.007674148119692649,1.2772454130102789e-17,-0.004496714215157659,0.059535664821879865,-9.795639142372963e-17,0.9919160167729554,0.9888958033376889,5.85919735291788e-17,-0.2033312700943832
133,13.3,-0.007952005285352472,1.2872541277368693e-17,-0.004552796062181391,0.05793858997876623,-9.924520303866005e-17,0.9958680583494617,0.994903033729802,5.952977742455999e-17,-0.20639317925964673
134,13.400000000000002,-0.008233746668408912,1.2973251401058068e-17,-0.004615169083702677,0.05633453970779642,-1.0054884988807832e-16,0.9999492068343683,1.0009788899407719,6.047252865780292e-17,-0.20948434166189558
135,13.500000000000002,-0.008519197220051667,1.3074569993282778e-17,-0.004683625743088457,0.05474205091581265,-1.0186380398982717e-16,1.0041314806092163,1.0071020566848712,6.141692951629626e-17,-0.212580069709052
136,13.600000000000001,-0.008805242696466138,1.3176363805156001e-17,-0.004756322628736236,0.05315719266073803,-1.0318597288927454e-16,1.0083778385859057,1.0132270355522028,6.236100247491214e-17,-0.21567258098586153
137,13.700000000000003,-0.009089734209484331,1.3278532202381261e-17,-0.0048319173979604986,0.05156148982660676,-1.0451507731488948e-16,1.0126815682387071,1.0193381944545663,6.330606553206939e-17,-0.2187764686616601
138,13.800000000000002,-0.009372646479923558,1.3381160434747556e-17,-0.004911108388545475,0.0499516252155336,-1.0585309770486473e-16,1.0170584334662536,1.0254384493580573,6.425274603927998e-17,-0.2218964126011421
139,13.900000000000002,-0.0096548770971131,1.348423820420698e-17,-0.004993965354393812,0.04834565524339838,-1.0719744370695854e-16,1.0214896706099867,1.0315239904060016,6.519861709516373e-17,-0.22501254201014556
140,14.0,-0.00993575581386714,1.3587791395300897e-17,-0.005080540194087236,0.04675140438775626,-1.0854659722938983e-16,1.025963739478967,1.0375763549415524,6.61417497678827e-17,-0.22811249296220593
141,14.100000000000001,-0.010213601365577819,1.3691769387965697e-17,-0.00517003628305055,0.04516840326699918,-1.098983420615613e-16,1.0304617517874943,1.0435693272744317,6.70807312896945e-17,-0.23119002121584828
142,14.200000000000001,-0.010487973770158952,1.3796124730941667e-17,-0.00526194630371545,0.0436032170379615,-1.1125030269853317e-16,1.0349652116877872,1.0494893588416574,6.801393930318326e-17,-0.23423468307981402
143,14.300000000000002,-0.010760739341575582,1.3901051059877814e-17,-0.005358226257303202,0.04207710581403141,-1.1260347495748127e-16,1.0394866517989283,1.0553448117095305,6.893929623589345e-17,-0.23722796547523037
144,14.400000000000002,-0.01102956109064477,1.4006333869562313e-17,-0.005456613584304983,0.04056585920518631,-1.1395653701758892e-16,1.0440102308373735,1.0611228035201197,6.98588848988377e-17,-0.2401899385169479
145,14.500000000000002,-0.011293682548811699,1.4111982855505175e-17,-0.0055570149830467845,0.03907397383839032,-1.1530813481336997e-16,1.0485258714328078,1.0668068309595473,7.077119733916414e-17,-0.24311200572104272
146,14.600000000000003,-0.011550827437244369,1.4217755990234785e-17,-0.005656997748125588,0.0375974993089663,-1.1665290471281812e-16,1.0529895785572483,1.0723647152806721,7.167471139065844e-17,-0.2459887840176104
147,14.700000000000003,-0.011800295076035862,1.432372715749671e-17,-0.005757008609705826,0.03613573158815496,-1.1799152434956058e-16,1.057406989546875,1.0777860393040877,7.256893200237912e-17,-0.24881882023102464
148,14.800000000000002,-0.0120446831862957,1.4430027921374437e-17,-0.005858614887118701,0.03471196237818065,-1.1932415650910775e-16,1.0617844256665525,1.0830887424188707,7.345193377157097e-17,-0.251583559096408
149,14.900000000000002,-0.012281545511215594,1.453661505445714e-17,-0.005960966496391269,0.03331964874861459,-1.206490277634883e-16,1.0661068156281872,1.0882405405091444,7.432262937675647e-17,-0.2542814218787254
150,15.000000000000002,-0.0125112347354436,1.4643446168457828e-17,-0.006063791097423557,0.03195871709188569,-1.219656864680929e-16,1.070370958487079,1.0932471050016113,7.518123996122672e-17,-0.256913530221828
151,15.100000000000001,-0.012733290846367405,1.475054739239909e-17,-0.00616719249204043,0.030620325698502936,-1.2327571410168949e-16,1.0745878140644562,1.098109976274627,7.602893228328093e-17,-0.25948919640190815
152,15.200000000000003,-0.012945746041771277,1.4857677724840138e-17,-0.0062688957674894245,0.02931221679787877,-1.245718210519271e-16,1.0787026152614507,1.1027901790951584,7.686224191117458e-17,-0.2619897607894696
153,15.300000000000002,-0.013151598720516133,1.4965101084743474e-17,-0.00637154178409001,0.028058391140367952,-1.258565229597915e-16,1.0827402090193339,1.1073113033709618,7.767949555783672e-17,-0.26439815452791554
154,15.400000000000002,-0.013350433752091155,1.5072857746206247e-17,-0.00647534724639398,0.026854794073771598,-1.2713077200314576e-16,1.0867075825660537,1.1116708147928844,7.848100616970154e-17,-0.2667179253053882
155,15.500000000000004,-0.013538412104465745,1.5180677398503278e-17,-0.0065774752318924126,0.025690741247785046,-1.2838849077244437e-16,1.0905566704672547,1.1158184645034355,7.926498671548962e-17,-0.2689460353891394
156,15.600000000000001,-0.013715868634924511,1.5288524126261453e-17,-0.00667772281908522,0.024561228968871023,-1.2963025785219795e-16,1.0942915692922515,1.1197645710589466,8.003258582936875e-17,-0.2710898021233646
157,15.700000000000001,-0.013885016786528937,1.539649083385925e-17,-0.00677723316480719,0.023500892312859508,-1.3085295733541182e-16,1.0978962797149558,1.1235096312045605,8.077921302383703e-17,-0.27311508196947587
158,15.800000000000002,-0.014045451683779363,1.5504616031168906e-17,-0.006876214921792231,0.02250290545840689,-1.3205804215769385e-16,1.1013811197358148,1.1270540445680504,8.150571000489326e-17,-0.2750288811867597
159,15.900000000000002,-0.01419694172947113,1.561289367175063e-17,-0.006974575694778844,0.021556846650620295,-1.3324710297787056e-16,1.1047566015954593,1.1304045569879626,8.221376340060028e-17,-0.27684317851563756
160,16.000000000000004,-0.014338826911784563,1.572123557074818e-17,-0.007071530380347621,0.020682426420506522,-1.344141399180324e-16,1.1079826837423383,1.1335309822099737,8.289877300518647e-17,-0.27853039358472415
161,16.1,-0.014469055240818726,1.5829401220164877e-17,-0.0071649052233499965,0.019847067826306505,-1.355594949001328e-16,1.1110563593317506,1.1364333279432786,8.356489808925499e-17,-0.28012202144279214
162,16.200000000000003,-0.01458427290377777,1.5937190208713854e-17,-0.007252588160532119,0.019073997895672313,-1.3667201100013237e-16,1.1139010678578538,1.1390351353636763,8.42041626614832e-17,-0.2815750243022517
163,16.300000000000004,-0.01468681050158176,1.6044853908165748e-17,-0.007336890859497339,0.018371036412106512,-1.377563844648083e-16,1.1165538613156825,1.1413655760409585,8.481727318991977e-17,-0.28288976331489724
164,16.400000000000002,-0.014778517085114955,1.6152404814667533e-17,-0.007418274162421335,0.017747462482632613,-1.3881265282538683e-16,1.1190178413776308,1.1434447190477612,8.540406886664863e-17,-0.2840620256551383
165,16.5,-0.014855763085520416,1.6259415266746442e-17,-0.007492955002172948,0.017177122628661414,-1.3983537230413534e-16,1.1212496095526867,1.1452411092593584,8.59658937670153e-17,-0.28510845776354127
166,16.6,-0.014922561960950813,1.6366310999640382e-17,-0.007564796475561917,0.016696463859019038,-1.4082802171842344e-16,1.1232824186366441,1.1467820013702814,8.64994694285568e-17,-0.28600099727135764
167,16.700000000000003,-0.014968441957861206,1.6472070171253447e-17,-0.007624483042418923,0.016219603390551004,-1.4178075732440555e-16,1.1250303642086914,1.147987070242092,8.701117080950334e-17,-0.2868015962331418
168,16.8,-0.01499929082205856,1.6577139575673056e-17,-0.007676376285932494,0.015786865499204317,-1.4269845414411773e-16,1.1265373142228703,1.148909442040476,8.749878140549753e-17,-0.2874848954507199
169,16.900000000000002,-0.01501661416374289,1.66817532931236e-17,-0.007722454515057956,0.015420028307387557,-1.4358189729406817e-16,1.1278142116348335,1.149551235723967,8.795937100615266e-17,-0.28803043811290324
170,17.000000000000004,-0.015021060700939715,1.6786073437108265e-17,-0.007764007023714049,0.015124911544200493,-1.444330686468672e-16,1.1288772993640055,1.149916928031412,8.839234841469668e-17,-0.2884340034353403
171,17.100000000000005,-0.01501147862103849,1.68898332659707e-17,-0.007798960161397981,0.014885814211388815,-1.4524956671521684e-16,1.129707821541087,1.1500039383638867,8.879954587375213e-17,-0.28870974857888493
172,17.200000000000003,-0.014990629025033899,1.6993389073461422e-17,-0.007830351072716244,0.014710046001461531,-1.4603835407732038e-16,1.1303569225864993,1.14984878128961,8.918227085863099e-17,-0.28886061233245125
173,17.3,-0.014955799618390485,1.7096561404192244e-17,-0.007856432169618349,0.01459279330623856,-1.467946592861794e-16,1.1307914479132959,1.1494132208133172,8.953860024252885e-17,-0.2888811778682392
174,17.400000000000002,-0.014909122685968357,1.7199365253631885e-17,-0.007877729206522294,0.014556571186916452,-1.4751608462465039e-16,1.131000126347546,1.1487085855498798,8.986589829986566e-17,-0.2887518292256775
175,17.500000000000004,-0.014849019235344787,1.730167015154209e-17,-0.007893064969392795,0.014575127051227868,-1.4820426565273831e-16,1.1309903810731148,1.1477360662862366,9.016787141737444e-17,-0.28849867435782856
176,17.6,-0.014773180132981576,1.7403154787414788e-17,-0.007899828069216177,0.014624503886943354,-1.48856545665976e-16,1.1307405808594677,1.1464829694121192,9.044696273862228e-17,-0.28814153006275856
177,17.700000000000003,-0.014679018865520088,1.7503675222496322e-17,-0.007896586711910675,0.014725530144823858,-1.4946343714317868e-16,1.1301911155372932,1.144887413275155,9.069596934174965e-17,-0.2876435116409122
178,17.800000000000004,-0.014574225314655619,1.7603990773594436e-17,-0.007889968231509881,0.014902052318568764,-1.5004002012710971e-16,1.129450169258966,1.1430476053670047,9.091791937506842e-17,-0.28700761404108915
179,17.900000000000002,-0.014452016276408486,1.770337868346594e-17,-0.007873839379347535,0.015114668957625314,-1.5057582210679865e-16,1.1284406216506313,1.1408952839631505,9.111381194778055e-17,-0.2862540639582955
180,18.000000000000004,-0.01431699727870382,1.7802233578009534e-17,-0.007851745708115955,0.015395858190623233,-1.5107496208714028e-16,1.1271974667082987,1.138471069983846,9.128150255312085e-17,-0.28536158029179026
181,18.1,-0.01417477929320164,1.7901087078427562e-17,-0.007828306589270681,0.0157712460610846,-1.5154627571868537e-16,1.1257856784751654,1.1358383948613515,9.142138893725874e-17,-0.2843218183110434
182,18.200000000000003,-0.014019782256761641,1.7999458332318237e-17,-0.0077992906037050716,0.016203698505267528,-1.5198403833636704e-16,1.1241610967961635,1.1329458257643872,9.153537853589739e-17,-0.2831577790457957
183,18.3,-0.013850986103901649,1.8097201239188494e-17,-0.0077635613578437915,0.01669248453430563,-1.5238485151135806e-16,1.122302082334145,1.1297779031781994,9.162239183071417e-17,-0.28186586002478375
184,18.400000000000002,-0.01366839443612104,1.8194265203256824e-17,-0.007720810694315337,0.01724531713178933,-1.5274608904140333e-16,1.1201938497742279,1.1263269712822812,9.168060567690265e-17,-0.28043616701426327
185,18.500000000000004,-0.013474877005941636,1.8290895803993722e-17,-0.007673204984746607,0.0178722873953891,-1.5307242736218987e-16,1.1178701421355284,1.122628487759316,9.171079866694707e-17,-0.278868058331308
186,18.6,-0.01327143435274702,1.8387169421974063e-17,-0.007621444398425477,0.018563321329577505,-1.533682747901711e-16,1.1153589503866277,1.11870840718975,9.171616680299786e-17,-0.2771784118408912
187,18.700000000000003,-0.013057686757959755,1.848308725424717e-17,-0.007565481651779504,0.01932908580909833,-1.5363076176395238e-16,1.1126444642611024,1.1145500357965372,9.169382152406499e-17,-0.27535216776257726
188,18.8,-0.012831152199907839,1.857834822804791e-17,-0.007502928149557406,0.02015749656101485,-1.5385491562886197e-16,1.1096932597305362,1.1101260631455407,9.16435688095733e-17,-0.2733938139086493
189,18.900000000000002,-0.01259862076521628,1.8673529113734543e-17,-0.007438764077996299,0.021060818106658365,-1.5405450687670356e-16,1.1065974432520616,1.1055319971320101,9.157002463846763e-17,-0.27131641110170857
190,19.000000000000004,-0.012359847702878552,1.8768629174359057e-17,-0.007372944533896489,0.022017003706048824,-1.5423414299142892e-16,1.1033832617908503,1.1007859998021223,9.147780819155606e-17,-0.2691469190115815
191,19.1,-0.01211283829501938,1.8863478404140304e-17,-0.007304025833662541,0.023033764450414166,-1.5438706275359402e-16,1.100009530160984,1.0958486998550399,9.136285658520069e-17,-0.2668670666327498
192,19.200000000000003,-0.0118581033286314,1.895811301581717e-17,-0.007232340828361304,0.02409578600154427,-1.54517810082261e-16,1.096503118858684,1.0907435188522816,9.122913896900992e-17,-0.26449844144137685
193,19.300000000000004,-0.011596634600627029,1.905253396844394e-17,-0.007158083986812331,0.025207941683969382,-1.5462625982683297e-16,1.0928647639992213,1.0854813252935251,9.107651497025436e-17,-0.26203869293899956
194,19.400000000000002,-0.011326175671252483,1.914646089299551e-17,-0.007079090169796255,0.026328907327097757,-1.5471486151781948e-16,1.089103053711407,1.0800676290838656,9.091188414328556e-17,-0.25953077439566963
195,19.500000000000004,-0.011051326346634754,1.924038531033852e-17,-0.006999287297727162,0.027505985110009484,-1.5478559634299664e-16,1.0852395329401292,1.0745281362765897,9.072942624498134e-17,-0.2569338867099408
196,19.600000000000005,-0.010769745106891467,1.9334024939177746e-17,-0.006916493614831333,0.028701372987021186,-1.5484005553572173e-16,1.081277816242989,1.0688634842580573,9.053521288413775e-17,-0.25428627331900144
197,19.700000000000003,-0.010481978779621487,1.9427400086803137e-17,-0.006830943662745413,0.029930490747898893,-1.5487548074312925e-16,1.077204036237015,1.0630669324991713,9.032616339009976e-17,-0.2515703441894387
198,19.8,-0.01019073012610014,1.9520719770501982e-17,-0.006744424259447953,0.031206916323932417,-1.5489497029025174e-16,1.0730403287057046,1.0571678013599553,9.010205856053945e-17,-0.24877987468725152
199,19.900000000000002,-0.009894572345606235,1.9613812993460147e-17,-0.006655629865092432,0.032505067356533884,-1.5490017204445448e-16,1.0687926833208456,1.0511690269839788,8.98672603283274e-17,-0.24594157604375552
200,20.000000000000004,-0.009594814329072832,1.9706742215392875e-17,-0.006565185294261426,0.0338340314807741,-1.5489131762769148e-16,1.064464564343993,1.0450822964842248,8.962100895333011e-17,-0.2430489954485747
201,20.1,-0.00929267876699734,1.9799606044355036e-17,-0.006473915841226888,0.0351906455497155,-1.5487208619595591e-16,1.0600782152033363,1.0389301795803174,8.93654184821461e-17,-0.24011127723956444
202,20.200000000000003,-0.00898730445504905,1.98922849623554e-17,-0.0063809450163556,0.03656160969206958,-1.548427352728643e-16,1.0556331112799116,1.0327123070879032,8.910264343079433e-17,-0.23714180846208788
203,20.300000000000004,-0.008680974416609767,1.9984945417131278e-17,-0.006287691585279375,0.037948719823121986,-1.5480807001155863e-16,1.0511588489263404,1.0264631192931701,8.883484708996711e-17,-0.23414766678687843
204,20.400000000000002,-0.00837396163018435,2.00775629830859e-17,-0.006194058472488775,0.03935681729855816,-1.5476676430855552e-16,1.0466484894731,1.0201821075617614,8.85610910398346e-17,-0.23112345432921028
205,20.500000000000004,-0.00806935010930778,2.0170394620414747e-17,-0.006102133762035263,0.0407902462470517,-1.5472539848074924e-16,1.0421423050745182,1.0139138773012597,8.828387711895029e-17,-0.22807630112363006
206,20.6,-0.00776516064405281,2.0263186460736183e-17,-0.006010048033761241,0.04223276471657577,-1.546815683216231e-16,1.0376231001701546,1.0076432563966025,8.80048305257953e-17,-0.22501868309094913
207,20.700000000000006,-0.007461113665095233,2.035587175395436e-17,-0.005917357634334162,0.04368007857260181,-1.5463491268061058e-16,1.0330880421210407,1.0013701016513479,8.77246495689137e-17,-0.22195480926845604
208,20.800000000000004,-0.007161175986709767,2.0448746660169555e-17,-0.005826518148188363,0.045133345446842256,-1.5459450889255201e-16,1.0285908423346837,0.9951562168044,8.744771092298277e-17,-0.21889941596905016
209,20.900000000000002,-0.00686446310043827,2.054170601532831e-17,-0.005736749994738265,0.046590517158359566,-1.5455813408096628e-16,1.0241179349060014,0.988989611097389,8.717346087788182e-17,-0.21585131080926492
210,21.000000000000004,-0.006572306603760038,2.063482240110383e-17,-0.005648711914874327,0.04805625440397746,-1.5452730920079734e-16,1.0196788987165157,0.9828867589803871,8.690226837050952e-17,-0.21280961711952434
211,21.1,-0.006286869778896143,2.0728251742307948e-17,-0.005563690633796574,0.04952902606547021,-1.5450748556759603e-16,1.0153049040930837,0.9768835272385398,8.663710987409085e-17,-0.20978508229367457
212,21.200000000000003,-0.006010214618340394,2.0822065297516795e-17,-0.005482457655612108,0.051014160251905256,-1.545008187441698e-16,1.0110090196675345,0.9710073157567363,8.637900993361622e-17,-0.20677852963198787
213,21.3,-0.005741140716844274,2.0916064535190726e-17,-0.0054036481354938016,0.05248882573419524,-1.5450859722975354e-16,1.0067941703642835,0.9652619029033784,8.613240814564473e-17,-0.20381454690847176
214,21.400000000000006,-0.0054782119476246985,2.1010058601349224e-17,-0.005325910312573815,0.05395425570423349,-1.5452569200838978e-16,1.002630866731058,0.9596232612480783,8.589520473314184e-17,-0.20088509985153286
215,21.500000000000004,-0.0052233970030735296,2.1104191917415033e-17,-0.005250418776539395,0.05541243139437134,-1.5455629417027945e-16,0.9985430036643638,0.9541206566910018,8.566929852604804e-17,-0.19799544024219456
216,21.6,-0.004979205775977246,2.1198612166382103e-17,-0.00517845609621694,0.056861362053358545,-1.5460634302740884e-16,0.9945634022303069,0.9487959170614655,8.545828480835347e-17,-0.19515803218361286
217,21.700000000000003,-0.004746573249503426,2.1293360508036717e-17,-0.005110415379846469,0.05831072410679097,-1.546750617456893e-16,0.9906888672917247,0.943654206008971,8.526073345686151e-17,-0.19236344111527978
218,21.8,-0.004529699054507543,2.1388633305481798e-17,-0.005048143576796494,0.059756274966469465,-1.5477180167697799e-16,0.9869704114550715,0.9387664227626465,8.508287914358445e-17,-0.1896333648192978
219,21.900000000000006,-0.004328473110127038,2.148433817689772e-17,-0.004991095174285579,0.061203486227223804,-1.548934451507322e-16,0.9833908579251545,0.9341253485215909,8.492307048442021e-17,-0.18695928489232935
220,22.000000000000004,-0.004141853705680257,2.158040235130915e-17,-0.004938670850846255,0.06263668176015486,-1.5504191853998644e-16,0.9799573270549371,0.9297301253579614,8.478438887505651e-17,-0.1843578341319392
221,22.100000000000005,-0.003976421069508897,2.1677380986241166e-17,-0.004895110819228015,0.06409605413791587,-1.5522329574008562e-16,0.976709758655874,0.9256450022400162,8.466409673738212e-17,-0.1818016515918644
222,22.200000000000003,-0.003834423567783952,2.17752581019578e-17,-0.004860714394365373,0.06554183287499095,-1.554510391178157e-16,0.9737137834502729,0.9219454357746699,8.457591006893273e-17,-0.1793516172606458
223,22.300000000000004,-0.003710955448945996,2.1873410984149765e-17,-0.004831179847258504,0.06693647042992416,-1.5571941400523538e-16,0.9709300062374339,0.9185911092978235,8.452397793811072e-17,-0.17703661308269045
224,22.400000000000002,-0.0036106556825387173,2.1972249093255355e-17,-0.004809568162619888,0.06829600002854765,-1.5603652198286966e-16,0.9684040903965931,0.915639619418694,8.450990295961523e-17,-0.1748537184149978
225,22.5,-0.0035302633446939067,2.2071487049871346e-17,-0.004793735492699211,0.06960577960989303,-1.5639795814597094e-16,0.9661082158994442,0.9130538507369724,8.453380977738151e-17,-0.17280914043179815
226,22.600000000000005,-0.0034769743434789734,2.2171682786617283e-17,-0.004787983532319414,0.07089702384991005,-1.5681306675732569e-16,0.9640969380705434,0.9109168022008862,8.459618713437448e-17,-0.17088915785499703
227,22.700000000000003,-0.003446912377114389,2.227244991290619e-17,-0.004789525271208349,0.07215520225510912,-1.5727494635757564e-16,0.9623292493016995,0.9091814795497873,8.469626637183214e-17,-0.1690969985697999
228,22.800000000000004,-0.0034423448035025466,2.2374065893143928e-17,-0.004800242380488061,0.07339870008245397,-1.577859376717413e-16,0.9608196220117797,0.9078654850853236,8.483198429311883e-17,-0.16741726906622334
229,22.900000000000002,-0.003464427638218347,2.2476505697707194e-17,-0.004820201758476308,0.07461411680956169,-1.583510335532936e-16,0.9595905947635394,0.9070005676366069,8.50087310224825e-17,-0.16587144609533025
230,23.000000000000004,-0.003515804946911164,2.258011522521489e-17,-0.00485169564383286,0.07583155906910236,-1.5897077447061712e-16,0.9586490390503999,0.9065985872439078,8.522155691719284e-17,-0.16443001868395718
231,23.1,-0.003593475609233086,2.2684468708109852e-17,-0.004891925996266892,0.07701427630796857,-1.5964512559418712e-16,0.9579864989262189,0.9066486606067167,8.547718494052977e-17,-0.16312894144807774
232,23.200000000000006,-0.003699174859449501,2.2789718435384698e-17,-0.0049419966495286745,0.0781372425384956,-1.6038640898990905e-16,0.9576609136861868,0.9072033553922734,8.578552002388193e-17,-0.1620086336073162
233,23.300000000000004,-0.0038337669191582935,2.289618191877597e-17,-0.00500369828041482,0.07922479244144659,-1.6119422014168202e-16,0.9576728678498568,0.9082520538655932,8.614111809730632e-17,-0.16104125801647493
234,23.400000000000002,-0.003993058126627712,2.3003390270586616e-17,-0.005073819849706879,0.08028094849385732,-1.6205431139780525e-16,0.9579480026517221,0.9097241716507848,8.653717370579368e-17,-0.16020342160097545
235,23.500000000000004,-0.004179109539082044,2.311175186583498e-17,-0.005154826977224573,0.08133349441084559,-1.6296818290018058e-16,0.9584977728529946,0.9116246381820672,8.69687052532315e-17,-0.15946744474554608
236,23.6,-0.004389320855054318,2.3221280982653402e-17,-0.0052462889405957705,0.08238402925597381,-1.639325913053516e-16,0.9593045492466034,0.9139105823490822,8.743224277330695e-17,-0.15882253467886143
237,23.700000000000006,-0.004622075623696789,2.3331491699459187e-17,-0.005345421752714674,0.08337359282176089,-1.649550085411407e-16,0.9603938536487707,0.9166153080129686,8.794297075277245e-17,-0.15833840072677252
238,23.800000000000004,-0.0048794668373204194,2.344267616933963e-17,-0.005454083337130073,0.08431676461537918,-1.6603891519647646e-16,0.9617844555262023,0.9197574556903468,8.849973271979904e-17,-0.15800432334918227
239,23.900000000000006,-0.005162643936847393,2.35550765533586e-17,-0.0055736906851340945,0.08522478373480585,-1.671867623253082e-16,0.9634891873417554,0.9233440302369241,8.910113614216459e-17,-0.1578106444894215
240,24.000000000000004,-0.005466426251273757,2.3668307566798015e-17,-0.005701325633139049,0.08606726001164547,-1.6839483437180884e-16,0.9654821677874272,0.927323194087572,8.974958071226084e-17,-0.15777780000143143
241,24.1,-0.005789095380783544,2.378238085041845e-17,-0.005836709875242602,0.08687816332534555,-1.6965096518936947e-16,0.9677078755280277,0.9316337028800497,9.043271552104986e-17,-0.15785468582793
242,24.200000000000003,-0.0061297888506277745,2.3897272803185348e-17,-0.005979550999018115,0.08763555810342706,-1.709605612029825e-16,0.9701876998085925,0.936283802967085,9.115632158970653e-17,-0.1580673323909507
243,24.3,-0.006484380638709347,2.4012650234988482e-17,-0.006127415553988531,0.08833315502945871,-1.7231466658737442e-16,0.9728750982945178,0.9412142953441457,9.191673149431988e-17,-0.1584078211398009
244,24.400000000000006,-0.006849316121978086,2.41284386992689e-17,-0.00627925770595666,0.08898267908079945,-1.7370398584544372e-16,0.9757257262253239,0.9463570359721865,9.270583135534468e-17,-0.15884840681927956
245,24.500000000000004,-0.007226574655730925,2.4244929423708217e-17,-0.006436867549934015,0.08959712475615643,-1.751322415495906e-16,0.9787593564896065,0.9517304467269005,9.352272137248455e-17,-0.15938044988733832
246,24.600000000000005,-0.007619071150096598,2.4362447913753982e-17,-0.006602368066835218,0.09018879210065608,-1.7660517485299817e-16,0.9820052696168793,0.9573684930861275,9.436797626870895e-17,-0.1599995348698667
247,24.700000000000003,-0.008021770808009896,2.4480568087290127e-17,-0.0067727228353452445,0.09074447637181869,-1.7811305252845112e-16,0.9854129530501776,0.9632044673734519,9.523862560229362e-17,-0.16070334336130804
248,24.8,-0.0084334694254645,2.4599287919851588e-17,-0.006947681750415911,0.0912762188869606,-1.7965061059320973e-16,0.9889586378019164,0.9692072151168974,9.612943752285654e-17,-0.16147207604735678
249,24.900000000000002,-0.008850740245540775,2.4718290291544666e-17,-0.007125060822842483,0.09174064746102023,-1.8122151332766526e-16,0.9926508721164314,0.975365718934108,9.704910964529221e-17,-0.162348945501006
250,25.000000000000004,-0.009273635592580766,2.4837679984527485e-17,-0.0073053647026440505,0.09216313123775452,-1.8281978028039217e-16,0.9964653227188616,0.9816554401745292,9.79899984132666e-17,-0.1633016086302762
251,25.100000000000005,-0.009701393742754097,2.495747314129624e-17,-0.007488516868402712,0.09255043547131958,-1.8444263489831232e-16,1.0003895418238304,0.9880575234852331,9.894907105961753e-17,-0.16431883219955767
252,25.200000000000003,-0.010130507931692598,2.507733379878307e-17,-0.0076722489772364805,0.09287255974844436,-1.8608908838926303e-16,1.004412560095265,0.9945463098319448,9.993067120599463e-17,-0.16542565006500864
253,25.300000000000004,-0.010562704911250649,2.5197563404474846e-17,-0.007858309794775998,0.09315950159858216,-1.8775728898605177e-16,1.0085309685481245,1.0011192087317566,1.0092816250351638e-16,-0.1665908967918616
254,25.400000000000002,-0.010995653872227576,2.531795599780445e-17,-0.008045278547849132,0.0934002214410886,-1.8944406382704473e-16,1.012727343191171,1.0077502651061845,1.0194164110157408e-16,-0.16781969893449422
255,25.500000000000007,-0.011426843378380038,2.5438274483385112e-17,-0.008231561438725488,0.09359896470233998,-1.9114056501382255e-16,1.0169609063941458,1.014395371953002,1.0296602228537225e-16,-0.16909657565817254
256,25.600000000000005,-0.011854548966026147,2.5558369495925425e-17,-0.00841613223215052,0.09375218504273938,-1.9284299909907464e-16,1.0212131722312183,1.021030704883188,1.0399988333706196e-16,-0.1704193294674602
257,25.700000000000003,-0.012279135374768579,2.5678356860277294e-17,-0.008599600328286421,0.09386083351762285,-1.9455361044842423e-16,1.0254945720164095,1.0276611019970645,1.0504363024745917e-16,-0.17178871926249437
258,25.800000000000004,-0.012700377479593945,2.579828383993516e-17,-0.00878214081837994,0.09392842605894801,-1.9627181524110708e-16,1.0298029393863806,1.0342794741731014,1.060959290284906e-16,-0.1731997996274989
259,25.900000000000002,-0.013118749039646275,2.5918215548615488e-17,-0.008964144703771321,0.09396652798228662,-1.9799569570943974e-16,1.0341315854307944,1.040881775612141,1.0715382842601474e-16,-0.17463967566955493
260,26.000000000000004,-0.013534063623056,2.6038212730446446e-17,-0.009145852360761434,0.09398029231942497,-1.9972441328037778e-16,1.0384775765225869,1.0474598942313242,1.0821552573473855e-16,-0.1761015985032276
261,26.1,-0.013943058025643298,2.6157897990836394e-17,-0.009324909942476691,0.09394838704381131,-2.0145372568616593e-16,1.0428173732107757,1.0539833684027655,1.092827687028509e-16,-0.17759938899115604
262,26.200000000000006,-0.014342857096559395,2.6277025452869227e-17,-0.009499647198370507,0.09385911636286966,-2.031791203232123e-16,1.047128233561659,1.060418259456313,1.1035494729102654e-16,-0.1791368154560819
263,26.300000000000004,-0.014733125077872633,2.6395565854910415e-17,-0.009669874635783374,0.09371133454442135,-2.0489997481422815e-16,1.0514071832966465,1.0667603839662598,1.1143190356333665e-16,-0.18071391125141817
264,26.400000000000006,-0.015115458413198179,2.6513800430164112e-17,-0.009837177024052339,0.09351791601110875,-2.0661926442921548e-16,1.0556701820978052,1.0730222063010342,1.1251214904967086e-16,-0.1823214825625816
265,26.500000000000004,-0.01549003126408711,2.6631782263158775e-17,-0.010001830160482198,0.09329098784439298,-2.0833420089009773e-16,1.0599071308595975,1.0791943636754602,1.1359205291305306e-16,-0.18394505282264648
266,26.6,-0.015853745197389364,2.6749245373209543e-17,-0.010162043979588732,0.09301682373057174,-2.1004021750247029e-16,1.0640950305929386,1.0852414039985103,1.1467127011084158e-16,-0.18559003500451388
267,26.700000000000006,-0.016206796791492964,2.6866248701844528e-17,-0.01031812610242383,0.09270532823418341,-2.1173535674839338e-16,1.0682272536623074,1.0911565428025014,1.1574690760375914e-16,-0.18724491890400294
268,26.800000000000004,-0.016550522540942674,2.6982858389807747e-17,-0.010470637460116615,0.09236342579642769,-2.134203632504824e-16,1.0723086242163398,1.0969540685194694,1.1681866022695737e-16,-0.1889056255575126
269,26.900000000000006,-0.01688242734464603,2.70985839042042e-17,-0.010616928465571347,0.09198517163470983,-2.1508498637588058e-16,1.0762928737028254,1.1026003236280622,1.1788406309736811e-16,-0.19056794072230154
270,27.000000000000004,-0.017199898850031915,2.721337822334054e-17,-0.01075629254194767,0.09155956532390978,-2.1672825938235824e-16,1.0801739024393577,1.1080648452311923,1.1894289580219826e-16,-0.19223697952039648
271,27.100000000000005,-0.01750401794483645,2.7327455346112402e-17,-0.010889892894743049,0.09109350337516689,-2.1835316581743136e-16,1.083966464945956,1.1133578926936036,1.199947452933969e-16,-0.19390903404646576
272,27.200000000000003,-0.01779233294821306,2.744054363667228e-17,-0.011016071148443732,0.09058187641649659,-2.1995305257725425e-16,1.0876407582439112,1.1184456622505103,1.2103726987775763e-16,-0.1955806230974395
273,27.3,-0.018064985036955316,2.755259014318173e-17,-0.011134637876027611,0.09001385041072249,-2.2153073331575994e-16,1.0912072746519486,1.123341228700518,1.2207412366205384e-16,-0.19726524558224817
274,27.400000000000006,-0.018321590600273014,2.7663503479834402e-17,-0.011245135259338302,0.0893965545732397,-2.230816331871316e-16,1.0946478768324361,1.1280313741486356,1.2310218227816306e-16,-0.19895203066393838
275,27.500000000000004,-0.018562572770517132,2.777339119074572e-17,-0.011348127009766312,0.0887328440133812,-2.246072502854792e-16,1.0979699878347884,1.1325199594522795,1.2412123687743463e-16,-0.20063945415131285
276,27.600000000000005,-0.018790636957089678,2.788252498649645e-17,-0.01144532999697139,0.08805737898419193,-2.261046724052323e-16,1.1011682157651,1.1368152646808478,1.2512406265749094e-16,-0.20229487395434853
277,27.700000000000003,-0.01899786424040824,2.798989074161547e-17,-0.011530839446626312,0.08730538389732966,-2.2756613809136e-16,1.1041968669356992,1.1408563761425252,1.261189943869245e-16,-0.2039663171040855
278,27.800000000000004,-0.01918933041710536,2.8096123413751045e-17,-0.011608396878498671,0.0865257551719159,-2.289937813765229e-16,1.1070751874287494,1.144674960583194,1.270980880354848e-16,-0.20561364419185213
279,27.900000000000002,-0.019360033698217576,2.820072731474195e-17,-0.011674917240804597,0.08569123798187125,-2.3038062816899156e-16,1.1097684968910766,1.1482188843154155,1.2806223708573923e-16,-0.2072511408798415
280,28.0,-0.01951154419012975,2.830381184279071e-17,-0.011731196399166834,0.0848171259846601,-2.317257019746285e-16,1.112276193026146,1.1514977744476493,1.290087286726753e-16,-0.20886557287340546
281,28.100000000000005,-0.01964641616613306,2.84055557210015e-17,-0.011778514927223748,0.08390303156682545,-2.3303600481164956e-16,1.1146284696188293,1.154552560079846,1.2994172811714381e-16,-0.21046680866213796
282,28.200000000000003,-0.01975584251337141,2.850509903439179e-17,-0.011811520756890213,0.08291605983227752,-2.342944076805274e-16,1.1167468507142708,1.1572763494031504,1.3085775501069467e-16,-0.21206132044326023
283,28.300000000000004,-0.01984364967250008,2.860283972178409e-17,-0.01183267315077324,0.08187631314222434,-2.3550671160370823e-16,1.1186604304221355,1.1597097734135404,1.317562942813082e-16,-0.21363916885178516
284,28.400000000000002,-0.019909990026529486,2.8698687262776977e-17,-0.011841644762564116,0.08077467627147569,-2.36674611692761e-16,1.1203751380686697,1.161864365962976,1.326404777825201e-16,-0.21521147886236483
285,28.500000000000007,-0.01995605974314113,2.8793010516752946e-17,-0.011840241350341977,0.07965014888622732,-2.377929513341888e-16,1.121877592253273,1.1637201129871824,1.33499294355932e-16,-0.21673620803917262
286,28.600000000000005,-0.019979667415659538,2.8885422345733774e-17,-0.011826433724815982,0.07848453912012092,-2.388578011621495e-16,1.123148421344582,1.1652604242935884,1.343349592989099e-16,-0.218226192091583
287,28.700000000000006,-0.019979499956846353,2.89755954834322e-17,-0.011798624554503112,0.0772622276017625,-2.398667550938474e-16,1.1241752002152519,1.1664800779016768,1.351502609069614e-16,-0.2196943587755819
288,28.800000000000004,-0.019959879673900033,2.9064195591005266e-17,-0.011760457182552505,0.07601459032109915,-2.4082713565713394e-16,1.1249952113622634,1.1674163015842665,1.3594195631820436e-16,-0.22112016335894047
289,28.900000000000002,-0.019924911584997707,2.915179435700152e-17,-0.011715126247106779,0.07475805670216652,-2.4174944134614675e-16,1.1256557673341243,1.1681178208635679,1.3671147017252222e-16,-0.222500213017504
290,29.000000000000004,-0.01986691559104236,2.923737897538612e-17,-0.011656952981492481,0.07348280397618599,-2.426075333914445e-16,1.126047455914244,1.1684725597926322,1.3744873898197315e-16,-0.2238152290545316
291,29.1,-0.01978972988209231,2.9321459895886955e-17,-0.011588818625676404,0.07221862238749457,-2.4340578158453694e-16,1.1261949018131672,1.1685116479711135,1.3815003066783217e-16,-0.2250441050712143
292,29.200000000000006,-0.01969018268231352,2.9403549546266574e-17,-0.01150811760301601,0.07091406212881052,-2.441485922328014e-16,1.1261068125994087,1.168236192704737,1.388274902956383e-16,-0.22623690441057462
293,29.300000000000004,-0.019568980019553588,2.9483817107852113e-17,-0.011415706161374956,0.06958161846148754,-2.448355512824158e-16,1.1257846122501722,1.1676449048229567,1.394780185615171e-16,-0.22738146066333745
294,29.400000000000006,-0.01942805379196208,2.9562447273217795e-17,-0.011312740316722034,0.06823220534458464,-2.4546899186168374e-16,1.1252406323553092,1.1667575335001408,1.4010101714883663e-16,-0.22847175710637338
295,29.500000000000004,-0.019265642532831598,2.963923749672685e-17,-0.011198070807389235,0.06686707740627759,-2.4604210011563085e-16,1.124448021791965,1.1655448660665941,1.4069288701179188e-16,-0.22949918372538577
296,29.600000000000005,-0.019085215206012574,2.9714841961228743e-17,-0.011075055934065237,0.06548172635496712,-2.4657312727007097e-16,1.123480674005495,1.1640664702907444,1.4126149617043414e-16,-0.23048433093723986
297,29.700000000000003,-0.01888610720083184,2.97888835767763e-17,-0.010942054802827133,0.06408050898080601,-2.4705293502434563e-16,1.1223029605667343,1.16230744066601,1.4180369150472487e-16,-0.23141761462018404
298,29.800000000000004,-0.01866692359482268,2.986147420586839e-17,-0.01079926514333184,0.06265150366980228,-2.474853118556515e-16,1.1209284298956466,1.160257558563779,1.4232148600761535e-16,-0.23230944482435933
299,29.900000000000006,-0.018431168831238336,2.993282723093517e-17,-0.010648250469917596,0.06122211556491431,-2.478697774038426e-16,1.1193610714871647,1.1579450414478478,1.4281101250794737e-16,-0.2331389949078958
300,30.000000000000004,-0.018177202651751927,3.0002791787641356e-17,-0.010488100283604472,0.05977785387386132,-2.482061527830107e-16,1.117597885732105,1.1553583458912788,1.4327448664213459e-16,-0.23391771672309775
301,30.100000000000005,-0.017906760295334553,3.0071665798401454e-17,-0.010320363628422884,0.058335222553211906,-2.48496367338439e-16,1.1156503766014294,1.152508509691768,1.4370910912380365e-16,-0.23463252777719437
302,30.200000000000003,-0.017621400538840065,3.0139819743459756e-17,-0.010146837259559748,0.0568884882314686,-2.4875123721746165e-16,1.113561094019395,1.1494260071641509,1.4411981582903054e-16,-0.2352974598533358
303,30.300000000000008,-0.017321936819948078,3.0207044048054266e-17,-0.009966856569418087,0.0554550497282773,-2.4896221017748054e-16,1.1112998337783002,1.146106350391,1.4450138089082924e-16,-0.23589285741142393
304,30.400000000000006,-0.017006959431222612,3.027345147796627e-17,-0.009780605517945063,0.05402769711008057,-2.491313530617347e-16,1.108873885131707,1.1425343743958847,1.4485408133127331e-16,-0.23642308988835947
305,30.500000000000004,-0.01667874325611928,3.033927581964428e-17,-0.009589463843410511,0.05260617916936038,-2.492664065846837e-16,1.106314284329469,1.138746437390694,1.4518194720074522e-16,-0.23689729429532613
306,30.600000000000005,-0.01633783248267294,3.0404479088100896e-17,-0.009393396222250038,0.0512146681274986,-2.4935877176716113e-16,1.1035922346607667,1.1347270045194922,1.454769824187029e-16,-0.23728723457795955
307,30.700000000000003,-0.0159854227255405,3.0469096226709327e-17,-0.009192781852004664,0.04984178210522504,-2.494150834736405e-16,1.1007320830383809,1.130506434485851,1.457452672275685e-16,-0.23761123901664086
308,30.800000000000004,-0.015618780522204194,3.053304200007413e-17,-0.008986762044975376,0.04847630111740208,-2.4943328554815237e-16,1.097723991710067,1.126052561692744,1.4598609832959824e-16,-0.23787309897072928
309,30.900000000000002,-0.015239748826320586,3.059644401312986e-17,-0.008776203998401686,0.047114423367958375,-2.494199525079599e-16,1.0945933495084395,1.1213984393405587,1.4620402489349597e-16,-0.23808443909760618
310,31.000000000000007,-0.014846977929945437,3.065896906197552e-17,-0.008559554394285403,0.045770471293449945,-2.493618237370723e-16,1.091291625542993,1.1165083223961128,1.463910749235209e-16,-0.23822138280701732
311,31.100000000000005,-0.014444848916479423,3.072140237897153e-17,-0.008340728333810749,0.044463199932977565,-2.4927254479316584e-16,1.0878759968701257,1.1114329924803523,1.4654843075062876e-16,-0.2382789665761481
312,31.200000000000003,-0.014033032723482637,3.078356724101963e-17,-0.008118979583722128,0.04315740161114161,-2.491615320191619e-16,1.0843764520345796,1.1062024343817958,1.4668831367096406e-16,-0.2382990231817407
313,31.300000000000004,-0.01360826270372749,3.0844957650312404e-17,-0.007891723662211702,0.04186073665930648,-2.4901174765969637e-16,1.0807289115612193,1.1007571394665052,1.4680171713840965e-16,-0.2382584941054492
314,31.400000000000002,-0.013170945820204777,3.090583477582459e-17,-0.0076600562017662245,0.04057733819305166,-2.488266229866372e-16,1.076947833531954,1.0950994339451807,1.4688792714464825e-16,-0.23815444752426643
315,31.500000000000004,-0.012724226028423985,3.096646706074548e-17,-0.007425625410465201,0.03930151102791702,-2.486181583781176e-16,1.0730785969833179,1.089284913938985,1.469546833311209e-16,-0.23800610207684567
316,31.600000000000005,-0.012271233540574144,3.102733829287664e-17,-0.007190894233094235,0.03805440876468148,-2.483918542791281e-16,1.0691466246364243,1.0833421086495325,1.4699980745131316e-16,-0.23779978856602157
317,31.700000000000006,-0.011812158388054626,3.108842364535479e-17,-0.00695580296066212,0.03682343550494069,-2.481522999762355e-16,1.0651671958776856,1.0772866301581228,1.4702828284435678e-16,-0.23755173408073668
318,31.800000000000004,-0.011347366997266167,3.1149772043946756e-17,-0.0067206072053098125,0.035617470233719084,-2.4789750762728355e-16,1.0611346118866811,1.0711154154082883,1.4703734511715948e-16,-0.23725218271858303
319,31.900000000000006,-0.01087817367771701,3.121153370555255e-17,-0.0064861288445489645,0.03443396316892244,-2.4763318741263495e-16,1.0570702164942256,1.064851874933931,1.4703032020387046e-16,-0.23690943345094181
320,32.00000000000001,-0.010404748467534513,3.127374498315771e-17,-0.006252534221309859,0.03326822649446359,-2.473619612923048e-16,1.0529831285573488,1.0585033954003444,1.4700925306905296e-16,-0.23652996493589282
321,32.1,-0.009926702903721343,3.1336149173971e-17,-0.0060187758587653935,0.032120113459592425,-2.4707886986361253e-16,1.0488546929163618,1.0520639578643358,1.469732587028405e-16,-0.23611174759088693
322,32.2,-0.009444025231427252,3.139879017877306e-17,-0.005785015128842866,0.030979051443933786,-2.467886324581352e-16,1.0447007491277858,1.0455439483730171,1.469263596425748e-16,-0.23566805967337287
323,32.300000000000004,-0.00896065398586816,3.146223183313483e-17,-0.005554121846999529,0.02986374851282753,-2.4650035963802575e-16,1.0405591289003528,1.0389871713857703,1.468687172388023e-16,-0.2351911831128166
324,32.400000000000006,-0.008474037900509372,3.152603295154955e-17,-0.0053239475377908005,0.02876486268474201,-2.462057222039493e-16,1.0363968846124483,1.032362475120944,1.4679900479905565e-16,-0.23468227094101357
325,32.50000000000001,-0.007987265591658126,3.159067017452827e-17,-0.005096857732783483,0.027698035555515133,-2.459120089952732e-16,1.0322442444861508,1.025703240574267,1.4671694591316221e-16,-0.23413400560669229
326,32.60000000000001,-0.007501123707166591,3.1656122434739394e-17,-0.0048729155654439575,0.026664805399526204,-2.4561963139312654e-16,1.0281030149532755,1.0190204151647995,1.4662328634344e-16,-0.23354719148578637
327,32.7,-0.007016086944511737,3.172238300165387e-17,-0.004652177585415918,0.025665979360398966,-2.4532895835434644e-16,1.0239746949520285,1.0123207261585745,1.465185018738433e-16,-0.23292242995921064
328,32.800000000000004,-0.006531608079425816,3.178926797852751e-17,-0.004433850693337407,0.024698492350380054,-2.45037108294523e-16,1.019848037368183,1.0055985530867386,1.464026297334646e-16,-0.23226106200469465
329,32.900000000000006,-0.006048932317325362,3.185688270171305e-17,-0.004218553376944068,0.023754609948444323,-2.447511338333133e-16,1.0157475123144493,0.9988813943003358,1.462810506408622e-16,-0.23157774108288245
330,33.0,-0.005569900420101046,3.19254295996136e-17,-0.004007371111479743,0.0228370871234837,-2.4447662329991856e-16,1.0116940649083521,0.9921957114470308,1.4615613997680344e-16,-0.23087618362238427
331,33.10000000000001,-0.005095541551723931,3.1995002193502303e-17,-0.003800830781729196,0.02193806523409421,-2.4422015455613743e-16,1.0077100969846877,0.9855656980832799,1.460329912312129e-16,-0.23017042873014734
332,33.2,-0.004627299892659713,3.206572384972799e-17,-0.0035996446358322284,0.021067505525899713,-2.439823988516424e-16,1.0037997406052204,0.9790043150301961,1.459103175801373e-16,-0.22945330364850297
333,33.300000000000004,-0.004166287825684163,3.213767310265214e-17,-0.0034042953773273286,0.020231531758101242,-2.437642103852917e-16,0.9999670405937862,0.9725230942944809,1.4578772672317954e-16,-0.22872119171923133
334,33.400000000000006,-0.003713632083392786,3.2210907035521676e-17,-0.00321518851476009,0.01942796118656601,-2.435695084629998e-16,0.9962255317816381,0.9661421021468497,1.4566823193959983e-16,-0.2279811915322948
335,33.50000000000001,-0.0032718253025374195,3.2285681150756723e-17,-0.003033703668678878,0.018651572289663406,-2.4340931068114133e-16,0.9926136900479262,0.9599061232988069,1.4555879548527714e-16,-0.22724988159665166
336,33.6,-0.0028427801204602703,3.2362190968809726e-17,-0.002860887506248891,0.017939127267967706,-2.432752549397428e-16,0.9891080214471725,0.9538087529752126,1.4544795195496153e-16,-0.22648715524065724
337,33.7,-0.0024245671057697596,3.2440043499434026e-17,-0.002694942009560993,0.017261533511230998,-2.4316928313445144e-16,0.9857096400569154,0.9478484598053288,1.4534388079485213e-16,-0.22572266472491376
338,33.800000000000004,-0.0020234004876261962,3.2520015400080176e-17,-0.0025398034557148133,0.016636815668360384,-2.431084122275788e-16,0.9824824253252308,0.9421058515334386,1.4525127184171346e-16,-0.22495781281365076
339,33.900000000000006,-0.0016370929439720745,3.260160470882116e-17,-0.002393241595614467,0.016044049319619294,-2.4308905056797876e-16,0.9794090787040434,0.9365671353515028,1.4517450059605643e-16,-0.22421069952554418
340,34.00000000000001,-0.001269496186033403,3.2685068208294247e-17,-0.002256875621888311,0.015478263991883725,-2.4312494540336454e-16,0.9765369535481546,0.931298416184932,1.4512323864546174e-16,-0.2235029783514459
341,34.1,-0.0009212209373251888,3.2770432727405725e-17,-0.0021308906002893827,0.014959104491171046,-2.432094497644589e-16,0.9738455987814376,0.9262897426458802,1.4509041319161268e-16,-0.2228112608471904
342,34.20000000000001,-0.0005936572164782336,3.285783975568579e-17,-0.002016022397216999,0.014503901885541227,-2.433402029292549e-16,0.9713293875806988,0.9215458460750909,1.450714177873103e-16,-0.2221182405005736
343,34.300000000000004,-0.0002854188621730123,3.2946871734923905e-17,-0.001910514383586295,0.014069710030837311,-2.435261265211111e-16,0.9690110008646938,0.9170876714312539,1.4508180154977265e-16,-0.22147447948901078
344,34.400000000000006,-1.5012142176455733e-06,3.303810958341065e-17,-0.0018173213567092884,0.013695573360292226,-2.4376970896820274e-16,0.9669058703680781,0.9129554604335074,1.4511483255823544e-16,-0.22084851093386848
345,34.50000000000001,0.000251825434206683,3.313193924465649e-17,-0.0017389428309918414,0.013365575049031252,-2.440964817419405e-16,0.9650994213386,0.9092646521493906,1.4518991657952218e-16,-0.22028608773073313
346,34.6,0.00047391378188598647,3.3228591123395196e-17,-0.0016762669800276903,0.013099258466497704,-2.4450304943813803e-16,0.9635825448437662,0.9060059771897404,1.4530000122002633e-16,-0.21976400383468442
347,34.7,0.0006591486816666422,3.332847816542564e-17,-0.0016317446211696006,0.012870542714768049,-2.4501869436422364e-16,0.9624509118690502,0.9032946402017967,1.454678145016244e-16,-0.21933903079982023
348,34.800000000000004,0.0008147012099413305,3.343072843008698e-17,-0.0016009708485245505,0.012711172579474754,-2.456012844091738e-16,0.9615636403898663,0.9009850769046825,1.4566506377622212e-16,-0.2189402013727675
349,34.900000000000006,0.0009426154707568186,3.3534602853356804e-17,-0.0015809845177605965,0.012568055501366072,-2.4625826632469724e-16,0.9609356137154456,0.8990979357895501,1.459109262372889e-16,-0.21862939821609728
350,35.00000000000001,0.001037771132766553,3.364095221734911e-17,-0.0015756445369545368,0.012491480421838903,-2.469915180189666e-16,0.9605818635794416,0.8976641979360478,1.4619377615902728e-16,-0.21836040438258952
351,35.10000000000001,0.0011021590518060927,3.3749415886864276e-17,-0.001583310632305883,0.012459980621432639,-2.478008351949881e-16,0.9604967818613483,0.8966737311524128,1.4651913325491814e-16,-0.21815364621655361
352,35.2,0.0011362169279539114,3.3860072973879786e-17,-0.001604142116631496,0.012483163732206603,-2.486824234591119e-16,0.9606683627450783,0.8961099806205188,1.4688194746412172e-16,-0.21799458928507967
353,35.300000000000004,0.0011389347295315704,3.3973049126326206e-17,-0.001638726297979884,0.012583626622527018,-2.4963032231655357e-16,0.9610797621247817,0.8959663807188483,1.472742640049079e-16,-0.2178570677149886
354,35.400000000000006,0.0011157391707844657,3.408704985133656e-17,-0.0016816324693292646,0.01268964030125723,-2.5064495225907183e-16,0.9617182215668226,0.8962285275008273,1.4771704959064132e-16,-0.21781451938379662
355,35.50000000000001,0.0010595997396622278,3.420318967571548e-17,-0.0017379238112377985,0.012849716981704458,-2.5173685056612253e-16,0.9626276484242073,0.8969594972078053,1.4820315170479838e-16,-0.2178304887221391
356,35.60000000000001,0.0009706203093872131,3.432150226414868e-17,-0.001807666397364357,0.013048762194400394,-2.5291327695220375e-16,0.9638287902187689,0.8981727356309923,1.4873929573518398e-16,-0.21792467452916212
357,35.7,0.000849905347543147,3.444164871818286e-17,-0.0018894893665673783,0.013272012153936417,-2.5417333700309443e-16,0.9653149601975907,0.899865476420011,1.493299662718969e-16,-0.21811214839262766
358,35.800000000000004,0.0006997645688817873,3.45632420838935e-17,-0.0019816440654511582,0.013525046966414277,-2.555036505101311e-16,0.9670415599666848,0.9019954796212267,1.499679248481766e-16,-0.21837606658687894
359,35.900000000000006,0.0005145438408622079,3.468744171837629e-17,-0.0020890300196824223,0.013862950902010326,-2.5690951837808976e-16,0.9690357768056748,0.9045974034907748,1.5064007102537275e-16,-0.21866585100350186
360,36.00000000000001,0.00030194732449924854,3.4813371264695525e-17,-0.0022072676271136515,0.014258693915173969,-2.583733538851997e-16,0.9712333384203397,0.9075759974471458,1.5134272763986374e-16,-0.21898674249783712
361,36.10000000000001,6.311446454630406e-05,3.4941100348041444e-17,-0.0023363537606833126,0.01470906554169553,-2.598954634373757e-16,0.9736340460368003,0.9109163866602941,1.5207509600488713e-16,-0.21933859192880065
362,36.2,-0.00020653326008448472,3.507090106905012e-17,-0.002478017733397883,0.015206069206346694,-2.6149347995726617e-16,0.9762940047068516,0.9146992381011667,1.528504902553171e-16,-0.2197500566509746
363,36.300000000000004,-0.0005005625831893841,3.5202108276225246e-17,-0.0026288485251835555,0.015740059892504057,-2.6314783684787106e-16,0.9791462473090001,0.9188320878320285,1.5365990109453976e-16,-0.22020830933469168
364,36.400000000000006,-0.000822071935082061,3.533547044176963e-17,-0.0027918610244571608,0.016334799570124823,-2.648661858622829e-16,0.9822197211065812,0.9233403522426329,1.5449910050702394e-16,-0.2206944448625521
365,36.50000000000001,-0.0011631531107702757,3.546986418003396e-17,-0.0029618862574428565,0.016934810953047177,-2.6663959319179996e-16,0.9854742455028305,0.9281539894012143,1.553769850878412e-16,-0.22125032471263265
366,36.6,-0.0015244668850731558,3.560595277768487e-17,-0.0031411974762598953,0.017593280701804832,-2.68455619321545e-16,0.9888785976778934,0.9332303004809008,1.5627058762034868e-16,-0.22180864495331687
367,36.70000000000001,-0.0019034082090130266,3.574317558122273e-17,-0.0033274695964058683,0.01829165590865341,-2.703083836298003e-16,0.9924097925642723,0.9385464909900384,1.5718292618852403e-16,-0.22238332431368835
368,36.800000000000004,-0.00229760537203041,3.5881386782145636e-17,-0.0035197770499429903,0.019015531415400216,-2.7219728797508163e-16,0.9960628594526051,0.9440793222403502,1.5811571692689657e-16,-0.22298408272073109
369,36.900000000000006,-0.0027058586016980362,3.6020429937391543e-17,-0.0037173807353462814,0.019763257325340063,-2.7411808616444124e-16,0.9998234233555233,0.9498114013120099,1.5906719671052433e-16,-0.22360827622407867
370,37.00000000000001,-0.0031261432771357385,3.6160266432091493e-17,-0.003919771620917349,0.020544580726929433,-2.7606139662269954e-16,1.0036627590628335,0.9557008462857457,1.6002859686034722e-16,-0.22423525897677424
371,37.1,-0.00355904753193021,3.630114341993862e-17,-0.004127844293910163,0.021356798728359876,-2.780337637824753e-16,1.0076011817548352,0.9617596949236573,1.610025389796819e-16,-0.22487114724892265
372,37.2,-0.004002510393719844,3.6442945126500286e-17,-0.004340835362289338,0.022210118363626047,-2.800242309412302e-16,1.0116052087352827,0.9679450283893558,1.6197990394054145e-16,-0.22549457492083996
373,37.300000000000004,-0.004452706251111759,3.658503612505896e-17,-0.0045559971293841275,0.02306135682549273,-2.8203457512423567e-16,1.0156723563349905,0.9742393092949626,1.6297255427618716e-16,-0.22614666983032014
374,37.400000000000006,-0.004908743379232638,3.6727499792965355e-17,-0.004773427041445767,0.02393797313459187,-2.840514516242475e-16,1.0197650118408406,0.9806009251414249,1.639658219120791e-16,-0.22678827259502513
375,37.50000000000001,-0.005372515826876455,3.687064740835601e-17,-0.004994460586032367,0.02483424696036673,-2.860866346023673e-16,1.0239194674907819,0.9870656586468539,1.649665403953244e-16,-0.22743447856258453
376,37.6,-0.005844124982602405,3.701469603003904e-17,-0.0052197976616635685,0.025774315273260982,-2.881325968417294e-16,1.0281161737867832,0.9936109820824314,1.6596373734648689e-16,-0.22805462942899898
377,37.7,-0.0063207195111704235,3.7159267163554527e-17,-0.005447706999750729,0.02675174508343861,-2.901801363683503e-16,1.0323247672201514,1.0001980719771741,1.669542182646626e-16,-0.22864584042183497
378,37.800000000000004,-0.006801498889571753,3.7304315930384225e-17,-0.005677894489719459,0.02775803109355334,-2.9223081989054774e-16,1.0365485983170957,1.0068227277081734,1.679402621710796e-16,-0.2292161301973411
379,37.900000000000006,-0.007284574790485196,3.7449594875796386e-17,-0.005909229412073672,0.02878872110290262,-2.9427867918701007e-16,1.040768056413567,1.0134594298999293,1.6891982845182012e-16,-0.229763834898232
380,38.00000000000001,-0.007768687701893765,3.759497891098343e-17,-0.006141085134869258,0.029840419544289783,-2.9632058262661705e-16,1.0449727179616193,1.0200915831149169,1.698917708882962e-16,-0.2302884768936983
381,38.10000000000001,-0.00825319690467834,3.774044849008459e-17,-0.006373281442265291,0.03091757047358779,-2.98352752634461e-16,1.0491516362204525,1.026704573788149,1.7085262213796765e-16,-0.23078196983305815
382,38.2,-0.008737060549022428,3.788590444238354e-17,-0.00660531624683645,0.03201560288523202,-3.0037348901315936e-16,1.053298741189392,1.0332864366600971,1.7180225604342268e-16,-0.23124621285920607
383,38.300000000000004,-0.009220398324001861,3.8031453107990053e-17,-0.006837542606356254,0.0331326358421449,-3.02385680294345e-16,1.0574227615817096,1.0398409523757,1.7274187330353986e-16,-0.23168433094402643
384,38.400000000000006,-0.009702942455293344,3.8177133297013355e-17,-0.007070030965108412,0.03427758261076556,-3.043851870954472e-16,1.061512557810894,1.0463549575480837,1.7366671854077076e-16,-0.23208406640765936
385,38.5,-0.010181251210256446,3.832234257061858e-17,-0.007300281729613394,0.035434047984545844,-3.063624544694313e-16,1.0655356271015828,1.0527902201213815,1.7457679873161156e-16,-0.23245259008196414
386,38.60000000000001,-0.010656528503250072,3.846743235295126e-17,-0.00752960559382692,0.03660546815943257,-3.083242264918666e-16,1.0695135964905471,1.0591624124570156,1.7547328013922643e-16,-0.2327907256380393
387,38.7,-0.011125762163464408,3.8611885713075734e-17,-0.007755857045414666,0.037793651049739814,-3.1025464713209136e-16,1.0733980665254976,1.0654219173938604,1.7634851147307238e-16,-0.2330841272464497
388,38.800000000000004,-0.011589462700499467,3.875586444142741e-17,-0.007979632313104819,0.03899390260917441,-3.1215968994944603e-16,1.0772067632649875,1.0715815317987352,1.7720589835084673e-16,-0.23334105760917886
389,38.900000000000006,-0.012045757928889919,3.8899070491199745e-17,-0.00819967727722664,0.04020457600405206,-3.1403116941540554e-16,1.0809144724654207,1.0776131871330428,1.780419858500344e-16,-0.23355620789990464
390,39.00000000000001,-0.012493455661395331,3.904127557732385e-17,-0.008415080657587493,0.04141823282642913,-3.1586624353623864e-16,1.0845113764116205,1.0835053993804613,1.7885755532295283e-16,-0.23373422426436516
391,39.10000000000001,-0.01293575061773519,3.918323410572775e-17,-0.008628739141502688,0.042654679811178826,-3.1767487692356593e-16,1.08803178142912,1.08928906847357,1.7965059743237094e-16,-0.233863436738056
392,39.20000000000001,-0.013367971604401762,3.932414180447458e-17,-0.008837348357991522,0.04389307721883126,-3.194435596803256e-16,1.0914309152547839,1.0949108928572653,1.8042036770455825e-16,-0.23395152011272297
393,39.300000000000004,-0.013791215196736279,3.946419199515145e-17,-0.00904170476618882,0.04515124714703634,-3.2116935791701975e-16,1.0947034174408092,1.100370455303822,1.8116086384518328e-16,-0.23398047252221205
394,39.400000000000006,-0.014203053243138676,3.9602902062562546e-17,-0.009239906552436715,0.04640355010078079,-3.2285118159170836e-16,1.0978415746069725,1.1056548556282442,1.818786558921848e-16,-0.23397276621795862
395,39.50000000000001,-0.014604620514182508,3.974061713130706e-17,-0.009433215269499489,0.047648417724869545,-3.244979558024267e-16,1.100872387609655,1.1107836732912886,1.825771911177425e-16,-0.23393537866083222
396,39.6,-0.014997987754572199,3.9877701237839834e-17,-0.009623116296530712,0.048930756601412814,-3.2609877025215583e-16,1.103771415946571,1.1157448686200973,1.8323978122955865e-16,-0.23382029337525567
397,39.70000000000001,-0.015379449292588802,4.0013506082184214e-17,-0.009806983197586645,0.05022953732478404,-3.276448193979992e-16,1.106508603521531,1.1205006545105431,1.8386791051740189e-16,-0.23363914111887246
398,39.800000000000004,-0.01574939585085724,4.0148185014151175e-17,-0.00998535726474356,0.05153652018899558,-3.2914341705984153e-16,1.1091047709976456,1.1250654722274196,1.8446645882930593e-16,-0.2334041511540709
399,39.900000000000006,-0.016105484353456156,4.028122478127534e-17,-0.010156278762191827,0.05284782101123499,-3.3058273196782565e-16,1.1115240610378487,1.129406016596728,1.8503174125076426e-16,-0.23311057111721573
400,40.00000000000001,-0.016448160323227743,4.0412702992598726e-17,-0.01032007270644706,0.05414880489144893,-3.319719919218028e-16,1.1137917744018015,1.1335439938676803,1.8557175376906557e-16,-0.23277854309809354
401,40.1,-0.016771111081312767,4.054131991296799e-17,-0.010471714858255286,0.055425305610728705,-3.3328250273704334e-16,1.115820018622733,1.1373933752700298,1.8607843162678005e-16,-0.23239991947499739
402,40.2,-0.017079734678401088,4.0668510277005413e-17,-0.010616485069882813,0.05670762019779584,-3.3453548157111435e-16,1.1176780252485414,1.1410095417641293,1.8655021983938955e-16,-0.23196012985494396
403,40.300000000000004,-0.017372372182213058,4.079379121943463e-17,-0.010752654469813975,0.057983698098950424,-3.357249518400504e-16,1.119346197260579,1.1443782132910378,1.8698880587209197e-16,-0.23146701790914542
404,40.400000000000006,-0.017648286803495648,4.0917024746874886e-17,-0.010879691640633767,0.05924580896094729,-3.368506734811781e-16,1.1208228102417486,1.147495425867434,1.8739613989643886e-16,-0.23092729389036887
405,40.50000000000001,-0.017909993533412827,4.10388022442418e-17,-0.01099982001663973,0.06050353818347417,-3.37923409310609e-16,1.1221418626276816,1.150391512093265,1.877735982530804e-16,-0.23033966583213575
406,40.60000000000001,-0.018152574433224565,4.1158024725152834e-17,-0.01110890439601549,0.061762293206753034,-3.3891130948357327e-16,1.1232106474014085,1.1529830068875337,1.8810677423527679e-16,-0.2296770607391634
407,40.7,-0.01837729150981245,4.12749653323138e-17,-0.011207996807349284,0.06301831753972915,-3.3982347600456416e-16,1.1240558192746906,1.155293697344567,1.8840043451999121e-16,-0.22894943550041247
408,40.800000000000004,-0.018582517303008944,4.138943194732873e-17,-0.011296249139833136,0.06425086765623517,-3.4066313073939097e-16,1.1246835223072116,1.1573184959040044,1.886608502807879e-16,-0.2281763954105038
409,40.9,-0.018771179859958992,4.150203577578966e-17,-0.011376005872651055,0.06546837609735964,-3.4144284271855126e-16,1.1251326196835356,1.1590954440587566,1.888908894784553e-16,-0.227359592024572
410,41.00000000000001,-0.01894106054608493,4.1612313933645835e-17,-0.011445517654728756,0.06666204753186361,-3.4215418158678157e-16,1.1253771890585995,1.1605981229192217,1.8908946866440443e-16,-0.22650086873945624
411,41.10000000000001,-0.01909402097218356,4.17208284385266e-17,-0.01150678144945532,0.06784381082526024,-3.428049148159033e-16,1.1254425223880744,1.1618441511507773,1.8925543495326248e-16,-0.22559382166036931
412,41.2,-0.019228044619756163,4.182703456767233e-17,-0.011557851211568979,0.06901292949966367,-3.433817139240404e-16,1.1252899952341526,1.1628022590016855,1.8938410571576378e-16,-0.2246307140262328
413,41.300000000000004,-0.01934208205927946,4.193052353847841e-17,-0.011597359850664065,0.0701565902282635,-3.4388151251037574e-16,1.1249087898640904,1.1634686032283765,1.8947890275832434e-16,-0.22362242659577136
414,41.40000000000001,-0.01943319865638302,4.20310069410575e-17,-0.011623949778640988,0.07125818322705682,-3.4430112703733213e-16,1.1242870897319832,1.1638132150282536,1.8954122019196595e-16,-0.2225786904937209
415,41.50000000000001,-0.019502513829247593,4.2128541884402474e-17,-0.011638009417662494,0.07231431372181686,-3.4464555346633947e-16,1.1234392310738883,1.1638572566075613,1.895751475428238e-16,-0.22150767691032336
416,41.60000000000001,-0.019549072021840565,4.2223125313340516e-17,-0.01163937292097935,0.07334914732696696,-3.449008247699253e-16,1.122329702077481,1.1635613957437754,1.8956676627520113e-16,-0.2203765063568065
417,41.7,-0.01957972161544819,4.2316068303340714e-17,-0.01163309346626537,0.07438305349829408,-3.450941690681596e-16,1.1210413240536636,1.1630139606519407,1.895224950881064e-16,-0.2191877959877202
418,41.800000000000004,-0.019591132596592842,4.240679996904793e-17,-0.011616927985956827,0.0753877297100774,-3.452224496246794e-16,1.1195602586793192,1.1621903998045753,1.89448258351126e-16,-0.21796330950172535
419,41.900000000000006,-0.01958100268918057,4.249502190479036e-17,-0.011589611074679054,0.07636025015727431,-3.4527697619411415e-16,1.1178613887611812,1.1610570972257426,1.8934010212081719e-16,-0.21669801424979088
420,42.00000000000001,-0.019550799593113975,4.258095213658278e-17,-0.011552051210390999,0.07729579598940191,-3.4526700326691976e-16,1.1159708090219114,1.1596421671337247,1.892038203735381e-16,-0.21540358557078348
421,42.10000000000001,-0.019503562885505123,4.266511690854908e-17,-0.011506323720074681,0.07822009236325005,-3.451954319407506e-16,1.1139019107847912,1.1579681286120254,1.890339616476792e-16,-0.21406047514871374
422,42.2,-0.01943674925310892,4.2747085150843473e-17,-0.011450742767869263,0.07911334910579035,-3.4505907802903374e-16,1.1116423484200728,1.1560144043052918,1.8883418370752338e-16,-0.21268309498075583
423,42.30000000000001,-0.019346311283093064,4.282616932396272e-17,-0.011382621559417416,0.07995293655771098,-3.448485004935601e-16,1.1091614652545108,1.1537393832399945,1.8860595815822705e-16,-0.21128343325767504
424,42.400000000000006,-0.019236905867734553,4.290301961670241e-17,-0.01130467781690703,0.08075048162395883,-3.445792029716261e-16,1.1065059160797397,1.1512053528162856,1.8835446882504225e-16,-0.20986500901983227
425,42.50000000000001,-0.01910506085580485,4.2977345550299323e-17,-0.0112154649239609,0.08149446695979647,-3.442443667567863e-16,1.1036545946334728,1.1483687203119328,1.8807750748736974e-16,-0.2084296767345229
426,42.6,-0.018953064298665303,4.304958583897946e-17,-0.011116658487397,0.08218576881120535,-3.4385609175559066e-16,1.1006423142207928,1.1452649254866394,1.877802107691186e-16,-0.20698565443551942
427,42.7,-0.018785821893528794,4.312069921081095e-17,-0.011011877396910957,0.08284453600786182,-3.4343155473449107e-16,1.0975216164308648,1.1419516828536942,1.8746453848201664e-16,-0.20552804460857374
428,42.80000000000001,-0.01859934178689122,4.31898897468335e-17,-0.010898153095640349,0.08346384157571164,-3.4295173624728914e-16,1.0942378224074343,1.1383725605932904,1.8712410402455352e-16,-0.2040492854026319
429,42.900000000000006,-0.018394053070978123,4.325698381972823e-17,-0.01077508662400936,0.08404216896036139,-3.424152819532498e-16,1.0907871751746108,1.1345358858218413,1.8676030887293361e-16,-0.20255195213768962
430,43.00000000000001,-0.018172638492666034,4.332276644904727e-17,-0.010645385272387488,0.08458297590498176,-3.418399189771759e-16,1.0872204182350587,1.1304807814184759,1.863784203029373e-16,-0.20104381813920733
431,43.1,-0.017934604065646925,4.3387239595254364e-17,-0.010508971422785705,0.0850913346420033,-3.412220367561049e-16,1.0835285993072805,1.1261943345883207,1.8597479663507495e-16,-0.1995171630802575
432,43.2,-0.01768100884123605,4.345037831990988e-17,-0.010365976675588565,0.08556946039100408,-3.405623619855541e-16,1.0797144121476216,1.121691139399489,1.855505603883713e-16,-0.1979725919527484
433,43.30000000000001,-0.01741031688467514,4.35119547641343e-17,-0.01021549149343537,0.08598977250026887,-3.398675598094524e-16,1.0757916477457332,1.1169743981106428,1.8511599328831634e-16,-0.19643833194497604
434,43.400000000000006,-0.017124863209366466,4.3572289420203886e-17,-0.010058844625573268,0.08637218439000045,-3.3913818973352693e-16,1.0717657247304846,1.112061258689896,1.846665679795975e-16,-0.19489871174612208
435,43.50000000000001,-0.016827057992463115,4.3631738949210885e-17,-0.00989747532277982,0.08671797413372911,-3.383850878171539e-16,1.0676671808152063,1.1069886974528769,1.8420745958824289e-16,-0.1933614252469076
436,43.6,-0.016515175897289583,4.369039652472185e-17,-0.009731330214149838,0.08703191202585214,-3.3760367052812343e-16,1.0634843336508395,1.1017245595203955,1.8373260572897591e-16,-0.19181563720255188
437,43.70000000000001,-0.016190774729310586,4.3748366250319384e-17,-0.009560987001819829,0.08730465803836293,-3.36803961542727e-16,1.059243357025979,1.0963029104458848,1.832503777435463e-16,-0.19027835209958402
438,43.80000000000001,-0.015854031003762516,4.380569701963151e-17,-0.009386616501352796,0.08753650716397483,-3.359870647983954e-16,1.0549474613991705,1.0907262568906662,1.8276110352855684e-16,-0.18875006920786697
439,43.900000000000006,-0.01550345589596174,4.386201208905682e-17,-0.009206911714604218,0.08771723420691942,-3.351484123574962e-16,1.0505823014566922,1.0849811933896814,1.8226619482978654e-16,-0.18723718791934746
440,44.00000000000001,-0.015144578562961508,4.3918379629709236e-17,-0.009025826691043872,0.08786848260633041,-3.34307685481841e-16,1.0462060322701319,1.0791338354161923,1.8176837887169443e-16,-0.18573510453828512
441,44.1,-0.014778827467273032,4.3974945856674156e-17,-0.00884402352842037,0.08799065179764566,-3.3347040717008925e-16,1.0418338708250592,1.0732064561257502,1.812708579236231e-16,-0.1842485272190195
442,44.20000000000001,-0.014403127078038093,4.4031284168933287e-17,-0.008659769204978409,0.08806648290518511,-3.3263133760625286e-16,1.0374482984017304,1.0671674994950264,1.807751631911039e-16,-0.1827874438043693
443,44.300000000000004,-0.014017417451652171,4.408747386620188e-17,-0.008473269669024678,0.08810436158313041,-3.317873755171706e-16,1.0330424061886065,1.0610076284435213,1.8027693475400714e-16,-0.1813416766663683
444,44.400000000000006,-0.013622593458685599,4.4143446533211594e-17,-0.008284503483283771,0.08809686159447298,-3.309432407596698e-16,1.0286276990672805,1.054748472615242,1.797819783579281e-16,-0.17992307093955498
445,44.5,-0.013221178816033423,4.419975595750966e-17,-0.008095438885598305,0.08805124713263272,-3.301104728213951e-16,1.024236835546396,1.0484228243114155,1.7929304376137645e-16,-0.1785330452146722
446,44.60000000000001,-0.012813519013362033,4.4256337249721204e-17,-0.007905961005406553,0.08796883221158822,-3.292880513790836e-16,1.0198672181243666,1.042034853138274,1.7881014056679211e-16,-0.17717082521842434
447,44.70000000000001,-0.012398284150396021,4.431302158557789e-17,-0.007715366488803218,0.08783063029133413,-3.284801916954066e-16,1.0155266687250657,1.035582437426987,1.7834016361965326e-16,-0.17585539652461615
448,44.800000000000004,-0.011981845684055487,4.437088983102251e-17,-0.007527741142472964,0.08768695302868747,-3.276933367304001e-16,1.0112417236065188,1.0291163934366752,1.7787240035001675e-16,-0.17454844537029324
449,44.900000000000006,-0.011562961336943893,4.442973179980311e-17,-0.007342282997454065,0.08751380779259192,-3.2693389269572103e-16,1.0070250475152955,1.0226409963419787,1.774165930507352e-16,-0.17327536537248012
450,45.0,-0.011142736721267138,4.448967631773122e-17,-0.0071595349401523435,0.08731003798847095,-3.2620729420490495e-16,1.0028908224314959,1.0161749510407303,1.7697613160899625e-16,-0.17204172180531765
451,45.10000000000001,-0.010720272178804965,4.45505241859505e-17,-0.006978790562499598,0.08706146505734869,-3.2551575322093257e-16,0.9988421318012627,1.0097181566952134,1.7655638967677123e-16,-0.17086181024062638
452,45.20000000000001,-0.01029663296948464,4.461244008234808e-17,-0.006800679967131072,0.08675579358779865,-3.2487136375046394e-16,0.9949087503079181,1.0032998165477833,1.7616684748937477e-16,-0.16975540435769954
453,45.300000000000004,-0.009873797315969126,4.467564789587753e-17,-0.006626157682509342,0.08640866871531389,-3.242741424786377e-16,0.9910932963183767,0.9969356838601543,1.7580396816114355e-16,-0.16870997222496673
454,45.400000000000006,-0.009451195930964416,4.4739921107187983e-17,-0.006454508369522419,0.08602426320392434,-3.2371663005094013e-16,0.9873764130134824,0.9906125501268114,1.7546388765809452e-16,-0.16771751090268927
455,45.500000000000014,-0.009032069164721547,4.480588158331159e-17,-0.006287972175110735,0.08559363870942915,-3.232221993118829e-16,0.9838181007540411,0.9843907846082911,1.751601085363984e-16,-0.16680246508609764
456,45.60000000000001,-0.008616454084716134,4.4873361154778654e-17,-0.00612610079662249,0.08512862724376646,-3.2278156938975e-16,0.980395599051203,0.9782591436285107,1.748860191141663e-16,-0.16594918975670547
457,45.70000000000001,-0.008206824198287778,4.4942736048823056e-17,-0.0059703347518677875,0.08463038583970411,-3.2240652459891973e-16,0.9771398231457821,0.9722557297220897,1.7464743221816264e-16,-0.1651657362223466
458,45.800000000000004,-0.007803773433534748,4.501396879455686e-17,-0.005820673875958785,0.08408860948093001,-3.221036896099579e-16,0.9740658381483824,0.966400274746257,1.744515672577786e-16,-0.16446717221072885
459,45.900000000000006,-0.00740518746359031,4.508638241718865e-17,-0.005674938784792048,0.08349322666576484,-3.2186211485709083e-16,0.9711425686646562,0.960669291556322,1.7429821962724832e-16,-0.16385701356388424
460,46.00000000000001,-0.007016875608414243,4.516109324915912e-17,-0.005537121727752262,0.08286453813480932,-3.217036397168637e-16,0.9684304994954884,0.9551346850764025,1.7419151024803912e-16,-0.16333238000541042
461,46.10000000000001,-0.006638832270265809,4.523788196430662e-17,-0.005406635589875274,0.08218364410443198,-3.2163533167720056e-16,0.9659439965315401,0.9498152662426561,1.7414198775813466e-16,-0.16291695612865836
462,46.2,-0.006274733118565693,4.531727811218503e-17,-0.005285530250879261,0.0814474848660452,-3.21677106862958e-16,0.9637337120872056,0.9447724350762312,1.7416116325926397e-16,-0.16262885850832906
463,46.300000000000004,-0.005922737443999391,4.539873199159666e-17,-0.005172020733755701,0.08068899918019973,-3.2179635418052093e-16,0.9617203797160553,0.9399440370345109,1.7422515052830992e-16,-0.1624171518955714
464,46.40000000000001,-0.0055890048638444845,4.5483376145246375e-17,-0.0050701758599997464,0.07990804994546045,-3.2202776915279005e-16,0.9599932863559278,0.9354279748110177,1.7435066934339623e-16,-0.16230654279657641
465,46.50000000000001,-0.005276769401851993,4.55715445523696e-17,-0.004981443294507329,0.07910422015876725,-3.2238538222617957e-16,0.9585878356661572,0.9312759959107884,1.7454644922456067e-16,-0.1623094574989816
466,46.60000000000001,-0.004983419805385067,4.5662531471070774e-17,-0.004903497685587519,0.07827898125216143,-3.228500126105114e-16,0.9574540503469796,0.9274451830377569,1.748045109337947e-16,-0.16241282674042704
467,46.7,-0.0047045850545693844,4.575523990183219e-17,-0.004832688108024259,0.07742717798646234,-3.233952504978935e-16,0.9565223991257074,0.9238713144995868,1.751158562656705e-16,-0.1626050668201812
468,46.800000000000004,-0.0044438395626685764,4.5850234519000725e-17,-0.0047711214794693155,0.07654029190598632,-3.2404483666305817e-16,0.9558515882127508,0.9206196419243872,1.7549526347024217e-16,-0.1629114429015208
469,46.90000000000001,-0.004203760049273666,4.5947497312954405e-17,-0.004719222406196311,0.07563077642211467,-3.2479765018125514e-16,0.9554403901228301,0.9177186096554759,1.7594189747190803e-16,-0.1633239881382814
470,47.00000000000001,-0.003987446465722478,4.6047437086297296e-17,-0.004678602937137099,0.07470172708984814,-3.2566682761144174e-16,0.9553221941458537,0.9152143246392945,1.7646240630496033e-16,-0.16385050534134302
471,47.10000000000001,-0.003794456494507363,4.6149885244798895e-17,-0.00464873808421496,0.07373937316167212,-3.266568815498194e-16,0.9555051279485457,0.913113537149345,1.7706397849724128e-16,-0.16450745480068313
472,47.2,-0.003622056218293543,4.625406655286657e-17,-0.0046271359330799676,0.07272832282585485,-3.2775717832155376e-16,0.9559585383518002,0.911388246196328,1.777482849317007e-16,-0.1653037350610892
473,47.300000000000004,-0.0034744671281893304,4.6360301429236406e-17,-0.004615393099374296,0.07166896561785865,-3.2898389869593755e-16,0.9567227150407545,0.9101050658521641,1.7852642068382313e-16,-0.16625429428621108
474,47.40000000000001,-0.003350761648833225,4.646838122871221e-17,-0.0046127996959243155,0.07057154308431221,-3.303253234391829e-16,0.9577691920231203,0.9092390320720019,1.7938997814134243e-16,-0.16734193382988272
475,47.50000000000001,-0.0032533328390665483,4.6578571828122004e-17,-0.004620468017198335,0.06943659901945841,-3.3179210929966785e-16,0.9591241605194007,0.9088275837485054,1.8034539404929198e-16,-0.16857519054832285
476,47.60000000000001,-0.0031855848624947054,4.669138777387691e-17,-0.004640322794110657,0.06826402883718093,-3.3340220456516676e-16,0.9608318695908714,0.9089248564335874,1.8140244980255753e-16,-0.16996776412790837
477,47.7,-0.003148088724523926,4.680670923806517e-17,-0.004672160102776465,0.06706656760424207,-3.3514763276538643e-16,0.9628738414642077,0.9095271780718889,1.8255507084231452e-16,-0.17150441348006987
478,47.80000000000001,-0.0031389312946391587,4.6924122661177925e-17,-0.0047145747960508026,0.06585219859746849,-3.370118984977681e-16,0.9652095288659785,0.9105962001334974,1.837933257923754e-16,-0.17316689386031672
479,47.900000000000006,-0.003158553055460883,4.704351574937429e-17,-0.004767361809348187,0.06461498071893391,-3.389982488042542e-16,0.9678451709174495,0.9121448550669792,1.8512224402519864e-16,-0.17496469917989796
480,48.00000000000001,-0.003208715832273274,4.7165381322109224e-17,-0.0048320718929855495,0.06338066227269387,-3.411041621592575e-16,0.9707786246198326,0.9141753583011373,1.8653148197307432e-16,-0.17687107289407253
481,48.1,-0.003279703924972032,4.728799500682595e-17,-0.004902578897292334,0.0621244035091145,-3.4329063033853896e-16,0.9739077224895608,0.916558341762224,1.8800940069404097e-16,-0.17888108191270533
482,48.2,-0.003372701460549339,4.741194667483767e-17,-0.004980565022938519,0.0608659126090091,-3.4555888237758056e-16,0.977238758407036,0.9192928917612394,1.895478667720528e-16,-0.18097432018711176
483,48.30000000000001,-0.003486170618241562,4.753635126100377e-17,-0.00506354903772578,0.05957720137139206,-3.4790749951046657e-16,0.980762447273111,0.922382588171394,1.911595092161791e-16,-0.18318088479467354
484,48.400000000000006,-0.0036221900862093413,4.766177338577584e-17,-0.005153315503916931,0.058268168397302665,-3.5034572363097947e-16,0.9845029589048458,0.9258505253796268,1.9284460825095109e-16,-0.18549662093772556
485,48.50000000000001,-0.0037789201808094744,4.7787873278181766e-17,-0.005248677240039234,0.056945247383934805,-3.5285917649404036e-16,0.9884256736703813,0.9296610701861568,1.945941784842492e-16,-0.18790575195701026
486,48.6,-0.003949977211380199,4.791347307399194e-17,-0.005345533162358227,0.055586314297256065,-3.554249821268985e-16,0.9924698886138366,0.9337350245348406,1.9640403903241939e-16,-0.19041266739532517
487,48.70000000000001,-0.004137035876219178,4.803887482729359e-17,-0.005444944307015289,0.054179928226266806,-3.58060197256343e-16,0.9966748549357801,0.9381104101879318,1.9828645241258656e-16,-0.19303977766233987
488,48.80000000000001,-0.004339145043144978,4.8164602693517897e-17,-0.005548011521964809,0.052792545320371115,-3.6072957369711863e-16,1.000966799330761,0.9427056746033968,2.0019785103201187e-16,-0.19569583676766056
489,48.900000000000006,-0.004554250074506995,4.829007044019573e-17,-0.005652916113508613,0.05139621657728273,-3.6343543456843533e-16,1.0053458821497583,0.9475161555258115,2.0214986270561318e-16,-0.1984098714119463
490,49.00000000000001,-0.004782774456210314,4.8415544860279015e-17,-0.005760389110608405,0.04998579979735857,-3.6618686944330166e-16,1.009833015459096,0.9525537167331874,2.0414734246231388e-16,-0.20119119075243513
491,49.1,-0.00502124056659745,4.85406560110391e-17,-0.005868872765068862,0.048568328445566716,-3.6896387290772377e-16,1.01438079587724,0.9577561278668084,2.0617615662791746e-16,-0.20401711602403858
492,49.20000000000001,-0.005271287880161368,4.866577689244013e-17,-0.005979583820098474,0.04716663308161943,-3.7176293056131163e-16,1.0189849332122358,0.9631265801451496,2.0822687053772206e-16,-0.2068640448576269
493,49.30000000000001,-0.005531014240133375,4.879052218026159e-17,-0.006091230413072047,0.045751426970791806,-3.745910023661225e-16,1.023656543854293,0.9686641692254139,2.1031256002898735e-16,-0.20976359811775538
494,49.400000000000006,-0.005799976812221002,4.891500996984141e-17,-0.006204014947202073,0.044329869950250046,-3.774444414917144e-16,1.028388058894561,0.9743547065940013,2.1242770385925583e-16,-0.21270499434696563
495,49.50000000000001,-0.006077461939436626,4.903921032974469e-17,-0.006317731077006708,0.04292416675802823,-3.803067998502958e-16,1.0331440358857478,0.9801646603321782,2.1455632901318347e-16,-0.2156560662183662
496,49.6,-0.00636218614235896,4.916330139462029e-17,-0.006432563346339028,0.041541006324913546,-3.831733161513804e-16,1.0379142813457967,0.9860669700932239,2.1669084684289592e-16,-0.21860369116547096
497,49.70000000000001,-0.0066512689682204735,4.92867020197568e-17,-0.006546572305220558,0.040164953833687296,-3.8603607403213637e-16,1.0426768807556213,0.9920313520794485,2.1883256492825757e-16,-0.22155673766542883
498,49.800000000000004,-0.00694592788500118,4.9409958301568394e-17,-0.006661298072869241,0.03880744653804045,-3.889004078183951e-16,1.0474467773922274,0.9980656927179272,2.2097814993981182e-16,-0.22450570418634905
499,49.900000000000006,-0.00724594547294728,4.953310645681099e-17,-0.006776786252868964,0.037477980163626134,-3.9176032781612045e-16,1.0522114859203506,1.0041570453914979,2.2312103735031027e-16,-0.22743738157179808
500,50.00000000000001,-0.007547194161909565,4.9655203112130113e-17,-0.006890005780582737,0.03615785745911954,-3.9460035178933314e-16,1.0569306120012343,1.0102585944598017,2.252607181681171e-16,-0.2303594846131058
501,50.10000000000001,-0.00785094110646813,4.977656778608504e-17,-0.007001961770954441,0.034863967806767523,-3.9741869159225243e-16,1.0616032126668893,1.0163735628482573,2.2739033284127116e-16,-0.23325511713396235
502,50.20000000000001,-0.008155628046141936,4.98971715913842e-17,-0.007112292350882007,0.033592495396122135,-4.0021285879659873e-16,1.0662227572537812,1.0224810336198562,2.295078514412725e-16,-0.2361234921293255
503,50.300000000000004,-0.008459725774409775,5.0016663390845885e-17,-0.0072198787406714485,0.03232732332397,-4.029829204710469e-16,1.0707864439914434,1.0285728520754975,2.3161891429450454e-16,-0.238979565126669
504,50.400000000000006,-0.008764282174485641,5.0135506172789624e-17,-0.007326019035815017,0.031085782406937913,-4.0572853334995454e-16,1.0752968642429628,1.0346483194258767,2.3371582957369364e-16,-0.24180532408651975
505,50.5,-0.009068826428546586,5.02536891373216e-17,-0.007430601003125035,0.029877522231348305,-4.084420168354379e-16,1.079737844958866,1.0406903132529752,2.357910880971279e-16,-0.2445863773272314
506,50.60000000000001,-0.00937061982954662,5.037059858054776e-17,-0.007531662083481834,0.028684039841419116,-4.1111707544177576e-16,1.0840911838248914,1.046673867689134,2.3784813510190446e-16,-0.2473356723196176
507,50.70000000000001,-0.009671357274377759,5.048679803619863e-17,-0.007630854148409006,0.02753294918382677,-4.137503326334351e-16,1.08835435649999,1.0525982702315015,2.3987464963170204e-16,-0.2500244661784763
508,50.800000000000004,-0.009968294582079457,5.0601734314665004e-17,-0.007726361260205821,0.026413982466990556,-4.163311856174919e-16,1.0925007133495246,1.058430232966115,2.4186880913224506e-16,-0.252654931875593
509,50.900000000000006,-0.010258139750200965,5.071469423893577e-17,-0.007815893757690772,0.02530107629908972,-4.188548363475435e-16,1.096514282987927,1.0641435685435159,2.4383713511963155e-16,-0.25524743958218815
510,51.000000000000014,-0.010543829748358375,5.082652272826625e-17,-0.007901992759429925,0.02422193343074219,-4.2132611575284383e-16,1.1004118490503505,1.0697571898647606,2.45771047944578e-16,-0.2577784402390315
511,51.10000000000001,-0.010820679265159111,5.0936151940628794e-17,-0.00798128235963575,0.023174783429031783,-4.237147520404676e-16,1.1041226476349477,1.0751985019887875,2.4765722462824656e-16,-0.2602307524013143
512,51.20000000000001,-0.011092470639795099,5.104459967305761e-17,-0.008056860391180736,0.022182123469613298,-4.2603424351211635e-16,1.1076827152909154,1.0805050411176516,2.4949300897357875e-16,-0.26259124374112314
513,51.300000000000004,-0.01135906916664825,5.115193578038543e-17,-0.008128868887216712,0.02125186498147537,-4.2828025072581877e-16,1.1110837281194912,1.0856667577715866,2.5127295280103484e-16,-0.2648493360061279
514,51.400000000000006,-0.011618277233706262,5.125769714554807e-17,-0.008195821110462024,0.020363813408251635,-4.304514978124537e-16,1.1143191781362014,1.0906689659567756,2.5300313084656317e-16,-0.2670221187413881
515,51.50000000000001,-0.011867183142173582,5.136119746133089e-17,-0.008255581797496525,0.019512926123314817,-4.325312317560777e-16,1.1173495664776747,1.0954704937472368,2.546776831786715e-16,-0.2691039840353764
516,51.60000000000001,-0.012107998131464836,5.146310067149049e-17,-0.008310115513275058,0.018738289257284775,-4.3451190979160354e-16,1.1201651849652763,1.100067351856988,2.5627852890115977e-16,-0.27105404208771927
517,51.70000000000001,-0.012341620964319202,5.156370082354895e-17,-0.008360278488744322,0.0180277448694585,-4.36408749160937e-16,1.1227992543171004,1.104485963410327,2.578162181266622e-16,-0.27289192349853875
518,51.800000000000004,-0.012567588660482958,5.166301841975799e-17,-0.00840603617960234,0.017382590196294578,-4.3821981407748814e-16,1.1252478636465477,1.1087176827371854,2.592884896563613e-16,-0.27461426566921876
519,51.90000000000001,-0.012783870246537933,5.176053579108858e-17,-0.008445818522203347,0.016782662442468985,-4.39943367069962e-16,1.1275035152954456,1.1127504369744372,2.6070182247411633e-16,-0.2762384910291549
520,52.00000000000001,-0.012986592142572653,5.185530478997072e-17,-0.008476722188367338,0.016232516929009292,-4.415492648760551e-16,1.1294980927835856,1.1165181892484717,2.620411223384298e-16,-0.2777425647921385
521,52.10000000000001,-0.013180082691513117,5.194861768549877e-17,-0.008502541736399614,0.015761823474097592,-4.430526415831674e-16,1.131272357754925,1.1200599693030842,2.6330101241086776e-16,-0.27910702128235854
522,52.2,-0.013361666792037558,5.2039839888025146e-17,-0.008521324924718847,0.015340683768059239,-4.444540995902263e-16,1.1328224170128747,1.1233632161760774,2.6449216731235335e-16,-0.2803589533280866
523,52.300000000000004,-0.013532934520762622,5.212928673019725e-17,-0.008534101954902649,0.01497991924408501,-4.45756623384195e-16,1.1341575022220782,1.126442346168179,2.656125665625623e-16,-0.28149124120999786
524,52.40000000000001,-0.013691773805530485,5.221668621866444e-17,-0.008539861438152021,0.014692404436273924,-4.469410464605689e-16,1.1352366056507932,1.1292509618857134,2.6664736074192717e-16,-0.28247892998344826
525,52.50000000000001,-0.013842360447902912,5.2303269736130634e-17,-0.008542206683956282,0.014465066197351866,-4.480484604597544e-16,1.1361513996108523,1.131868414897767,2.676180969552594e-16,-0.2833565001462629
526,52.60000000000001,-0.013977149206375382,5.2386975340389513e-17,-0.008535027235780495,0.014282434675917482,-4.490320890629961e-16,1.1367927257602641,1.1341904168029324,2.685107260795961e-16,-0.2841117786680601
527,52.7,-0.014102207066812257,5.246944010528404e-17,-0.008523197719443812,0.014187583562997635,-4.499094776465924e-16,1.137209005035388,1.1362701892542744,2.693168098162222e-16,-0.28471581630813486
528,52.80000000000001,-0.014216906459308083,5.255060187602844e-17,-0.008506464865665702,0.014170164559873796,-4.506842587388659e-16,1.1374069045062407,1.1381081197460299,2.700409672156999e-16,-0.285179300032555
529,52.90000000000001,-0.014318816210880795,5.263009715861522e-17,-0.008483554517786847,0.014228315259878508,-4.513441806372953e-16,1.1373586578207262,1.13966748304941,2.706767159610496e-16,-0.28549468693405816
530,53.00000000000001,-0.01440919449916824,5.2707883385226116e-17,-0.008454613910283529,0.014365323362578215,-4.518902372150493e-16,1.1370675245779711,1.1409649612902726,2.71225725562865e-16,-0.28566289970265785
531,53.10000000000001,-0.014484460793664127,5.2783391795460163e-17,-0.008417694485385714,0.014557676944379224,-4.52317169558142e-16,1.136517604760969,1.141967236126765,2.7169176448578606e-16,-0.28569896587666793
532,53.2,-0.014543777751940547,5.285605211362552e-17,-0.008371362952126355,0.014795214589181009,-4.526195621400666e-16,1.1356951875265542,1.142671178656035,2.7207846863266513e-16,-0.2856119238412772
533,53.30000000000001,-0.014591657991996871,5.292731872842093e-17,-0.008319751920492762,0.015110968092709627,-4.528137197643425e-16,1.1346436095496357,1.1431153814626862,2.7237905871496656e-16,-0.2853795173872812
534,53.40000000000001,-0.014630080729243634,5.299795463908001e-17,-0.008264953927012273,0.015530380187994602,-4.529017576046976e-16,1.133372752401991,1.143305815967809,2.7258353956441594e-16,-0.28497841529687296
535,53.50000000000001,-0.014652155851391981,5.30660153799924e-17,-0.008201318710854484,0.015993377865741735,-4.528692705580043e-16,1.1318393998614888,1.1431931951543985,2.727083686823499e-16,-0.2844550824223514
536,53.60000000000001,-0.014663019357321281,5.313293106935334e-17,-0.008133022862291436,0.016515670101555153,-4.527452723160966e-16,1.1301119484002142,1.14284332874335,2.727598608905572e-16,-0.28381162429556106
537,53.7,-0.014660812199532726,5.319839423762227e-17,-0.008059036797327297,0.017137364350985746,-4.524931002874442e-16,1.12811612119309,1.142186602432948,2.727062337613759e-16,-0.2829901056731206
538,53.80000000000001,-0.014641500124619242,5.3261074261622e-17,-0.007975641253152916,0.01778457228016554,-4.521260894262812e-16,1.1258683799480522,1.14123287279093,2.7258194193179017e-16,-0.28206602049082696
539,53.900000000000006,-0.014605160192905886,5.3321164145396736e-17,-0.007883293381800164,0.018458822255553363,-4.5164657533346795e-16,1.1233746185976166,1.1399818345541513,2.723862576378753e-16,-0.28103800675326107
540,54.00000000000001,-0.014555891424164013,5.3379980809253984e-17,-0.007785701863430393,0.019176574971062364,-4.510780897082686e-16,1.1206907210223769,1.1384820867681054,2.7212181038841937e-16,-0.2799030840811939
541,54.1,-0.014491959689328574,5.343692030210915e-17,-0.007681206836418123,0.019928771128350835,-4.504111754780593e-16,1.1177942694700254,1.1367151645933247,2.717887290367932e-16,-0.2786651800855579
542,54.20000000000001,-0.014415485503371758,5.3492648260861556e-17,-0.007571689502548964,0.020723893089377485,-4.496577573889009e-16,1.1147136667170259,1.1347062425319774,2.7138837332434294e-16,-0.2773228390632853
543,54.30000000000001,-0.014324904984485087,5.3546857910881864e-17,-0.007456185086486067,0.02156597086437114,-4.488052932397284e-16,1.111422146669949,1.1324264686045356,2.7091307018422475e-16,-0.27586460785806377
544,54.400000000000006,-0.014224095647488562,5.360046284714592e-17,-0.007337443289891106,0.02246887456251766,-4.478717442572896e-16,1.107962393009891,1.129923516709358,2.7036628024197734e-16,-0.27428952682074664
545,54.50000000000001,-0.01411112863203233,5.3652922810983425e-17,-0.007213915675930572,0.02341914537306541,-4.468509301831286e-16,1.1043185267422562,1.127180230739798,2.697503982376232e-16,-0.27260629378302714
546,54.6,-0.013986785123885088,5.370510057539337e-17,-0.007087656822072471,0.024420253465104833,-4.45757127238269e-16,1.1005230010202809,1.1242055395258859,2.690660064386036e-16,-0.27081475159565077
547,54.70000000000001,-0.013851804111400023,5.3757127207486885e-17,-0.006959094917409216,0.025483340448725807,-4.445874954249756e-16,1.0965718750080937,1.1210000306982684,2.6830818454687514e-16,-0.26890416319527666
548,54.80000000000001,-0.013705011307069304,5.380879017109087e-17,-0.006827547071325648,0.026587629689840388,-4.4334835590804087e-16,1.0924754720316323,1.1175658425717498,2.6748662710642985e-16,-0.2668956907639453
549,54.900000000000006,-0.013544472421922941,5.385998099516435e-17,-0.00669242021690834,0.027717183554129186,-4.4204225232620864e-16,1.088236675495896,1.1138882117000635,2.6660559941095673e-16,-0.26480163087882663
550,55.00000000000001,-0.013373274079190431,5.391120839239709e-17,-0.006555403661610911,0.028902598499128608,-4.406671677115546e-16,1.0838569559770146,1.1099855325830625,2.656550101926072e-16,-0.2625966413879248
551,55.10000000000001,-0.013192604219088622,5.396269838947667e-17,-0.006417212786405167,0.030141375472195912,-4.3923210570458217e-16,1.0793558037559092,1.105879159288796,2.6464027559091795e-16,-0.26028885802834406
552,55.20000000000001,-0.01300272333707605,5.401453567943264e-17,-0.006278080985544074,0.03141633280637006,-4.3775047257945715e-16,1.074759556890836,1.1015904080743448,2.6357345763027306e-16,-0.25790091441919993
553,55.30000000000001,-0.012802913850786368,5.406670997500977e-17,-0.006137853348966748,0.03271708528344352,-4.36226647620755e-16,1.0700760205541493,1.0971182746735129,2.6245909887480804e-16,-0.2554430744690218
554,55.400000000000006,-0.012596181990625087,5.4119882361955346e-17,-0.005998523689955541,0.034071172314010294,-4.3466282127270197e-16,1.0653151935713712,1.092482934636279,2.612888970000282e-16,-0.25289369115144245
555,55.50000000000001,-0.012380546992516941,5.417343642978332e-17,-0.005858384097066927,0.03545472681947448,-4.330582843602502e-16,1.0604712804395389,1.0876768163066757,2.6007192651279654e-16,-0.25027407697459514
556,55.60000000000001,-0.012155771653924773,5.422750038915222e-17,-0.005717668794663286,0.036839397777913445,-4.3143308456734586e-16,1.0555827245169827,1.082724505822308,2.5882620013443447e-16,-0.24761895768215378
557,55.70000000000001,-0.011919604596800816,5.428137945044484e-17,-0.005574457339744544,0.038219261413504575,-4.2977261486985955e-16,1.0506168644782505,1.0775961930330202,2.5754813855815934e-16,-0.24492615326568856
558,55.800000000000004,-0.011676062003190992,5.433654219343911e-17,-0.005432666456466308,0.0396195034656134,-4.2809713291750302e-16,1.0456222804454263,1.072330437136503,2.5623469010048157e-16,-0.2421820775082298
559,55.900000000000006,-0.011423674423563237,5.4392303583177137e-17,-0.005290542970142378,0.04101404001299607,-4.264079591944957e-16,1.0405970859855638,1.0669299989160406,2.5489804813678264e-16,-0.23941267040719316
560,56.0,-0.01116528070410353,5.444963795166051e-17,-0.005150706752726088,0.04241757458810411,-4.247204211026956e-16,1.0355770691186104,1.0614252330734366,2.53538075448193e-16,-0.23661213731250477
561,56.10000000000001,-0.01090400871391717,5.450881418684429e-17,-0.005014304883888677,0.04384818889352614,-4.230367044390731e-16,1.0305702438654862,1.055847703519015,2.5215269003565806e-16,-0.2337702857692315
562,56.20000000000001,-0.01063721738759083,5.456970007030319e-17,-0.004880562037958568,0.04528103911923215,-4.2136299079553355e-16,1.0255853105066628,1.050180335009683,2.507501720650775e-16,-0.23090812204536423
563,56.300000000000004,-0.010365178977766766,5.463221893025128e-17,-0.004749357572965697,0.04671819169316907,-4.1969750187230274e-16,1.0206187965793199,1.0444253823179135,2.493299601730888e-16,-0.22802408851030403
564,56.400000000000006,-0.010091716213807184,5.469737952083236e-17,-0.004623544481279013,0.0481849897150948,-4.18052050624911e-16,1.0157005897195601,1.038618176795403,2.4788785634543404e-16,-0.22510279003734512
565,56.500000000000014,-0.009816555984161989,5.4765170300521235e-17,-0.004503037705122452,0.04967527774027299,-4.1642975286046135e-16,1.0108361348294124,1.0327605390538623,2.4642715957657897e-16,-0.22215102156756317
566,56.60000000000001,-0.009538128757041147,5.4835076894647893e-17,-0.004386442950439647,0.05115248138429113,-4.1484178248512314e-16,1.0060424595250237,1.0268641318317624,2.449672079397022e-16,-0.21920794098556548
567,56.70000000000001,-0.00925720276398064,5.49070187876593e-17,-0.004273721238882849,0.05263214971644987,-4.1327873064877885e-16,1.001302253919187,1.0209255994490332,2.434998705294612e-16,-0.21625685706940842
568,56.800000000000004,-0.008974211155111713,5.498146598537383e-17,-0.004165941857900089,0.05411052451880765,-4.1175247644202766e-16,0.9966399559427992,1.0149555750928123,2.42029566492915e-16,-0.21330523599415474
569,56.900000000000006,-0.008692655888678206,5.5059125610614534e-17,-0.004065234137462751,0.0556019763963202,-4.102760976588736e-16,0.9920857636632944,1.0089952713227703,2.4055815015378434e-16,-0.21034947905123416
570,57.000000000000014,-0.008414006095661604,5.514019737298838e-17,-0.003972276005280497,0.057104330440807885,-4.088590588964329e-16,0.9876590959800371,1.0030701811290041,2.3909191631354837e-16,-0.20739824505526253
571,57.10000000000001,-0.008137387705937714,5.522445125013675e-17,-0.003886407788760691,0.058616992766914816,-4.07495233923317e-16,0.9833466645677456,0.9971670251350475,2.3762838966117135e-16,-0.20444871602005474
572,57.20000000000001,-0.007865093937057945,5.5312327834532206e-17,-0.0038089638743414042,0.060137101435161745,-4.0620122001953225e-16,0.9791826982760187,0.9913250632839559,2.361771743824447e-16,-0.20151394138189346
573,57.300000000000004,-0.007595410295566347,5.540330078112619e-17,-0.003738508728717605,0.06164179707049219,-4.049786198432003e-16,0.9751660971958075,0.9855399424698317,2.3474822729663303e-16,-0.19861560605052675
574,57.40000000000001,-0.007331675526937229,5.5498423523972254e-17,-0.0036778505440965177,0.06314192932460487,-4.038483098214808e-16,0.9713423604469479,0.9798538056886383,2.33345704700516e-16,-0.1957546374522155
575,57.50000000000001,-0.00707452114698314,5.559782466518896e-17,-0.003627356581838169,0.06462632649267135,-4.02822327068898e-16,0.967734269546564,0.9742878480792172,2.319796025327303e-16,-0.19294798792303333
576,57.60000000000001,-0.006821589856730648,5.570042773678667e-17,-0.0035843276714331218,0.06608730655560235,-4.0188050951675953e-16,0.9642978325808872,0.968812336555225,2.3064684445014515e-16,-0.19019450684780326
577,57.7,-0.006578464601865593,5.580781813137979e-17,-0.0035530780636937897,0.06755322275902519,-4.0104751775137687e-16,0.9610893182123688,0.9634875305178875,2.293469276497487e-16,-0.18748198699736185
578,57.800000000000004,-0.0063425816941822186,5.591888063916931e-17,-0.00353079717611481,0.06900186816983739,-4.0031204993700287e-16,0.958080673494572,0.958294945980065,2.280862509322765e-16,-0.18482698505771603
579,57.90000000000001,-0.006114965659626682,5.603380061385094e-17,-0.0035180419250336087,0.07043024076839509,-3.9968272321359092e-16,0.9552888333725371,0.9532538462616125,2.2687048949941025e-16,-0.18223759658453842
580,58.00000000000001,-0.005901288821996901,5.615418543410123e-17,-0.0035191660042592663,0.07182980596242003,-3.992109134872769e-16,0.9528182940997801,0.9484627972131839,2.2572550690466097e-16,-0.17974921589954804
581,58.10000000000001,-0.005702184622447838,5.62798108726094e-17,-0.0035337985905458803,0.07321707404931017,-3.988831658157855e-16,0.950643558777522,0.9439153425304748,2.246414071469685e-16,-0.17734223181935385
582,58.2,-0.005516067907916328,5.640989652367157e-17,-0.0035600166590467916,0.07460410819851739,-3.986726544253516e-16,0.9487108278530488,0.9395742594568731,2.236037510704809e-16,-0.17499336708739444
583,58.30000000000001,-0.005342552165257161,5.654403497845207e-17,-0.0035968917595129764,0.07597602677754528,-3.98581961492541e-16,0.9470221901706428,0.9354482948790317,2.2262158725450404e-16,-0.1727194469324106
584,58.40000000000001,-0.005190030789685034,5.668435149212135e-17,-0.003650314338297749,0.0773163376234292,-3.986858391899758e-16,0.9457277934775874,0.9316871611286056,2.2173593577099318e-16,-0.1705771257969171
585,58.50000000000001,-0.005056076195087304,5.682977036361822e-17,-0.0037176078446180044,0.07859927215109133,-3.989771176260518e-16,0.9448073610077645,0.9282780960860932,2.2095670028119918e-16,-0.16858860919255275
586,58.60000000000001,-0.004937718989278212,5.697913569122424e-17,-0.0037958411981573654,0.07984517381991765,-3.9941204086616927e-16,0.9441742251862751,0.9251536260286363,2.2025847135011913e-16,-0.16671375172098774
587,58.7,-0.004839416355840646,5.713335857287667e-17,-0.003887678442447464,0.0810630336477219,-4.000138368154887e-16,0.9438768670438442,0.922375504462372,2.1965001591476035e-16,-0.1649587506505833
588,58.80000000000001,-0.004761932085893062,5.72923636612965e-17,-0.00399308785735698,0.08226503769615216,-4.007747938823669e-16,0.9439010811096706,0.9199436682364701,2.1912481829728608e-16,-0.16330990397321787
589,58.90000000000001,-0.004706921119300817,5.745616132418357e-17,-0.004112376971323394,0.08345113239642578,-4.0170040561021613e-16,0.9442573490608083,0.9178844381646595,2.1868820748472983e-16,-0.1617728122672636
590,59.00000000000001,-0.0046732074559072,5.762384982382973e-17,-0.004243481659152206,0.0845745876985158,-4.0280618427890913e-16,0.9449678637852957,0.9162258787944797,2.183700081593382e-16,-0.16040243026499196
591,59.10000000000001,-0.004664629273215655,5.779635430169381e-17,-0.004388969356687321,0.08566831199770918,-4.040959233717666e-16,0.9460455916147622,0.9149960013753636,2.1815932993717011e-16,-0.1591709738951883
592,59.20000000000001,-0.004683526731833326,5.797368577651924e-17,-0.004549277180833908,0.08674438319987653,-4.055681924156003e-16,0.9474890826397697,0.9142198710863154,2.1805456745527909e-16,-0.1580700553184882
593,59.30000000000001,-0.004725426064337871,5.815452275362273e-17,-0.004720898560447087,0.08777481297628781,-4.072072743948913e-16,0.9492606972343965,0.9138544685130194,2.180609784932236e-16,-0.15711769128967137
594,59.400000000000006,-0.004789696662778761,5.833811512281744e-17,-0.004902196392565124,0.08873889699766328,-4.09013938145551e-16,0.9513574573900433,0.9139104889603501,2.181912376536604e-16,-0.15633688793732559
595,59.50000000000001,-0.004881000874526918,5.852510103124209e-17,-0.0050953069324763565,0.08962870878854978,-4.110201443299348e-16,0.9538414058583997,0.9144698597922402,2.1846717691236538e-16,-0.15575578131834097
596,59.60000000000001,-0.00500031684649725,5.871597092524269e-17,-0.00530138567752314,0.09049087584194977,-4.132023695546567e-16,0.9566731669751556,0.9155014786868098,2.1885748849987105e-16,-0.1553166556870775
597,59.70000000000001,-0.005140464397200191,5.890871801810589e-17,-0.005515077439525537,0.09129392274694711,-4.155273115566735e-16,0.9597795546844585,0.9169228570434159,2.1936072191962914e-16,-0.1550313226619793
598,59.80000000000001,-0.00530372173303964,5.910413653726753e-17,-0.005738387100416261,0.09206976567452135,-4.179918095654838e-16,0.9631595856185714,0.9187382384373648,2.1996111040436653e-16,-0.15486697734153795
599,59.900000000000006,-0.005486125894751435,5.930083373119342e-17,-0.005967797715810992,0.09279170182939346,-4.205797280457403e-16,0.9667755858171629,0.9209114254801385,2.206646242042474e-16,-0.15484176679042683
600,60.00000000000001,-0.005691974841919425,5.949923370442289e-17,-0.0062049501025087704,0.09345741211799775,-4.233139272246103e-16,0.9706720959505336,0.9235129545821499,2.214873921490927e-16,-0.15497418859564493
601,60.1,-0.00592054276620292,5.969934653045589e-17,-0.006449727536949294,0.094097533717695,-4.261688095329045e-16,0.9748034173547465,0.9265006685187737,2.2240365678288265e-16,-0.1552203967323837
602,60.20000000000001,-0.0061662219685924766,5.989971145982564e-17,-0.006698190071097122,0.0946774736403243,-4.2912815099036923e-16,0.979130495774237,0.9298201547459762,2.2342037917567977e-16,-0.15560387189410527
603,60.30000000000001,-0.006428602234094788,6.010055995081725e-17,-0.006950721588802123,0.09520554233197771,-4.3218852702888847e-16,0.9836476982923928,0.9334565918755247,2.2453046104795575e-16,-0.1561128881505921
604,60.400000000000006,-0.006708005270123412,6.030177516276814e-17,-0.007207153204735392,0.09569491633020764,-4.3533874353559655e-16,0.988334999478189,0.9374019095175943,2.2572456278462344e-16,-0.15673010062278084
605,60.50000000000001,-0.007003557770078436,6.05035275742521e-17,-0.007467659836692319,0.09615181878923752,-4.3857440258488675e-16,0.9931845570059918,0.9416360233748148,2.2699558062009373e-16,-0.15744489068562442
606,60.600000000000016,-0.007311200382164979,6.070490928004883e-17,-0.007729698492526575,0.09657309946239039,-4.4186928930021327e-16,0.9981439151797169,0.9460976535655237,2.283317099710947e-16,-0.15824516507493255
607,60.70000000000001,-0.007632390316354933,6.090592775498673e-17,-0.007993560490877514,0.0969455800144126,-4.452386329294522e-16,1.003240277114669,0.9508231072963438,2.297480614448475e-16,-0.15915350308962986
608,60.80000000000001,-0.007966119571715431,6.110612173015844e-17,-0.008258157260245378,0.09728249451361493,-4.48660756386498e-16,1.0084333790058242,0.9557831514841579,2.312302792263273e-16,-0.16014691875745524
609,60.900000000000006,-0.008310755263500955,6.130544060935946e-17,-0.008523088906524652,0.09758942837816828,-4.521253343788815e-16,1.0137038836512293,0.9609462835252361,2.327688410872269e-16,-0.1612124220052193
610,61.00000000000001,-0.008662418898374161,6.150311900188684e-17,-0.008786137938300284,0.09785732859396415,-4.556137992495128e-16,1.0190136897005153,0.9662599968950915,2.3435732766991784e-16,-0.1623471075590902
611,61.10000000000001,-0.009021699216394848,6.169923237850095e-17,-0.00904756909029981,0.0980835868904264,-4.591315263518225e-16,1.0243726934250361,0.9717362443605468,2.359999164541249e-16,-0.16355666981452333
612,61.20000000000001,-0.009386241593528898,6.18932942754764e-17,-0.009305999515058502,0.09826651219195563,-4.626638416860394e-16,1.0297519224679907,0.9773393443484697,2.3768965460390873e-16,-0.16483408500260263
613,61.300000000000004,-0.009755423207860001,6.20856745933594e-17,-0.009562038060594132,0.09841668702506583,-4.662070158934969e-16,1.035146071099204,0.9830488288880612,2.3941694169032605e-16,-0.1661643837429185
614,61.400000000000006,-0.01012765720288522,6.227571286202419e-17,-0.009814111224882491,0.09852491259891043,-4.697516439014691e-16,1.0405351275961665,0.9888487101459711,2.411828556382125e-16,-0.16755252897455422
615,61.500000000000014,-0.010503347469728789,6.246374091998729e-17,-0.0100629456637559,0.09859884220578188,-4.732988813278297e-16,1.0459227612917457,0.994737745399447,2.4298328511660676e-16,-0.16899065653170522
616,61.60000000000001,-0.010881170780803893,6.264930189522016e-17,-0.010307415432608623,0.0986322528199635,-4.768414005438631e-16,1.0512936213066215,1.0007011553744425,2.4481815398050796e-16,-0.1704812865546418
617,61.70000000000001,-0.011257993819588702,6.283165971521559e-17,-0.010545515886028532,0.09861677437974865,-4.803628123583643e-16,1.0566145113195358,1.006697578058227,2.466827559990714e-16,-0.17202304050181674
618,61.800000000000004,-0.011633630462334163,6.30111499219026e-17,-0.010777867856455202,0.09855915112466082,-4.838631325698987e-16,1.0618867951648563,1.0127173150507003,2.485717812413756e-16,-0.17360742834033552
619,61.900000000000006,-0.012007904487469391,6.318750809822817e-17,-0.011003937935224669,0.09845099208007395,-4.873438487097503e-16,1.0671118014171543,1.0187659603335197,2.5049091407246606e-16,-0.1752442449197836
620,62.000000000000014,-0.012378913935396616,6.336025983261048e-17,-0.011222463683865976,0.098289952158366,-4.907923031382242e-16,1.0722648300570514,1.0248156710462868,2.524350267245699e-16,-0.1769288276742519
621,62.10000000000001,-0.012747654285650058,6.352991523029332e-17,-0.011434622198134518,0.09808028774194341,-4.942173976436892e-16,1.0773638436324375,1.030877991081464,2.5440492458348115e-16,-0.17866045625977445
622,62.20000000000001,-0.013112053433093273,6.369598449137075e-17,-0.011639091009535864,0.09782338400386886,-4.976026228794421e-16,1.0823775606367907,1.0369186467639275,2.5639187241826555e-16,-0.18042883942126034
623,62.300000000000004,-0.013470303529978038,6.385820267421507e-17,-0.011835029811936008,0.09751250001384366,-5.00942817115035e-16,1.0872949413004718,1.042915684821472,2.583949136582982e-16,-0.1822362747480367
624,62.400000000000006,-0.01382016932061252,6.401594118465388e-17,-0.012020823813010697,0.09713703339005489,-5.042280520344582e-16,1.0920951398457663,1.0488442296043492,2.604140970492404e-16,-0.18408754648460715
625,62.500000000000014,-0.014162625931269462,6.41699953147302e-17,-0.01219818577624401,0.09672129734529919,-5.074560765375238e-16,1.0967786388601555,1.0546954451271808,2.624345485966617e-16,-0.1859559521956532
626,62.60000000000001,-0.014496751150390076,6.431975730497816e-17,-0.012365792710814626,0.09625074494339489,-5.106247768731198e-16,1.1013387987574104,1.06046924096233,2.6446380092216293e-16,-0.187855850836762
627,62.70000000000001,-0.014821755171722385,6.446517156552168e-17,-0.012523399193374453,0.095728650068892,-5.137279259737682e-16,1.1057645655532933,1.0661498074016102,2.6649650928210283e-16,-0.18978008378892006
628,62.800000000000004,-0.015134438303396634,6.460530106116256e-17,-0.012668627608418756,0.09514853636655815,-5.167435740669313e-16,1.1100132227080468,1.0716928352147141,2.6852559654891976e-16,-0.19172367208227092
629,62.90000000000001,-0.015437360799870882,6.474125292667015e-17,-0.012804077189511336,0.09453503667616768,-5.196799228434827e-16,1.1141052398036462,1.0771143279815842,2.7054169194406797e-16,-0.19366583020177874
630,63.00000000000001,-0.01572785561879915,6.487216538968422e-17,-0.012927618013924991,0.09386659721678081,-5.225302039122984e-16,1.1180239003052665,1.0823935081235438,2.725517051478434e-16,-0.19562364779685731
631,63.10000000000001,-0.016008841150766135,6.499901173889596e-17,-0.013041658669712578,0.09316161256370283,-5.25306476933106e-16,1.1217957267421212,1.0875583018301336,2.745522477586937e-16,-0.19758541822979775
632,63.20000000000001,-0.016277570905167574,6.512114599350987e-17,-0.013144464819837661,0.09240811477664358,-5.279977780373119e-16,1.1253979300045767,1.09257708467738,2.765426089305918e-16,-0.1995558798297025
633,63.300000000000004,-0.01653198545080604,6.523798609231927e-17,-0.013234556693221254,0.09160954281575638,-5.305841476011048e-16,1.1287937662343364,1.09741373036413,2.785120675290573e-16,-0.20152177570007332
634,63.40000000000001,-0.01677315059575797,6.535004789228033e-17,-0.013313121189707827,0.09077358518933405,-5.330720040616944e-16,1.131997048364602,1.1020774669132567,2.8045885429740925e-16,-0.20347808027152087
635,63.50000000000001,-0.016997737970780104,6.545632704323461e-17,-0.0133776445500224,0.08989255851167016,-5.354386054853615e-16,1.13496380754607,1.1065231497545904,2.823761683715566e-16,-0.20542072314180543
636,63.60000000000001,-0.01720837307641162,6.555770646491975e-17,-0.01343029979112858,0.08897005235330631,-5.377053779256429e-16,1.1377352465550767,1.1107888613246593,2.842714220819383e-16,-0.20735641691027865
637,63.7,-0.017404118555589633,6.565410959365004e-17,-0.013470774913574268,0.0880032736291961,-5.398699885970232e-16,1.140306701409991,1.1148625169548896,2.8614349786368146e-16,-0.20928544965804166
638,63.80000000000001,-0.017582633705966893,6.57447784070848e-17,-0.013497213493025084,0.08698842925447149,-5.419141834797264e-16,1.142643520193404,1.1187107580467628,2.879861730456493e-16,-0.2112026346789212
639,63.90000000000001,-0.01774382772314468,6.582976827881023e-17,-0.013509714463828242,0.08592755903400982,-5.438369083365936e-16,1.144744412940085,1.122330103545823,2.897975144998046e-16,-0.21310511171937235
640,64.00000000000001,-0.01788990965150279,6.590987127606075e-17,-0.013510192996180809,0.08484628017115739,-5.456388916964651e-16,1.146615942712065,1.1257299982537166,2.915656790449841e-16,-0.2149690462144587
641,64.10000000000001,-0.018020964376940233,6.598521574397033e-17,-0.01349891556842194,0.08375790914322126,-5.473118896638106e-16,1.1482455791462813,1.1288984730041463,2.9328038568863537e-16,-0.21677767825057398
642,64.2,-0.018133351494623796,6.605474153961907e-17,-0.013473219870158197,0.08262706337269364,-5.488532644936119e-16,1.1496219288563552,1.1318131297824312,2.9495582329940613e-16,-0.2185618706952923
643,64.30000000000001,-0.018226474066079024,6.611834176715495e-17,-0.013432805396028326,0.08146598230050141,-5.50249163706586e-16,1.150721884567179,1.134452254525965,2.9657983605152216e-16,-0.2203032859017547
644,64.4,-0.01829841545216104,6.617546136730229e-17,-0.013376286233431709,0.08025517573930978,-5.514988741421252e-16,1.1515407223179341,1.1368049164799405,2.9816052069841485e-16,-0.22201919714693774
645,64.50000000000001,-0.0183523715116481,6.622717196228643e-17,-0.013306278527700641,0.0790266824406998,-5.526062691389659e-16,1.1520921209108639,1.1388898016393971,2.9968474176534504e-16,-0.22368175971208112
646,64.60000000000001,-0.01838704211399066,6.627316862391296e-17,-0.01322197957091519,0.07776749964109857,-5.5357189390236e-16,1.1523749259058964,1.14069927706487,3.0115788428512674e-16,-0.22530255975633035
647,64.70000000000002,-0.018405191231240094,6.631439101428194e-17,-0.013125671894866797,0.0764647823188169,-5.544319465914763e-16,1.1524539904599143,1.1422900576082566,3.026012320777036e-16,-0.22691022203762826
648,64.80000000000001,-0.018401342847159455,6.634913313196112e-17,-0.01301316094383031,0.07514811356873005,-5.551138041634965e-16,1.1522010082346776,1.1435456447145873,3.03969239795609e-16,-0.22844301630607491
649,64.9,-0.018377403594638596,6.637807998876403e-17,-0.012886092024036117,0.0738121477825369,-5.556402195894309e-16,1.1516573672134618,1.1445016461147872,3.052737878860394e-16,-0.2299162162052829
650,65.00000000000001,-0.018331566506488525,6.640076351653026e-17,-0.012743267941706868,0.07244843318232737,-5.560034263997491e-16,1.1508074828930293,1.1451378333605196,3.0651453906845047e-16,-0.23133323912015363
651,65.10000000000001,-0.018264589189976876,6.641754828640407e-17,-0.012585519681340595,0.07104607133657885,-5.562210519378974e-16,1.1496820962784458,1.145477129643897,3.077033342044067e-16,-0.23271163665001457
652,65.20000000000002,-0.01817970342127238,6.642946381209658e-17,-0.01241537498743715,0.06961035570872041,-5.563179547554452e-16,1.1483282770771435,1.145565536329788,3.0884869137934254e-16,-0.23405835808141182
653,65.30000000000001,-0.01807277763482011,6.643514906577855e-17,-0.012229550996532447,0.06814882914504523,-5.56249839953279e-16,1.146666390621749,1.1453299342650407,3.099279179602553e-16,-0.23534587443403734
654,65.4,-0.01794734904728312,6.643587180311995e-17,-0.012031067431818239,0.06667980634103786,-5.560362985880967e-16,1.1447362760328084,1.144808151541266,3.109404831556649e-16,-0.23656609571003995
655,65.5,-0.017802347051200464,6.643137697710224e-17,-0.011819262671143405,0.06519283055259999,-5.556774248608327e-16,1.1425364308951689,1.1439936521954515,3.1189052927885603e-16,-0.2377280207768019
656,65.60000000000001,-0.01764284447709151,6.642328065926911e-17,-0.011598080927630521,0.06369920114212996,-5.552099745372808e-16,1.1401366211290551,1.1429556529519838,3.127891617696036e-16,-0.23883881290995668
657,65.70000000000002,-0.0174654082731419,6.641067036711825e-17,-0.011365203270587383,0.06219698281647428,-5.54607409630685e-16,1.137488223964826,1.1416415996238798,3.136243255851538e-16,-0.23988665546302249
658,65.80000000000001,-0.017271771446398656,6.639404110018212e-17,-0.011121876868745852,0.060696326694547165,-5.538762020579639e-16,1.134605315045382,1.1400688474213376,3.143946359980602e-16,-0.24086582898709313
659,65.9,-0.017059318738121446,6.637281970606066e-17,-0.010866563978181455,0.0591702272167732,-5.530186923749102e-16,1.1314872700684016,1.138222892454938,3.151115306526561e-16,-0.24180011628802894
660,66.0,-0.016829055808195614,6.63474006204903e-17,-0.010600186985993765,0.05762176975026867,-5.520426745350284e-16,1.1281491653213493,1.136116611215209,3.157765430090458e-16,-0.24268995350328912
661,66.10000000000001,-0.01658518659736425,6.631920908919158e-17,-0.01032615520804638,0.05609173018805571,-5.509548485309279e-16,1.1246112920898133,1.1337759528566969,3.1637375152582804e-16,-0.24350151917590007
662,66.20000000000002,-0.016322335828908723,6.628612964911158e-17,-0.010039601484476045,0.054541798014701104,-5.497303144772161e-16,1.1208213344117488,1.1311539113747737,3.169118329975541e-16,-0.24425974902105171
663,66.30000000000001,-0.01604335437988467,6.624978561470309e-17,-0.009744029501199077,0.05298546917938095,-5.483961025538866e-16,1.1168312284136352,1.1282822400087686,3.173920523185729e-16,-0.24496096857893843
664,66.4,-0.015748671776998874,6.621006002446966e-17,-0.00943931817388488,0.051438572814121404,-5.469389740023746e-16,1.1126202912832457,1.1251519270847723,3.178030271459758e-16,-0.24558641689071148
665,66.5,-0.015440325836882804,6.616786546393074e-17,-0.009127518137014174,0.04990885820012157,-5.453755521380348e-16,1.1082203711583143,1.1217875675956799,3.181468962160247e-16,-0.24613539437480222
666,66.60000000000001,-0.015119443082096598,6.612363225092342e-17,-0.008809629484962375,0.04838671339400756,-5.43724923999535e-16,1.1036643575344487,1.1182166536777616,3.1843591655243137e-16,-0.24662491700508013
667,66.70000000000002,-0.014785795916582923,6.607775014458938e-17,-0.008486317296669413,0.04686471455249517,-5.419986722396735e-16,1.0989719314205892,1.1144429967642608,3.186754845416174e-16,-0.24706410964171588
668,66.80000000000001,-0.014439980949371205,6.60303109093707e-17,-0.008157866024363324,0.045351578576336406,-5.401934377080321e-16,1.0941388933639773,1.1104673493471455,3.1886078454575493e-16,-0.2474442579994145
669,66.9,-0.014083504949089179,6.598160266596908e-17,-0.007825087493899591,0.04386573303559115,-5.383047535298303e-16,1.0891609284973502,1.1062951993238908,3.189827766314262e-16,-0.24774816189160614
670,67.00000000000001,-0.013714162319757611,6.593152449616888e-17,-0.007487381478364151,0.04238215510840164,-5.363426783950215e-16,1.0840515173259084,1.1019165622444576,3.1905312126490618e-16,-0.24799882863936223
671,67.10000000000001,-0.013335614802060549,6.588114197193447e-17,-0.007147365922999832,0.040918908962453655,-5.343241991092887e-16,1.078844782761586,1.0973714931764815,3.1907189246828827e-16,-0.24818882906539075
672,67.2,-0.01294677488580346,6.582996238209045e-17,-0.006803951071865123,0.03946427469126514,-5.322463111102565e-16,1.073533233431076,1.0926544510387444,3.1904390600270447e-16,-0.24832796842863522
673,67.30000000000001,-0.012548731081873498,6.577891310640459e-17,-0.00645900771709735,0.03802837044053591,-5.301203325550091e-16,1.0681392073161433,1.0877725945562637,3.189657606314845e-16,-0.24840889145351355
674,67.4,-0.012142761655024517,6.572813698302582e-17,-0.006113036158918239,0.03660344415897117,-5.279596782857596e-16,1.0626853131381635,1.0827539644289428,3.1884860406634057e-16,-0.24844626608437062
675,67.50000000000001,-0.011730775191380025,6.567884967228894e-17,-0.005768570848292973,0.03521276081472772,-5.25772930324556e-16,1.057191401270924,1.0776055888130194,3.1868172333954277e-16,-0.24841971582893038
676,67.60000000000001,-0.011312673775210134,6.563074553685916e-17,-0.0054250452244187595,0.03384522571503903,-5.235634978337002e-16,1.0516614891945948,1.072337008280464,3.184733786964473e-16,-0.24834225063391413
677,67.7,-0.010888537375770115,6.558393918005422e-17,-0.005082676099754047,0.03250050710600678,-5.213337377444481e-16,1.0460997632169127,1.0669498238590984,3.1822410808172277e-16,-0.2482146155545561
678,67.80000000000001,-0.01045858605851592,6.55389009984216e-17,-0.004742338645701944,0.031181524163812882,-5.190897914908081e-16,1.0405177433195851,1.0614446092568977,3.1793258678417593e-16,-0.24803443983121634
679,67.90000000000002,-0.010025138189204611,6.549646816558116e-17,-0.004405956708463541,0.029901806432915668,-5.16843372535941e-16,1.0349388284011192,1.0558446320858983,3.1759724062734033e-16,-0.24779458702969212
680,68.00000000000001,-0.009587959183057963,6.545630294719235e-17,-0.004072880785100293,0.02864564386555567,-5.14600635485594e-16,1.029370928604631,1.0501618790586746,3.172295847444577e-16,-0.24751327621920466
681,68.10000000000001,-0.009146734969129508,6.541857379515781e-17,-0.003743343499297464,0.02742250087994357,-5.123552979866997e-16,1.0238047211769377,1.0443819008154758,3.1682066310985137e-16,-0.24717749243789963
682,68.2,-0.008704904693886918,6.538460994075844e-17,-0.003420341835219249,0.026234028963297698,-5.10141225414182e-16,1.018300343406843,1.0385576320837029,3.1638324350790607e-16,-0.24679980477057012
683,68.30000000000001,-0.00826077948153763,6.53536866828111e-17,-0.00310226618682378,0.025079730670467426,-5.079401460122115e-16,1.0128253859461598,1.0326627644317155,3.1591055665722616e-16,-0.2463733515744496
684,68.40000000000002,-0.007817066120828305,6.532638025432404e-17,-0.0027906382059929395,0.02397377731584891,-5.057604688517526e-16,1.0073973128654987,1.0267260887605518,3.1540186564474954e-16,-0.24589144522524944
685,68.50000000000001,-0.007373758667522711,6.530379776171972e-17,-0.002487393497348513,0.022905347116603428,-5.036290258773191e-16,1.002061181369127,1.0207583325059915,3.1486643039549283e-16,-0.24536842096459419
686,68.60000000000001,-0.006931211217388234,6.528593379001039e-17,-0.0021925767836672265,0.02187406828368621,-5.015472911819437e-16,0.9968193710378955,1.0147654876735301,3.143058109493031e-16,-0.24480594853235776
687,68.7,-0.006492349853329835,6.527322614212122e-17,-0.0019074975240777501,0.020903200236394727,-4.995148063051554e-16,0.9916753489284791,1.0087707377014066,3.137126000272572e-16,-0.24418671121874688
688,68.80000000000001,-0.006055542996430249,6.526567680633806e-17,-0.0016318349329003114,0.01996657350091321,-4.975464777199463e-16,0.986650093572674,1.0027743556040145,3.13101672544227e-16,-0.2435367790735051
689,68.9,-0.005622863481295806,6.526449042136892e-17,-0.0013680716676169372,0.019064365171122664,-4.95669946333578e-16,0.9817917477617192,0.996809064367698,3.124815493532188e-16,-0.24286489008920578
690,69.00000000000001,-0.00519484494680892,6.526944135389667e-17,-0.0011158965152802181,0.018214895676634993,-4.938684002661597e-16,0.977074188065095,0.9908650134918924,3.118389998317232e-16,-0.24214986041464032
691,69.10000000000001,-0.004773491325583971,6.528135666390127e-17,-0.0008771106148474337,0.017410904426429955,-4.92169197879096e-16,0.9725434652923444,0.9849812700337859,3.1118825522545117e-16,-0.24140915313893738
692,69.2,-0.004358513514999288,6.529972361068519e-17,-0.0006507468098096572,0.01664458826970725,-4.905691819655492e-16,0.9681923151450622,0.9791610485004845,3.1053429656012415e-16,-0.24065085469482925
693,69.30000000000001,-0.0039536820972497725,6.532652565744153e-17,-0.00044094019543271994,0.01593641952645535,-4.890986049618948e-16,0.9640768228400756,0.9734437233423728,3.098758946970919e-16,-0.2398654179686289
694,69.4,-0.0035582130331882505,6.536076484220355e-17,-0.00024578735879125986,0.01528459150955314,-4.877394625930819e-16,0.9601650631425869,0.9678186569585605,3.092108850373998e-16,-0.2390511287408096
695,69.50000000000001,-0.0031752619310542055,6.540449236071013e-17,-6.940826336902003e-05,0.014680645171960861,-4.865447013036871e-16,0.9565467048917216,0.9623443942851978,3.085596573980196e-16,-0.2382322636919883
696,69.60000000000001,-0.002806178846267575,6.545758024993595e-17,8.819383061076046e-05,0.0141352751889104,-4.855086384665619e-16,0.9532134582481532,0.9570316687588224,3.079185601839874e-16,-0.23740048123649782
697,69.7,-0.0024512163292600615,6.551967176744886e-17,0.0002276163921307998,0.013655060038403144,-4.846208545065742e-16,0.9501481196468669,0.9518779103878979,3.0728283604454775e-16,-0.2365480608512424
698,69.80000000000001,-0.002109789219385733,6.559057161406709e-17,0.00034933452998447284,0.01321303779611342,-4.838983989255743e-16,0.9473745192484561,0.9469007934130454,3.066726342748142e-16,-0.23570637363489605
699,69.9,-0.0017842348896849585,6.567098429215164e-17,0.0004517272911840931,0.012811394460182137,-4.833602697112534e-16,0.9449252151173678,0.9421352306766725,3.0609577098423025e-16,-0.2348822498474911
700,70.00000000000001,-0.001476691219168015,6.576180448571266e-17,0.0005328899644378989,0.012457926635975548,-4.830229544716126e-16,0.9428293974291845,0.9376073580399658,3.055545333348859e-16,-0.23407464804163677
701,70.10000000000001,-0.0011886703688820935,6.586318459336798e-17,0.0005923121856975728,0.012135358806031048,-4.829097478812457e-16,0.9411231122060918,0.9333584520765328,3.050697971268842e-16,-0.23331151372919243
702,70.20000000000002,-0.0009203928424560531,6.597443155607561e-17,0.0006311720141585609,0.011889425710701484,-4.829712322214294e-16,0.9397297807980357,0.9293462778848681,3.0460314489111785e-16,-0.23253496644370317
703,70.30000000000001,-0.0006741006580304698,6.609615504211198e-17,0.000648042334123956,0.01172871851375749,-4.832189229414212e-16,0.9386701285800073,0.9255978296665096,3.0415641540744483e-16,-0.2317430803458398
704,70.4,-0.00045159555508873073,6.622894989823514e-17,0.0006416078424629063,0.011613596535305698,-4.837037985537812e-16,0.9380230173199339,0.9221813453533295,3.0377114576651814e-16,-0.23099384068091997
705,70.50000000000001,-0.00025633360374029016,6.63732315380675e-17,0.0006105534029893035,0.011589252238896506,-4.844077046469819e-16,0.9377653062324834,0.9191064873088421,3.03422588101905e-16,-0.23024323279075315
706,70.60000000000001,-8.83749592936773e-05,6.652862640303263e-17,0.0005555401292567855,0.011639358871515708,-4.853388665288482e-16,0.9379072504240663,0.9163905370725509,3.031248968520496e-16,-0.22951200499181365
707,70.70000000000002,6.031095145886723e-05,6.669180495956408e-17,0.00048374407731437065,0.011708476841837775,-4.86458598382239e-16,0.938372279493278,0.9139614727866238,3.0289223263585217e-16,-0.22883748541516546
708,70.80000000000001,0.0001836972592460857,6.686445955967293e-17,0.0003912054331456686,0.011820147594082097,-4.877985711028095e-16,0.9392177984410323,0.9118914116194115,3.0272940529755365e-16,-0.22821422879937311
709,70.9,0.00027885107738862783,6.704706350407383e-17,0.00027661027128261974,0.011975866839915417,-4.893772410915877e-16,0.9404746049189773,0.9102254087064526,3.026473589979704e-16,-0.2276521781397716
710,71.00000000000001,0.0003520560044533367,6.723692100163969e-17,0.00014570461576121169,0.012146507838597474,-4.911507559410525e-16,0.9420626570649638,0.9088928573624251,3.026450289905358e-16,-0.2271624926045211
711,71.10000000000001,0.0003993880492351874,6.743484769496708e-17,-3.5897610453730112e-06,0.01236418676221067,-4.931201945208983e-16,0.9439891769339346,0.9079239230970809,3.0271054824623154e-16,-0.22671940857018966
712,71.20000000000002,0.00041855020200156034,6.764119264666669e-17,-0.00017225964785981098,0.01263667954090434,-4.952937858992568e-16,0.9462688684349894,0.9073472881734377,3.028466055031212e-16,-0.22632196761177595
713,71.30000000000001,0.00040670244557803193,6.785635084163808e-17,-0.0003614674742757322,0.012967980218278044,-4.976861000925318e-16,0.9489263250399188,0.9072040353681077,3.0306150156787866e-16,-0.2259763130908836
714,71.4,0.0003616471830190851,6.80801794379447e-17,-0.0005713534835963047,0.01335329309301961,-5.003082306518186e-16,0.951978611267013,0.907533840693446,3.0336859718221694e-16,-0.22569728358075572
715,71.5,0.0002883579929170606,6.831088388304691e-17,-0.0007979680773881107,0.013789458537285835,-5.031132925731912e-16,0.9553461212140927,0.9082609230194598,3.0374949052284685e-16,-0.2254679612995863
716,71.60000000000001,0.00018735215083137024,6.854765502927972e-17,-0.0010398432986062328,0.014256286217955673,-5.06104233214652e-16,0.9590295235279367,0.9093972624692751,3.0421997175877465e-16,-0.2253123143433225
717,71.70000000000002,5.954005259928494e-05,6.879041402605689e-17,-0.0012966600769199735,0.014782957132901828,-5.092495513819816e-16,0.9629812275897597,0.9108992282206138,3.0474979121416354e-16,-0.22518781638506463
718,71.80000000000001,-9.536081146012865e-05,6.903874417013515e-17,-0.0015677591301491878,0.015363295132964696,-5.125492110661408e-16,0.9671996093288515,0.9127774804230178,3.053455268037726e-16,-0.22510330749656307
719,71.9,-0.00027202722683687187,6.92905041594532e-17,-0.0018485821673786206,0.015971119930426245,-5.159701631628029e-16,0.9716245210223613,0.9149737091767591,3.060081162205756e-16,-0.22507098925690447
720,72.00000000000001,-0.0004735029864971356,6.954624561374052e-17,-0.0021405963275066063,0.016630487331153538,-5.195120096982443e-16,0.976259431797781,0.9175121698304014,3.0672840616936905e-16,-0.22507104433005462
721,72.10000000000001,-0.0006974537511766981,6.98049899977919e-17,-0.0024417379670205234,0.017334130521312285,-5.231557338044071e-16,0.9810711968411047,0.9203630785093977,3.075029111161703e-16,-0.2251030821009744
722,72.20000000000002,-0.00094323313141625,7.006623560692384e-17,-0.002751049254553065,0.018055119118376196,-5.26915192162063e-16,0.9860774799924071,0.923543106087386,3.0835345081043284e-16,-0.22519996913200593
723,72.30000000000001,-0.0012102743685407152,7.032970894851373e-17,-0.003067966581411829,0.018799069831064937,-5.307783774671863e-16,0.9912592078107401,0.9270376402484615,3.092723588295491e-16,-0.22535157759278596
724,72.4,-0.0014981390964461695,7.059542616177054e-17,-0.0033924290045392004,0.019576669595329284,-5.3473379140233e-16,0.9965991457952187,0.9308290362994346,3.10247880694163e-16,-0.22554164027209117
725,72.50000000000001,-0.0018078905739160479,7.086394377123825e-17,-0.0037255423292082935,0.020425579916563897,-5.387599168933552e-16,1.0020686149127462,0.9348965088036371,3.1124966615932275e-16,-0.22572392676920114
726,72.60000000000001,-0.00213628399466459,7.113400863652834e-17,-0.004064640679899699,0.02131871990656927,-5.42847864621131e-16,1.007647833784055,0.9392156370066436,3.1228871577998107e-16,-0.22592096854456584
727,72.70000000000002,-0.002481514773108753,7.140496610086963e-17,-0.004408312460935816,0.0222440114254861,-5.469905999937699e-16,1.013322881248055,0.943769856622973,3.1336838569210913e-16,-0.226141249317299
728,72.80000000000001,-0.0028409683568266014,7.167613036009706e-17,-0.0047549488341126845,0.023215630140588476,-5.511527268765149e-16,1.019038252185747,0.9485034937470589,3.1446416486098705e-16,-0.22635479948668077
729,72.9,-0.003213469885838586,7.19471198710733e-17,-0.005103707917698658,0.02423125060656079,-5.553251785787941e-16,1.0247786376928283,0.9534002264186489,3.1557304245780266e-16,-0.22655967251529774
730,73.00000000000001,-0.0035988629179316087,7.221737928840685e-17,-0.0054536537149241044,0.025267820385571578,-5.595197137928755e-16,1.0305589693346833,0.9584806240210431,3.1671559163010035e-16,-0.22678565613154758
731,73.10000000000001,-0.003998731914474214,7.248783183220732e-17,-0.005806586398728369,0.02635199250636244,-5.637329101568618e-16,1.0363785326771175,0.9637431821340668,3.1787373664442177e-16,-0.22700346351348133
732,73.2,-0.004406902553803968,7.27566272220889e-17,-0.006158351258914918,0.027453067167567638,-5.679375483895864e-16,1.042187271930694,0.9691206015786521,3.1904962591393815e-16,-0.2272289825308231
733,73.30000000000001,-0.004824106450542777,7.302392911840238e-17,-0.006509353209877043,0.028570048309214963,-5.72140197001374e-16,1.0479957095223251,0.9746254906194692,3.2024723032798996e-16,-0.22746630879959423
734,73.40000000000002,-0.0052492659726971775,7.329016946695859e-17,-0.00686009847427394,0.02972415014609894,-5.763233844376074e-16,1.0537793749952493,0.9802195308410657,3.2144222247776576e-16,-0.22768293708493317
735,73.50000000000001,-0.005680964003021359,7.355397106926426e-17,-0.007208092899345835,0.030888687042029947,-5.804836779765519e-16,1.059527814397572,0.9859069153609646,3.2265302856880666e-16,-0.2279080006869331
736,73.60000000000001,-0.0061179874571999126,7.381519154805108e-17,-0.007552887021303712,0.032069009356032435,-5.846085541198638e-16,1.0652217668944435,0.9916630397170045,3.2386938491816154e-16,-0.22812937267070535
737,73.7,-0.0065578451798036135,7.407314117358379e-17,-0.007892910056540765,0.033259785854422436,-5.886812744295427e-16,1.070833229364431,0.9974536954645834,3.2508550049461006e-16,-0.22834398142962367
738,73.80000000000001,-0.007001427556224616,7.432834945663072e-17,-0.008229189078197696,0.034468592172869295,-5.927069907589384e-16,1.0763720354855495,1.0032854391861759,3.2629812274397973e-16,-0.22854535891236008
739,73.90000000000002,-0.007448889382833659,7.458106702031747e-17,-0.008562162902013015,0.035697449584367574,-5.966884763210016e-16,1.0818431312419365,1.0091587065404692,3.2750604698300437e-16,-0.22873148620920217
740,74.00000000000001,-0.007899154573716038,7.483088471023021e-17,-0.008890978139837304,0.036954571325764136,-6.006066218309242e-16,1.0872173074469977,1.0150482046293576,3.286966580354741e-16,-0.22888669913058213
741,74.10000000000001,-0.00835027973606136,7.507754004864039e-17,-0.009214859025460796,0.03822606430432737,-6.044621610511108e-16,1.0924933063803153,1.0209369809686146,3.2987485571655065e-16,-0.22902205293583391
742,74.2,-0.008801109278459434,7.532016337828855e-17,-0.00953219943386692,0.03949868129069927,-6.082483857427216e-16,1.097658013493533,1.0268199412132217,3.310477350081224e-16,-0.22914992553110564
743,74.30000000000001,-0.009249389839700826,7.555826909029005e-17,-0.009841810780902087,0.040787357910660314,-6.119336415315454e-16,1.1026634624947143,1.0326463843346307,3.321913491317574e-16,-0.229241215860446
744,74.4,-0.00969704939945169,7.579306752998268e-17,-0.010146000032129189,0.04209949590449574,-6.155388735183259e-16,1.1075448253098616,1.038439509531722,3.333074325581798e-16,-0.22929447963751567
745,74.50000000000001,-0.010141829939073619,7.602362119037236e-17,-0.010442853582638254,0.04340829297754305,-6.190646008409543e-16,1.1122981344705134,1.044190279773567,3.344113845586129e-16,-0.22933612217654575
746,74.60000000000001,-0.010582875618055262,7.62495029338455e-17,-0.010731537296322636,0.044720469821017746,-6.224936823818818e-16,1.1168973365870363,1.0498783904479765,3.354928435538805e-16,-0.22935332951604837
747,74.7,-0.011015721245819276,7.646978379902848e-17,-0.011009749037159525,0.046015801910088236,-6.258114620556326e-16,1.1213154353935912,1.0554531944686247,3.365518979555471e-16,-0.22935564494795121
748,74.80000000000001,-0.011443802741057246,7.668562514849532e-17,-0.011279988878937292,0.04733546369648688,-6.290121188040728e-16,1.125550944917284,1.0609280523670597,3.375642935310523e-16,-0.2293019012686654
749,74.9,-0.01186423720853615,7.68959313602509e-17,-0.011539983718105485,0.0486547027281222,-6.320889909112061e-16,1.1295888734640445,1.066281959213594,3.385407583027927e-16,-0.22921318553779504
750,75.00000000000001,-0.012276429321750387,7.710095906606938e-17,-0.011790042169639995,0.04995971811439927,-6.350570305051958e-16,1.133450721259679,1.0715192668623512,3.3949217113330196e-16,-0.22910609963690115
751,75.10000000000001,-0.012678571038049063,7.73003325146482e-17,-0.01202924082619669,0.0512563736601125,-6.378968599368667e-16,1.1371069167650596,1.0766054142125334,3.4040511830702535e-16,-0.22896572837020787
752,75.2,-0.013073750854372963,7.749497848984633e-17,-0.012259634269659059,0.05255740674641111,-6.406244452061832e-16,1.14058543036321,1.081576684579971,3.4128085588845177e-16,-0.22878743174816538
753,75.30000000000001,-0.013463527035256438,7.768528098410138e-17,-0.012482128711095573,0.05386100704547614,-6.432542579594871e-16,1.14390911099973,1.0864596211042739,3.421277607868102e-16,-0.22857967531271842
754,75.4,-0.013842610995820206,7.786966483922261e-17,-0.01269325367210126,0.055147673888135886,-6.45756703214004e-16,1.1470275610806122,1.0911897839094908,3.429412389676337e-16,-0.2283471449857336
755,75.50000000000001,-0.014210675624064997,7.80477027659936e-17,-0.012892281147454918,0.056430141231163924,-6.481109782176046e-16,1.1499103828978687,1.0957492471094077,3.4370726962340936e-16,-0.22807099797542738
756,75.60000000000001,-0.014565751555695368,7.821913046066986e-17,-0.013078438581276147,0.05769676531849259,-6.503156279209587e-16,1.1525533704040187,1.1001183966631052,3.444285927401327e-16,-0.227759290259647
757,75.70000000000002,-0.014909897923318642,7.838469049924922e-17,-0.01325329235215007,0.05896961772114862,-6.523704453788665e-16,1.1549605355266948,1.104307843601327,3.4509321518868554e-16,-0.2273911721678272
758,75.80000000000001,-0.015239455624433818,7.854334023143894e-17,-0.013414527087779658,0.06021016915983152,-6.54279573934e-16,1.1571315429745057,1.108298039841356,3.457218292820117e-16,-0.227003058052803
759,75.9,-0.01555378672949086,7.869500242964744e-17,-0.013561913767074558,0.061429550020505055,-6.560284032836622e-16,1.1590456384760999,1.1120677297642219,3.463010504755865e-16,-0.2265778286714218
760,76.00000000000001,-0.015854966998463553,7.884051948899647e-17,-0.013697176057253417,0.06265355779702418,-6.576149706233391e-16,1.1607047727934345,1.115624062387796,3.46815545449466e-16,-0.22609007669850698
761,76.10000000000001,-0.016142680594300112,7.897967255325129e-17,-0.01381992042690389,0.06387591399346265,-6.590401762784858e-16,1.1621094699958905,1.118968303234799,3.4726968822047453e-16,-0.2255465723433856
762,76.20000000000002,-0.0164147598384952,7.911207358366327e-17,-0.013929144631071819,0.06509176216137683,-6.60293193384145e-16,1.1632420630775,1.1220709033088265,3.476588108839118e-16,-0.2249455562558655
763,76.30000000000001,-0.016673466788219193,7.923838108940999e-17,-0.014026313373572791,0.06630931242283321,-6.613864875094478e-16,1.1641239481484587,1.1249595559130787,3.479849271355636e-16,-0.22428517673230722
764,76.4,-0.01691170010156919,7.935609921752052e-17,-0.014106201018883354,0.06749606081547742,-6.6227963944626e-16,1.164685903521501,1.1275540523421475,3.4824723200507527e-16,-0.2235791534968935
765,76.50000000000001,-0.017132372735510895,7.94665383145368e-17,-0.014171416035281553,0.06866161399589879,-6.629975637412283e-16,1.1649691113239606,1.1298910204617592,3.484498421875815e-16,-0.2228272670063425
766,76.60000000000001,-0.017336766187677058,7.95701012807167e-17,-0.01422283849276479,0.06981821328936634,-6.635405697339629e-16,1.16497661187711,1.1319785589075837,3.485866721802062e-16,-0.2220185890899738
767,76.70000000000002,-0.01752015750274366,7.966523928423097e-17,-0.014257178577594714,0.070935628064967,-6.638917931701626e-16,1.1646766869131733,1.13377193545118,3.4866544082431925e-16,-0.22117361748199535
768,76.80000000000001,-0.017683704575213528,7.975242353237599e-17,-0.014275400680803138,0.07204106283397518,-6.640379636453993e-16,1.1640539475093263,1.1352623237103914,3.486653987020652e-16,-0.22026165642216464
769,76.9,-0.01783041704222008,7.983280906962744e-17,-0.014279879503509466,0.07311643573718501,-6.640281711039371e-16,1.1631820401953603,1.1365155745766635,3.4861730286428904e-16,-0.21931866112756512
770,77.0,-0.017956206921507793,7.990494283840548e-17,-0.014267599297835816,0.07416566548504956,-6.638171629200741e-16,1.1619913411864846,1.1374628847878507,3.484989636497928e-16,-0.21832287383552745
771,77.10000000000001,-0.018064390656227818,7.997010989792987e-17,-0.014241191313485254,0.07520401387926964,-6.634257693428041e-16,1.1605174761665866,1.1381416312069101,3.483108148170375e-16,-0.21726815697200316
772,77.20000000000002,-0.018155531891575986,8.002861301790095e-17,-0.014201242199533332,0.0762158252258502,-6.628762954357283e-16,1.1587925578900362,1.138576415717805,3.4807035586173177e-16,-0.21617731198326715
773,77.30000000000001,-0.01822622522394951,8.007926556137273e-17,-0.014145283729529608,0.07719953240414648,-6.621360058328422e-16,1.1567656371881248,1.1387147547941159,3.477636857477312e-16,-0.2150385654495992
774,77.4,-0.018277486579060226,8.012253813859011e-17,-0.014074247779454515,0.07814713812306487,-6.612246212323542e-16,1.1544661777421035,1.1385807705240232,3.47403055636232e-16,-0.213866590294502
775,77.50000000000001,-0.018315545099731823,8.016086972529966e-17,-0.013993088888713113,0.07906626768225614,-6.602019489419283e-16,1.1519886996328876,1.1382657067110868,3.4700956135377763e-16,-0.2126772680314883
776,77.60000000000001,-0.018334685454327287,8.019216508859484e-17,-0.013897503404689657,0.07996598554850012,-6.590001405819888e-16,1.1492298756178518,1.1376697850087047,3.4654861010737174e-16,-0.21143557909471766
777,77.70000000000002,-0.01833546199014933,8.021677992921351e-17,-0.013788156032125569,0.08084705919022121,-6.576267694497207e-16,1.1462018713381836,1.13680103656204,3.460221295036189e-16,-0.21014313891589542
778,77.80000000000001,-0.018319276524951064,8.02353182479738e-17,-0.013666252189669107,0.08171827187745677,-6.560894966436984e-16,1.1429184555026242,1.1356729277858093,3.454281939257271e-16,-0.2087945837702773
779,77.9,-0.01828440002456781,8.024716590251439e-17,-0.013530530304997986,0.08254989881039938,-6.543989202954505e-16,1.1393907473829767,1.1342877402083908,3.447871491874066e-16,-0.20742105663560326
780,78.00000000000001,-0.0182299923011361,8.025214094315875e-17,-0.01338056338034124,0.08332989255257557,-6.525598835194755e-16,1.135624234800508,1.1326441857844847,3.441067263127534e-16,-0.20603482265192746
781,78.10000000000001,-0.018156961351702916,8.025058560227124e-17,-0.013217058802271541,0.08407287264241095,-6.505679939803859e-16,1.1316151114696549,1.1307420567264137,3.4337710104614483e-16,-0.2046208478771628
782,78.20000000000002,-0.018066826270561463,8.024335915997323e-17,-0.01304163323016038,0.08478457066402373,-6.484387594965016e-16,1.1273885889162598,1.1285997325508503,3.4260014269135523e-16,-0.20317868418111548
783,78.30000000000001,-0.017959799890342607,8.023055264388071e-17,-0.012854475162375915,0.0854546923033605,-6.461843201861212e-16,1.1229616612753357,1.1262308856564327,3.417865465741949e-16,-0.2017223338482108
784,78.40000000000002,-0.01783466127575225,8.021190093435943e-17,-0.012654958330826362,0.0860761164207973,-6.438018685702676e-16,1.1183288975213475,1.123623258468727,3.4093771320083403e-16,-0.20025630599497785
785,78.50000000000001,-0.017692395479685864,8.01878493488844e-17,-0.01244395917276733,0.08665262760759376,-6.412994418345108e-16,1.1135035596335945,1.120788701179484,3.400546116672761e-16,-0.19877995176772742
786,78.60000000000001,-0.017534289014788807,8.01590883751286e-17,-0.012222784942044906,0.0871774264231503,-6.387006185962626e-16,1.1085207458507296,1.1177544327886417,3.391498611541476e-16,-0.19730762064094196
787,78.7,-0.017360395906261077,8.012578142625556e-17,-0.011991703472662176,0.08765492823075231,-6.360042186613922e-16,1.103379636290516,1.1145168954221756,3.38219687769695e-16,-0.1958342416647107
788,78.80000000000001,-0.01717004990715671,8.008761198237214e-17,-0.01175011340174774,0.08808418254264659,-6.332028868371191e-16,1.098068967523451,1.1110664648804491,3.372617601324184e-16,-0.19435809625534423
789,78.90000000000002,-0.0169671363094449,8.004639922200744e-17,-0.01150152767633294,0.08847419124549619,-6.303353654438936e-16,1.092649814690756,1.1074558067234415,3.3628594651784015e-16,-0.1928845019751406
790,79.00000000000001,-0.016748659120604963,8.000108355868407e-17,-0.01124377453992879,0.08881460032719748,-6.273809164114638e-16,1.087088702662518,1.1036477224986347,3.352883266375058e-16,-0.19141445386488867
791,79.10000000000001,-0.01651412986868553,7.995170412053386e-17,-0.010976829113621562,0.08910696306765985,-6.243367433059622e-16,1.0813818106435493,1.0996329058876773,3.342654830149078e-16,-0.1899445260081119
792,79.2,-0.01626705192681898,7.989965474365764e-17,-0.010703474812089409,0.08936121018829349,-6.212317958284948e-16,1.0755752431343755,1.0954570317909296,3.3322424235137303e-16,-0.18847664448129212
793,79.30000000000001,-0.016009262089596393,7.98456726405497e-17,-0.010425180326760269,0.0895814170939133,-6.18082435308971e-16,1.0696947588287515,1.0911451784510595,3.3216926492254906e-16,-0.18701325687287151
794,79.40000000000002,-0.015741471007715203,7.978982265781376e-17,-0.010142179965676817,0.08976988519717509,-6.148904236503597e-16,1.0637435446179957,1.0867063239202013,3.311012833845666e-16,-0.18555383113133603
795,79.50000000000001,-0.01546172846084769,7.973208095549242e-17,-0.009854076227241394,0.08989783123438377,-6.116748193703353e-16,1.0577452223271897,1.0821382975185747,3.300397346434713e-16,-0.1841282982365899
796,79.60000000000001,-0.01517058484721694,7.967284643839978e-17,-0.009561579540598294,0.0899724707822109,-6.084379478644634e-16,1.051704706095238,1.0774426196032094,3.2898061266812185e-16,-0.18273029637924437
797,79.7,-0.014868795723040135,7.961272726404272e-17,-0.009265754010085838,0.09000493037444747,-6.051829229762231e-16,1.0456288268401104,1.0726201558465833,3.2791737861156826e-16,-0.1813497669878755
798,79.80000000000001,-0.014557081130127072,7.955177588900865e-17,-0.0089668147563623,0.08998972256060642,-6.019187357096125e-16,1.0395301842006952,1.0676878222199322,3.2685819088560413e-16,-0.1799958953011615
799,79.90000000000002,-0.014238324398893248,7.949100974848108e-17,-0.008666838325432875,0.08993902091336343,-5.986632479864583e-16,1.0334380396807372,1.062679209439586,3.2580476265659887e-16,-0.17866498383521134
800,80.00000000000001,-0.013912850254014142,7.943068138999894e-17,-0.008366265603362118,0.08985396632763346,-5.954211034219962e-16,1.0273595904472144,1.0575983306484105,3.247577290992373e-16,-0.1773572320028888
801,80.10000000000001,-0.01358241289199748,7.937171888757009e-17,-0.008066821275546528,0.0897408846855514,-5.922096416818012e-16,1.021322105380662,1.052466702613008,3.2371969946634464e-16,-0.1760725344370523
802,80.2,-0.013247108970635219,7.931450761550461e-17,-0.007769100096939213,0.08959376448197218,-5.890417379276085e-16,1.0153437615232705,1.0472918709932986,3.226974322494309e-16,-0.17481962821511568
803,80.30000000000001,-0.012905848107311225,7.925867337572497e-17,-0.007472332206278203,0.08940883879380696,-5.859100007299399e-16,1.009412663128314,1.0420602961335268,3.21689475299814e-16,-0.17359883684663288
804,80.4,-0.012561587408204261,7.920533336262721e-17,-0.007178743937450299,0.08918862549420364,-5.828436058933751e-16,1.0035729694151403,1.036816395420221,3.207072722860196e-16,-0.17241898312649262
805,80.50000000000001,-0.01221273587608906,7.915409264278338e-17,-0.006887440547756954,0.08893465966152739,-5.7982772161203885e-16,0.9978026159284942,1.0315333814291758,3.197422597949443e-16,-0.17127220397685428
806,80.60000000000001,-0.01185939406298105,7.910591873695588e-17,-0.006599883618844527,0.0886296034138281,-5.768963045328848e-16,0.9921490439188372,1.0262301880063245,3.1881303796096485e-16,-0.17018274238948886
807,80.70000000000002,-0.011500307985214394,7.906022899850424e-17,-0.006314961295996859,0.08827707554238902,-5.740305833633911e-16,0.9865847132404177,1.0208832931017826,3.179100832729088e-16,-0.16914070560317246
808,80.80000000000001,-0.011136628271693183,7.901753859542542e-17,-0.006033652203738033,0.08787106388941482,-5.712500395231584e-16,0.9811374173283769,1.0155169716827073,3.17044700391664e-16,-0.1681583543012992
809,80.9,-0.010772399222362637,7.89794909813468e-17,-0.005759155865879495,0.0874453547181482,-5.685676758170901e-16,0.9758326747430207,1.0101616287108792,3.162038071870296e-16,-0.16721042412606088
810,81.00000000000001,-0.010410839228839015,7.894776793316064e-17,-0.005494567237077098,0.08700165477516084,-5.660245232956085e-16,0.9707316255647421,1.0048666398280883,3.1540174150655176e-16,-0.1663089319638632
811,81.10000000000001,-0.010047923955238087,7.892099545775149e-17,-0.00523707741555981,0.08651038863076298,-5.636084218949538e-16,0.9658103623114825,0.9995977061090524,3.1464815133791355e-16,-0.165474553288436
812,81.20000000000002,-0.00968638656877075,7.889986566605772e-17,-0.004988214709144285,0.08599227661766266,-5.613228201282091e-16,0.9610776081350989,0.9943774881161102,3.139354999929052e-16,-0.1646917539135821
813,81.30000000000001,-0.009328195703483267,7.888551521985444e-17,-0.004750019461599386,0.08544463533215625,-5.591983494775114e-16,0.9565779359195158,0.9892399154594197,3.132763778309057e-16,-0.16397272233834703
814,81.4,-0.008972759255023482,7.887822105641304e-17,-0.004522775296369048,0.08484462511713176,-5.572595124882125e-16,0.9523429363826779,0.9841984299017179,3.1269089184230186e-16,-0.16334454760262038
815,81.50000000000001,-0.008620398024064682,7.887748731601919e-17,-0.004305794769103415,0.08420865492638299,-5.554831387025861e-16,0.9483410647131001,0.9792417142451355,3.1216374186655904e-16,-0.16278659602800574
816,81.60000000000001,-0.008276127865857035,7.888574468000125e-17,-0.004103588479994055,0.08354978262017505,-5.539199467935425e-16,0.9446491819380092,0.9744363224033632,3.117070667446707e-16,-0.16230413628809404
817,81.70000000000002,-0.007938779901465026,7.890225636246604e-17,-0.0039148325753961925,0.08286517085561085,-5.5255499395429285e-16,0.9412442806501521,0.969766539245003,3.1131761795308717e-16,-0.1618951732122024
818,81.8,-0.0076147398047588235,7.893096926941164e-17,-0.0037465091412896487,0.0821449229440312,-5.514935890653735e-16,0.9382788364334781,0.9653436150264214,3.110380589863691e-16,-0.16160136254936833
819,81.9,-0.007300275787546815,7.896922384635879e-17,-0.003593987199139884,0.08139305520184754,-5.50669845018648e-16,0.935656225865357,0.9611043024001775,3.108447152483978e-16,-0.16139958387852307
820,82.00000000000001,-0.0069963621372995345,7.901742079603002e-17,-0.003458015728115339,0.08061581944155796,-5.500887981382582e-16,0.9333844636722404,0.957057813467703,3.107362631001624e-16,-0.16128596411092397
821,82.10000000000001,-0.006702322970912759,7.907508079975408e-17,-0.003337744345469038,0.07978456780022214,-5.497674534413904e-16,0.9314824925361755,0.9532220684592154,3.107373153162115e-16,-0.1612929432238256
822,82.20000000000002,-0.006421041839941778,7.914346042565277e-17,-0.0032355294831149894,0.07889971781764914,-5.497396109327136e-16,0.929999171082168,0.9496424176338473,3.108617276220668e-16,-0.1614319784987887
823,82.30000000000003,-0.006155047850813507,7.922354973118385e-17,-0.003153266764996297,0.07800277076723877,-5.499923620049332e-16,0.9289228063702899,0.9463175017556235,3.110808771948914e-16,-0.16166128960752663
824,82.4,-0.005907765252257727,7.931612436267346e-17,-0.0030927036638991753,0.07710869204609504,-5.505389442297237e-16,0.9282748512423821,0.943286705184809,3.113956905294032e-16,-0.1619745934622109
825,82.50000000000001,-0.005675246557811026,7.94192000129527e-17,-0.003050185145138525,0.07617675027917813,-5.513686367576842e-16,0.9280313909950797,0.9405281046973084,3.11826941746832e-16,-0.1624059881570233
826,82.60000000000001,-0.005462314579879419,7.953467554702168e-17,-0.0030293519338430784,0.07523746364802086,-5.525047031113543e-16,0.9282312958679091,0.9380877299049262,3.123677555392243e-16,-0.16293655825556283
827,82.70000000000002,-0.0052615836262350085,7.965818625550842e-17,-0.003022460880760357,0.07426881727070138,-5.538619166156652e-16,0.9287462051916193,0.9358703698066931,3.1300218200258505e-16,-0.16356084253787476
828,82.80000000000003,-0.005075435777717975,7.979103211245917e-17,-0.003031824112783476,0.0732581384259095,-5.554859499565503e-16,0.9296393313893314,0.933926505567731,3.137552606038339e-16,-0.16430535529398185
829,82.9,-0.004907458630624373,7.993426846470858e-17,-0.003059621754538457,0.07221481661645497,-5.574012798768366e-16,0.9309472116519818,0.93230369009906,3.1463471759571065e-16,-0.1651720307248486
830,83.00000000000001,-0.004761467749553224,8.008916893021945e-17,-0.0031083875235243482,0.07116055913799635,-5.596246566724072e-16,0.9326974516342684,0.931040776837184,3.1563708837946885e-16,-0.16614825926070148
831,83.10000000000001,-0.004633978899638888,8.025351201737818e-17,-0.003174240361437353,0.07009558873513477,-5.621024883151637e-16,0.9348122149782444,0.9300822411787564,3.1674404049479393e-16,-0.16721780479339757
832,83.20000000000002,-0.004526402569470273,8.0427364336262e-17,-0.0032575219994175606,0.06899682286372517,-5.648658148006708e-16,0.9373312413076282,0.9294735529763886,3.1798555670051864e-16,-0.16841498298186341
833,83.30000000000003,-0.004435677921497136,8.06089499660958e-17,-0.003355085440975485,0.06786760271135224,-5.678674610342073e-16,0.9401867899087596,0.9291627893560211,3.1934264935874813e-16,-0.16972200231564835
834,83.4,-0.004366089829385646,8.079951888905286e-17,-0.0034695149844694126,0.06672740424108378,-5.711279566723924e-16,0.9434114584496096,0.9291984839714367,3.2081600837928614e-16,-0.17113044241764977
835,83.50000000000001,-0.004318441987835753,8.099888292280083e-17,-0.0036006745720017,0.06557907182588428,-5.746448777466003e-16,0.9470017620217651,0.9295905487110838,3.2240619662796623e-16,-0.17263897789364546
836,83.60000000000001,-0.004293697761624794,8.120688595890203e-17,-0.00374850518712506,0.06438959434951308,-5.784542988548598e-16,0.9510025146545698,0.9303872852398865,3.2415176645965673e-16,-0.1742933594834356
837,83.70000000000002,-0.004285247207094812,8.142048848468243e-17,-0.003907403604011527,0.06319602212100837,-5.824364626586942e-16,0.9552491189152605,0.9314467300656876,3.259812037534125e-16,-0.1760179242880088
838,83.80000000000001,-0.004298245486644143,8.164119843946425e-17,-0.004080481488575283,0.061990212316220095,-5.866488980329771e-16,0.9598216999255549,0.9328588488729657,3.2792810333528215e-16,-0.17784340899360518
839,83.9,-0.004330682513422121,8.186773744252657e-17,-0.004265526137025084,0.06077529883353136,-5.91057709882032e-16,0.9646721287976641,0.9345886036169846,3.2997886059882875e-16,-0.1797568047996941
840,84.00000000000001,-0.004384859806657157,8.210051472838846e-17,-0.004463542972029319,0.059572253125714125,-5.956583812372295e-16,0.9697975502788911,0.9366515526129638,3.321224631953926e-16,-0.18173929836104746
841,84.10000000000001,-0.0044544206711712355,8.233704750854167e-17,-0.0046697957792495035,0.05835602078018336,-6.004065585321245e-16,0.975129890079037,0.9389718566562731,3.3435396443684544e-16,-0.1837979886942135
842,84.20000000000002,-0.004540720117841107,8.257717246849171e-17,-0.004884302275655173,0.05712567945250908,-6.053068257119442e-16,0.9806751861274914,0.9415719448562404,3.366805403999597e-16,-0.18593863252441956
843,84.30000000000001,-0.0046393849878701675,8.281925419016663e-17,-0.005103914823241729,0.05588991215978256,-6.103024822446639e-16,0.9863545102855643,0.9443737233152317,3.3907144794728703e-16,-0.18813226109832848
844,84.4,-0.004754396311764855,8.306418458691556e-17,-0.0053306434576623415,0.05465605270640941,-6.154192244031272e-16,0.9922054010020893,0.9474330452398262,3.4153822688175763e-16,-0.19038450953102867
845,84.50000000000001,-0.00488436492984082,8.33112352088017e-17,-0.005563192413526168,0.053409119047352877,-6.206546043780645e-16,0.9982213464005799,0.9507428438994754,3.440899913688431e-16,-0.1927094323651687
846,84.60000000000002,-0.005027253157619908,8.35594243672899e-17,-0.005799788837365372,0.05215968780570395,-6.259715080221753e-16,1.0043517883929023,0.9542602004945346,3.46705208645046e-16,-0.1950846102850671
847,84.7,-0.005181230346258408,8.380832912600948e-17,-0.0060394894070045085,0.05090748778724991,-6.313548161415454e-16,1.0105752345573609,0.9579563301171825,3.493754723725977e-16,-0.1975035233010569
848,84.80000000000001,-0.005345455160472588,8.40571786815041e-17,-0.006281049895231157,0.04965214459365538,-6.367882134735709e-16,1.0168685462021103,0.9618182534720991,3.5209670149970553e-16,-0.19996278112523272
849,84.9,-0.005517493095511052,8.430513200006612e-17,-0.0065228287504832255,0.0483895929219804,-6.422507830717544e-16,1.0232014801253433,0.965811395344846,3.548613279869049e-16,-0.20245819530126558
850,85.00000000000001,-0.005696759572259411,8.455164370795948e-17,-0.006763951903726152,0.047123433317825314,-6.477268836406246e-16,1.0295527187631173,0.9699228767362004,3.576623667236477e-16,-0.20498232150974033
851,85.10000000000002,-0.005884883413383374,8.479675638685107e-17,-0.007004789813043123,0.045848942109647,-6.532301922223228e-16,1.0359405146712461,0.9741832740298373,3.60512818894845e-16,-0.20754753238695428
852,85.2,-0.006083888155414687,8.504082278262211e-17,-0.007246221715168877,0.04459776372457731,-6.587418036872368e-16,1.0423443445147473,0.9785930604186361,3.6338818057985887e-16,-0.21011934933153692
853,85.30000000000001,-0.006289063837815069,8.528306505348657e-17,-0.007486270733749772,0.04336888122950751,-6.642276811989689e-16,1.0487164106508609,0.9830784962299001,3.662667608656396e-16,-0.2126813517292817
854,85.4,-0.006498319160569017,8.552301299121256e-17,-0.007723887455341639,0.04214403156962004,-6.696901578237133e-16,1.0550565571474462,0.9876246513548078,3.691583559746335e-16,-0.21525003996321992
855,85.50000000000001,-0.006712510185442508,8.576031163721872e-17,-0.007958742449098681,0.04093226180732089,-6.751175510720423e-16,1.0613502356759608,0.9922360661636853,3.7205691732846756e-16,-0.21781609443903724
856,85.60000000000002,-0.0069310650960541596,8.599468694721972e-17,-0.008190349825745465,0.039726812366534886,-6.805101089808761e-16,1.0675965672842886,0.9969104243493878,3.7496704260148335e-16,-0.22038634825076595
857,85.7,-0.007153270763724459,8.622603825571336e-17,-0.008418439030281416,0.03852918192715755,-6.858612017980407e-16,1.073786660898918,1.0016349084366394,3.7788369980675507e-16,-0.2229562045803054
858,85.80000000000001,-0.007380196919277045,8.645464783082526e-17,-0.008643609726652337,0.037351655396636055,-6.911671981623229e-16,1.0799178561401468,1.0064142123110953,3.8079877741665854e-16,-0.22551348516752792
859,85.9,-0.007609584670413802,8.667976627922418e-17,-0.008864397471212279,0.036192420482522025,-6.964068588413843e-16,1.0859603768420723,1.011214295072865,3.837029305876516e-16,-0.22805165753094692
860,86.00000000000001,-0.007840399469126052,8.690083958884905e-17,-0.009079842834382927,0.035049796278834144,-7.015679295972981e-16,1.0918969997997903,1.0160204172573042,3.8659269837443185e-16,-0.23056872655476898
861,86.10000000000002,-0.00807158766288856,8.711725121650879e-17,-0.009288897603115832,0.03392885376659884,-7.066295347592894e-16,1.0976998648866092,1.0208107842854188,3.894569908944324e-16,-0.23305346937476473
862,86.2,-0.00830412741351108,8.732989244388189e-17,-0.009492987787237705,0.032836568713815094,-7.11603492560293e-16,1.1033867994858395,1.025593945796744,3.922934799365663e-16,-0.23550107971232256
863,86.30000000000001,-0.00853694673338262,8.75379481445895e-17,-0.009690788202831771,0.03175565021612774,-7.164903766937795e-16,1.1089554462540652,1.0303701780827497,3.951156768995969e-16,-0.2379302335747055
864,86.4,-0.008769659264608392,8.774164229403418e-17,-0.009882541555738533,0.030702055297906823,-7.212743037420598e-16,1.1143870010977897,1.0351173918373606,3.9790414342291313e-16,-0.24031827463553787
865,86.50000000000001,-0.009000200332476475,8.793973948961919e-17,-0.010066157384841429,0.029674576936862797,-7.259261612322336e-16,1.1196411893719345,1.0398040235166799,4.006493753730444e-16,-0.24265810809835617
866,86.60000000000002,-0.009229075071206133,8.813262378065602e-17,-0.010242268603863534,0.028676505498434233,-7.30451127021485e-16,1.1247259545977246,1.044434800257624,4.033504549673585e-16,-0.24494763186270319
867,86.7,-0.009455194053744459,8.831992760829702e-17,-0.01041016946228851,0.027700165431926695,-7.34846383859546e-16,1.1296361320163317,1.0490001061987653,4.0601039885836917e-16,-0.24719288285874952
868,86.80000000000001,-0.009676186081245444,8.850108554676076e-17,-0.010568639978367537,0.026731091119612117,-7.391071149139499e-16,1.134362523996492,1.0534767712332904,4.0863336466507484e-16,-0.249404027034596
869,86.90000000000002,-0.009896104153700656,8.867740390810168e-17,-0.010720252222783179,0.02582303704849422,-7.432147825225737e-16,1.1388899981075664,1.057875370186562,4.111800809093219e-16,-0.2515251079924899
870,87.00000000000001,-0.010113242929406574,8.884892686838644e-17,-0.010864750170972623,0.02494553722519864,-7.471957421777303e-16,1.1432491894295298,1.0621993018278326,4.1367620191984146e-16,-0.2535908244403631
871,87.10000000000002,-0.010325798168503311,8.901470782743381e-17,-0.01100049906613314,0.024117257818512424,-7.510046153738451e-16,1.1473815141444301,1.0664012630503013,4.1609137365167324e-16,-0.25556853945915914
872,87.2,-0.010533756603401065,8.917451833687037e-17,-0.011127190488551994,0.023319472936931478,-7.546585521455364e-16,1.151307161159389,1.0704997691619706,4.18446372077458e-16,-0.2574833372010235
873,87.30000000000001,-0.01073650670889353,8.932852125114317e-17,-0.011244939303565984,0.022558866400341385,-7.581496881583459e-16,1.1550168177548086,1.0744784302003205,4.2073074803307616e-16,-0.2593240818009978
874,87.40000000000002,-0.010934351420487275,8.947696258780761e-17,-0.01135414692753431,0.02184216289541311,-7.614760258033207e-16,1.1585092265939072,1.0783353296782532,4.2293859911307795e-16,-0.2610831446322896
875,87.50000000000001,-0.011128198552653006,8.962029960532702e-17,-0.011455617516620267,0.02118455581080562,-7.646325555979229e-16,1.1617806184005492,1.082069683060003,4.2505765821770854e-16,-0.262743992832993
876,87.60000000000002,-0.011316960957061263,8.975841364030675e-17,-0.011548989426955335,0.020564605005624372,-7.676359150908356e-16,1.164849872574265,1.085685675242295,4.271064463238759e-16,-0.26433124582273
877,87.7,-0.01150029239806234,8.989104901359309e-17,-0.011633854548473667,0.02001213310601179,-7.70446721838231e-16,1.167669064329689,1.0891479881385109,4.2904963913336797e-16,-0.2658034563488167
878,87.80000000000001,-0.011677508651276114,9.001791176115337e-17,-0.011709689161524527,0.019505591799593575,-7.73080883657996e-16,1.1702560417632364,1.0924673100353728,4.3090781026819706e-16,-0.2671867849984349
879,87.90000000000002,-0.011844541550154396,9.013768498068455e-17,-0.011773935780419293,0.019038050238324784,-7.755041362688578e-16,1.1725630161721154,1.0955860017446115,4.326675973517992e-16,-0.26847403554253474
880,88.00000000000001,-0.0120055634001339,9.025224931607272e-17,-0.011829953169341103,0.018655799466751236,-7.777162665994939e-16,1.1745987116010033,1.0985239951529133,4.3429893768831453e-16,-0.2696206216407082
881,88.10000000000001,-0.012144389153889623,9.035564390107719e-17,-0.011866576269151868,0.018273725427666195,-7.796336361840534e-16,1.1762335019270107,1.1011095148609842,4.3581280382278984e-16,-0.27067412925454065
882,88.2,-0.012275572233974534,9.045334515981189e-17,-0.011894015602023515,0.01796033441395054,-7.813423085012275e-16,1.1775976639751804,1.103505046845214,4.372083372999887e-16,-0.271602773558054
883,88.30000000000001,-0.012400161022682694,9.054533972419224e-17,-0.011912458278754411,0.01771857398422135,-7.828440410750558e-16,1.1786943865777673,1.1057242834957188,4.384875078225079e-16,-0.27240677355645676
884,88.40000000000002,-0.012516925585037498,9.063132728402135e-17,-0.011921271025171794,0.01754310801102681,-7.841336581626799e-16,1.179515879761686,1.1077530393827175,4.39649906178084e-16,-0.27308839061941154
885,88.50000000000001,-0.012622195146582001,9.071057572453783e-17,-0.011918774246560605,0.017420892025309966,-7.851951792924322e-16,1.180038260887357,1.109546096355687,4.406911720379737e-16,-0.2736504006746464
886,88.60000000000001,-0.012719391982747725,9.078385305489531e-17,-0.011906663576289713,0.017369081968961232,-7.860392301323862e-16,1.1802794307447926,1.1111406169098683,4.4160974121067793e-16,-0.2740837913789708
887,88.70000000000002,-0.012803163281321372,9.084938293466613e-17,-0.011881530118213945,0.017363951492061977,-7.866361888883531e-16,1.1801950699873414,1.1124753674322831,4.4240418601956952e-16,-0.2743983494665138
888,88.80000000000001,-0.012873008939988818,9.090683564453039e-17,-0.011842842885443992,0.017402346087402733,-7.869816121172211e-16,1.1797788604771515,1.113545564794304,4.4307529633443277e-16,-0.27459618463597324
889,88.90000000000002,-0.012930489286744602,9.095739417074296e-17,-0.011792504696143314,0.017501069044706746,-7.87083834694855e-16,1.1790455292504447,1.1143591712692875,4.4361263064512877e-16,-0.27466182234837516
890,89.0,-0.012975581008700178,9.100065895185126e-17,-0.01172998021098583,0.01767481533035739,-7.869196811423468e-16,1.1779668549744067,1.1149011218681282,4.4399935532163845e-16,-0.2745755381894349
891,89.10000000000001,-0.013008548682600393,9.10370838365423e-17,-0.01165594029417506,0.017922398916353707,-7.864991884230534e-16,1.176556455462244,1.1151768019872208,4.44238303830152e-16,-0.27434030199974796
892,89.20000000000002,-0.013033915368947144,9.106857533098977e-17,-0.01157381680694728,0.018238839197308482,-7.858821178086769e-16,1.1748942053879754,1.1152629823559304,4.443589773309904e-16,-0.2739815178700796
893,89.30000000000001,-0.013045992251086162,9.10929260442171e-17,-0.011479569187825374,0.018594767840184056,-7.850362632158756e-16,1.172931425698307,1.1150987382739102,4.443642055029484e-16,-0.2735146386351051
894,89.40000000000002,-0.013045801611242577,9.111069361913271e-17,-0.011374149351560335,0.01897951992897457,-7.839878572086109e-16,1.170701650565541,1.1147109603449832,4.442713699884681e-16,-0.2729580896535338
895,89.5,-0.013030058537289743,9.112030275079314e-17,-0.011254827865212291,0.019409204736036925,-7.826762474705111e-16,1.1681266487819362,1.1140314010933063,4.4404482174874753e-16,-0.272276961342233
896,89.60000000000001,-0.013002965646235693,9.11236564979207e-17,-0.011124963725012023,0.019888581124961568,-7.8114863979903525e-16,1.1652710090626721,1.113122005692503,4.437015611878945e-16,-0.27148252834823106
897,89.70000000000002,-0.012963489635734576,9.112042611634595e-17,-0.0109839285132166,0.020447977481998513,-7.79360343154349e-16,1.1620807551572072,1.1119360451568874,4.4320211510135926e-16,-0.27053078868236435
898,89.80000000000001,-0.01291351990503079,9.1111438002833e-17,-0.010833194769178295,0.021074394485105636,-7.773490669934921e-16,1.158604281380513,1.1105165073982943,4.425710763570652e-16,-0.2694467644799448
899,89.90000000000002,-0.012852338595925779,9.109659519047829e-17,-0.01067250430767588,0.0217424156659876,-7.75137971184423e-16,1.1548680667782953,1.1088774150225997,4.4183314388397264e-16,-0.26826103270865675
900,90.0,-0.012779765150350106,9.107579668997431e-17,-0.010501695279355483,0.02245675884032373,-7.727191484654732e-16,1.1508626578595913,1.1070111843921473,4.40982013325107e-16,-0.26696670875433565
901,90.10000000000001,-0.01269662315571495,9.104953583180604e-17,-0.010321590081079872,0.023219510731084764,-7.701025183728114e-16,1.1466019552487547,1.1049288007829658,4.40019774063433e-16,-0.2655646401387487
902,90.20000000000002,-0.012606093395112067,9.101943316688228e-17,-0.01013496010101028,0.024056176326226128,-7.673023693100982e-16,1.1421100898698526,1.102655244672065,4.389349930800024e-16,-0.26403497024708206
903,90.30000000000001,-0.01250462881536477,9.098391242874163e-17,-0.009939037888405033,0.024919064800938473,-7.643279921889902e-16,1.1373906834930048,1.1001819079717803,4.377619798252772e-16,-0.2624252458935193
904,90.40000000000002,-0.012394482458778775,9.094419774402774e-17,-0.009735887271877259,0.025817743786476048,-7.612002794629198e-16,1.1324736045922332,1.0975349833919774,4.3650219738545586e-16,-0.26073257841519604
905,90.5,-0.01227606613526286,9.090055474206834e-17,-0.00952594515753977,0.026764326290033585,-7.579121354513532e-16,1.1273518726210945,1.094708894182139,4.351443340049904e-16,-0.25894305268144374
906,90.60000000000001,-0.01214950231534402,9.085315540822301e-17,-0.009309468652454933,0.027767099716755735,-7.544577330903609e-16,1.1220194921024091,1.0916972967922407,4.336798328642291e-16,-0.25704659240566746
907,90.70000000000002,-0.012014253846633542,9.080189467335764e-17,-0.009086221818341997,0.028804439128922967,-7.508567250356642e-16,1.1164987198323622,1.0885132904644992,4.3213001427869175e-16,-0.2550691992020618
908,90.80000000000001,-0.011870950391718612,9.074718687918852e-17,-0.00885687880546171,0.029871478489474933,-7.471245630968275e-16,1.1108093448693934,1.0851717352555503,4.305037536163563e-16,-0.2530199620000769
909,90.90000000000002,-0.011721489592777098,9.069002810426005e-17,-0.008623123513582997,0.030993099520029,-7.432595874451707e-16,1.1049540172405585,1.0816778688656061,4.287835812661698e-16,-0.25087480392954314
910,91.00000000000003,-0.011566234539320243,9.063073735289178e-17,-0.008385450587630792,0.0321482907041484,-7.39292356321931e-16,1.0989694568843738,1.0780584657764707,4.2699499222521426e-16,-0.24866259391295098
911,91.10000000000001,-0.011403974514392406,9.056895514296456e-17,-0.008143158915327594,0.033334070829586525,-7.352140619712172e-16,1.092843568402129,1.074297290672044,4.251348844463528e-16,-0.24638236462235183
912,91.20000000000002,-0.01123629129802823,9.050553402436987e-17,-0.007897677798829135,0.034544817537249174,-7.3105314172924e-16,1.086613061238123,1.0704250719617916,4.2321816357361966e-16,-0.2440481395841979
913,91.30000000000001,-0.011062895431906992,9.044048032307257e-17,-0.007648963473524398,0.03578874778567077,-7.267990652250425e-16,1.0802656714984042,1.0664289983978208,4.2123419883019296e-16,-0.24164834953748546
914,91.40000000000002,-0.010884599169391091,9.03743808931847e-17,-0.007397946085193861,0.037062935326417495,-7.224689687149889e-16,1.0738235981319142,1.0623248883332725,4.19190811909998e-16,-0.23919043013518207
915,91.50000000000001,-0.010701696944920397,9.030738791262114e-17,-0.00714488335836897,0.0383614818669961,-7.180734558771205e-16,1.0672998193783683,1.0581233133310801,4.170961911195879e-16,-0.23668326900710393
916,91.60000000000001,-0.01051395266098515,9.02394700147955e-17,-0.0068896909292806355,0.039677194340229406,-7.136188197052822e-16,1.060701362384039,1.0538277191131247,4.1495712730401334e-16,-0.23413523232327485
917,91.70000000000002,-0.010323198432172283,9.017205013079105e-17,-0.0066345879117132266,0.041018348322194,-7.091288705960487e-16,1.0540612068909838,1.049458909469675,4.1277484606381637e-16,-0.23154407799893104
918,91.80000000000001,-0.010128684459874469,9.010474774963595e-17,-0.006378932366872207,0.04237029945655084,-7.046097793620753e-16,1.0473847614158935,1.045019627935722,4.105615576908568e-16,-0.2289254034185943
919,91.9,-0.009931593054476356,9.003830799535478e-17,-0.006123925314719199,0.04375037421635078,-7.000607419161465e-16,1.0406742680315633,1.0405113136967907,4.0830463147166025e-16,-0.22626238803763307
920,92.00000000000001,-0.00973020254445175,8.997229173580059e-17,-0.005868665778622484,0.045131056517944815,-6.954963249994491e-16,1.0339437091030192,1.035934156425074,4.060256040633052e-16,-0.22358331454362415
921,92.10000000000001,-0.009525248309431075,8.990699967400888e-17,-0.005613685639025391,0.046511435468670606,-6.909263332411244e-16,1.027205786303483,1.0313007389762372,4.0372950732919406e-16,-0.2208924425907285
922,92.20000000000002,-0.00932172989599992,8.984498435003355e-17,-0.0053632653105478495,0.047904341570177686,-6.864046469054623e-16,1.0205334603833935,1.0266775837710742,4.014297075571062e-16,-0.2181947940866235
923,92.30000000000001,-0.009117447242813857,8.978577794774877e-17,-0.0051163747792601875,0.0492979475789265,-6.819255111031314e-16,1.0139169116720528,1.0220415986270834,3.991278750463981e-16,-0.2154968977662266
924,92.4,-0.008911598963620225,8.972906527302965e-17,-0.004872447617122958,0.0506859362521685,-6.77486673060327e-16,1.0073519473300965,1.0173863811653305,3.968267597919198e-16,-0.21280355114950203
925,92.50000000000001,-0.00870586757430578,8.967590860104221e-17,-0.004633182132195951,0.0520823502878012,-6.730989816942653e-16,1.000855299460052,1.0127245936201326,3.945203502541603e-16,-0.21010453075301627
926,92.60000000000001,-0.008501443782577183,8.962751528395581e-17,-0.004400369957866874,0.05348279319847448,-6.687937870298008e-16,0.9944669205651685,1.0080795314199098,3.922208333355956e-16,-0.20741135223223095
927,92.70000000000002,-0.008298920738989869,8.958453577617026e-17,-0.004174961765025712,0.054882462082025955,-6.645905233537791e-16,0.9882110788620808,1.0034654119665634,3.899373192953502e-16,-0.20473319473277998
928,92.80000000000003,-0.00809802650968484,8.954656375968781e-17,-0.003956369735818243,0.056274878253336956,-6.604882810169306e-16,0.9820852163878758,0.998884397804527,3.8767534757308926e-16,-0.2020768301507281
929,92.9,-0.007899468246575636,8.951492087768361e-17,-0.0037464348816423384,0.057638661235756415,-6.565369213522074e-16,0.9761499081874163,0.9943690933424605,3.854638023498213e-16,-0.19947361295419752
930,93.00000000000001,-0.007703187050734104,8.948864855307359e-17,-0.003543892761521763,0.05899244666904644,-6.526993068227489e-16,0.9703602460491972,0.9898999280954118,3.8328076064698703e-16,-0.1968987041689636
931,93.10000000000001,-0.007512430715456591,8.947036955322959e-17,-0.0033527415185962695,0.06035774251285071,-6.490125176287391e-16,0.9647681145168631,0.9855069431562654,3.8112167403859797e-16,-0.1943405297155629
932,93.20000000000002,-0.007325277210621109,8.945913085126203e-17,-0.0031713744299628694,0.06171312688169693,-6.454747333009231e-16,0.9593668929915804,0.9811810539026345,3.7899984852088173e-16,-0.1918179709393336
933,93.30000000000003,-0.007144197732639062,8.945635277726505e-17,-0.0030020786470790063,0.06306910805947023,-6.421110129021124e-16,0.9541906861060424,0.976950974938914,3.7691779964357817e-16,-0.18932883075058027
934,93.4,-0.00696930415601251,8.946268856252612e-17,-0.0028457039391287767,0.06440345479160746,-6.38958068714873e-16,0.9492824080268574,0.9728407131944274,3.7490187158670555e-16,-0.1869025357591886
935,93.50000000000001,-0.006801718352353786,8.947917417184616e-17,-0.0027037804719696147,0.0657199264273594,-6.360352740153607e-16,0.9446673780069152,0.968864315692866,3.729549947684338e-16,-0.18454011838912684
936,93.60000000000001,-0.006640622531533691,8.950536181681729e-17,-0.0025755612872209216,0.06701123889952401,-6.333392754859559e-16,0.9403395251310828,0.9650160865170301,3.7108092317941433e-16,-0.18224736346646334
937,93.70000000000002,-0.006487980224001895,8.95416336253952e-17,-0.002461889253325144,0.06830017829190663,-6.308611859805228e-16,0.9362913141789639,0.9613044047851622,3.6926470452950073e-16,-0.18000335774281528
938,93.80000000000003,-0.006346101064233361,8.959010460312892e-17,-0.002365895080254733,0.06956523177095042,-6.286732005017053e-16,0.9326110075923015,0.957787441904197,3.675449644029052e-16,-0.177846672956702
939,93.9,-0.006219038392741463,8.965374459736421e-17,-0.0022921249332517627,0.07083311631448336,-6.268169713186272e-16,0.9293565092645119,0.954502815613443,3.6591621758096906e-16,-0.1757630561585756
940,94.00000000000001,-0.006110575655041667,8.973482553636136e-17,-0.0022441705133280747,0.07210135026656003,-6.253536049233893e-16,0.9266050036338677,0.951513058506149,3.644035104563525e-16,-0.17377268422273207
941,94.10000000000001,-0.006017192573010994,8.9831060877032e-17,-0.0022184180494642107,0.0733484393368836,-6.242507147067272e-16,0.9243103701983006,0.9487837909344279,3.630107484861308e-16,-0.17188679450676622
942,94.20000000000002,-0.005935109471484824,8.993961001098093e-17,-0.002210505675406578,0.07455992638125225,-6.234571050823799e-16,0.9224039062816985,0.9462694789482763,3.617318222881254e-16,-0.17010591597959668
943,94.30000000000003,-0.005866599846469207,9.006160904552229e-17,-0.002222286800779751,0.07574720046890761,-6.2299122247284e-16,0.9209107222728987,0.9439948184611915,3.605671459624886e-16,-0.16842574166837085
944,94.4,-0.00581443483062047,9.01991373054252e-17,-0.0022569051325000773,0.0769087784935348,-6.229049213682639e-16,0.9198959816291674,0.942005276062989,3.5953557090713357e-16,-0.16686153803932852
945,94.50000000000001,-0.005777238336707255,9.035025265653751e-17,-0.0023116062857711584,0.07806265200899908,-6.231376136763222e-16,0.919285360198495,0.9402610189105034,3.586073346292352e-16,-0.16538269860152918
946,94.60000000000001,-0.005757346743277091,9.051648587066395e-17,-0.002388748637747118,0.07919665171101993,-6.237416757745644e-16,0.9191425115991394,0.9388112993639496,3.5781051705981127e-16,-0.1640154447548885
947,94.70000000000002,-0.005755696151700729,9.069779018189863e-17,-0.002488422513302805,0.08033449695978183,-6.24694221858724e-16,0.9194422177630482,0.9376472558863879,3.571229746641672e-16,-0.16273312479279
948,94.80000000000003,-0.0057722335209520895,9.089394386847098e-17,-0.0026103114243797433,0.08143316796183538,-6.260407009639573e-16,0.920233336647243,0.9368110664028388,3.5659367565068094e-16,-0.16158961997825472
949,94.9,-0.005807450220442077,9.110429211508571e-17,-0.002753654446280803,0.08251276562652655,-6.277494492694627e-16,0.9214789173307271,0.9362904290309456,3.5620134944250845e-16,-0.16056005680519603
950,95.00000000000001,-0.0058630854747692635,9.133021833092586e-17,-0.0029205010318281584,0.08355277809805489,-6.298772773070812e-16,0.9232462076162903,0.9361334606407473,3.559808490679989e-16,-0.15967915411241393
951,95.10000000000002,-0.005940960867261129,9.15713353887472e-17,-0.00311067923548306,0.08458352534688135,-6.323917890262203e-16,0.9254993274429195,0.9363387534757277,3.5590592296939797e-16,-0.1589137609625801
952,95.20000000000002,-0.006038161475781903,9.18256024973315e-17,-0.003321046713574867,0.08559688024411297,-6.352525726517503e-16,0.928185198949783,0.936868168951238,3.5596855085838165e-16,-0.1582606748484209
953,95.30000000000001,-0.006153520764338627,9.209215924259692e-17,-0.0035502809478858725,0.08658490990468228,-6.384483346892514e-16,0.9312875383060818,0.9377111246652908,3.5617109575332344e-16,-0.15772460297977745
954,95.4,-0.006288393965172057,9.237112560192953e-17,-0.0037987677340510203,0.08756572148203388,-6.419670571934556e-16,0.9347940898106397,0.938871023742834,3.5649963542502676e-16,-0.15728716629797015
955,95.50000000000001,-0.006438827675533429,9.265996179188182e-17,-0.004062558878986628,0.08851316652877429,-6.457754667897617e-16,0.9386576657458076,0.9403112661287043,3.569612080022405e-16,-0.15696384289997845
956,95.60000000000002,-0.006603087787974955,9.295726367327691e-17,-0.004339554235026705,0.08941328466069495,-6.498570288165068e-16,0.9428544481025785,0.9420182884124106,3.5756156535374904e-16,-0.15676414837055366
957,95.70000000000002,-0.006785312408606356,9.32646481882081e-17,-0.004632542299246622,0.090272231470563,-6.542537822688102e-16,0.9474377270371818,0.9440516151198857,3.583170823312683e-16,-0.15669711377395212
958,95.80000000000001,-0.006980286528212077,9.357896092028184e-17,-0.004936585701911927,0.09109750095165081,-6.588757641676503e-16,0.952296018554774,0.9463209795074208,3.5918786292788004e-16,-0.15672962116531203
959,95.9,-0.007187674990531535,9.389952792881666e-17,-0.005250770454913874,0.09188725217901487,-6.637118748364032e-16,0.957414764822067,0.9488229028918117,3.60173504269503e-16,-0.15686161955236877
960,96.00000000000001,-0.007409241746358767,9.422673390495989e-17,-0.005575899495128989,0.09265594160423768,-6.687606329866675e-16,0.9627945033543261,0.9515709262904777,3.6126641924068584e-16,-0.15708090221716597
961,96.10000000000002,-0.007640123309952833,9.455788798620642e-17,-0.005907698062445661,0.09339907408648779,-6.739559699271191e-16,0.9683518338579106,0.9544923514827727,3.624432485838541e-16,-0.15737191796033426
962,96.2,-0.00787823462917162,9.489168098550176e-17,-0.00624414039904391,0.09408782420464566,-6.792992592516811e-16,0.9740827984189422,0.9575829098925726,3.637261453410307e-16,-0.15776286174434667
963,96.30000000000001,-0.008124626982763644,9.522818369879488e-17,-0.006585509475418128,0.09471707494171465,-6.848034264769772e-16,0.9800022478199273,0.9608644044582008,3.6512691135385156e-16,-0.1582640930372851
964,96.4,-0.008383935816006386,9.556909901433912e-17,-0.006934788759480422,0.09533278548712411,-6.904662426849784e-16,0.9861158508176665,0.9643644498880399,3.666162894213858e-16,-0.15883392692221418
965,96.50000000000001,-0.008652210990784682,9.59123787751816e-17,-0.007288690223880036,0.09591548838717898,-6.962556036841262e-16,0.992379935736741,0.9680398169495703,3.681946837479967e-16,-0.15948087937211267
966,96.60000000000002,-0.008927494387028462,9.625648985447671e-17,-0.007644944739826623,0.09644226529723486,-7.021627286605613e-16,0.9987791220283275,0.9718823446590623,3.6987764734562144e-16,-0.16022558550434457
967,96.7,-0.009207433924544463,9.659991545145208e-17,-0.008001232890409682,0.09689932209088477,-7.08166139876395e-16,1.005284090113178,0.9758684948700934,3.716677771743447e-16,-0.16107553958008966
968,96.80000000000001,-0.009491587010987759,9.694275381614508e-17,-0.008357593619520723,0.0972979519168328,-7.142518131601274e-16,1.0118795265208957,0.979979949597723,3.735494896357341e-16,-0.16201481001057766
969,96.9,-0.009779770449013217,9.728427930621574e-17,-0.008713098936492206,0.09763632894522757,-7.204084281579294e-16,1.018551010326593,0.9842156269591787,3.755229817884578e-16,-0.1630437049608911
970,97.00000000000001,-0.010070634934231234,9.762398168852467e-17,-0.009066867137298948,0.09792419410553152,-7.266083951217402e-16,1.0252663096075139,0.9885443698336001,3.775687623169917e-16,-0.16414398693555513
971,97.10000000000002,-0.0103629544380016,9.796096936445237e-17,-0.009417571837460547,0.09815000083180045,-7.328442476044994e-16,1.0320139882290376,0.9929582652311625,3.796935162487929e-16,-0.16532527220600193
972,97.2,-0.010659109245347282,9.82967375933752e-17,-0.009767505473987512,0.09834206688005023,-7.391195147874647e-16,1.0388036990750669,0.9974667753364084,3.8187703997269584e-16,-0.16656082804132205
973,97.30000000000001,-0.010955152209001161,9.862854054311422e-17,-0.010112550696865123,0.09845908633829095,-7.454172206115748e-16,1.0456067124839756,1.002048556845924,3.8414593934336045e-16,-0.1678872754573549
974,97.40000000000002,-0.011252674154912677,9.895698822739513e-17,-0.010453762566216683,0.09854031108581175,-7.517073869323797e-16,1.0523936855064293,1.0066896075077667,3.8646055406395843e-16,-0.16925852556536858
975,97.50000000000001,-0.011548955270338333,9.928101279977234e-17,-0.010789320796938515,0.09858049203313221,-7.579640666319562e-16,1.059131843800009,1.0113520074787945,3.8881188590077557e-16,-0.17067069563144965
976,97.60000000000002,-0.01184386894282158,9.96010222767436e-17,-0.01111970595846401,0.09858242419649106,-7.641904996241732e-16,1.0658257204354693,1.0160309521468438,3.911966987201141e-16,-0.17212069111686387
977,97.7,-0.012136454170695705,9.991558214605209e-17,-0.011442986438003667,0.09853261442093382,-7.703734403273985e-16,1.0724565903849619,1.0207246816255342,3.936245155530367e-16,-0.1736204455979488
978,97.80000000000001,-0.012427651409128231,1.0022530583433747e-16,-0.01176009663222559,0.09845022146453435,-7.765045196958073e-16,1.0790179251269818,1.0254289640836023,3.9607723103148896e-16,-0.17514859978703567
979,97.90000000000002,-0.01271320480673088,1.0052735228467691e-16,-0.012066765679322728,0.09830849581760129,-7.825456336800758e-16,1.0854582010539922,1.030103000056175,3.9856183442927006e-16,-0.17672141729687638
980,98.00000000000001,-0.012996408553405886,1.008243922971e-16,-0.012366884843974921,0.09813082386376529,-7.885314533506186e-16,1.0918242321281366,1.034775688620183,4.010706058151349e-16,-0.17832394984396693
981,98.10000000000002,-0.013272862475736915,1.0111415862980599e-16,-0.012656860199126863,0.09788590324335589,-7.944391959915591e-16,1.0980823695929192,1.0394084924780669,4.0361674818905007e-16,-0.17997959156760265
982,98.2,-0.013542275144371963,1.0139682643466356e-16,-0.012936856860582623,0.0975914199127025,-8.002481284943321e-16,1.1042108432083635,1.043979100099883,4.0617674842782055e-16,-0.18166395150583398
983,98.30000000000001,-0.013806374608681038,1.0167259084512837e-16,-0.013207448913306788,0.09724981156262369,-8.05967538277899e-16,1.1102215125632366,1.0485125014355579,4.087567967875533e-16,-0.1833797773572013
984,98.40000000000002,-0.014063757125581302,1.0194075616348406e-16,-0.013467530704913617,0.09685819143600666,-8.11581700964461e-16,1.1160948253995102,1.052989302998571,4.1135221102116783e-16,-0.18512506580466764
985,98.50000000000001,-0.014314540263230792,1.0220206944702888e-16,-0.013718038737276719,0.09642353778982647,-8.170956364260849e-16,1.1218383147628104,1.057404392576551,4.1395615368950593e-16,-0.18689248571382372
986,98.60000000000002,-0.014557783217140413,1.0245514927122688e-16,-0.013957125426984927,0.09593461235458492,-8.224945303378994e-16,1.1274319790566536,1.061754075967745,4.165757364708221e-16,-0.18869136037607798
987,98.7,-0.014791389126956591,1.0269939621742385e-16,-0.014183672050442355,0.09539448780042699,-8.277531261564914e-16,1.1328459328056049,1.0660019990845508,4.1919521680885496e-16,-0.19050956072354586
988,98.80000000000001,-0.015015236713528708,1.029344123113696e-16,-0.01439718221908469,0.09479966859391045,-8.328683392270936e-16,1.1380759173118653,1.0701497325148444,4.2181782670561136e-16,-0.19235070674953972
989,98.90000000000002,-0.01522899964617733,1.0315973267298228e-16,-0.01459704013096083,0.09416086863408407,-8.378165797577852e-16,1.1430956039738072,1.0741813828312634,4.2442735495689857e-16,-0.19419824387566187
990,99.00000000000001,-0.015431196894791681,1.0337488416635615e-16,-0.014782399808718368,0.0934714051079794,-8.425904800806865e-16,1.1478949803817224,1.0780801259015953,4.270239435191977e-16,-0.19605558706488374
991,99.10000000000002,-0.015620413053057123,1.0357914749719907e-16,-0.014952131333311273,0.09271781122474053,-8.471874165785308e-16,1.1524684734092332,1.08183696315397,4.2961638543137313e-16,-0.19793509729282904
992,99.2,-0.015797127575842736,1.0377329050777305e-16,-0.015107262445110809,0.09191616584413642,-8.516027505336626e-16,1.1568137407498644,1.085443425647716,4.3218785476510456e-16,-0.19981811993338014
993,99.30000000000001,-0.015960885423244184,1.039575615735235e-16,-0.015248014276681147,0.09106598302745879,-8.558391492798864e-16,1.1609340798449437,1.0888927769173458,4.3473707663321337e-16,-0.20170444260654086
994,99.40000000000002,-0.016107724298186153,1.0412890636472823e-16,-0.015369958217953257,0.09012671650834717,-8.598745750408205e-16,1.16479535400192,1.0921626735557,4.3729049165339054e-16,-0.20363021962421918
995,99.50000000000001,-0.01623928491299034,1.0428842573893188e-16,-0.015474744677693627,0.08912940900853304,-8.636969177792322e-16,1.1683891364131178,1.0952481142660817,4.3981851695124423e-16,-0.2055608288515022
996,99.60000000000001,-0.01635720841892378,1.0443722635893702e-16,-0.015564029171962465,0.08808580841356109,-8.673191084765257e-16,1.1717334271675874,1.0981633995549318,4.4231651852982684e-16,-0.2074879939871156
997,99.70000000000002,-0.016461171436747333,1.0457532677289668e-16,-0.015637781172444347,0.08700430284986237,-8.707289299332976e-16,1.1748153494482625,1.100895008612836,4.447719847930084e-16,-0.20939932276014214
998,99.80000000000001,-0.016550248706079507,1.0470213340671079e-16,-0.015695119760724147,0.08586400272550322,-8.739382122436431e-16,1.177645289775018,1.1034491452769228,4.472061670571332e-16,-0.21131918364851618
999,99.90000000000002,-0.016625526515010012,1.04818060803503e-16,-0.015736760372847703,0.08470242138204118,-8.769113492300337e-16,1.1801879368810126,1.1058055377960587,4.495768795063442e-16,-0.2132009099674425
1000,100.00000000000001,-0.01668593144544881,1.0492310880872848e-16,-0.015762505827197956,0.08349834665617703,-8.796701720841867e-16,1.182465595703557,1.10796836101606,4.519059557852979e-16,-0.2150699363255528
